ImageNumber,ObjectNumber,AreaShape_Area,AreaShape_BoundingBoxArea,AreaShape_BoundingBoxMaximum_X,AreaShape_BoundingBoxMaximum_Y,AreaShape_BoundingBoxMinimum_X,AreaShape_BoundingBoxMinimum_Y,AreaShape_Center_X,AreaShape_Center_Y,AreaShape_Compactness,AreaShape_ConvexArea,AreaShape_Eccentricity,AreaShape_EquivalentDiameter,AreaShape_EulerNumber,AreaShape_Extent,AreaShape_FormFactor,AreaShape_MajorAxisLength,AreaShape_MaxFeretDiameter,AreaShape_MaximumRadius,AreaShape_MeanRadius,AreaShape_MedianRadius,AreaShape_MinFeretDiameter,AreaShape_MinorAxisLength,AreaShape_Orientation,AreaShape_Perimeter,AreaShape_Solidity,AreaShape_Zernike_0_0,AreaShape_Zernike_1_1,AreaShape_Zernike_2_0,AreaShape_Zernike_2_2,AreaShape_Zernike_3_1,AreaShape_Zernike_3_3,AreaShape_Zernike_4_0,AreaShape_Zernike_4_2,AreaShape_Zernike_4_4,AreaShape_Zernike_5_1,AreaShape_Zernike_5_3,AreaShape_Zernike_5_5,AreaShape_Zernike_6_0,AreaShape_Zernike_6_2,AreaShape_Zernike_6_4,AreaShape_Zernike_6_6,AreaShape_Zernike_7_1,AreaShape_Zernike_7_3,AreaShape_Zernike_7_5,AreaShape_Zernike_7_7,AreaShape_Zernike_8_0,AreaShape_Zernike_8_2,AreaShape_Zernike_8_4,AreaShape_Zernike_8_6,AreaShape_Zernike_8_8,AreaShape_Zernike_9_1,AreaShape_Zernike_9_3,AreaShape_Zernike_9_5,AreaShape_Zernike_9_7,AreaShape_Zernike_9_9,Children_DNA_Count,Intensity_IntegratedIntensityEdge_OriBlue,Intensity_IntegratedIntensityEdge_OriGreen,Intensity_IntegratedIntensity_OriBlue,Intensity_IntegratedIntensity_OriGreen,Intensity_LowerQuartileIntensity_OriBlue,Intensity_LowerQuartileIntensity_OriGreen,Intensity_MADIntensity_OriBlue,Intensity_MADIntensity_OriGreen,Intensity_MassDisplacement_OriBlue,Intensity_MassDisplacement_OriGreen,Intensity_MaxIntensityEdge_OriBlue,Intensity_MaxIntensityEdge_OriGreen,Intensity_MaxIntensity_OriBlue,Intensity_MaxIntensity_OriGreen,Intensity_MeanIntensityEdge_OriBlue,Intensity_MeanIntensityEdge_OriGreen,Intensity_MeanIntensity_OriBlue,Intensity_MeanIntensity_OriGreen,Intensity_MedianIntensity_OriBlue,Intensity_MedianIntensity_OriGreen,Intensity_MinIntensityEdge_OriBlue,Intensity_MinIntensityEdge_OriGreen,Intensity_MinIntensity_OriBlue,Intensity_MinIntensity_OriGreen,Intensity_StdIntensityEdge_OriBlue,Intensity_StdIntensityEdge_OriGreen,Intensity_StdIntensity_OriBlue,Intensity_StdIntensity_OriGreen,Intensity_UpperQuartileIntensity_OriBlue,Intensity_UpperQuartileIntensity_OriGreen,Location_CenterMassIntensity_X_OriBlue,Location_CenterMassIntensity_X_OriGreen,Location_CenterMassIntensity_Y_OriBlue,Location_CenterMassIntensity_Y_OriGreen,Location_CenterMassIntensity_Z_OriBlue,Location_CenterMassIntensity_Z_OriGreen,Location_Center_X,Location_Center_Y,Location_MaxIntensity_X_OriBlue,Location_MaxIntensity_X_OriGreen,Location_MaxIntensity_Y_OriBlue,Location_MaxIntensity_Y_OriGreen,Location_MaxIntensity_Z_OriBlue,Location_MaxIntensity_Z_OriGreen,Number_Object_Number
1,1,292,700,74,79,49,51,60.57534246575342,63.99657534246575,1.7841436164413287,352,0.9296753764740664,19.281751659604673,1,0.41714285714285715,0.5604929955104233,33.8865705030534,31.240998703626616,6.324555320336759,2.569062421680294,2.23606797749979,13.8,12.483128861666962,42.52693079821507,80.91168824543142,0.8295454545454546,0.38092822444945446,0.042494782097113395,0.11694958429159218,0.10116774091586993,0.016305276406430202,0.006240524488757122,0.02870414732423022,0.06088786087125329,0.03668000362599545,0.006843178784151164,0.012473736496294994,0.006833673499731142,0.021473933244196563,0.019400728946080612,0.014847018094905904,0.018541341404140498,0.0036003208487974253,0.009677571450526242,0.013438230179606702,0.006792866390763572,0.010025412705173,0.008440714999532677,0.0010991567417896217,0.004980873764125499,0.011530605104813307,0.0005229368291838464,0.006473909517995876,0.009437006053409304,0.009178043138353716,0.003925077767982004,1,0.41295491717755795,0.12530708778649569,1.6231021923013031,0.5488517584744841,0.004562447778880596,0.0017853055614978075,0.0006408789195120335,9.155413135886192e-05,1.706044370630199,0.04208452133360668,0.0120393680408597,0.002166781108826399,0.0120393680408597,0.002166781108826399,0.006256892684508453,0.0018985922391893287,0.005558569151716791,0.0018796293098441235,0.005157549399882555,0.0018768596928566694,0.003738460363820195,0.0015259021893143654,0.003128099488094449,0.0015259021893143654,0.002088678539496746,0.00012056180039748459,0.0015140384220339493,0.00012098753291257812,0.0060120546258986,0.0019684138242155313,61.64445801472665,60.54722121827129,65.32607876010057,64.02788512330062,0.0,0.0,60.57534246575342,63.99657534246575,66.0,60.0,76.0,68.0,0.0,0.0,1
1,2,452,600,469,84,449,54,458.53761061946904,68.2433628318584,1.3841902574835467,496,0.7955700671777387,23.98967015655475,1,0.7533333333333333,0.7224440387392963,31.01088990854448,29.427877939124322,9.0,3.742399816292581,3.1622776601683795,18.667619023324857,18.788307117811787,-1.6407502259354214,88.66904755831214,0.9112903225806451,0.6584821811566784,0.04316812007179774,0.15899371425314937,0.1102581633879424,0.011931184757751706,0.02056751369523713,0.002879562589711266,0.010700520054792452,0.02160414442106965,0.012275125558066799,0.005133090157956282,0.003478935058445769,0.018780565253152554,0.02187717453130363,0.0064263451435360094,0.006052475486455246,0.009290588818615393,0.0093936933489995,0.009834733517720668,0.008114463709966747,0.007930886225019031,0.004161827141544785,0.005929246034252889,0.008081061737576023,0.00893778609247162,0.005823759533348674,0.003321068302681519,0.0031425589075062595,0.010209810943960703,0.007600948822034131,0,0.33388266642577946,0.1416342412121594,2.6489662528038025,0.8532539862208068,0.004943923093378544,0.0018005645833909512,0.0009155413135886192,7.629510946571827e-05,0.29767411084298306,0.015180370677301212,0.005462729837745428,0.00221255817450583,0.00862134713679552,0.002517738612368703,0.0044517688856770595,0.0018884565494954586,0.005860544807088058,0.0018877300580106345,0.00588998245075345,0.0018768596928566694,0.0034637979697436094,0.0016174563206732273,0.0034637979697436094,0.00158693827688694,0.0004537934725684623,0.00011718928813934324,0.0011112889112553687,0.00012694712089169168,0.006744487676769495,0.0019684138242155313,458.40602534070445,458.5264494438285,68.51037442463783,68.23307342894954,0.0,0.0,458.53761061946904,68.2433628318584,458.0,455.0,75.0,69.0,0.0,0.0,2
1,3,428,696,489,106,460,82,474.2359813084112,93.89252336448598,1.2527245016139026,453,0.7951361160115489,23.34408972623798,1,0.6149425287356322,0.7982601112309099,30.173254082562543,29.120439557122072,8.602325267042627,3.722544719140491,3.3839144678161843,17.179113807746667,18.29799662796053,56.92951083365817,82.08326112068524,0.9448123620309051,0.6426256192767095,0.011444552259653433,0.1703875765799581,0.10896460079864678,0.009261531855879097,0.005993483396630858,0.009796048911777053,0.024670653860350274,0.022879955850218993,0.004098279721629571,0.005472015210645396,0.00801315407617475,0.016136574203586832,0.025737378383521557,0.014993502765325463,0.011171681235766081,0.005453014967924162,0.003906883884964794,0.0021953546282128824,0.004503834535896674,0.005890519133217717,0.00782710556228055,0.016155294839504678,0.008252829114775775,0.009641366861799058,0.0008839981662963922,0.0028934252393178726,0.0010907970287738977,0.0014216589273449865,0.0016413818013353994,0,0.29629969340749085,0.12796215759590268,2.435904525220394,0.8046692605130374,0.004715037997812033,0.0017853055614978075,0.0009765774011611938,9.155413135886192e-05,0.537197891768334,0.035584585145713034,0.006164644844830036,0.0022735942620784044,0.008102540858089924,0.0023041123058646917,0.0043573484324631005,0.0018817964352338629,0.005691365713131762,0.001880068365684667,0.005752651486545801,0.0018768596928566694,0.0031586175318807364,0.001632715342566371,0.0031586175318807364,0.0016021972987800837,0.0006796811423908678,0.0001197054342625752,0.0011779898904793907,0.00012141323097572373,0.00666819280013442,0.0019684138242155313,473.9472302757042,474.24293624606514,93.4395284240827,93.85762506163007,0.0,0.0,474.2359813084112,93.89252336448598,470.0,475.0,92.0,85.0,0.0,0.0,3
1,4,1637,4980,238,192,178,109,208.0946854001222,149.96212583995114,2.5478269176407284,1820,0.979504442078603,45.654059345598846,1,0.32871485943775103,0.3924913396103036,102.98948927232586,94.30270409696638,9.899494936611665,4.504050531886111,4.242640687119285,20.708054698879003,20.744406651691644,34.10055645980509,228.93607486307093,0.8994505494505495,0.23437457941431028,0.008465642440848003,0.08832104350633053,0.06674455561337723,0.007165867369021512,0.00864172584940742,0.03914663452517286,0.04571989645159937,0.03375625334321765,0.0050225054186768215,0.007961078190455148,0.007604505586979416,0.02546692776976437,0.024191989740147503,0.026064679282424716,0.019981449418145985,0.0035686791992772344,0.005740176037754545,0.006737222063476067,0.00649164517391244,0.013295878214980104,0.016121175754915562,0.013358097332002232,0.015625807893262747,0.012522529315025234,0.0023168037408268774,0.00462198408932985,0.003943934043082262,0.005495009002940683,0.005352190706090578,1,0.6704356500413269,0.3602044708095491,6.79514772281982,3.1237048897892237,0.0032501716632395983,0.0018158236052840948,0.0007782101165503263,9.155413135886192e-05,0.5148964295491267,0.0019891804126892865,0.005035477224737406,0.0022735942620784044,0.007309071719646454,0.0023651483934372663,0.0035286086844280363,0.0018958130042607847,0.004150976006609542,0.001908188692601847,0.0038910505827516317,0.0019073777366429567,0.002594033721834421,0.0016174563206732273,0.002563515678048134,0.0013275349047034979,0.0005465082640794241,0.00012483601440853643,0.0010140761485233423,0.00012771869870035015,0.005050736479461193,0.0019989318680018187,207.86732462101853,208.09666751338466,149.50014596020765,149.96229336824416,0.0,0.0,208.0946854001222,149.96212583995114,217.0,190.0,161.0,114.0,0.0,0.0,4
1,5,1173,2553,396,194,359,125,379.1449275362319,159.67348678601874,2.0880573888260714,1348,0.9673733160136564,38.64595691627193,1,0.4594594594594595,0.4789140400792389,79.48402523417755,70.9365914038728,9.0,4.257898954988147,4.123105625617661,20.461807520605536,20.137692693964176,-21.15558448352676,175.4386001800126,0.8701780415430267,0.2968024614416427,0.0188129813546669,0.09613917416161416,0.08599731089614321,0.02567804025794338,0.007192759460433859,0.03553869340081697,0.048080585876915126,0.0427089113008143,0.022116148451266138,0.01262304184404183,0.0034033611530062853,0.019493177695566577,0.01776387978286334,0.02580759641105527,0.023939597363309462,0.014860784743105182,0.012100363657759437,0.005424024132646181,0.0017476901754369058,0.007018521652049102,0.007040984291969043,0.009442123921029348,0.012442024669233715,0.013840970910410783,0.007778420597185722,0.007220267302330835,0.005033428161587259,0.001695027438378966,0.0009580332712784973,1,0.7165636799763888,0.2880598152987659,7.348104176577181,2.239551384234801,0.004135195165872574,0.0018196383607573807,0.001907377503812313,9.155413135886192e-05,1.0279420444876433,0.018280835264094325,0.0077668423764407635,0.002243076218292117,0.01188677828758955,0.0024109254591166973,0.0047454548342807205,0.0019076808960183172,0.006264368436979694,0.0019092509669520895,0.005920500494539738,0.0019073777366429567,0.0028381780721247196,0.001632715342566371,0.002685587853193283,0.001541161211207509,0.0012242995151697303,0.00011702204955316636,0.0022965359208577648,0.00012611300513012448,0.008163576945662498,0.0019951171125285327,379.87128653727274,379.14392003761014,158.94611655812076,159.65523373464424,0.0,0.0,379.1449275362319,159.67348678601874,378.0,384.0,163.0,150.0,0.0,0.0,5
1,6,998,2520,565,181,509,136,537.1613226452906,158.9068136272545,1.9421210221984644,1074,0.9652211239458286,35.64678198162763,1,0.396031746031746,0.5149009709333193,70.67292122474124,64.40496875241847,8.602325267042627,4.085522164934065,4.061552812808831,17.736904198667734,18.476364707351898,-53.75364570725513,156.06601717798213,0.9292364990689013,0.3057248280029466,0.014016531889050186,0.10863104198643084,0.08475395259806441,0.016527661255788133,0.007018061687386182,0.04114343250726958,0.052763870533373815,0.04077360443464755,0.013185092233544743,0.010038944333185673,0.003921389538698662,0.025522338830743937,0.019909090242776283,0.027516711762208056,0.022409819466437098,0.00836124677828331,0.007980040246104606,0.005265650873034361,0.002282606709887604,0.008741857382157953,0.01051344009208102,0.008809051774306081,0.013336350419116514,0.01286063846312045,0.0036000172115184612,0.004268412692679218,0.0033087911881496002,0.00240747655542625,0.0013351979546928712,1,0.584161143284291,0.23471427476033568,6.790676822885871,1.89826810057275,0.00379949645139277,0.0018158236052840948,0.0017700467724353075,7.629510946571827e-05,0.8726187956679633,0.046690896950204785,0.010360876098275185,0.0021820401307195425,0.016922255977988243,0.00238040741533041,0.004673289146274328,0.0018777141980826854,0.0068042853936732175,0.0019020722450628757,0.00520332669839263,0.001892118714749813,0.0028076600283384323,0.0016174563206732273,0.0028076600283384323,0.001541161211207509,0.0017782612498324721,0.00010498036727833336,0.003638761206407148,0.00012411191928721966,0.009308003820478916,0.0019684138242155313,536.3528190216417,537.1883395094974,159.23512057676913,158.86873306913822,0.0,0.0,537.1613226452906,158.9068136272545,535.0,537.0,160.0,158.0,0.0,0.0,6
1,7,1437,3010,439,230,404,144,418.81002087682674,185.7035490605428,2.4540163981821106,1765,0.9769215161190399,42.77435242974964,1,0.47740863787375415,0.4074952395349849,97.97880350589745,86.88498144098322,9.219544457292887,4.304733603826686,4.123105625617661,21.97899178953164,20.928132832377464,-14.197495894461685,210.50966799187808,0.8141643059490085,0.24200167970198874,0.021087253567826463,0.07790993953384079,0.0713640098580295,0.027290401886594245,0.010557770061216559,0.023216672622477907,0.043781774993879655,0.035787303797304396,0.02357838982461859,0.017542335126044264,0.005982202307508741,0.013918748061191134,0.01444546874748813,0.025081882581370975,0.02091934519462029,0.017253510185514725,0.016817397167593118,0.009741698287616474,0.0037439900560738482,0.0021268568197401047,0.007516568381193636,0.007187065975357015,0.01470105689568597,0.012992404248456595,0.011557415332333114,0.011659716830098171,0.009327228415294462,0.005007081856961261,0.0025039937993370505,1,1.132509367307648,0.353292133891955,13.73517983383499,2.7764248105231673,0.006931410753168166,0.0018463416490703821,0.0026626987382769585,9.155413135886192e-05,0.9892617253063959,0.023644500085954492,0.010040436871349812,0.002288853283971548,0.01715114153921604,0.002731364918872714,0.006154942213628522,0.001920065945064973,0.009558232313037571,0.0019320979892297615,0.00962081365287304,0.0019226367585361004,0.003265430685132742,0.001632715342566371,0.003265430685132742,0.0015259021893143654,0.001556161958279208,0.0001239331147776327,0.003227849598900735,0.00013255440158912033,0.012264438904821873,0.0020141908898949623,418.29927511274616,418.8099069539936,184.85633154087625,185.7271932861783,0.0,0.0,418.81002087682674,185.7035490605428,421.0,417.0,167.0,173.0,0.0,0.0,7
1,8,1077,2108,414,207,380,145,396.88672237697307,176.29155060352832,1.85313360697942,1147,0.9593873634402832,37.03078435139837,1,0.5109108159392789,0.5396264987228767,70.35675680491208,64.62197768561404,9.433981132056603,4.378733474838447,4.123105625617661,18.892102269205882,19.847077044325626,-21.838144551975432,158.36753236814712,0.9389712292938099,0.32776161652066577,0.011695608860703463,0.11804149316714604,0.08883576918254357,0.008018976657418285,0.009005033946327628,0.04434624731956399,0.0554311067225196,0.04127569160025054,0.003881403093398079,0.007741347515776574,0.0067482642390391595,0.02627168861767573,0.020627190226600728,0.026817737613563267,0.021744588838473827,0.0020932532576864575,0.004057606779323628,0.005371849737496399,0.004830868249941327,0.007586957041520234,0.010027139741285992,0.007407746844434496,0.01149768739282662,0.011878926144225038,0.0011030015597149015,0.001299825981540166,0.0025654661583187966,0.0027915190379612146,0.0033142969850015083,1,0.8136415788903832,0.2611734187230468,10.05253692669794,2.078507667174563,0.005615320056676865,0.0018463416490703821,0.003372243605554104,9.155413135886192e-05,2.8996856981488106,0.07880497600222755,0.009781032800674438,0.0023193713277578354,0.019851988181471825,0.0025024795904755592,0.005982658668311641,0.001920392784728285,0.009333831872514336,0.0019299049834489905,0.008636606391519308,0.0019226367585361004,0.0033722438383847475,0.001632715342566371,0.0033722438383847475,0.0014038300141692162,0.0015927636682748615,0.00013136123773201583,0.004160459691076607,0.0001358701311617497,0.012520027346909046,0.0020141908898949623,395.68664058719406,396.9200601989502,178.93124392774035,176.22014462430715,0.0,0.0,396.88672237697307,176.29155060352832,393.0,384.0,185.0,195.0,0.0,0.0,8
1,9,837,1880,974,193,934,146,953.1194743130227,168.43249701314218,1.728959033588437,905,0.9505547169847992,32.64508384034771,1,0.4452127659574468,0.5783827034493177,59.368947554998854,54.20332093147061,8.54400374531753,4.024187725669741,3.605551275463989,17.799160439738458,18.43744987052106,-38.16100163639421,134.8528137423857,0.9248618784530387,0.36273025831971795,0.023356676238238647,0.12115671434948294,0.09679427923911929,0.02295725607077337,0.015238019741396597,0.03752802976735817,0.055513416132278344,0.0419167211892413,0.014978189454765098,0.014308473432265845,0.00967670875654015,0.02075464730550052,0.015624858521532137,0.02279321120160025,0.0200898024075741,0.007730848346832592,0.006151073297734354,0.006655652250695571,0.005735516606099561,0.003584064469563302,0.006092437408635262,0.002647048724528518,0.006546852722365022,0.009830874469800951,0.0017610443121886157,0.001380257869834634,0.001545112839805239,0.0014544257522712363,0.0030596228370722437,1,0.5013504312373698,0.20384527347050607,4.921828127698973,1.5833066296763718,0.0048981462605297565,0.0018005645833909512,0.0009308005683124065,9.155413135886192e-05,0.3896768337083077,0.028169253408976115,0.006652933545410633,0.0021362630650401115,0.009018082171678543,0.002563515678048134,0.004557731193066998,0.0018531388497318735,0.005880320343726372,0.001891644718848712,0.0059967958368361,0.0018768596928566694,0.0026703288313001394,0.0016021972987800837,0.0026703288313001394,0.0014648661017417908,0.0008134536909700586,0.00011667436355162304,0.0012278157029806081,0.00013380197125940205,0.006820783019065857,0.0019684138242155313,952.7305085618974,953.0953624641005,168.40896662469498,168.4470615446888,0.0,0.0,953.1194743130227,168.43249701314218,957.0,963.0,167.0,151.0,0.0,0.0,9
1,10,1085,2240,457,223,425,153,440.5069124423963,187.93824884792627,2.1556468893332994,1176,0.9711961719475847,37.1680629847407,1,0.484375,0.463897869798741,76.8484898912795,71.06335201775947,8.54400374531753,4.08146103728622,4.0,17.33665576250284,18.31156092286105,-16.341803745881368,171.4386001800126,0.9226190476190477,0.27305315385112505,0.015815271085939955,0.10319608382306003,0.07402906708343394,0.016383138146670508,0.011820428645903694,0.03894318720364123,0.051176542570406915,0.035087678043551535,0.012463037141054248,0.013195307561027584,0.00885112023658814,0.026873973274127664,0.019821785984399893,0.027853844253597305,0.01912762443423128,0.009188018562828288,0.00837371089391093,0.009780764729234906,0.006451153788925054,0.009679300399687162,0.012968066049697151,0.009603334005692176,0.014931495129025934,0.011018260466383507,0.0047375346759729615,0.00600099181715652,0.004259203380566564,0.006708064145152158,0.004493340208941354,1,0.7449149454478174,0.27940794988535345,7.487220678478479,2.0761577778030187,0.004139009863138199,0.0018310826271772385,0.0024109254591166973,7.629510946571827e-05,0.20360687348878587,0.011518395752985126,0.008407721295952797,0.002243076218292117,0.014221408404409885,0.0024567025247961283,0.005067448608488554,0.001900734352961588,0.006900664219795833,0.0019135094726295103,0.006408789195120335,0.0019073777366429567,0.0031128404662013054,0.001632715342566371,0.002777141984552145,0.0015259021893143654,0.0014078571765998773,0.00011894486385994231,0.0029211563717631076,0.0001254933727659356,0.009430075995624065,0.0019989318680018187,440.3038548917494,440.49904822101854,187.95319508682283,187.92983294257724,0.0,0.0,440.5069124423963,187.93824884792627,438.0,446.0,190.0,168.0,0.0,0.0,10
1,11,990,2592,989,217,941,163,964.3343434343434,188.9929292929293,2.002154568124081,1072,0.966371583900872,35.50362163621919,1,0.3819444444444444,0.49946193761501145,70.79301382007333,64.66065264130884,8.48528137423857,4.024711844897547,3.605551275463989,17.556588176405587,18.20440138756334,-39.672415929488636,157.82337649086284,0.9235074626865671,0.30148460877488903,0.0015461761037522243,0.10882970968143664,0.0843690494617255,0.002176025397480387,0.0014440210835412533,0.04359157257148174,0.05390201043073256,0.04098305024789114,0.0010134919646730457,0.0019853751230483573,0.0010572459347808704,0.027341113350307495,0.022805824852528727,0.028477443301325366,0.022778765888518897,0.0002928993858822999,0.0018433556514104586,0.0007811187850879621,0.0007158060862374261,0.009337522321776214,0.013915087697397015,0.009812245733173151,0.01447349694929632,0.013156616654201352,0.0008035919505143696,0.0006014701241770222,0.001746772415590329,0.0005224947067228098,0.0004928882386088808,1,0.6740520421881229,0.23787289229221642,7.741161308484152,1.8726329437922686,0.0045166704803705215,0.0018005645833909512,0.0030212863348424435,9.155413135886192e-05,1.1581873331762897,0.01717724684223553,0.012176699936389923,0.0022735942620784044,0.016617074608802795,0.002594033721834421,0.00526603157959471,0.0018583819710329408,0.007819354857054699,0.0018915484280729985,0.007034409325569868,0.001892118714749813,0.002731364918872714,0.00158693827688694,0.002731364918872714,0.0015716792549937963,0.002405006131882004,0.00013218351126362537,0.0036901917945805335,0.00012964012510295516,0.010948348324745893,0.0019684138242155313,963.2388131901289,964.3235334859806,189.36871032323992,188.97958002982327,0.0,0.0,964.3343434343434,188.9929292929293,963.0,976.0,188.0,182.0,0.0,0.0,11
1,12,242,490,436,208,422,173,427.8305785123967,189.67768595041323,2.163477926713019,276,0.975250135718639,17.55346033766304,1,0.49387755102040815,0.46221872090893207,37.912558064533684,34.92849839314596,4.123105625617661,2.1131636439570203,2.0,8.389306450770274,8.38263486779072,-14.344803110639296,81.11269837220809,0.8768115942028986,0.250473353062655,0.00526588170031703,0.09837580465234053,0.06867834443262734,0.007423918394476304,0.0021334872073612283,0.043681852714231376,0.047384055195494594,0.034850559306630016,0.008997244989268025,0.0007836006721895569,0.0018500419622810267,0.03005701681419743,0.02127188644318856,0.028678837273963857,0.020484961551169193,0.006627356424056161,0.00393317250624516,0.002504019934232484,0.0011591165356997976,0.01078328646274138,0.016089267708117402,0.011935083696368051,0.01798871390189154,0.012669611095488668,0.003957556730835504,0.003990286900127685,0.000622646490281321,0.002785223079608275,0.0005674301749766926,0,0.43379874154925346,0.13826199737377465,1.355519977863878,0.4623025862965733,0.005241474136710167,0.0018158236052840948,0.0003204396925866604,9.155413135886192e-05,0.19848275376693222,0.0855830647325328,0.007660028990358114,0.002334630349650979,0.007660028990358114,0.00238040741533041,0.006024982521517409,0.0019203055190802035,0.005601322222578009,0.0019103412656883193,0.005569543223828077,0.001892118714749813,0.00428778538480401,0.0016479743644595146,0.00428778538480401,0.00158693827688694,0.0006059668933106743,0.00012783471995699407,0.0005629577042119711,0.00013009932404756683,0.00588998245075345,0.001991302357055247,427.93323502138026,427.8121596197643,189.50781233649332,189.7612634914348,0.0,0.0,427.8305785123967,189.67768595041323,432.0,425.0,187.0,205.0,0.0,0.0,12
1,13,231,465,408,217,393,186,400.7835497835498,201.95238095238096,1.883433409403261,266,0.9412959362522568,17.14987856615383,1,0.4967741935483871,0.5309452380994111,31.813739683084474,30.4138126514911,5.656854249492381,2.2570354131684436,2.0,11.333280339038792,10.739762534665301,-14.151698741739041,73.94112549695427,0.868421052631579,0.3179657673879163,0.06018876044024815,0.1013993464634609,0.07335663540390529,0.05200986103394468,0.025624939162921183,0.018357651158925452,0.04074845370090685,0.026122908897725325,0.026791748903159152,0.03384160537184048,0.007875368176505996,0.008382060378652108,0.009706787733500016,0.007213471447768927,0.019672935899451217,0.015118365573807854,0.013883956751853893,0.011981704864094693,0.0021152887706365627,0.0030633274234062114,0.006029755140146201,0.006790740856878981,0.00895286373427595,0.01564619023575754,0.008632810593178181,0.0022476445188029087,0.0038663671766386632,0.002785372412502818,0.0026985509392043285,0,0.39148547360673547,0.12471198593266308,1.2966506704688072,0.4415045394562185,0.004852368962019682,0.0018158236052840948,0.0006561381742358208,7.629510946571827e-05,0.9913991180348355,0.013279393419882947,0.008224613033235073,0.0022735942620784044,0.008224613033235073,0.0022735942620784044,0.006116960525105242,0.0019486247801978607,0.005613206365665832,0.0019112750625810324,0.005447471048682928,0.001892118714749813,0.004043641034513712,0.0017547875177115202,0.0037232013419270515,0.0016021972987800837,0.0011662534714114304,0.00012779942365474705,0.0009755992604278656,0.00012583685087187103,0.006267643300816417,0.001983672846108675,401.2100593034076,400.771341674155,201.05741623759556,201.9471555954932,0.0,0.0,400.7835497835498,201.95238095238096,406.0,394.0,194.0,210.0,0.0,0.0,13
1,14,968,1575,401,270,376,207,387.3388429752066,238.85330578512398,1.9826128481291123,1116,0.9542738090008158,35.10692067532608,1,0.6146031746031746,0.5043849085027606,66.14557863459886,62.07253821135398,9.055385138137417,4.122421699596443,4.0,20.09362700345177,19.77315809972137,-7.035899800321584,155.29646455628165,0.8673835125448028,0.31987954303234817,0.014851632124136413,0.12065270166985766,0.08265731769591886,0.018449189016714218,0.0048758207353785474,0.03626050903139142,0.05890872345326871,0.036401510980585,0.017020510326571994,0.004750553777081714,0.0029949134575255423,0.020940483801409605,0.019739643004620572,0.0284290654628406,0.01881494247039073,0.009766822034317158,0.00806148569453701,0.001662348299685079,0.0016744972450909873,0.006979655045657413,0.007509090358813369,0.007978231629437128,0.012389827791093985,0.010783275461796889,0.004419797020632262,0.0031401274753394383,0.0029281630985064835,0.002702181379570473,0.0008858005819762017,1,0.7401999076828361,0.2583199816290289,7.9003739464096725,1.853971160016954,0.004623483866453171,0.0018310826271772385,0.0025177383795380592,7.629510946571827e-05,0.8090667804147205,0.013330303485412493,0.009216449223458767,0.0023041123058646917,0.018112458288669586,0.0024109254591166973,0.0054829622791321185,0.0019134813454002142,0.008161543333067843,0.0019152594628274319,0.006836041808128357,0.0019073777366429567,0.003219653619453311,0.0016021972987800837,0.0031891355756670237,0.00158693827688694,0.001566760060375848,0.0001237727314826298,0.003994560101339557,0.0001240887436196701,0.011490043252706528,0.0019989318680018187,386.80471694051244,387.3511522633745,238.24560648922795,238.84818930041152,0.0,0.0,387.3388429752066,238.85330578512398,387.0,387.0,236.0,228.0,0.0,0.0,14
1,15,216,480,409,249,394,217,399.93518518518516,231.8935185185185,2.285878498370661,276,0.9633185488072549,16.583719174624104,1,0.45,0.4374685709292006,34.31329754745612,32.01562118716424,4.47213595499958,1.9916812076259844,2.0,10.67156750159865,9.208334681488198,-15.909752233276869,78.76955262170046,0.782608695652174,0.2683119430856538,0.010223312775316355,0.10233179979292042,0.07178307080221503,0.013038063859023216,0.009074690261212938,0.04408149035949826,0.04698880795599477,0.03536613733117346,0.007560807522776315,0.0032645753994861356,0.010423709720292742,0.01712178158762717,0.030680393843959892,0.020099324675572162,0.021701047770962635,0.004898216765759907,0.004586370545096288,0.009228460686787707,0.00895024110549406,0.01117779574846545,0.012977204661028294,0.012963867585842318,0.010474022182501949,0.01420872655202586,0.007843826115451908,0.00651834183399557,0.005672909149502419,0.007885135457290384,0.0072571473728174005,0,0.3381704520434141,0.12956435489468277,1.0043793644290417,0.41139848926104605,0.004257267341017723,0.0018158236052840948,0.0003204396925866604,9.155413135886192e-05,0.3520372545068534,0.012501258809904908,0.007080186158418655,0.00221255817450583,0.007080186158418655,0.0023956664372235537,0.004973094882991384,0.001905358160215923,0.004649904464949267,0.001904622635467806,0.004547188524156809,0.0018768596928566694,0.0038605325389653444,0.001632715342566371,0.003662165254354477,0.0016174563206732273,0.000739642504994789,0.00013640315545895485,0.0005964447727280851,0.00013544205938357837,0.0049897003918886185,0.0019989318680018187,399.7139406354454,399.9342754348874,232.16734524798656,231.8810504061422,0.0,0.0,399.93518518518516,231.8935185185185,394.0,399.0,242.0,227.0,0.0,0.0,15
1,16,2004,5148,863,265,746,221,805.4875249500998,246.00299401197606,3.312788950831845,3059,0.9748794777696829,50.51308788471822,1,0.38927738927738925,0.30186046103205544,132.33633875934208,117.5457357797381,9.219544457292887,4.302463044407745,4.123105625617661,31.777322355030176,29.47567405870844,-78.75317929396665,288.8355697996826,0.6551160509970578,0.184669034352556,0.027122834743952436,0.05386275873589093,0.05163450132960222,0.03654233272788136,0.010539699497955064,0.003365317305076601,0.026949393187403685,0.026790758694816307,0.02908205813991113,0.021926821126274112,0.004405062663536382,0.0036688162701671964,0.002940359246783754,0.016943862557366563,0.016856716226929077,0.016981438021262927,0.02064459396482117,0.011909811712809061,0.0018582510762448973,0.010062520472903683,0.008938046717050726,0.0026170527475552633,0.012205932932426285,0.011507219023134984,0.007350609563942823,0.011153273844189,0.01271209089926839,0.006399411159246142,0.0006856493777100588,1,1.050705741159618,0.46350804902613163,10.903105337871239,3.7938200952485204,0.0034180209040641785,0.0018005645833909512,0.0012207217514514923,7.629510946571827e-05,1.4740043879064073,0.07858619544988514,0.00805676355957985,0.0024872205685824156,0.011718928813934326,0.0024872205685824156,0.00425386939740736,0.0018765508057738123,0.005440671326283053,0.0018931238000242118,0.004364080261439085,0.0018768596928566694,0.0025329976342618465,0.0016021972987800837,0.0025329976342618465,0.0014801251236349344,0.0013960685488788062,0.0001325455168029003,0.00237555370056024,0.0001269365814317688,0.007415884640067816,0.0019684138242155313,806.0050830236572,805.4124555560918,247.38314711075273,246.02624000514825,0.0,0.0,805.4875249500998,246.00299401197606,816.0,861.0,249.0,227.0,0.0,0.0,16
1,17,1066,1525,422,289,397,228,409.3302063789869,258.6998123827392,1.7844692304679604,1194,0.9356769202775973,36.84119100528216,1,0.6990163934426229,0.5603907217485388,63.558613237880444,60.07495318350236,10.04987562112089,4.582287777420503,4.123105625617661,23.019032604976378,22.427159088303174,2.6213914423319062,154.61017305526642,0.8927973199329984,0.3759757381574338,0.03446366446200698,0.1331015421458331,0.08918927759397048,0.0395383480968123,0.012275172602312466,0.02487233892095277,0.054653862784266,0.0374163791839172,0.026798332589583536,0.01314718523297514,0.006098167480751553,0.007942201299904224,0.008832111838529328,0.02242251989386407,0.01838670741426938,0.010292456428237456,0.005597868669783743,0.004382186515087192,0.003638660765761347,0.001140315295615573,0.0019375826936064665,0.0003147664184134,0.0072829970666934245,0.009837225765023872,0.002739147390249439,0.0017470299441159447,0.003815787023017428,0.002496188938398818,0.0022574318594816515,0,0.5315175172872841,0.24669260694645345,5.351613740436733,2.0464179441332817,0.0041199359111487865,0.0018310826271772385,0.0008392464369535446,9.155413135886192e-05,1.2687108312261792,0.027436010845072228,0.0057831695303320885,0.0022735942620784044,0.007873655296862125,0.0025329976342618465,0.004057385628147207,0.001883149671346973,0.005020275553880613,0.001919716645528407,0.004974441137164831,0.0019073777366429567,0.0029297322034835815,0.0016021972987800837,0.0028381780721247196,0.0013275349047034979,0.0005980197870503818,0.00011519337223412223,0.001087739447154382,0.00013155474494829634,0.005767910275608301,0.0020141908898949623,408.86508817450215,409.3209183369124,257.5194343800945,258.6739963612503,0.0,0.0,409.3302063789869,258.6998123827392,406.0,415.0,254.0,281.0,0.0,0.0,17
1,18,1030,2597,745,284,696,231,720.4233009708738,257.726213592233,1.938712941641314,1116,0.9632526154881075,36.21376438700094,1,0.39661147477859066,0.515806119885598,71.01121903558374,64.53681120105021,8.94427190999916,4.16499198864689,4.123105625617661,18.414647930768243,19.07340705453687,-41.007420420488565,158.40916292848976,0.9229390681003584,0.3148707637640379,0.009416856839230279,0.10994813364440975,0.08817237171382387,0.005004072936736441,0.011523269573892823,0.041605873763530456,0.05557346006448436,0.04072344107952269,0.0020237133627119056,0.007247854780852049,0.00998375712364776,0.027189832692783914,0.02173319159025122,0.027669521390146955,0.020802190677913654,0.0014561677808737098,0.0030158471639418908,0.005843860602671674,0.0076846985748719055,0.00926506084146616,0.01257376555641648,0.008783225811442178,0.011928378421490334,0.010791839358263573,0.0008611188792304644,0.001784974031928543,0.0016766728208783227,0.0032661843729812037,0.005418702320922046,1,0.5910734813660383,0.24315251386724412,6.337453361367807,1.9738765540532768,0.004058899823576212,0.0018310826271772385,0.0016937516629695892,9.155413135886192e-05,1.408239838802095,0.023869030146193158,0.008651865646243095,0.0022278171963989735,0.012100404128432274,0.0024109254591166973,0.004581964971829755,0.0018849032082732104,0.006152867341133793,0.0019163850039352203,0.00553902518004179,0.0019073777366429567,0.0030060273129493,0.0016021972987800837,0.0030060273129493,0.0015716792549937963,0.0012501415448931859,0.0001254567244123871,0.002382352549991489,0.00012619427492779043,0.00805676355957985,0.0019989318680018187,721.212402335543,720.4116173719445,256.559826658207,257.7470276287512,0.0,0.0,720.4233009708738,257.726213592233,722.0,742.0,255.0,238.0,0.0,0.0,18
1,19,1620,4896,753,348,702,252,723.1592592592592,297.5913580246914,2.989443177946612,2215,0.9777629412590866,45.416385396362884,1,0.33088235294117646,0.3345104557855753,113.74365710380461,101.24228365658294,9.0,4.108840525546139,4.0,25.583838285385145,23.853547516684046,-24.497927109632002,246.69343417595164,0.7313769751693002,0.20123395731424032,0.02254606394331088,0.06359705641114315,0.058218379087019705,0.03130845420156215,0.008898627494237522,0.012874179499001383,0.03534440682260866,0.029808471059788157,0.026815529052654188,0.019704971003594238,0.0034551381688340986,0.0036527699666578173,0.008120563468857837,0.021056832324221314,0.018444091614141983,0.01844621846743627,0.02025377661039332,0.010570038977310176,0.0011850937239705817,0.004286276446179295,0.0005986126448408083,0.004652803784574742,0.013856244094917633,0.012411877213933109,0.011530522568592936,0.0135605712125288,0.012333122587665972,0.005402871824173356,0.00028917510138626806,1,1.082749695982784,0.39664301509037614,11.488563523860648,3.1093308911658823,0.004867628216743469,0.0018310826271772385,0.002090485766530037,9.155413135886192e-05,1.879887566943185,0.07616769762243956,0.010620279237627983,0.002243076218292117,0.012726024724543095,0.002426184481009841,0.0051806205549415505,0.0018978134693319432,0.007091705878926326,0.001919340056275236,0.007248035632073879,0.0019073777366429567,0.002777141984552145,0.001541161211207509,0.0027618829626590014,0.0015106431674212217,0.0016546676402487974,0.00012624848388094793,0.002391966185066625,0.00013403383285384607,0.009170671924948692,0.0019989318680018187,722.3367259891106,723.1650979045002,295.9009686364597,297.5154144378466,0.0,0.0,723.1592592592592,297.5913580246914,722.0,739.0,290.0,258.0,0.0,0.0,19
1,20,240,529,769,279,746,256,756.225,265.525,1.727658771579846,302,0.8680496988955967,17.480774889473267,1,0.45368620037807184,0.5788180029818948,27.314449605432287,25.612496949731394,5.830951894845301,2.4135261277656497,2.23606797749979,15.6,13.561004489059798,-41.69735845566445,72.18376618407356,0.7947019867549668,0.46193784916644837,0.10377969576050096,0.09298853661175575,0.09832323300356949,0.04547588397440222,0.02924783186001051,0.022551851543583756,0.03773589117419238,0.026543454457111787,0.025523818438342217,0.019528341421282118,0.01726634832739449,0.00830371430027422,0.007521866629255009,0.013970256234359005,0.030765910500447694,0.008517292428516779,0.0010795906150332605,0.009410000081006979,0.005210758144167419,0.0012617642982111002,0.006236667813720817,0.012852633055699106,0.007388393178505837,0.00862830798204019,0.006148489200724901,0.00031362407908313536,0.009802431911912188,0.008298705157095933,0.005079513142960403,0,0.23683528183028102,0.11406118865124881,0.8961165873333812,0.4493781947530806,0.00334172579459846,0.0018005645833909512,0.00032043945975601673,7.629510946571827e-05,0.6122081719535863,0.06218909949336804,0.005645838100463152,0.002197299152612686,0.005645838100463152,0.002197299152612686,0.0038825456037750988,0.0018698555516598167,0.003733819113889088,0.0018724091448045026,0.0036316472105681896,0.0018768596928566694,0.003082322422415018,0.00158693827688694,0.0028381780721247196,0.0013580529484897852,0.0006227827185649895,0.00011316642332509862,0.0005282803623293918,0.0001246033426757808,0.004013122990727425,0.0019531548023223877,755.9936145168142,756.2540577249575,266.09179767464025,265.4700169779287,0.0,0.0,756.225,265.525,751.0,762.0,276.0,258.0,0.0,0.0,20
1,21,1032,2544,776,319,728,266,750.3817829457364,291.2422480620155,1.9349557460179783,1131,0.9593666824304343,36.24890633062862,1,0.4056603773584906,0.5168076851669292,69.41146302766063,63.41135544995076,9.219544457292887,4.214575863529568,4.123105625617661,19.079470772540432,19.585298681684765,-39.703800415492985,158.40916292848976,0.9124668435013262,0.3267802064577687,0.02318666148891726,0.1121295921350871,0.08884021999055057,0.024685158606002303,0.012424468057069912,0.03736163599511424,0.052804780041965226,0.0411376421736196,0.018557552473364283,0.014447340442989051,0.007361750814239235,0.01973385094184305,0.018033280609756612,0.024638419597961064,0.02182519060188297,0.011236661939949799,0.008948354471851331,0.007537840411820429,0.0044163498098311596,0.005232244041013811,0.007502725719834418,0.006235445620346191,0.010151851800645007,0.012138714339204637,0.004598454179467704,0.002876709759174606,0.0030221461866324307,0.0029828180968964986,0.002621105562924614,1,0.536461440846324,0.24438849464058876,5.407156578497961,1.9652094296179712,0.004364080261439085,0.0018158236052840948,0.0008392464369535446,9.155413135886192e-05,0.5523948540828869,0.07257741335585273,0.006057831924408674,0.0022278171963989735,0.007797360420227051,0.00238040741533041,0.004158615820514139,0.0018944844545782074,0.005239492808622056,0.0019042727031181891,0.005340657662600279,0.001892118714749813,0.0027924010064452887,0.0016479743644595146,0.0027924010064452887,0.001495384145528078,0.0007489018859717757,0.00011748286377992878,0.0010496251962985562,0.00013417617736581627,0.006073090713471174,0.001983672846108675,749.8357198112996,750.3171053653234,291.15885065182636,291.2751766441494,0.0,0.0,750.3817829457364,291.2422480620155,747.0,751.0,291.0,279.0,0.0,0.0,21
1,22,1066,1472,403,335,380,271,391.4202626641651,302.4249530956848,1.933894612532819,1180,0.9556357815986203,36.84119100528216,1,0.7241847826086957,0.5170912590165921,68.92711286309108,63.28506932918696,9.055385138137417,4.352189606389555,4.123105625617661,19.881496955731237,20.302545496097917,4.2011120539045805,160.95331880577402,0.9033898305084745,0.33889472027158135,0.004572256406757154,0.12032428335863188,0.0917236890013198,0.009163390948141,0.0017244393312368007,0.04140750671495892,0.057727544176719464,0.04186816793350973,0.00841790940087288,0.0018616577288381503,0.0024659179667051857,0.02508583886350418,0.019562774817664455,0.027093694323999412,0.021748112922417698,0.003946300964374828,0.004952533115321431,0.0017353286968105608,0.001749352593445102,0.0069342441158029,0.00884495151340049,0.006523290142614651,0.010253179038867624,0.011990039570712529,0.0007142259967935346,0.0024623632731415575,0.0007787708156958913,0.001723465562847653,0.0009358763551495476,1,0.7358816030900925,0.264911879086867,8.174273403128609,2.059205004479736,0.00508888391777873,0.0018463416490703821,0.0022430759854614735,9.155413135886192e-05,0.5752305076662096,0.03522966248031313,0.008682383224368095,0.002334630349650979,0.015136949717998505,0.002639810787513852,0.005294112252446709,0.0019058408567400502,0.0076681739241356555,0.0019317120117070695,0.007034409325569868,0.0019226367585361004,0.0034943160135298967,0.0016174563206732273,0.0034943160135298967,0.0015716792549937963,0.0012790436425715683,0.0001232370468679798,0.0029860490885355463,0.00013558080179181252,0.0098420693539083,0.0020141908898949623,391.57370622441937,391.4383919970359,301.8705658566845,302.39474620229714,0.0,0.0,391.4202626641651,302.4249530956848,392.0,397.0,302.0,297.0,0.0,0.0,22
1,23,447,930,327,304,296,274,312.92841163310965,286.9530201342282,1.611906009435258,508,0.9216688193991844,23.85661494212072,1,0.4806451612903226,0.6203835671227237,39.66147221418195,37.013511046643494,6.708203932499369,3.1836911085112263,2.8284271247461903,15.283214398017401,15.387761230169957,46.2663768092603,95.1543289325507,0.8799212598425197,0.41542925291723926,0.047265086974448596,0.13027623669349989,0.09592474851925684,0.05439246849870112,0.011207532500663362,0.018256295205399457,0.04420723036201442,0.040621538516576156,0.02810165186373755,0.019075153215465473,0.00364541070736215,0.0006791295440154776,0.0038950564116839903,0.015276206207585229,0.02007661579639649,0.005327857495459809,0.00450522213329033,0.004595165180468196,0.005171561117666759,0.0014686062599938042,0.0011148847813499117,0.0014472968674272234,0.003202768802034964,0.010139489209945451,0.00633814199523317,0.006162860247310507,0.007872368267816846,0.0011945851940218942,0.0057841057111235345,1,0.978774712421,0.1527122911065817,8.394644126761705,0.8819409473799169,0.011665522120893002,0.0018768596928566694,0.00634775310754776,9.155413135886192e-05,1.1600848351901374,0.010656838825664244,0.02092011831700802,0.002243076218292117,0.04065003618597984,0.0024109254591166973,0.01238955332178481,0.0019330669760326796,0.018779964489399788,0.0019730222536463466,0.017128251492977142,0.0019684138242155313,0.004928664304316044,0.0017090104520320892,0.004928664304316044,0.0016174563206732273,0.004552532663245202,0.0001083485576708781,0.008856753600862676,0.0001457964011846326,0.02469291165471077,0.0020599679555743933,314.0679895791445,312.9388041108689,287.1701812029055,286.95537907886086,0.0,0.0,312.92841163310965,286.9530201342282,314.0,304.0,287.0,281.0,0.0,0.0,23
1,24,314,660,720,310,700,277,707.7707006369427,291.69745222929936,1.9187602814328155,368,0.9213711307602956,19.994929783493642,1,0.47575757575757577,0.5211698457992157,34.44361052695819,34.539832078341085,6.082762530298219,2.583567699629638,2.23606797749979,14.310835055998654,13.387679762226133,-24.550319097685623,87.01219330881975,0.8532608695652174,0.33298469233643824,0.0420108559358491,0.13492009843588754,0.06385472316514236,0.05091342138154823,0.005001417756353692,0.03897541117729254,0.031282424004927235,0.036420577680259844,0.02957186556443837,0.012060361631502576,0.0030096484762016226,0.004068090255848666,0.008740431965281816,0.025140655405822374,0.022120686666884125,0.004696642317059446,0.011053991199990218,0.007856081246658084,0.0008119072106454037,0.0003935503369189472,0.003763574870107997,0.012980666112427703,0.014597286063879332,0.014135890079854298,0.006915921197593262,0.0027423695302935267,0.008041585373282811,0.00387221611984715,0.0002867172025443192,0,0.4085298008285463,0.14213778893463314,1.543160172412172,0.5951476308982819,0.004135195165872574,0.0018005645833909512,0.0005645840428769588,7.629510946571827e-05,0.5873388814664745,0.05370644309885706,0.008239871822297573,0.002121004043146968,0.008239871822297573,0.0022278171963989735,0.0054470640110472835,0.001895170519128442,0.00491452284207698,0.0018953746206951654,0.004623483866453171,0.0018768596928566694,0.0032349126413464546,0.001678492408245802,0.002914473181590438,0.00158693827688694,0.0014534258723555087,0.00012219926750143,0.0010777412560722182,0.00012236553398315992,0.005455100443214178,0.001983672846108675,708.2438322523851,707.7516344896546,292.0454657867237,291.7476604363767,0.0,0.0,707.7707006369427,291.69745222929936,713.0,712.0,293.0,281.0,0.0,0.0,24
1,25,1064,1564,702,350,679,282,690.8937969924812,315.6390977443609,2.099330867522991,1197,0.9609831349500283,36.80661456312185,1,0.680306905370844,0.47634225527294044,71.87613102917807,67.11929677819934,9.055385138137417,4.174809561825546,4.0,20.86331601811096,19.88143862299228,-2.9059819839778442,167.53910524340094,0.8888888888888888,0.30071628759116825,0.018914062270129647,0.11271898324756176,0.07845958665941322,0.026286901846040545,0.0057450612804312,0.03929739921454109,0.050322704171842085,0.03801365487715254,0.021759525893390703,0.012074951786887122,0.0020337893140394006,0.019991316345439842,0.017819953088380615,0.026740658427396636,0.02165308288949666,0.013236953520529766,0.010628435668838287,0.005290390570878698,0.0005370899715559594,0.004138911125262439,0.0075122555342269845,0.008482036985696636,0.014091459039257782,0.013209638963796667,0.005039089631227608,0.005486402417302359,0.0035295637144301304,0.0024047569126014376,0.0003617773770470705,1,0.7427481655031443,0.2808270389214158,7.4407264441251755,2.0538185697514564,0.005447471048682928,0.0018463416490703821,0.0015411609783768654,9.155413135886192e-05,0.8431456148665968,0.01055474799368449,0.0073853665962815285,0.002288853283971548,0.011474784463644028,0.0025787746999412775,0.00508731620207633,0.0019234728693247659,0.006993163951245465,0.001930280610668662,0.007019150070846081,0.0019226367585361004,0.0030975814443081617,0.0016021972987800837,0.0030975814443081617,0.001541161211207509,0.0009976616362853967,0.00011790922417063598,0.0018830349166993857,0.00013858589554283692,0.008499274961650372,0.0020141908898949623,690.4809321858709,690.8928059317816,314.90395341884965,315.64960586045754,0.0,0.0,690.8937969924812,315.6390977443609,688.0,692.0,316.0,336.0,0.0,0.0,25
1,26,1076,1587,424,358,401,289,413.0659851301115,322.85687732342006,2.1491354459804373,1229,0.9690180002916506,37.013588722725,1,0.6780088216761184,0.4653033860059012,76.2417490531864,68.8839603971781,8.54400374531753,4.09421777481349,4.0,19.241084818986277,18.830958089104453,-5.304428708859102,170.46803743153546,0.8755085435313262,0.2887261854868356,0.00489398550487017,0.10092144051917631,0.08296636613331526,0.00957682717081974,0.0021896065105924596,0.03968148074327069,0.053033858950922316,0.04050583984400924,0.009170522784575964,0.0030882086368479115,0.0029362566709894566,0.026816575465232084,0.02235184839757803,0.02870308093617983,0.022598114889526108,0.005608336620463871,0.006452358584911022,0.0009168839864680793,0.0025502361477459075,0.011523583058178981,0.01315538010823813,0.01147851444830932,0.014353956432990509,0.013286161738116212,0.002824887276520709,0.00452932271337094,0.0021430192409810133,0.0018415990192661923,0.0018614277269224033,1,0.7301899902522564,0.28580148005858064,6.767879865365103,2.045700770104304,0.0041962312534451485,0.0018158236052840948,0.0017395284958183765,9.155413135886192e-05,0.5845273977885241,0.0267549141575573,0.007568474858999252,0.0022278171963989735,0.013076981529593468,0.0024414435029029846,0.004835695299683817,0.001892725033500534,0.006289851175989873,0.0019012088941489814,0.005813687574118376,0.001892118714749813,0.0031586175318807364,0.0016174563206732273,0.0029297322034835815,0.00158693827688694,0.0011062463275949928,0.00012424916307784945,0.0023498640445815716,0.00012683043605504773,0.007995727472007275,0.001983672846108675,413.26907580855845,413.09182859060905,323.40498904113224,322.84995338082274,0.0,0.0,413.0659851301115,322.85687732342006,413.0,411.0,329.0,327.0,0.0,0.0,26
1,27,1027,1875,452,369,427,294,438.031158714703,330.4634858812074,2.5935837504166375,1207,0.9801028017673064,36.16098743733379,1,0.5477333333333333,0.38556688205628925,83.92140826518032,75.31268153505093,8.0,3.6370997339502313,3.605551275463989,17.11198410471445,16.657606383671148,9.004986583886367,182.95331880577405,0.8508699254349628,0.23053896552239278,0.0067801632205535586,0.08137345431571369,0.06869624051735733,0.010307317108653881,0.0015660604150091618,0.03354772665616155,0.046055733071004634,0.03540658814900982,0.010156707685284715,0.004870384414712395,0.0020317387985888313,0.02240672130052881,0.02320929428764666,0.027224885757892843,0.021363243209111128,0.007888203488545372,0.007448907895409353,0.0010494656744231901,0.0022813327159691608,0.011165881583357132,0.015718689889954084,0.013518094427451445,0.016683851848161877,0.013731359454661725,0.005786176316603056,0.006377229920594509,0.003473091915411047,0.0007775730778221706,0.0021014369067317196,1,0.823361576301977,0.3059281299356371,6.932997736847028,1.9704737921711057,0.00440985755994916,0.0018310826271772385,0.002182040363550186,9.155413135886192e-05,0.8908612548822316,0.018844057663481458,0.008285649120807648,0.002243076218292117,0.012146181426942348,0.002471961546689272,0.005114047057776255,0.0019001747200971249,0.006750728078721547,0.0019186697100010766,0.006698710843920708,0.0019073777366429567,0.003036545356735587,0.00158693827688694,0.003036545356735587,0.0015716792549937963,0.0013672002860895492,0.00013132984220748758,0.0023450947825676854,0.0001360279095032541,0.00876249372959137,0.0019989318680018187,437.41958473047436,438.0381306384791,329.81571197214265,330.48099275951523,0.0,0.0,438.031158714703,330.4634858812074,435.0,437.0,328.0,329.0,0.0,0.0,27
1,28,439,990,356,327,323,297,339.77904328018224,311.751708428246,1.6461870975506596,470,0.93727359433279,23.642169108157916,1,0.44343434343434346,0.6074643650699771,40.434267679772894,37.53664875824692,6.708203932499369,3.158957078176131,2.8284271247461903,13.013298811060396,14.095168192673448,52.20408219388385,95.29646455628165,0.9340425531914893,0.3948582100716431,0.017854721181909942,0.13871644648923465,0.09862462644344541,0.014182620541286857,0.01442852614802809,0.04077594793726277,0.0576753842797723,0.039925649202861985,0.007216942645778513,0.009503364291620079,0.01008039571274049,0.016915940167965132,0.014668379285254997,0.021069838234431294,0.017303195504662947,0.0032498096626845407,0.0006830727172927119,0.005452536509951757,0.005883516150390427,3.057178749686246e-06,0.0019843235161919924,0.0013246480469841658,0.005583335603386621,0.007420504432357995,0.002159382745144743,0.0010477123932589043,0.004378063612084896,0.0022638381642691315,0.0026361781714167366,0,0.885404756758362,0.14741741050966084,8.117738659959286,0.8666361484210938,0.008232242427766323,0.0018768596928566694,0.008964675245806575,9.155413135886192e-05,3.2094799487393555,0.03430945728940248,0.02674906514585018,0.0024109254591166973,0.046723123639822006,0.002426184481009841,0.01180539675677816,0.0019655654734621443,0.01849143202724211,0.001974114233305453,0.016250858083367348,0.0019684138242155313,0.004272526130080223,0.0016632333863526583,0.004272526130080223,0.0016632333863526583,0.006483002422684452,0.00014492468864885492,0.011451132990052857,0.00014011028485677856,0.026832990814000368,0.002075226977467537,337.6457755516042,339.7767585174751,309.3538071918379,311.71747512985297,0.0,0.0,339.77904328018224,311.751708428246,339.0,338.0,309.0,311.0,0.0,0.0,28
1,29,373,624,433,355,417,316,425.4638069705094,338.37533512064346,2.0957520727284105,453,0.9463802445597211,21.792621462004423,1,0.5977564102564102,0.4771556774357014,41.628976121672004,38.63935817272331,6.324555320336759,2.6878183531520365,2.23606797749979,14.808616810689706,13.448442417484868,-1.3621949376609401,99.11269837220809,0.8233995584988962,0.3129237729787865,0.05681479636248021,0.09535721903199813,0.08390017896777634,0.035868064606392414,0.021135604317179348,0.025791660644339017,0.04736422221551304,0.030489296479738828,0.027291552764049588,0.019335996402654092,0.00946587256059138,0.017657811696274926,0.009407649724403715,0.021875159694553076,0.009610068072763928,0.018146771956565635,0.013041545352585613,0.008850222960860429,0.010063685803836273,0.001039004903348697,0.006334093262240006,0.006253164884982546,0.008693123409576814,0.00741449773968704,0.00822563427867954,0.00595713007094311,0.005859746480029711,0.0065371258602817195,0.00922852558603656,0,0.4832837504800409,0.1690089264884591,1.8365148797165602,0.7049362934194505,0.004398413118906319,0.0018005645833909512,0.00046540028415620327,9.155413135886192e-05,0.8644554616804001,0.0188599010969866,0.007309071719646454,0.0022735942620784044,0.007309071719646454,0.002334630349650979,0.0053698194497782325,0.001877876960982879,0.004923632385299089,0.0018899096338323071,0.004798962501809001,0.0018768596928566694,0.0038605325389653444,0.0016479743644595146,0.003570611122995615,0.0016021972987800837,0.0008619798561565102,0.0001229758940400793,0.0007222563443106118,0.0001228982515327015,0.0053978790529072285,0.0019684138242155313,425.6713001382848,425.4788302523919,337.5361510940107,338.3639335036149,0.0,0.0,425.4638069705094,338.37533512064346,431.0,424.0,335.0,333.0,0.0,0.0,29
1,30,586,925,440,391,415,354,427.3856655290102,371.94880546075086,1.5352201775448167,634,0.8929228152268212,27.315167457198672,1,0.6335135135135135,0.6513723664049534,41.074630975262,38.48376280978771,9.219544457292887,3.868987508809463,3.605551275463989,18.22361105818493,18.49220057676762,20.974449502687143,106.32590180780451,0.9242902208201893,0.5035213139676167,0.027327386195518284,0.15580955579174377,0.11278999461071229,0.02021527142716057,0.015524788610356069,0.026989875107753847,0.04692207973682895,0.03876669152638889,0.007048111095059655,0.004978691916210051,0.010057879139978278,0.0025475072926163956,0.0034498506244752397,0.0063100089742809005,0.012867633691618682,0.0051485117183103545,0.005911743046892942,0.004343951437270121,0.006055477366796292,0.007482328274177404,0.010126623730731806,0.009321738114796823,0.008443046304408246,0.0041206925214537955,0.009136944638357816,0.004748927471488133,0.008301407467058002,0.004732037365032798,0.0024666918571434444,1,0.46121920575387776,0.17392233153805137,4.303379935445264,1.1247272447217256,0.005424582399427891,0.0018310826271772385,0.0017395284958183765,9.155413135886192e-05,1.0865535927999448,0.04850914557099355,0.007568474858999252,0.0021362630650401115,0.013672083616256714,0.0023193713277578354,0.005068342920372283,0.001911234412506059,0.00734365176697144,0.0019193297691497023,0.006912337150424719,0.0019226367585361004,0.0032043945975601673,0.0016632333863526583,0.0032043945975601673,0.0014496070798486471,0.0009332832100587263,0.00011685900983277336,0.0024347228406974893,0.0001286172514951763,0.009170671924948692,0.0020141908898949623,427.1178666974221,427.3990150456525,370.89577056302596,371.9021693416001,0.0,0.0,427.3856655290102,371.94880546075086,428.0,423.0,370.0,364.0,0.0,0.0,30
1,31,1206,2516,704,442,670,368,688.3142620232172,404.8756218905473,2.2690449987771917,1472,0.9689089501664916,39.1857996084118,1,0.4793322734499205,0.4407140451330444,83.63203455226044,75.18643494673756,8.94427190999916,4.123326574486637,4.0,21.581031778913793,20.692033468893523,-15.583334210054005,185.4386001800126,0.8192934782608695,0.27117997733259086,0.03129070186714426,0.0865442784508321,0.07507894995601354,0.03861209548315127,0.014349303880161835,0.022508128952121162,0.040915925733650445,0.03701618800731026,0.03130835241368528,0.0214387305594611,0.00802257763378169,0.009116591504700698,0.008341020269725618,0.022393243949111657,0.02121188864176925,0.019774049211167745,0.018341939346473636,0.010934431321408755,0.005046716150545789,0.0020627833045517153,0.001004386375944412,0.003501212066970653,0.012480357564635482,0.012806747637697366,0.009486274189459173,0.011096988327113784,0.008035476311113437,0.005473695079757014,0.0033216421658137,1,0.7202716229949147,0.3010910199955106,6.954329866915941,2.2857404435053468,0.0041046771220862865,0.0018005645833909512,0.0015259021893143654,9.155413135886192e-05,0.9565449550745975,0.07628823125727051,0.00758373411372304,0.0021820401307195425,0.01033035758882761,0.0023193713277578354,0.00447373678878829,0.0018701305589783265,0.005766442675718028,0.0018953071670856937,0.005493247881531715,0.001892118714749813,0.0027618829626590014,0.0014038300141692162,0.0027618829626590014,0.0013427939265966415,0.001122721366791674,0.0001272672758643933,0.0018257040940188702,0.000127730651516014,0.007263294421136379,0.001983672846108675,688.7948489724808,688.2992536516329,404.04857023842624,404.95041923682874,0.0,0.0,688.3142620232172,404.8756218905473,694.0,689.0,398.0,403.0,0.0,0.0,31
1,32,1028,1888,682,430,650,371,665.715953307393,400.35505836575874,1.7776508245032452,1102,0.9483666890233377,36.17858830838687,1,0.5444915254237288,0.5625401716782285,64.96447804197403,59.22837157984339,9.486832980505138,4.448148414882518,4.123105625617661,19.289893727027113,20.605174124640186,-17.53419557904484,151.53910524340094,0.9328493647912885,0.372446319142633,0.003064345531951871,0.12651582676140036,0.10043301983398281,0.0023153750876379027,0.003320235313344157,0.04338771382850596,0.05758441975859522,0.044448015115793146,0.002007694265879588,0.0006368077361690698,0.0032500721829299985,0.023300548426912763,0.01796606340482823,0.024018020749878303,0.0216212149651557,0.0008792684689971561,0.0012239917951182276,0.0011698189924119655,0.002528234612495882,0.004813242921940454,0.0051062170145995235,0.00408303900937327,0.006354347153157652,0.010668561983097697,0.00048604734265277316,0.001202163185758869,0.0006127162336524964,0.0010046900451614977,0.0017427002028544449,1,0.6716868951916695,0.24533455399796367,8.133867506403476,1.959456778364256,0.004257267341017723,0.0018158236052840948,0.0024414435029029846,7.629510946571827e-05,0.653917066433233,0.026365300615604742,0.010376134887337685,0.002243076218292117,0.019760433584451675,0.0025024795904755592,0.00516682227070515,0.0018871888769074127,0.007912322477046183,0.0019060863602765137,0.00634775310754776,0.001892118714749813,0.0032501716632395983,0.00158693827688694,0.0030518043786287308,0.0015106431674212217,0.0017989708741631147,0.00011682741866498643,0.004243591001439552,0.00012661117309918825,0.010864423587918282,0.001983672846108675,665.7184407605474,665.7274808625295,399.70114603038843,400.3787700622211,0.0,0.0,665.715953307393,400.35505836575874,665.0,654.0,400.0,416.0,0.0,0.0,32
1,33,332,1056,687,433,665,385,676.5421686746988,407.8614457831325,3.0689824081632056,429,0.9880525049272063,20.56004690782767,1,0.3143939393939394,0.32584090327142107,54.865624869496706,48.76474136094644,4.123105625617661,2.056686989352249,2.0,8.932619373129612,8.455760719538493,-19.359379654286304,113.15432893255071,0.7738927738927739,0.1777609456905273,0.008910793808369361,0.06168414872447343,0.055011737868594056,0.010439795145449337,0.002863605260663748,0.03239046487920931,0.03316781577524868,0.030688497261300834,0.009829879368980063,0.005971309827610342,0.0014248465651899827,0.02174201936242538,0.0193838601587082,0.021670935559907616,0.01998758634841821,0.008277574755926114,0.007454974225348864,0.002971811247506914,0.0013954116061679483,0.01184164608420355,0.014474532707553013,0.01261972132116217,0.015208012707745756,0.013826097943801928,0.007183518642871064,0.006260643062482812,0.005215221128395263,0.0011547730849994177,0.0014403480871519377,0,0.47576105408370495,0.18069733725860715,1.536919235251844,0.6182497900445014,0.004028381779789925,0.0017853055614978075,0.0005645835772156715,9.155413135886192e-05,1.30262502174703,0.060487628149576055,0.0069733732379972935,0.002166781108826399,0.0069733732379972935,0.0021820401307195425,0.004904753134883556,0.00186285914699595,0.004629274804975434,0.0018621981627846428,0.004531929735094309,0.0018616006709635258,0.0032501716632395983,0.0014343480579555035,0.0028076600283384323,0.0014343480579555035,0.0009868807127760713,0.00013796195971060068,0.0007918758093007573,0.00012876146228636392,0.005157549399882555,0.0019531548023223877,677.1172335891753,676.563442505615,406.69262916303353,407.80482266702865,0.0,0.0,676.5421686746988,407.8614457831325,684.0,674.0,397.0,415.0,0.0,0.0,33
1,34,858,1479,680,481,651,430,664.3414918414918,454.8857808857809,1.7063806390938656,979,0.9336445935049775,33.05207299675423,1,0.5801217038539553,0.5860357162344664,56.685308309402366,51.24451190127583,9.433981132056603,4.211494721997836,4.0,19.909217038269563,20.30471961162437,15.489305780971513,135.63961030678928,0.8764044943820225,0.4147039097485734,0.006135095314456165,0.1297007324001349,0.10983448226159967,0.010968946331860463,0.014856063810121488,0.03594610175449794,0.05958410851315835,0.041793790659273765,0.008553659383581833,0.003133879003567376,0.01145644515874945,0.01931463860846051,0.01456569282686651,0.017531155182462302,0.015716353223856692,0.003310065408066649,0.0037427308111518385,0.0031278769640453105,0.006760909911891564,0.0020884829836836085,0.003346835492111644,0.002895401442683675,0.0021714962088535184,0.005066791664327135,0.0011085865650359381,0.0019956456789256348,0.0026877426161677374,0.0020617551649869306,0.0037502454758500427,0,0.4948348291218281,0.22189669637009501,4.531776984687895,1.6364080258645117,0.00379949645139277,0.0018158236052840948,0.0009918366558849812,9.155413135886192e-05,0.9822295024261687,0.03583571080743639,0.007309071719646454,0.0023498893715441227,0.01017776783555746,0.00238040741533041,0.004229357513861778,0.0018965529604281625,0.005281791357445099,0.0019072354613805498,0.0045929658226668835,0.0019073777366429567,0.0027924010064452887,0.0016174563206732273,0.0027924010064452887,0.0014190890360623598,0.000826421238545926,0.0001406042534048821,0.0017720888142381183,0.00013104987761980604,0.006752117304131389,0.001983672846108675,663.7814471858075,664.3363234553626,454.0788578540884,454.8503198373771,0.0,0.0,664.3414918414918,454.8857808857809,662.0,661.0,450.0,432.0,0.0,0.0,34
1,35,974,1638,704,496,678,433,691.034907597536,464.1930184804928,2.0579910114521294,1103,0.9633792289103748,35.21555503711461,1,0.5946275946275946,0.4859107714442322,69.18919985480387,62.64982043070834,8.94427190999916,4.050652401526194,4.0,18.49711808181822,18.552572891740887,-10.259554656404811,158.71067811865476,0.8830462375339981,0.31570674531733856,0.006766080410000667,0.10921147708517828,0.08923942360890423,0.0012397103451432948,0.008249526553688548,0.041530394879216115,0.055822411447007884,0.041632498750502574,0.000903976817913325,0.004077156258966007,0.007328187662338934,0.02791918372029866,0.021649171188069267,0.027968881741747508,0.021634806619504905,0.0009821672873203582,0.0005113525623082437,0.0045859986694786565,0.005534046523783424,0.010278655998769294,0.012099538956423234,0.009613049905335916,0.011537309074015328,0.01167150184321215,0.0006125453906901134,0.0010930091998476018,0.0004896795186422394,0.0028187816994673766,0.003833285536277569,1,0.6592965670861304,0.260028992081061,6.505195786245167,1.8460669866763055,0.004043641034513712,0.0018005645833909512,0.0023498893715441227,9.155413135886192e-05,0.6900947634610516,0.02178934450940906,0.00871290173381567,0.00221255817450583,0.013305867090821266,0.0023193713277578354,0.004777511355696597,0.001884268058558413,0.00667884577643241,0.0018953459822138661,0.0061951628886163235,0.001892118714749813,0.0028839551378041506,0.0014343480579555035,0.002868696115911007,0.0014190890360623598,0.00152370231756998,0.00013653319186622125,0.002741595667413214,0.00012983517872616645,0.009117265697568655,0.001983672846108675,690.9790719667443,691.0179861466995,463.5051862590242,464.1792911342183,0.0,0.0,691.034907597536,464.1930184804928,693.0,680.0,467.0,486.0,0.0,0.0,35
1,36,319,459,687,467,670,440,678.5329153605015,451.23510971786834,1.3765537923013098,351,0.7821961943457103,20.153496341094687,1,0.6949891067538126,0.7264518143734938,26.70702532456111,26.68332812825267,8.0,3.077655771482607,3.0,16.0,16.63933655725441,3.0946843187594966,74.2842712474619,0.9088319088319088,0.5521996987329487,0.06696950671309254,0.16428807526565278,0.08395830954495796,0.026809980262591647,0.027549829830848294,0.011857819649620824,0.03611646308983525,0.013165551170004666,0.008553838374591614,0.01928031743542223,0.03450689550371385,0.005396204806537221,0.010389530654446127,0.011275681520807324,0.01778537526626375,0.011595416492687164,0.01097619604491158,0.010668114497105852,0.018469028301175115,0.003924757732190485,0.00959133112986732,0.0017269490421802976,0.0027936263883078243,0.005671811369453262,0.00895260047647286,0.005794557969624386,0.004413627208375349,0.0006382880107664845,0.00590306635468289,0,0.3121080396231264,0.12433051038533449,1.3431601643096656,0.5976195924449712,0.003662165254354477,0.0018005645833909512,0.00041199359111487865,7.629510946571827e-05,0.6713300687233532,0.025598665380690205,0.0072938124649226665,0.002121004043146968,0.0072938124649226665,0.0022278171963989735,0.0047289096912594905,0.0018837956118990075,0.004210533430437823,0.0018734156502977154,0.004028381779789925,0.0018768596928566694,0.0031128404662013054,0.0016632333863526583,0.002960250247269869,0.0015259021893143654,0.0011192284388517279,0.00011326308367321009,0.0007995834251692721,0.00012344491155885363,0.004551003337837756,0.0019531548023223877,678.8692970263559,678.5173496744542,451.81608427501277,451.25543214604875,0.0,0.0,678.5329153605015,451.23510971786834,684.0,681.0,460.0,463.0,0.0,0.0,36
1,37,1081,2294,459,534,422,472,440.4569842738205,502.04347826086956,2.014828732627067,1173,0.962185296244889,37.09948716436268,1,0.471229293809939,0.4963201009626927,71.87198241286787,66.64833081180653,9.219544457292887,4.219860303028666,4.123105625617661,18.638998715599996,19.577624014030484,24.346046059145564,165.4386001800126,0.9215686274509803,0.3089385362907936,0.012542579051959189,0.11615065371026033,0.0824499804300516,0.007916589912391055,0.011060203107026018,0.04217917016095246,0.05641026283819671,0.037597813986720435,0.004467242416054495,0.00728404428237456,0.008514510724902679,0.027837144564239927,0.02063426418719079,0.028705988895813526,0.019310386867324402,0.003879661628909421,0.0024545530303312505,0.006301519998857345,0.006150630161868581,0.009096504894151747,0.011368538803435253,0.008903127776528914,0.01319162281710244,0.010310090685536153,0.0017236036433057919,0.0014742928581193656,0.0012742785588681503,0.004210990613029994,0.0043394357084192954,1,0.5968871696386486,0.26738384063355625,5.637460979633033,2.052948805503547,0.0034981307690031826,0.0018158236052840948,0.0015869385097175837,7.629510946571827e-05,4.686103622425741,0.03784600167829572,0.006408789195120335,0.0021820401307195425,0.009857328608632088,0.0023193713277578354,0.004233242337862756,0.0018963392952734486,0.005215042534350632,0.0018991200790967134,0.00508125452324748,0.001892118714749813,0.002731364918872714,0.0014801251236349344,0.002609292743727565,0.0013122758828103542,0.0009696474837447054,0.00012868529120367962,0.0017490009013375251,0.0001268489839353055,0.00668345158919692,0.001983672846108675,442.4569753938421,440.44298349933104,506.28135540396215,502.00831722907685,0.0,0.0,440.4569842738205,502.04347826086956,450.0,438.0,514.0,496.0,0.0,0.0,37
1,38,1011,1430,724,557,702,492,711.9228486646884,523.6597428288823,1.982673832991468,1100,0.9567050937350239,35.878199226372125,1,0.706993006993007,0.5043693941787667,66.9800550576585,64.1248781675256,9.219544457292887,4.243013103221363,4.0,19.39908050203216,19.495150392567364,5.654481850257925,158.71067811865476,0.9190909090909091,0.3130460067430081,0.009603292883702935,0.12721805037581788,0.07789527902908708,0.00987865691640026,0.007104365136253653,0.04440234561584921,0.05698324811530016,0.035501160439555035,0.0058024799059767755,0.007669692818253451,0.004665487615758879,0.02499736848255929,0.020956373502664938,0.02835021357986434,0.019334925972843135,0.0030648033710274267,0.0043469723328304795,0.004887257884916214,0.0030085152969351616,0.00637117649293871,0.009615299693617477,0.00773356998291874,0.014269693631658635,0.011470834136508293,0.0005657659825373582,0.0017133254386335636,0.0024023580604597495,0.0024889147381381635,0.002019660327268163,1,0.681483187712729,0.2582131684757769,7.746898705372587,1.891889829421416,0.005035477224737406,0.0017853055614978075,0.002487220335751772,7.629510946571827e-05,0.794156540367974,0.09218059330694069,0.00782787799835205,0.002288853283971548,0.015335316769778728,0.002288853283971548,0.0049382839689328184,0.001871109916491137,0.007662609995422935,0.0018713054692595607,0.00747692072764039,0.0018616006709635258,0.0028381780721247196,0.0016021972987800837,0.0028381780721247196,0.0015259021893143654,0.0012765676531049837,0.0001329895869117819,0.002879910312064224,0.00012520531673473716,0.010040436871349812,0.0019531548023223877,711.5601790866564,711.9174254950195,522.953233531152,523.567721901843,0.0,0.0,711.9228486646884,523.6597428288823,712.0,719.0,517.0,522.0,0.0,0.0,38
1,39,1495,3870,182,548,96,503,137.8247491638796,526.3210702341137,2.5017460159431564,1678,0.9784220407034203,43.62903986313552,1,0.3863049095607235,0.39972083242151213,97.99597054047192,91.0,9.486832980505138,4.38973262958849,4.123105625617661,20.269981034710934,20.24756836722543,66.85232464133094,216.79393923933998,0.8909415971394518,0.22955520351281222,0.0072427288603987465,0.0907417312347781,0.06338836723520594,0.010315562205753121,0.0025333148232281194,0.03604859982684148,0.04762135932836331,0.031755601757217304,0.011077685487895067,0.0038147085605327734,0.0012840924582961928,0.02266641238693264,0.0240694785968988,0.027408530538728524,0.019160343251699977,0.008708321116566884,0.006618518871871692,0.00065554886168194,0.0006788351973692998,0.011026755549262914,0.01531138923129849,0.013775464982068076,0.01692582232674495,0.012590858118849723,0.006329084475859556,0.005730909227061194,0.002799239540745714,0.0009496353332330327,0.0002859071248726275,1,0.9278248464688659,0.3429007399827242,10.283863738179207,2.8615091165993363,0.005535210366360843,0.0018272678717039526,0.0012893874663859606,9.155413135886192e-05,1.7726156258147907,0.0544311943743203,0.007309071719646454,0.002288853283971548,0.010849164798855782,0.0023956664372235537,0.0050979387168619,0.001884069999905078,0.006878838620855657,0.0019140529208022316,0.0069886320270597935,0.0019073777366429567,0.0032959487289190292,0.0015716792549937963,0.00317387655377388,0.001495384145528078,0.0008876872901121086,0.00012712064973046468,0.001657623999366696,0.00013352050367859607,0.008163576945662498,0.0019989318680018187,136.22296957301177,137.77270715462674,525.5618151391936,526.3051208079817,0.0,0.0,137.8247491638796,526.3210702341137,114.0,150.0,517.0,530.0,0.0,0.0,39
1,40,1157,1700,524,542,456,517,490.7199654278306,529.0769230769231,2.0573803011256855,1342,0.9552994906336162,38.381481905452574,1,0.6805882352941176,0.48605500862084416,72.89130951542262,67.26812023536856,9.486832980505138,4.406050456236599,4.123105625617661,22.08658549625199,21.54957116230549,86.96734457985428,172.95331880577405,0.8621460506706409,0.3252655595617872,0.021562947785293343,0.11494167853549098,0.08624144784869452,0.02689979068291221,0.008755933746602823,0.03543715079623678,0.05388031660523202,0.03948860735032192,0.023342918241245268,0.008552492314376745,0.00442896698781947,0.01896918918498134,0.015366180249259282,0.02796236756246602,0.019907718752493954,0.01395228527199324,0.008605042826801242,0.00281306175453326,0.0019503221394798142,0.0019286130794671015,0.00692630335772552,0.006247987452829718,0.01315385233929052,0.009889517959602254,0.003988879804846298,0.005408889510900129,0.0009830650582173083,0.0028192177566459206,0.0006390315831705314,0,0.6075379636604339,0.28297856100834906,5.1850004442967474,2.1836270689964294,0.003387502860277891,0.0018005645833909512,0.0007934693712741137,9.155413135886192e-05,4.225413889679044,0.04166772550782384,0.006210422143340111,0.002166781108826399,0.00804150477051735,0.0023956664372235537,0.004023430222916781,0.001874030205353305,0.004481417842953109,0.0018873181235924195,0.003982604946941137,0.0018768596928566694,0.002731364918872714,0.00158693827688694,0.0024567025247961283,0.0014343480579555035,0.0009219652543316823,0.00012032155894111391,0.0013066287562989926,0.00012887378364714446,0.005661097355186939,0.0019684138242155313,486.534198031786,490.67849256484794,528.4994511336196,529.0809481216457,0.0,0.0,490.7199654278306,529.0769230769231,473.0,468.0,526.0,527.0,0.0,0.0,40
1,41,1977,4602,162,586,84,527,128.84218512898332,551.5821952453211,2.4786174311033027,2466,0.9318355103784286,50.17165115821301,1,0.42959582790091266,0.4034507251709562,92.04556564644908,89.04493247793498,14.866068747318506,5.364730907423988,5.0,37.113993531616785,33.40158201652503,59.284204839114444,248.14927829866735,0.8017031630170316,0.31714568052111825,0.05947694285487997,0.1035556078938647,0.06484340571472681,0.06270260148345334,0.01919465731017593,0.0038919728001539427,0.03519614659877082,0.0284218363991784,0.03310101159454095,0.02752922432169062,0.004638236696450278,0.005257477252575927,0.001997210335962507,0.01628053305052878,0.019889088101733003,0.012104517996383086,0.01362024867977633,0.006587318055348879,0.004070474052679634,0.0059448226994302765,0.007788932013595084,0.004899032220015303,0.016262403666863583,0.012590047272550966,0.00392754649260598,0.003301896117206098,0.004888275347524574,0.006882250274754726,0.0032701341935025604,1,0.8549324912019074,0.380376897752285,10.65418494772166,3.7282063011080027,0.0038147554732859135,0.0018005645833909512,0.0010528727434575558,9.155413135886192e-05,0.49497089832497354,0.04621141936736371,0.007080186158418655,0.0024414435029029846,0.011474784463644028,0.0024414435029029846,0.004211490104442894,0.0018737778214398277,0.005389066741386778,0.0018857897324774924,0.004623483866453171,0.0018768596928566694,0.0027466239407658577,0.0015716792549937963,0.0024567025247961283,0.0012970168609172106,0.0008938991253084109,0.00012236647366103246,0.0019793102923337186,0.00012804191626061736,0.006862745154649019,0.0019684138242155313,128.9501204797419,128.79728479748536,551.0991360871994,551.5931248158214,0.0,0.0,128.84218512898332,551.5821952453211,130.0,142.0,552.0,539.0,0.0,0.0,41
1,42,255,384,512,553,488,537,497.82745098039214,544.1921568627452,1.4447722140701615,284,0.7895442945272447,18.01877032173579,1,0.6640625,0.6921506312630661,24.20293977086308,24.351591323771842,7.0,2.738351733967616,2.23606797749979,14.795908857482155,14.853188692316486,-83.46000279111793,68.04163056034261,0.897887323943662,0.5295113094290876,0.06590605662955078,0.16861894934204108,0.07522100466914684,0.03396759764966262,0.029753922100920864,0.011873595325903777,0.03612523003218097,0.024673970555147116,0.01302661637873869,0.016179551027645105,0.025346715111323668,0.0010624502932299166,0.012369713228915965,0.01579831114149317,0.022073946108337055,0.010670522441448147,0.006233940259172372,0.013794598078501879,0.008783670646061423,0.010398701058389533,0.006235682174643399,0.0024136693639921977,0.010500085509108435,0.007958493075875253,0.008292739078516794,0.008135487960012774,0.0072018140646271395,0.004488169787617427,0.004286670842864577,0,0.2471656387206167,0.11471732659265399,0.985351346898824,0.47550164023414254,0.0034180209040641785,0.0017853055614978075,0.0003280690871179104,7.629510946571827e-05,0.6044548903425924,0.014834971803346059,0.0069886320270597935,0.002243076218292117,0.0069886320270597935,0.0023498893715441227,0.004051895716731421,0.0018806119113549834,0.003864122929014996,0.0018647123146436962,0.0036926832981407642,0.0018463416490703821,0.0028381780721247196,0.001541161211207509,0.0028381780721247196,0.001541161211207509,0.0009989997307623863,0.00013537601289042211,0.0007032561648598479,0.00012454319774364325,0.004150453954935074,0.001937895780429244,497.52063490427827,497.84189076439253,544.7129539536521,544.1887555355883,0.0,0.0,497.82745098039214,544.1921568627452,491.0,493.0,552.0,538.0,0.0,0.0,42
1,43,1279,3300,490,581,415,537,451.5574667709148,557.608287724785,2.479350866449312,1443,0.9766213787518235,40.35434769286047,1,0.3875757575757576,0.40333137739076996,88.69971867231304,80.52949770115296,8.94427190999916,4.108511775535805,4.0,18.335757415498275,19.067485907992456,-64.00000754870877,199.62236636408616,0.8863478863478863,0.25072406330846086,0.004688325231309703,0.09183408559026857,0.07237838322627765,0.0011094584506620743,0.005597841149451926,0.038905599550977915,0.049090465142819874,0.036393411538269395,0.0031165029405483898,0.0037046818393214054,0.004859471919765522,0.02754808305227644,0.02336207750548128,0.028330316278619812,0.02124598991406139,0.0027126075294467253,0.0005305922389178401,0.004813048402330088,0.0037990383592865994,0.01389364490258763,0.015678736539033837,0.013490863661884584,0.016192246812770827,0.013228744283609798,0.00133624033794822,0.0017482857929894422,0.0019122573528213634,0.003953250606726126,0.002861251662589314,1,0.7154802905861288,0.3096208132337779,6.599221897544339,2.4223392074927688,0.00395208690315485,0.0018158236052840948,0.001083390787243843,7.629510946571827e-05,0.7484707415574765,0.027592332667373095,0.006622415501624346,0.0024872205685824156,0.008636606857180595,0.0024872205685824156,0.004362684698695908,0.0018879317880108406,0.0051596731020675055,0.001893932140338365,0.004867628216743469,0.001892118714749813,0.0028839551378041506,0.001495384145528078,0.0028534370940178633,0.0014190890360623598,0.0008093929322193319,0.00012640691024845744,0.0013983212006318136,0.00011920497789207223,0.006317235063761473,0.0019684138242155313,450.81730485061894,451.5399438103157,557.4970726956228,557.6296016327765,0.0,0.0,451.5574667709148,557.608287724785,444.0,488.0,560.0,541.0,0.0,0.0,43
1,44,946,1653,532,572,475,543,502.5496828752643,557.6131078224101,1.7842594926965862,1014,0.9522972042172814,34.70568554746418,1,0.5722928009679371,0.5604565950710905,63.57730864149107,57.97413216254298,9.055385138137417,4.237505675191569,4.0,18.453887014554574,19.402023313540425,-71.92926917958418,145.63961030678928,0.9329388560157791,0.3583709042902302,0.00574026047882344,0.12262224303197373,0.09780433182269402,0.003130299393365169,0.00451588650079103,0.04377899234882289,0.056978767607306906,0.044328768692834634,0.004000332974945813,0.002141288154237954,0.0038399196642408583,0.023685040980872825,0.019838561351433404,0.02480099055468404,0.022376039222066806,0.0026991729924758447,0.001407937483794153,0.0031292453167952824,0.002646345643763074,0.006727500446270953,0.006390687215715081,0.005742622370669634,0.007623165970213874,0.011521043478243582,0.0008271567739412896,0.0013479049191702124,0.001211813856446875,0.0022552993774118154,0.0014283445261906234,1,0.5525444513186812,0.23942931252531707,5.4373541586101055,1.7929655904881656,0.0036316472105681896,0.0018158236052840948,0.0018616006709635258,7.629510946571827e-05,3.8888933025877144,0.03382424110515105,0.0076752882450819016,0.0024414435029029846,0.011490043252706528,0.0024872205685824156,0.0043507437111707185,0.0018852701773647014,0.005747731668721042,0.0018953124635181454,0.00555428396910429,0.001892118714749813,0.002471961546689272,0.00158693827688694,0.002471961546689272,0.00158693827688694,0.0012087896806658135,0.0001312170909815952,0.002168871857062076,0.0001247511723552243,0.007354848552495241,0.0019684138242155313,498.8040421856529,502.5165018467771,558.6588931460972,557.6065428673554,0.0,0.0,502.5496828752643,557.6131078224101,489.0,521.0,562.0,552.0,0.0,0.0,44
1,45,936,1961,477,600,424,563,450.27777777777777,581.7489316239316,1.749227771653139,1044,0.9455597113938282,34.52176435050956,1,0.47730749617542073,0.5716808389423935,61.843467961225905,57.30619512757761,9.219544457292887,4.245207433978513,4.123105625617661,20.28069561888823,20.126873957595166,-58.793383952220175,143.4386001800126,0.896551724137931,0.36212111290579846,0.02242817253702177,0.127199093917694,0.09270917646521447,0.025696201902044698,0.007849030817849616,0.031872216764901075,0.059162720060278375,0.03923418083168343,0.020036722688069428,0.008937874503847578,0.004073663724919515,0.018694767173528113,0.013387522723381179,0.02507217767661747,0.01899315964769275,0.01016986932254179,0.006292831453707862,0.0033319980834405024,0.0027253627630454426,0.003245543185975173,0.004258114670796282,0.0017158893932607833,0.007879561643352476,0.009919657726745506,0.0005325479200568912,0.002467083068727068,0.0035325338761759808,0.002808440449884347,0.001822669688650231,1,0.6042572767473757,0.22159151593223214,6.413702690741047,1.772610055282712,0.004699778743088245,0.0018005645833909512,0.001892118714749813,9.155413135886192e-05,2.6766488608754506,0.05948239804109386,0.008163576945662498,0.00221255817450583,0.012893873266875744,0.002334630349650979,0.005077792241574586,0.001862113579262455,0.006852246464466931,0.001893814161626829,0.006698710843920708,0.001892118714749813,0.003036545356735587,0.0014496070798486471,0.0029755092691630125,0.0014496070798486471,0.0011988938154688055,0.00012781827631199767,0.002338957691334076,0.00013011381169667028,0.008545052260160446,0.001983672846108675,452.45096853429135,450.3337149645341,580.186340487316,581.7287032573514,0.0,0.0,450.27777777777777,581.7489316239316,456.0,457.0,579.0,575.0,0.0,0.0,45
1,46,213,459,491,588,464,571,476.7887323943662,578.6384976525821,1.766863221379576,240,0.9414661997084987,16.46815177937675,1,0.46405228758169936,0.5659747669766959,29.31523793802033,27.85677655436824,5.0,2.2428633253334134,2.0,10.622326858705444,9.882383453469497,-60.05260997610709,68.76955262170047,0.8875,0.34948456575849185,0.03457101653757441,0.12713450444028956,0.08326406877888416,0.03836952288805334,0.010930355522063851,0.039243308360027825,0.04493164364565086,0.04065909656260959,0.023515635490932153,0.017251061807481347,0.00540221179100328,0.00600220897671903,0.017815374976336423,0.017997975740000498,0.024783872588048098,0.006292653749537267,0.013769536826069507,0.003861758292640241,0.003933541581780431,0.007524083952765888,0.0018063866938566573,0.0076061556761641835,0.009583075574028004,0.015705818786257802,0.0035622370297956085,0.004957702796112126,0.0014225865877793597,0.002501127629395981,0.002773056173167599,0,0.38690776471048594,0.1101396200247109,1.3037918917834759,0.40395208657719195,0.0049897003918886185,0.0018158236052840948,0.0006942856125533581,9.155413135886192e-05,0.6850501258576402,0.03968914429271185,0.011490043252706528,0.0022583352401852608,0.011490043252706528,0.0022735942620784044,0.006670823529491137,0.0018989589659432914,0.006121088693819135,0.001896488669376488,0.005523766158148646,0.001892118714749813,0.004165713209658861,0.0015259021893143654,0.004043641034513712,0.0015259021893143654,0.002148598370422919,0.0001598163843440483,0.0016233666789950629,0.0001359814619179462,0.006923781242221594,0.001983672846108675,476.6295468353749,476.81705889019,579.3047961087909,578.6106976919881,0.0,0.0,476.7887323943662,578.6384976525821,477.0,470.0,583.0,580.0,0.0,0.0,46
1,47,962,2160,506,612,452,572,478.7525987525988,591.8939708939708,1.7957470653142003,1032,0.9528014508954668,34.997949111844065,1,0.44537037037037036,0.5568712984782358,64.1881231570598,59.36328831862332,9.055385138137417,4.261054145043034,4.123105625617661,18.065917039845115,19.487137342881766,-60.13892773426939,147.33809511662426,0.9321705426356589,0.34685299743069137,0.013271796165473205,0.12537167603877225,0.09109239481650169,0.010165636251165048,0.011465822368743666,0.04090621548821863,0.05898390761204732,0.039571532340790215,0.006002174513571235,0.008666085518856592,0.008342394515022127,0.025264378845563644,0.018137877114755934,0.026648022178361572,0.01911791482465501,0.0035410770541476873,0.0027548708224875034,0.00560392622124678,0.005642079554306856,0.004948783567137589,0.008705229168053679,0.004964354296832226,0.009799951574603052,0.00947692878057468,0.0002606390466598207,0.0013545060791010249,0.0010524081933159515,0.002929026451578709,0.0034839599712517292,1,0.6777142079081386,0.22510109096765518,8.176653794478625,1.8384527347516268,0.004890516633167863,0.0018158236052840948,0.0031280992552638054,9.155413135886192e-05,0.8010853856787482,0.08045907046195112,0.01268024742603302,0.0022278171963989735,0.01890592835843563,0.0024109254591166973,0.005647618399234488,0.0018758424247304597,0.008499640119000649,0.001911073528847845,0.007568474858999252,0.0019073777366429567,0.003128099488094449,0.0015716792549937963,0.003036545356735587,0.001541161211207509,0.0025930635512911456,0.00011615469309484656,0.0040068684959378275,0.00013021391159321328,0.011718928813934326,0.001983672846108675,478.49960344517535,478.67451009686016,591.1338846031,591.913357071122,0.0,0.0,478.7525987525988,591.8939708939708,480.0,468.0,587.0,606.0,0.0,0.0,47
1,48,1183,1776,711,648,687,574,698.7210481825866,611.1817413355875,2.2490995913855034,1335,0.9707889391600328,38.810338589372,1,0.6661036036036037,0.44462237414038835,80.90719439219032,73.43704787094863,9.219544457292887,4.2231479659698925,4.0,19.374337756518276,19.412472977152333,-5.442320929013371,182.8528137423857,0.8861423220973783,0.2792958244801961,0.01102400583032881,0.09916410326553807,0.07970364201201156,0.008653581206177983,0.008856235799572284,0.03481354284545272,0.05527991953241893,0.0374536097413603,0.004874548473150946,0.008999171654853406,0.006597743306800902,0.026686029389033382,0.022232800071951785,0.02927658055516804,0.02020112130446333,0.0037477644541644246,0.003989908844134244,0.007466223658201055,0.004503069761148917,0.012058842469968613,0.01478110340206008,0.010723860316179383,0.014399610236295171,0.01163341917631769,0.0023537919923616235,0.0028882402006199836,0.002614794912895142,0.005065685695653685,0.002826616053918943,1,0.8238803816493601,0.2976729990914464,9.334157429169863,2.2475623707287014,0.004379339516162872,0.001812008849810809,0.0030365451239049435,9.155413135886192e-05,1.5311261804920149,0.0696244835027012,0.011490043252706528,0.0023498893715441227,0.016449226066470146,0.0023651483934372663,0.005214432795249115,0.0018840063233635847,0.007890242966331246,0.0018998836608019453,0.007263294421136379,0.001892118714749813,0.002731364918872714,0.0016174563206732273,0.002731364918872714,0.0015564202331006527,0.001856993910422701,0.00012908578265783492,0.003625926053390831,0.00013168646802040346,0.010822461219504476,0.001983672846108675,698.3329202879122,698.7271036158975,612.6628571710182,611.1123806808152,0.0,0.0,698.7210481825866,611.1817413355875,700.0,706.0,607.0,591.0,0.0,0.0,48
1,49,2253,4192,954,760,922,629,937.3138038171327,694.1318242343542,3.2072810732904413,2673,0.9898189742927186,53.559394080668255,1,0.5374522900763359,0.3117905718734128,145.8299127001896,130.98091464026353,9.486832980505138,4.594707804846999,4.47213595499958,21.452202473706954,20.756263086344948,-7.548796683102601,301.3380951166243,0.8428731762065096,0.16720731489206814,0.004318257028022577,0.06125076032303061,0.05066546492636598,0.005793111938582094,0.0023736709262998433,0.027805055508905573,0.035705136325668595,0.027214957444616376,0.005315894057472036,0.004735075554347644,0.001354692927301306,0.02138432559774105,0.019213015074205246,0.023274815362930686,0.01731990010894467,0.004349839126766814,0.005394709113443656,0.0031382850078210322,0.0008537121091157754,0.012120133191733402,0.01573836444534639,0.012933257321486981,0.01615841751719546,0.01191607792702473,0.0034816833373992034,0.004937378031846215,0.003945860399633843,0.0020634877887842026,0.0005734417028200171,1,1.1987029989250004,0.5063248644582927,12.96835295134224,4.17009231611155,0.0034637979697436094,0.0017700465396046638,0.0019073779694736004,7.629510946571827e-05,2.099634270558147,0.03886193343215406,0.008377202786505222,0.00221255817450583,0.012283512391149998,0.00238040741533041,0.004374828463229928,0.0018479009651762507,0.005756037705877603,0.0018509064873997113,0.005188067443668842,0.0018463416490703821,0.00254825665615499,0.0015716792549937963,0.002471961546689272,0.0014648661017417908,0.00142836110993662,0.00012269410388782154,0.0024532089113927513,0.00012039384887865617,0.0077821011655032635,0.0019226367585361004,936.8772816467903,937.3255368897899,692.0780685368815,694.0947758217552,0.0,0.0,937.3138038171327,694.1318242343542,935.0,946.0,670.0,654.0,0.0,0.0,49
1,50,1895,6600,532,760,466,660,504.1023746701847,708.3757255936675,3.2112799261588822,2583,0.9801241347531687,49.120147976905905,1,0.2871212121212121,0.3114023140287658,126.1315189456491,111.30588483993108,10.0,4.30504619182861,4.123105625617661,28.049560140044512,25.022624353788135,30.284929151701835,276.5340546095176,0.7336430507162215,0.19475251733579252,0.02171411142933358,0.059944764204839254,0.0582190920588714,0.02855193083666353,0.008880885912552264,0.013770253807495934,0.03428744294939864,0.030710545985939985,0.025105127825142272,0.017396486689323355,0.0041866710898563215,0.0026882020263227727,0.010162937765144216,0.021116769962859782,0.019259989642476327,0.018318380999922286,0.017724322819354876,0.010140700508263186,0.0020089275162624392,0.005067430719003966,0.0011369046572616158,0.006662649517661622,0.013768224710053316,0.013067768102040262,0.011850088624115818,0.012678456769320709,0.011241023420002426,0.005803561438507237,0.0009177616596785374,1,1.0283512799069285,0.4196688791271299,11.483055042801425,3.6079194315243512,0.0041962312534451485,0.0018158236052840948,0.001693751197308302,9.155413135886192e-05,1.4711107707803943,0.03982842051652177,0.0073853665962815285,0.0021820401307195425,0.011139086447656155,0.0023956664372235537,0.004550226902243047,0.001856941943040398,0.006059659653193364,0.001903915267295172,0.005813687574118376,0.001892118714749813,0.0027161058969795704,0.0014343480579555035,0.0027161058969795704,0.0014343480579555035,0.0009629257372360314,0.0001195303947567153,0.0020020838972422887,0.00013118087101067168,0.0076791029423475266,0.001983672846108675,505.51704623718587,504.1199602444543,708.7792987065288,708.4114614392354,0.0,0.0,504.1023746701847,708.3757255936675,512.0,521.0,718.0,752.0,0.0,0.0,50
1,51,938,2392,139,726,93,674,117.32409381663113,698.0405117270789,2.001063108993998,1093,0.9566929018304061,34.558626896356614,1,0.39214046822742477,0.49973436395153664,66.09590957992891,60.0,8.54400374531753,4.0070372247933275,3.605551275463989,20.12297152916267,19.240460424354133,39.354343913441454,153.58073580374355,0.8581884720951509,0.33174963693377296,0.033616216811565576,0.10658744080173066,0.08871249832783965,0.03872936441338547,0.0165905262496707,0.029885295205611968,0.04687157777152146,0.04067506034965504,0.028565742785018073,0.01994825525764019,0.009729365777536452,0.014487917269987733,0.009953720856062807,0.022743468941466685,0.020473454282471996,0.014680069041781067,0.013943794609371642,0.00872530980339865,0.006011580983053316,0.0002564740224310965,0.003902967951086468,0.0033294473328466952,0.00964059826065157,0.010140539900703224,0.0043234086832572545,0.004169199299620186,0.004355112574052609,0.002029589747724463,0.00378047633415973,1,0.6739147137850523,0.2349279010668397,7.418631374835968,1.7853360795415938,0.005462729837745428,0.0018158236052840948,0.002319370862096548,9.155413135886192e-05,0.8438277913037672,0.018403529677376074,0.008453498594462872,0.00221255817450583,0.014709697104990482,0.0023956664372235537,0.005391317710280418,0.0018794232085347176,0.007908988672533014,0.00190334336838123,0.007644770201295614,0.001892118714749813,0.0028076600283384323,0.0016021972987800837,0.0028076600283384323,0.0014343480579555035,0.0014216005929336747,0.00012520190280957547,0.002863685945108833,0.00012868521701929334,0.010162508580833673,0.001983672846108675,117.32027232469092,117.3059434881455,697.1966925891257,698.0374694449667,0.0,0.0,117.32409381663113,698.0405117270789,114.0,124.0,691.0,712.0,0.0,0.0,51
1,52,998,2232,105,758,69,696,84.77254509018036,725.8607214428857,2.1888009662973262,1169,0.9626438175990214,35.64678198162763,1,0.44713261648745517,0.45687114333271006,70.68768151444125,64.62197768561404,8.54400374531753,3.9612576059728477,3.605551275463989,20.04734019905393,19.14016716236338,-23.76406905683698,165.68124086713186,0.853721129170231,0.3036749488879843,0.007392636929896419,0.10914406341670624,0.08367322986863432,0.0034416731368589427,0.013546301064476386,0.04173866363139866,0.055013384535837255,0.037761907996664255,0.006806230278423452,0.007222246201415118,0.011940658560512855,0.028460529405490525,0.02158384969844001,0.027904696781491066,0.018592648227854492,0.0038799004886909978,0.002694366458077021,0.009378618454226297,0.00836514708830693,0.00927007061453697,0.01335357471377577,0.010337760307816893,0.011774351819384545,0.009422196392384634,0.0027921554081572725,0.00029572876659800907,0.0017256002945455584,0.007396509195531292,0.004965305445000837,1,0.7168536006938666,0.26280613406561315,7.413565372815356,1.8934767676983029,0.004776074085384607,0.0018005645833909512,0.0024261847138404846,9.155413135886192e-05,0.743200563880824,0.07582923239111639,0.008224613033235073,0.002288853283971548,0.014312963001430035,0.002471961546689272,0.005120382862099047,0.0018771866718972367,0.007428422217249856,0.0018972713103189408,0.0069733732379972935,0.001892118714749813,0.0029297322034835815,0.001541161211207509,0.002685587853193283,0.0014496070798486471,0.0013581867084795246,0.0001301109548563566,0.002878988475539739,0.00013201559109262063,0.009887846186757088,0.001983672846108675,84.32849370433641,84.80016762162641,725.2647638564059,725.7901022653095,0.0,0.0,84.77254509018036,725.8607214428857,81.0,87.0,728.0,705.0,0.0,0.0,52
1,53,1240,2940,305,770,235,728,271.1,746.6959677419355,2.2159968824565617,1477,0.9667409410331975,39.734330691124036,1,0.4217687074829932,0.45126417275977465,81.90210497956672,74.84650960465692,9.219544457292887,4.300469021751858,4.123105625617661,21.894070437589953,20.94708628046682,65.53202533794025,185.82337649086284,0.8395396073121192,0.28183095956294213,0.02431280761510262,0.09786364310172735,0.07678751056392608,0.03198345201142434,0.010054926348436372,0.028124308640941616,0.04845161991505942,0.036777549751180784,0.026526576742361672,0.016992834803004217,0.005038206988607304,0.016918135317335083,0.012667632831814444,0.026718715674358334,0.02035689672048794,0.017737144757392596,0.0143521564152294,0.008734267611346621,0.002555379564322634,0.003069062670412759,0.005111718159933082,0.006884051839972141,0.0138342315504102,0.012086286735132937,0.008766150316180351,0.009079772933662711,0.005873582726708748,0.004260995491154248,0.001113885052729091,1,0.7888761835638434,0.2937514304649085,8.747661667410284,2.3454337371513247,0.003936827648431063,0.0018005645833909512,0.002136263297870755,9.155413135886192e-05,1.1940895407854182,0.05508790051150616,0.010467689484357834,0.002563515678048134,0.017105363309383392,0.002563515678048134,0.00505689861258874,0.0018830219901596697,0.0070545658608147455,0.0018914788202833263,0.0057831695303320885,0.001892118714749813,0.002517738612368703,0.001541161211207509,0.002517738612368703,0.0014801251236349344,0.001867755059962846,0.0001528030985713162,0.0036627734521975665,0.0001343885745621566,0.00939955748617649,0.0019684138242155313,271.2031980748119,271.05143518879953,745.5063459580192,746.6699651286856,0.0,0.0,271.1,746.6959677419355,273.0,288.0,744.0,744.0,0.0,0.0,53
1,54,1268,2156,459,809,431,732,443.4353312302839,770.5007886435332,2.285956788730986,1417,0.9730133219417061,40.180439802523146,1,0.588126159554731,0.437453588331009,85.1069328255122,76.94153624668537,9.0,4.275868228763206,4.061552812808831,18.850771238667132,19.638334907335565,9.565712954548172,190.8528137423857,0.89484827099506,0.27228399723559393,0.005350286999695916,0.09721675688413293,0.07849967499177411,0.006490464212394277,0.0031067481029344577,0.039259903900261066,0.05188625054911953,0.03876142876602437,0.0053189083029779715,0.0037875011415568764,0.0015943610808305806,0.02898937361503491,0.021690094764026096,0.02979805945496117,0.021766256054041307,0.003719275600156803,0.003797911196639732,0.0019463121957105118,0.0006800140665581372,0.011712103433958562,0.015585890846522206,0.01148549288844044,0.016458030457734554,0.012770760716536642,0.002321009460529328,0.0026510351119592643,0.0020805477860400545,0.0009235200249972336,0.00017218811964700876,1,0.8519417245406657,0.3138628213200718,9.519356196047738,2.416403447976336,0.00474555604159832,0.0018158236052840948,0.0025177383795380592,9.155413135886192e-05,1.3847356564408484,0.046927584557810695,0.0077821011655032635,0.002288853283971548,0.013931486755609512,0.0024872205685824156,0.005132179063497986,0.001890739887470312,0.00750737870350768,0.0019056809526627255,0.007110704202204943,0.0019073777366429567,0.0031128404662013054,0.0015259021893143654,0.0027618829626590014,0.0015259021893143654,0.001263753232425562,0.00013385360308733232,0.0029829237849057417,0.00012891519973768,0.009918364696204662,0.001983672846108675,443.00661375575834,443.43006081119483,769.1840904376959,770.4541579575522,0.0,0.0,443.4353312302839,770.5007886435332,444.0,437.0,780.0,753.0,0.0,0.0,54
1,55,939,1475,478,800,453,741,466.01064962726304,769.7838125665602,1.8741694386245606,1051,0.9491796812972222,34.57704343211429,1,0.6366101694915254,0.5335696865988236,62.898614112440946,58.855755878248644,9.0,4.2204997904880095,4.0,20.069995768297474,19.796376565841932,10.062958278966939,148.71067811865476,0.8934348239771646,0.34514201284824414,0.023717629254302434,0.1252652600008459,0.08717059816217046,0.030139163462792145,0.008359210622572324,0.03443198458964931,0.05485936088793835,0.039157714789163245,0.023363065058277118,0.010981784036976855,0.004438506758347068,0.017031601193083227,0.013042685603775377,0.026218476082658884,0.020219372982197725,0.011878128372148333,0.007606227038861544,0.003860421875978956,0.0027389600032486886,0.001923430407834013,0.0037606298188797363,0.004520999029919235,0.010464967754723288,0.011186521133570758,0.0013065460562590805,0.0020325281222851746,0.0014223255948324787,0.0008374390815576209,0.0018538635464172078,0,0.46210422390140593,0.23836118099279702,3.7912718961015344,1.7673304337076843,0.0034637979697436094,0.0017853055614978075,0.0005188069771975279,9.155413135886192e-05,0.2559592832994479,0.012743994566271847,0.005050736479461193,0.002243076218292117,0.0060883499681949615,0.0022735942620784044,0.003610189249229734,0.0018621967265062267,0.004037563254634222,0.0018821410369623901,0.003921568859368563,0.0018768596928566694,0.0025787746999412775,0.0014648661017417908,0.0025787746999412775,0.0014648661017417908,0.000471301618353689,0.00013198726404430093,0.0007036398910246293,0.00012710602948820565,0.004562447778880596,0.0019684138242155313,465.99881269352267,466.0171038317418,769.5281271314905,769.7728238158554,0.0,0.0,466.01064962726304,769.7838125665602,469.0,461.0,767.0,747.0,0.0,0.0,55
1,56,751,980,926,792,906,743,915.1344873501997,767.404793608522,1.5855759552325892,802,0.9285523790509648,30.922530590107066,1,0.7663265306122449,0.6306856487700139,51.19017032026236,48.041648597857254,9.0,4.159529931981251,4.0,17.835541970376152,19.0018628889015,3.935926999298023,122.32590180780451,0.9364089775561097,0.4130167613528157,0.00996491719230733,0.14745274682971063,0.10019496285883808,0.006666245397696176,0.0057824262449331625,0.03552441116086297,0.06200708018106026,0.039020174497850134,0.002969653904842966,0.004690337626711532,0.002814003830796926,0.01816360529032106,0.010177494028739097,0.020685564158316225,0.01714061778726563,0.0008575033124094724,0.0021849196754407498,0.00268834632638384,0.0013390021147276993,0.0010443464684339908,0.001637910301532524,0.004861448868725191,0.002710832399865445,0.008177768137563057,0.0015320449066722431,0.0014492203705716742,0.0009895396657437624,0.0030210692071217563,0.0006965294584245883,1,0.5706111299805343,0.1994201571214944,6.928191108861938,1.4106660559773445,0.004318303428590298,0.0017853055614978075,0.0028763257432729006,7.629510946571827e-05,0.6767437722986578,0.06779842217928775,0.01428244449198246,0.002639810787513852,0.02867170237004757,0.002639810787513852,0.005332814298883499,0.0018637397861821909,0.009225287761467294,0.0018783835632188342,0.0065842680633068085,0.0018768596928566694,0.0030060273129493,0.001632715342566371,0.002914473181590438,0.0015259021893143654,0.00262430584399044,0.00013451268735873394,0.006076468608746545,0.00012420413284196642,0.013099870644509792,0.0019531548023223877,914.4835597838811,915.144481221876,767.2196573431618,767.3377358082381,0.0,0.0,915.1344873501997,767.404793608522,914.0,923.0,767.0,766.0,0.0,0.0,56
1,57,1446,3072,566,846,534,750,553.4495159059475,796.8409405255878,2.945209233830605,1910,0.9805903508477474,42.90809226343028,1,0.470703125,0.33953445090194073,107.4177919330501,96.6902270139025,8.06225774829855,3.9191727598488666,4.0,23.816862923289225,21.06116511237407,10.410359897784337,231.3380951166243,0.7570680628272252,0.19693062163729227,0.010332791129889772,0.06964815636110913,0.05789232976328039,0.01908328501654515,0.00019707050076532995,0.027219224339655717,0.03773597859426766,0.030817645188218012,0.02026533500437899,0.007210091662186794,0.002677642189445504,0.01704285950032862,0.01595199366897279,0.02476154080425093,0.019093239858301244,0.016695357772451496,0.012046356305851285,0.0014778095421321073,0.003265298157095446,0.004999289007572273,0.009438713188079567,0.011691702295450376,0.01662474488127948,0.012619009907931699,0.012700508055703014,0.01073219342815978,0.006310442582970378,0.0010775321603443367,0.003176090977547141,1,1.177706585964188,0.3903410390485078,12.336492112837732,2.7939726857002825,0.0041199359111487865,0.0018310826271772385,0.0023041125386953354,9.155413135886192e-05,2.9870732003636373,0.12358125604838818,0.012100404128432274,0.0023193713277578354,0.023239489644765854,0.0026245517656207085,0.005773071499824451,0.001913436465924058,0.008531460658947256,0.001932207943084566,0.006149386055767536,0.0019226367585361004,0.003219653619453311,0.0016479743644595146,0.0030518043786287308,0.0015716792549937963,0.0021248625701265965,0.00012135403990311395,0.005308729964283525,0.00013627072331911234,0.01223010616376996,0.0020141908898949623,554.314848250034,553.4312927696433,793.9819536003627,796.7187102341305,0.0,0.0,553.4495159059475,796.8409405255878,556.0,554.0,804.0,818.0,0.0,0.0,57
1,58,764,1334,258,780,212,751,234.8586387434555,764.598167539267,1.5324738152041357,807,0.9172164954362693,31.18902069924069,1,0.5727136431784108,0.6525396976305226,49.75229872642697,47.12748667179272,9.433981132056603,4.244249226303959,4.123105625617661,18.36531163723738,19.820775104869146,-67.07101013787388,121.29646455628165,0.9467162329615861,0.43798064483460797,0.012963405129026292,0.1544135990363737,0.10229486168723718,0.011505905917161654,0.007543392110562139,0.03374043974949895,0.05912791114924186,0.03861710274051412,0.004976085984941517,0.005823323559232181,0.0038248380859154402,0.012603653578597654,0.006298449755518788,0.01652623760601191,0.016880746211096614,0.0005614974076868777,0.0012498629193725824,0.0013172327952313434,0.0014246115109458814,0.0041322572271743074,0.004975494517461296,0.007428691988762746,0.0019170202331907043,0.008767614014476026,0.003288576680343269,0.002603773379529443,0.0037565781648952012,0.0012024632577304366,0.00015987544442084151,1,0.6319981808774173,0.19468986033461988,6.924315337557346,1.4837109937798232,0.007064927369356155,0.0018463416490703821,0.0020141908898949623,9.155413135886192e-05,0.50171677459035,0.03252853904706161,0.008972304873168468,0.0023193713277578354,0.013992522843182087,0.0023498893715441227,0.006257407731459577,0.0019276223795506918,0.009063239970624798,0.001942030096570449,0.009277485311031342,0.001937895780429244,0.003936827648431063,0.001678492408245802,0.003936827648431063,0.0015716792549937963,0.001411293028963618,0.00013727426036976029,0.002444690603300669,0.00012736130629287438,0.011169604025781155,0.002029449911788106,234.61427770043719,234.82612228107163,764.1599810463666,764.5990538386384,0.0,0.0,234.8586387434555,764.598167539267,224.0,226.0,768.0,766.0,0.0,0.0,58
1,59,790,1568,548,811,516,762,531.2367088607594,785.7303797468354,1.711992804509469,852,0.937723927819475,31.71528401797434,1,0.5038265306122449,0.5841146045508797,54.2445085026424,50.59644256269407,8.94427190999916,4.070768712395547,3.802775637731995,18.17469635589178,18.84353315986783,25.372310662568793,130.36753236814712,0.9272300469483568,0.39291376575811654,0.005572379351254298,0.1396988729979076,0.09922514154048008,0.005003421944932162,0.00612943736608279,0.043037132457532996,0.05791686224313057,0.042156474105699185,0.002314319204441079,0.002373380983748007,0.004771119957022497,0.019771777374533797,0.013871175988848418,0.022731673765839764,0.019772730089143094,0.002383067982353511,0.0035258259252300517,0.0033850640552436184,0.002378110845008221,0.0006981290275384588,0.0021576109733156463,0.0022954440204850496,0.006026686491497709,0.009440963526132341,0.0009347032892967575,0.0026482454252272805,0.0011305977854491978,0.001394240504706356,0.000884636321322402,1,0.7038071397691965,0.2041657129302621,7.991195641923696,1.510978865902871,0.00600442523136735,0.0018158236052840948,0.0034485384821891785,9.155413135886192e-05,0.206771050889169,0.025717752327400985,0.010910200886428356,0.0022278171963989735,0.021316854283213615,0.0023193713277578354,0.006516732775640709,0.001890423267872797,0.0101154375214224,0.0019126314758264188,0.009170671924948692,0.0019073777366429567,0.003875791560858488,0.0016174563206732273,0.003875791560858488,0.0015716792549937963,0.0017913365743611543,0.0001328845360184061,0.004549805748479416,0.00013406933929883348,0.013412680476903915,0.0019989318680018187,531.3198893356862,531.2238189493244,785.5410776705743,785.7081254670679,0.0,0.0,531.2367088607594,785.7303797468354,534.0,529.0,788.0,773.0,0.0,0.0,59
1,60,853,1716,529,821,496,769,511.6541617819461,794.3094958968347,1.8508539876563708,920,0.9467657990423398,32.9556267071208,1,0.4970862470862471,0.5402911340760284,58.46172239578271,55.154328932550705,8.94427190999916,4.072232817805259,4.0,18.03676358896826,18.820182487089294,26.67031195122856,140.8528137423857,0.9271739130434783,0.35618897191637855,0.0031727405885316577,0.13645694999886288,0.08904323589759668,0.0032417826502584954,0.0024358363240153395,0.042222443522748475,0.060339871948508254,0.03891453403391042,0.002694681722032179,0.00048534551538037855,0.002579639618213662,0.02214091443841473,0.018072131017431253,0.02642750057276653,0.020002779428700077,0.0022639688301109794,0.0012666993199501072,0.0010402273117514744,0.0022052320739223215,0.0034878801003027137,0.005403990405267098,0.0033085251378735395,0.010218971492585228,0.011127934840862436,0.0006178787655285411,0.0013524557951784674,0.0009461707779899212,0.0010176699234018894,0.0016831680143566611,1,0.7730983572546393,0.21896696416661143,8.289356937864795,1.6099641409236938,0.006137941614724696,0.0018005645833909512,0.0032730596140027046,9.155413135886192e-05,3.4220009811611085,0.05416786864802244,0.010360876098275185,0.0023041123058646917,0.020965896546840668,0.0024109254591166973,0.006664641010815856,0.001887646242815616,0.009717886210861424,0.0018874139987382107,0.009071488864719868,0.0018768596928566694,0.0033264667727053165,0.00158693827688694,0.0033264667727053165,0.0015716792549937963,0.0019495910359641703,0.00014042442059681806,0.004248901450766307,0.00013099027717530868,0.012764171697199345,0.0019684138242155313,513.3367627160694,511.6640381389265,797.2892517276965,794.3627557838668,0.0,0.0,511.6541617819461,794.3094958968347,516.0,516.0,799.0,808.0,0.0,0.0,60
1,61,1213,1825,590,843,565,770,576.487221764221,804.2588623248145,2.2075512272828486,1462,0.9527258069367817,39.299358363257696,1,0.6646575342465754,0.45299062039472765,77.31373892913635,72.69112738154499,9.219544457292887,4.291347562831989,4.0,24.0,23.490343722724457,-2.7632786358653907,183.4386001800126,0.8296853625170999,0.2918041424440353,0.03870695187589424,0.10193356425843965,0.07121915310475103,0.04737767139878537,0.012447110713150954,0.01449941813502539,0.044856099554894446,0.03208645295829683,0.03544151536025008,0.022309585250761377,0.004347066539605877,0.0007392369217930382,0.007583403768636709,0.020598215848645553,0.018400000449349578,0.017209846114331313,0.021056928142794154,0.005629561208099777,0.0025201610876438144,0.001954415550582576,0.004176080318311845,0.001985867891216023,0.011713785686349868,0.011615838283472462,0.006304628425465138,0.008204467654231643,0.006365355707281371,0.0016080607330608615,0.0017885444032673162,1,0.9229877330362797,0.3018234530463815,10.457786053884774,2.3227588306181133,0.004837110172957182,0.0018310826271772385,0.0031204698607325554,8.39246204122901e-05,3.15224393815825,0.03670237661422854,0.010803387500345707,0.00221255817450583,0.018295567482709885,0.00238040741533041,0.005804954295825658,0.0018982607109835313,0.008621422962806904,0.0019148877416472491,0.00759136350825429,0.0019073777366429567,0.0035400930792093277,0.001632715342566371,0.002868696115911007,0.0013885709922760725,0.0016657284290637398,0.00011663840635870565,0.004128401523547691,0.0001305571805289717,0.01203173864632845,0.0019989318680018187,577.4639141058705,576.5151357885194,801.2617447236152,804.2826923834925,0.0,0.0,576.487221764221,804.2588623248145,580.0,574.0,796.0,836.0,0.0,0.0,61
1,62,1446,2728,623,877,592,789,608.4585062240664,832.1957123098202,2.5855283665950544,1769,0.976859695215491,42.90809226343028,1,0.5300586510263929,0.38676814105773066,98.37824760852858,87.82368700982668,9.219544457292887,4.2492784824333345,4.0,21.833820113246755,21.041250327450282,9.594034516381054,216.75230867899734,0.8174109666478236,0.23870146268469405,0.013466227485906972,0.08056981612450828,0.07069859823640487,0.02055080998608437,0.0039492754450234065,0.027335665722814387,0.04592941890227984,0.03610110670129012,0.020160366341563908,0.009571112526941926,0.0013406554289460935,0.015595703049952883,0.019529678223014803,0.026889649327073713,0.021655454605357213,0.016040784273382045,0.012057103997895932,0.003609626914814684,0.0005134837022969936,0.005301891526216191,0.01020425150458494,0.011726048001398115,0.016107589928571316,0.01388731403602131,0.011240831783688093,0.010200370761439039,0.005267407589081838,0.001125615618655967,0.00017701149399800792,1,1.0412756712175906,0.3564965284895152,11.193881282117218,2.7655909049790353,0.004890516633167863,0.0018310826271772385,0.0027924012392759323,9.155413135886192e-05,4.3365305594441805,0.061113775818412916,0.010055695660412312,0.002426184481009841,0.014831769280135632,0.002426184481009841,0.005509395085807357,0.0018862250184630432,0.00774127336246004,0.0019125801555871613,0.007553216069936752,0.0019073777366429567,0.0030212863348424435,0.00158693827688694,0.002914473181590438,0.0014496070798486471,0.001638450122775006,0.00012309126597737484,0.0030692245400478343,0.00012700155467157813,0.01041428279131651,0.0019989318680018187,607.8779006317337,608.4568783346116,827.8982253186654,832.2568044007216,0.0,0.0,608.4585062240664,832.1957123098202,604.0,619.0,812.0,865.0,0.0,0.0,62
1,63,758,1125,231,835,206,790,217.60686015831135,811.6635883905013,1.490529516064655,810,0.8990996025694445,31.066309322306914,1,0.6737777777777778,0.6709025143227172,47.17030935251486,46.486557196677836,10.198039027185569,4.364939955282824,4.0,20.025235967816975,20.648525022352104,-18.03990080825531,119.1543289325507,0.9358024691358025,0.44660600412274565,0.03694543441089805,0.16651583036896433,0.08999641043020905,0.0323728381151289,0.017296903701479047,0.03008852679662951,0.049478716080592886,0.034320952238460434,0.00924763337546388,0.015066168937943552,0.007911941457780415,0.0010348443255471477,0.0025156252325924983,0.012659857470493266,0.017450805204400156,0.005294484978435014,0.004204286926363081,0.005191808954732653,0.00358911352764222,0.006500829553187918,0.006426516088485135,0.007968467842568194,0.0025985651200517066,0.010385879999385058,0.008962165084736696,0.011916470930039533,0.0065900876031701515,0.0022848538592529616,0.0018620186381465838,0,0.39252308290451765,0.19267566944472492,3.189257688820362,1.4255130842793733,0.003387502860277891,0.0017929350724443793,0.0006408789195120335,9.155413135886192e-05,2.211348729789477,0.022429768959778197,0.00553902518004179,0.002197299152612686,0.006713969632983208,0.0023498893715441227,0.003810903717519589,0.0018706375674245137,0.0042074639694200024,0.001880624121740598,0.003875791560858488,0.0018768596928566694,0.0026245517656207085,0.0015716792549937963,0.0026245517656207085,0.001495384145528078,0.0007184502072180026,0.00012644627441740224,0.0009816634237517767,0.00012627125605339088,0.005050736479461193,0.0019607843132689595,218.2140301042702,217.60918851221888,809.5372281525675,811.6412797979041,0.0,0.0,217.60686015831135,811.6635883905013,220.0,221.0,802.0,794.0,0.0,0.0,63
1,64,1521,4661,543,875,484,796,510.62458908612757,836.1584483892176,2.647153630411934,1851,0.9775104633912416,44.00678751672499,1,0.32632482299935633,0.3777642477986387,100.92207501916958,89.20201791439474,10.0,4.325164239302023,4.123105625617661,22.295729878509263,21.28314578418239,31.67228324017314,224.93607486307093,0.8217179902755267,0.2433828512683401,0.02344606273300837,0.07616825739854838,0.07222301569171999,0.026418860110993078,0.015472378748267668,0.021136415976559884,0.044898754014086044,0.03448754256354441,0.02197727240217822,0.019465871792851114,0.010605641661094446,0.014750702968284997,0.01381674803462247,0.025394486270832482,0.018331209488657536,0.01766124374418059,0.014268027510908688,0.013607540332472315,0.007036392161890888,0.0016147196871639123,0.008353489402641488,0.007058673304624235,0.013701193299051135,0.010058978808233764,0.01196059993999353,0.01117593727461066,0.007846303530519514,0.008780105660097863,0.004343371465481948,1,0.9829862092155963,0.3512169069144875,10.047959280898795,2.917982756625861,0.00555428396910429,0.0018310826271772385,0.0010376134887337685,9.155413135886192e-05,1.8648334351889586,0.0881561039426612,0.007751583121716976,0.0023956664372235537,0.010543984360992908,0.0023956664372235537,0.005284872092556969,0.0018882629404004703,0.006606153373371989,0.0019184633508388302,0.00668345158919692,0.0019073777366429567,0.003616388188675046,0.0016021972987800837,0.0032959487289190292,0.001541161211207509,0.0009316176666184312,0.0001206649286683251,0.0014292757797608805,0.0001271267430782604,0.0076752882450819016,0.0019989318680018187,509.7209461661379,510.56997333054437,834.5271810248192,836.0892485488679,0.0,0.0,510.62458908612757,836.1584483892176,500.0,502.0,817.0,831.0,0.0,0.0,64
1,65,401,744,551,835,527,804,540.7705735660847,816.6857855361596,2.0443546438885227,530,0.8039122381237407,22.595775212167435,1,0.5389784946236559,0.4891519203820339,33.64831964952432,35.0,7.0,2.766630433123849,2.8284271247461903,22.117794478183974,20.012268831676785,36.31391684233212,101.49747468305833,0.7566037735849057,0.4162601232622067,0.08038944124460745,0.12513275059253437,0.04657812695436889,0.05868396287083172,0.02014811134367337,0.010389198080862083,0.0301818690764277,0.048999598208510756,0.02251494536279369,0.006812749137953371,0.01186446776789403,0.006684121094251977,0.01487354612873524,0.03432783892665855,0.024726572028660687,0.004353015171310029,0.007793387230407942,0.011959441942842501,0.0068839860661703035,0.0026393691196925505,0.00885348108068109,0.010942002847956291,0.009225930192236054,0.009243767109174749,0.0004719165208590404,0.002131221037785799,0.0016614721625933914,0.004491810356307525,0.008455068844996791,0,0.4924696811940521,0.16246280609630048,1.9849699032492936,0.7526359958574176,0.00430304417386651,0.0018005645833909512,0.0005569541826844215,7.629510946571827e-05,0.5776284141182363,0.08295715688110358,0.00804150477051735,0.002121004043146968,0.00804150477051735,0.002243076218292117,0.005660571048207496,0.0018673885758195457,0.004950049634038139,0.001876897745280343,0.004699778743088245,0.0018768596928566694,0.0036774242762476206,0.0016174563206732273,0.0032806897070258856,0.001541161211207509,0.0012280234990763006,0.00011105702958942575,0.0009254537112968802,0.00011837013616837598,0.005428397096693516,0.0019531548023223877,540.3048775823025,540.8276295515368,816.3440519623249,816.7460060011354,0.0,0.0,540.7705735660847,816.6857855361596,536.0,546.0,819.0,816.0,0.0,0.0,65
1,66,598,1035,606,851,583,806,594.252508361204,830.5050167224081,1.8295760406802453,698,0.9220815296632203,27.59342761875783,1,0.5777777777777777,0.5465747133571968,45.760742982303285,45.880278987817846,8.54400374531753,3.5190421563725494,3.1622776601683795,19.077706992969283,17.709209629889347,12.257723302534794,117.25483399593904,0.8567335243553008,0.36170890629530994,0.053064943300727245,0.13928087354207194,0.0744062150479667,0.041561311068237516,0.022514234140131723,0.04330557233227642,0.036751353803559705,0.032212923213593696,0.023490660036765337,0.016120969510934967,0.013485461517643953,0.013934980758927852,0.009717777276074258,0.021508516053211506,0.01409407907527291,0.0061122446080895815,0.0018437184476375627,0.014314435090674623,0.006390534818713928,0.0064798673699371714,0.0032797571801330195,0.010794728304447108,0.004632900145640489,0.010402347944852841,0.009152665532370605,0.0032023288083371615,0.0048424441984104465,0.007206916088380121,0.002660404808069783,0,0.5884336733724922,0.19621576252393425,2.845471943030134,1.1205920497886837,0.004013122990727425,0.0018005645833909512,0.0005798428319394588,7.629510946571827e-05,0.7766905293672439,0.04849396722278175,0.008514534682035446,0.002166781108826399,0.008514534682035446,0.00238040741533041,0.005658016090120117,0.0018866900242685985,0.0047583142860035685,0.0018738997488105078,0.0045014116913080215,0.0018616006709635258,0.003433279925957322,0.0015716792549937963,0.0031128404662013054,0.0015716792549937963,0.0013434413330954103,0.00012311164029941968,0.0010160284657011905,0.00011718268138470994,0.005294880596920848,0.0019531548023223877,594.8319158374929,594.2555216645334,829.9877787164289,830.4566164655901,0.0,0.0,594.252508361204,830.5050167224081,603.0,599.0,832.0,847.0,0.0,0.0,66
1,67,1005,2418,204,876,165,814,183.89253731343283,845.1751243781094,2.112511331188952,1098,0.9679978997479907,35.77157729900708,1,0.41563275434243174,0.4733702419656066,72.17887970211716,67.11929677819934,8.48528137423857,3.9868797761267634,3.605551275463989,17.595062003202823,18.11388862160501,-26.101317119538642,163.33809511662426,0.9153005464480874,0.28404123029053013,0.005786034206406565,0.10922248794653491,0.0770453207590245,0.002286789277037082,0.003408272024259723,0.04226620040527791,0.05429894732196771,0.03713650633289262,0.002204761869727,0.0015668804459015252,0.0017430729017332493,0.02618840107468946,0.024312536673865483,0.028659242572034373,0.02124677943724548,0.001253698862056573,0.0011729431696796328,0.001191089812367807,0.0007411419842660069,0.012590925149116734,0.012186789831121727,0.012655671990806224,0.014721471886360086,0.013267967054890046,0.0005136345406151617,0.0015930700109208732,0.00042553307390203696,0.0014863015365198442,0.00019590910686462625,1,0.6553902616724372,0.2558327610604465,6.977981337113306,1.8921797508373857,0.004013122990727425,0.0017853055614978075,0.0023193713277578354,9.155413135886192e-05,2.308319099473593,0.10087223952869788,0.008957046084105968,0.002334630349650979,0.014496071264147758,0.0024567025247961283,0.004819046041709097,0.0018811232430915184,0.0069432650120530405,0.0018827659212312295,0.005981536582112312,0.0018768596928566694,0.002960250247269869,0.001632715342566371,0.0026245517656207085,0.0014801251236349344,0.001587951273813369,0.00011454271929204657,0.003252333446516843,0.000128820917169573,0.00953688845038414,0.0019684138242155313,184.5516857766713,183.91518821973486,842.9629172520914,845.0768281668334,0.0,0.0,183.89253731343283,845.1751243781094,185.0,189.0,839.0,836.0,0.0,0.0,67
1,68,257,540,528,845,510,815,518.6770428015565,828.7626459143969,1.833049033766235,300,0.9469832939655087,18.089294154193436,1,0.4759259259259259,0.5455391435685555,32.684764955362745,32.2490309931942,5.385164807134504,2.3861180578608483,2.23606797749979,11.423659658795863,10.501052973842905,28.02392893107811,76.94112549695429,0.8566666666666667,0.3145763976292772,0.0239020334631034,0.1327338127920963,0.07206164078240967,0.023067838170851476,0.009359423110656082,0.045580296284294934,0.05114517201846628,0.032969009532450196,0.01385396590174132,0.015422263664474354,0.004918634464183517,0.018168177727755495,0.02074527938125202,0.022240821314046248,0.01984217800870022,0.00485280889617893,0.012656073919909566,0.005677797406105515,0.0041903185454756865,0.009126534733163638,0.003776226273810546,0.006281982938873855,0.013607536381897309,0.012976710966032744,0.004061993990445857,0.006618542933223343,0.0034283657249668305,0.002044028395511246,0.003530213047043248,0,0.4142824523150921,0.12704661628231406,1.4401922933757305,0.4822766459546983,0.005142290610820055,0.0018005645833909512,0.0004501412622630596,7.629510946571827e-05,0.27555405144881906,0.050987905254924124,0.007965209893882275,0.0023956664372235537,0.007965209893882275,0.0023956664372235537,0.006183320183807344,0.001896218153467374,0.005603861063718796,0.0018765628247264525,0.005462729837745428,0.0018616006709635258,0.00440985755994916,0.001541161211207509,0.0041962312534451485,0.001541161211207509,0.0008392061707611768,0.00013894334309407075,0.0007553382804895845,0.00011860487784077135,0.006008239928632975,0.0019531548023223877,518.9363656616904,518.6391191545908,828.8558214985476,828.7285641966715,0.0,0.0,518.6770428015565,828.7626459143969,525.0,512.0,833.0,815.0,0.0,0.0,68
1,69,923,1802,557,870,523,817,539.5427952329361,843.2621885157097,1.6646628328261768,973,0.9461968105284752,34.28119163317628,1,0.5122086570477248,0.6007222485422185,60.613109627041375,56.859475903318,9.848857801796104,4.313449287993251,4.123105625617661,19.23018460649819,19.613899883012134,26.51093740991761,138.95331880577402,0.9486125385405961,0.36350142276231207,0.013748113662926593,0.1342946751483733,0.09237861497313608,0.009541723162865383,0.00840619079790061,0.04538674018669024,0.056412243368781166,0.04132654964351631,0.005753478274374933,0.007183068237326294,0.00586623577385001,0.022517350460992968,0.016222612458981576,0.02508620714023189,0.021059043926313078,0.002461611445989305,0.0029119024654010134,0.004971148317453829,0.0038010901704316493,0.001985382480872566,0.004134369049500041,0.0040206048612726536,0.00882564898499075,0.011330576736852576,0.0009679375163552377,0.003398974094514169,0.0013217119830925615,0.00265537917852679,0.0023672067649864697,1,0.7060502148233354,0.2232242312747985,7.10492114443332,1.744365605758503,0.004577706567943096,0.0018005645833909512,0.002014191122725606,9.155413135886192e-05,5.72690062013601,0.05295500757780722,0.009887846186757088,0.0024567025247961283,0.018005646765232086,0.0024567025247961283,0.006034617220712269,0.0019078994126051154,0.007697639376417464,0.0018898868968131128,0.006263828603550792,0.0018768596928566694,0.003616388188675046,0.0016021972987800837,0.003402761882171035,0.0014648661017417908,0.0017906426551947108,0.0001301199883008904,0.00369307431060988,0.0001285691675486296,0.010223545134067535,0.0019722285796888173,536.9566299933664,539.5479062606612,838.1524781455854,843.3148962971386,0.0,0.0,539.5427952329361,843.2621885157097,533.0,542.0,828.0,864.0,0.0,0.0,69
1,70,1661,3990,591,928,549,833,564.9903672486454,878.5900060204696,2.769956396904782,2266,0.9736178299077487,45.98750791035654,1,0.4162907268170426,0.3610165131542954,109.17040602575847,97.26767191621273,9.0,4.309188967971254,4.123105625617661,26.994564045586724,24.911031650836122,-15.30295291858107,240.45079348883235,0.7330097087378641,0.22353354653896051,0.026139781965318458,0.06929465250026126,0.06367675303898186,0.03648874105797624,0.009335112735286987,0.013727848800333644,0.03565977888412125,0.03261280088676164,0.030322043803070953,0.021325047732383973,0.0031164961630323978,0.004199857298471764,0.004757291949126417,0.021788352755738177,0.019666667571625506,0.019899561827839533,0.02037647721157531,0.01135646765747247,0.0004990136275582536,0.005868660632754033,0.002449529672976648,0.0030188963250811786,0.013755543638654508,0.012758729260046727,0.011240245824322847,0.011929919118330445,0.0126608386889166,0.005246422421843988,0.0008285739756349752,1,1.1848935894668102,0.38608377194032073,13.205554452724755,3.1744411375839263,0.005512321833521128,0.0018158236052840948,0.00236514862626791,9.155413135886192e-05,2.0026667912518716,0.05970215578953027,0.009246967732906342,0.002517738612368703,0.013748378492891788,0.0026703288313001394,0.005808301909151031,0.0018925675095113762,0.0079503639089252,0.0019111626355110935,0.00805676355957985,0.0019073777366429567,0.0030060273129493,0.0016021972987800837,0.0030060273129493,0.0015564202331006527,0.0015023884282794112,0.00013890880591994038,0.0026914818254621573,0.00013501334490278267,0.010360876098275185,0.0019989318680018187,564.237961442537,565.000216307676,876.7340534942132,878.5311218677447,0.0,0.0,564.9903672486454,878.5900060204696,560.0,571.0,877.0,844.0,0.0,0.0,70
1,71,1040,1824,603,906,571,849,585.6028846153846,876.2432692307692,1.7571394688359,1133,0.942505513380694,36.38913473173784,1,0.5701754385964912,0.5691067884682467,63.64350275694893,58.69412236331676,10.0,4.51081325690029,4.123105625617661,21.100599378160968,21.269060383742836,-18.83983968388605,151.53910524340094,0.9179170344218888,0.3842846305670291,0.05010448004016907,0.12013339521335004,0.09391643705836945,0.041047077975609525,0.03530290538743139,0.03385890076077685,0.04316103683158363,0.03532590041450643,0.021408838093776725,0.02584644824083231,0.022148074600084625,0.011371538231109073,0.010485364095068636,0.011625618051978271,0.013774328853227548,0.006319811233029665,0.00881929812938714,0.009253510422965098,0.012627940964023957,0.0024899394788514806,0.003414249070202272,0.0008055563660976769,0.0028901041198703056,0.00493988753890316,0.0026581311008359713,0.0021285441836663196,0.004036473495821806,0.001001713959187012,0.005511626671901782,1,0.9121233066543937,0.2453498130198568,13.837567802285776,1.993011367507279,0.006759746931493282,0.0018310826271772385,0.005294880364090204,9.155413135886192e-05,0.57242697032672,0.07021626241819652,0.017898833379149437,0.002243076218292117,0.0313420295715332,0.002426184481009841,0.00701633312811072,0.0018873062539988986,0.013305353656044015,0.0019163570841416143,0.01112382672727108,0.0019073777366429567,0.0032043945975601673,0.0016174563206732273,0.0032043945975601673,0.0014038300141692162,0.003159837997672972,0.00013290430338318802,0.0076741611727746675,0.00013546977995769268,0.01899748295545578,0.0019989318680018187,585.0457972513003,585.6129758368297,876.1116398072536,876.1737818883411,0.0,0.0,585.6028846153846,876.2432692307692,583.0,587.0,874.0,852.0,0.0,0.0,71
1,72,706,1254,687,937,654,899,671.300283286119,916.915014164306,1.461832188659596,760,0.8897070073490697,29.98177977677484,1,0.5629984051036683,0.6840730473426873,44.81395135508099,42.01190307520001,9.433981132056603,4.224832341269893,4.0,20.07135918316095,20.459001566388054,36.948323528321,113.88225099390857,0.9289473684210526,0.5084969327538856,0.04376624341577412,0.152449559535059,0.11074149606237005,0.034071618579977245,0.017049686334763028,0.021889948381878785,0.04245982824741876,0.03806416953169677,0.007437363852972303,0.009891226445317147,0.005968141944993045,0.001788947982265277,0.003163736063777573,0.004536467176929068,0.014120656103753036,0.009266112896708686,0.004255092028427397,0.007733906719637037,0.00367294600533862,0.004299114367030621,0.004976568798623526,0.009948899261713834,0.005359470123351121,0.0039497068701283625,0.00945459944511543,0.010767549237791859,0.010239519904334379,0.0081047260571152,0.0026579438200156516,1,0.464194712927565,0.17592126340605319,5.636804828653112,1.3312123289797455,0.005172808421775699,0.0018005645833909512,0.0025482564233243465,7.629510946571827e-05,1.8813570158611552,0.028127662535762078,0.0079194325953722,0.0021362630650401115,0.016205081716179848,0.0023956664372235537,0.004938241626888989,0.0018715028021920551,0.00798414281678911,0.0018855698710761267,0.007354848552495241,0.0018768596928566694,0.0028076600283384323,0.0015716792549937963,0.002609292743727565,0.0015716792549937963,0.0012583344886771127,0.00011002778580019513,0.0033852039254405088,0.00012352107104311085,0.010498207062482834,0.0019531548023223877,670.3556771992712,671.327414862278,915.2879851043872,916.9224332595912,0.0,0.0,671.300283286119,916.915014164306,671.0,678.0,916.0,929.0,0.0,0.0,72
2,1,1037,1625,95,102,70,37,82.53519768563163,68.99132111861138,1.9093945905775187,1138,0.9639151683532958,36.33661249883324,1,0.6381538461538462,0.5237262140234399,71.45505826389343,64.93843238021688,9.055385138137417,4.204561481489106,4.0,18.577085565505374,19.0220220873621,-9.343466672682297,157.7401153701776,0.9112478031634447,0.3131015906782935,0.00034957809376140675,0.11012074354386618,0.08805701069595,0.003031014679452073,0.0024432341481991767,0.04291140876392651,0.05492144414772576,0.04205823808240262,0.0046384130783764105,0.0020136810233972896,0.0020946077123136253,0.02857669033546061,0.020783160807403823,0.028879159522600853,0.022479403688426162,0.003857793443038763,0.0007783764485799574,0.0015392650293985228,0.0016597367446423228,0.008938004530308135,0.012391128676482668,0.009463797067065932,0.013308255052714432,0.012380944866502092,0.002337480940179059,0.0012570959351062671,0.0010795357910280841,0.0005690508198288105,0.0013029484842728462,1,0.7233081676531583,0.2614328220952302,7.453742382349446,1.9365529865026474,0.00506981008220464,0.0017853055614978075,0.0020370797719806433,9.155413135886192e-05,0.421573129810497,0.05726725233301674,0.0072938124649226665,0.0023041123058646917,0.012390325777232647,0.002334630349650979,0.0050937194905152,0.001841076211938241,0.007187794004194259,0.0018674570747373648,0.007087815785780549,0.0018616006709635258,0.0032349126413464546,0.0015564202331006527,0.0031128404662013054,0.0013733119703829288,0.0010187259392032719,0.000129755982365129,0.0022990023575211968,0.00012958737944011807,0.009140154346823692,0.0019531548023223877,82.83193204488545,82.54016168683812,68.69186724266979,68.93426941502774,0.0,0.0,82.53519768563163,68.99132111861138,82.0,84.0,76.0,70.0,0.0,0.0,1
2,2,496,1470,128,82,93,40,108.02016129032258,60.1875,2.566078971262436,732,0.9491950655845388,25.13019725725687,1,0.33741496598639453,0.38969962000352204,52.43517020052938,45.65084884205331,7.0,2.711097394808506,2.23606797749979,19.500552953575642,16.50073468001113,43.86644651927855,126.46803743153546,0.6775956284153005,0.30186910629258706,0.005390409577102968,0.08403553289520703,0.08916043855317671,0.02142499570244552,0.014593820880936574,0.013265146310213288,0.06039796342961401,0.03422580885429569,0.01354128005183729,0.004555365023777058,0.014408263299868376,0.011560554681299325,0.02580029046763729,0.024211440052722834,0.013231973995238481,0.015279907115452834,0.0034938210796366586,0.00907710153604157,0.010223288374394096,0.008495736876314703,0.012595628628403242,0.009575246918235282,0.01092813893905247,0.005824089509958591,0.011563086670131876,0.004615182628404487,0.00546024323089985,0.00476343633155562,0.006247562241958951,1,0.5323567648883909,0.19650568393990397,2.251178805017844,0.9173571371939033,0.004043641034513712,0.0017700465396046638,0.0004119938239455223,7.629510946571827e-05,0.9861867628990726,0.05378012044080838,0.00747692072764039,0.002151522086933255,0.00747692072764039,0.002334630349650979,0.004975296868115803,0.0018365017190645231,0.004538666945600491,0.0018495103572457729,0.004379339516162872,0.0018463416490703821,0.002990768291056156,0.0015564202331006527,0.002990768291056156,0.001495384145528078,0.0009622422655897311,0.00011273531824556512,0.0007218819818784756,0.0001200394503977422,0.004959182348102331,0.0019226367585361004,107.39603199469641,108.06337430762322,59.423937983095975,60.21951462931852,0.0,0.0,108.02016129032258,60.1875,101.0,120.0,42.0,75.0,0.0,0.0,2
2,3,1092,2646,136,124,94,61,113.67216117216117,92.27472527472527,2.1186807229666336,1242,0.9694183103026041,37.28776720119881,1,0.4126984126984127,0.4719918339558842,77.07932300671735,70.178344238091,8.602325267042627,4.062128913857473,4.0,19.350677946741662,18.91636197651045,27.64565254535787,170.50966799187808,0.8792270531400966,0.282310169106761,0.0057035171961213335,0.1015430534584431,0.07990319048048075,0.00014732235274717137,0.010186206843964008,0.04159850288859392,0.052203225591915765,0.038373296716568875,0.0035681075202905407,0.0072193340243258425,0.008936613014565352,0.02847926166961879,0.022730875545174254,0.028165267211038944,0.02082975972755547,0.0024996267346771854,0.0004036223391886742,0.00838306064760601,0.006598157800764208,0.010528210173500346,0.015510629825108197,0.011116218428299175,0.014202844529819618,0.011829653486011307,0.0016740710338518097,0.000771128034673435,0.002013750396539516,0.006280023101281152,0.004411162264851758,1,0.7357137547805905,0.26732280454598367,7.547493809135631,2.037399862194434,0.004272526130080223,0.0017853055614978075,0.0019531548023223877,7.629510946571827e-05,1.1796171460918665,0.0103380823358961,0.008392462506890297,0.0022735942620784044,0.015411612577736378,0.0023193713277578354,0.005109123297087435,0.0018564083649026644,0.006911624367340321,0.0018657507895553423,0.0057831695303320885,0.0018616006709635258,0.0029755092691630125,0.0016021972987800837,0.002822919050231576,0.001495384145528078,0.0013809606334591426,0.00011782817379472229,0.0031706806411263546,0.0001199438224061172,0.009246967732906342,0.001937895780429244,112.76842858598837,113.66943776634388,91.51659334422547,92.26475236105182,0.0,0.0,113.67216117216117,92.27472527472527,110.0,120.0,86.0,110.0,0.0,0.0,3
2,4,1506,4788,665,116,581,59,618.1945551128819,92.7788844621514,2.83236471004419,2111,0.9747392082462207,43.78925386862803,1,0.31453634085213034,0.3530618766904486,105.88149277888796,95.1892851112981,8.602325267042627,4.061309969885692,4.0,25.88593014188103,23.648217412977992,59.2791265338464,231.52186130069782,0.7134059687351966,0.21134005907534326,0.035706519352133946,0.06240610163247307,0.05589897711664341,0.04351547909049637,0.01738304709990842,0.004900962030276746,0.026774800108584847,0.027304446318281377,0.031651937495402516,0.028160430215017077,0.009476085761500982,0.002277152165375946,0.005191612965863867,0.01401015959090139,0.016314917773178964,0.017579024163790664,0.02134360730182384,0.016619341985790948,0.005630827977136605,0.010887587246177196,0.00810238776642151,0.0067944785693669135,0.008896067577467059,0.010663390423452414,0.007271931380807205,0.009644671755857932,0.012329808641126738,0.009790752730750012,0.003503774461982138,1,0.8485847359988838,0.35439078346826136,8.756908615818247,2.7987487595528364,0.0032806897070258856,0.0017700465396046638,0.001525902422145009,7.629510946571827e-05,1.7043582602309733,0.034755151807325836,0.008911268785595894,0.002166781108826399,0.013763638213276863,0.0023498893715441227,0.00439681210362116,0.0018362216760013541,0.0058146803557890085,0.001858398910725655,0.0045014116913080215,0.0018463416490703821,0.002517738612368703,0.0015564202331006527,0.0023956664372235537,0.0015564202331006527,0.0015878161127132803,0.00011441556269706041,0.0029440406280219766,0.00012228583645973646,0.008216983638703823,0.001937895780429244,616.6351509742461,618.1854472892223,93.46670406904212,92.74534391765168,0.0,0.0,618.1945551128819,92.7788844621514,618.0,620.0,97.0,93.0,0.0,0.0,4
2,5,351,714,108,104,87,70,95.83475783475784,88.41025641025641,1.8679420955249255,420,0.8787307702374028,21.14017691983778,1,0.49159663865546216,0.535348500574897,34.176337457441264,35.4682957019364,7.0,2.7285179872500622,2.23606797749979,17.307692307692307,16.312972461656653,20.188842047948437,90.76955262170047,0.8357142857142857,0.3552520510350096,0.0827959993412919,0.11416293111610663,0.04527136094213264,0.07765559929665695,0.006464273289016555,0.0007470884349399295,0.01168570168793793,0.03766394388091622,0.02865949470845564,0.012031517330952032,0.012610896623307227,0.01310635620563762,0.003577373753799468,0.025265290497191745,0.020022880800898618,0.0020622414828279268,0.01188539593071942,0.01774378862942634,0.0061019630529360195,0.0017411141885531885,0.005321976731222877,0.005325636962045636,0.010966230685394162,0.012741169813407876,0.0009249933649718031,0.008990226583274166,0.0077850895641639675,0.00966736038201723,0.0031443227071562027,0,0.4175936612300575,0.14847028302028775,1.6980392546392977,0.6465094985906035,0.004314488614909351,0.0017547875177115202,0.0004730299115180969,8.39246204122901e-05,0.5819510296213821,0.014238052593526996,0.007309071719646454,0.002243076218292117,0.007309071719646454,0.002426184481009841,0.005219920765375719,0.001855878537753597,0.004837718674186034,0.0018419074033920327,0.004699778743088245,0.0018463416490703821,0.0030518043786287308,0.001632715342566371,0.0030518043786287308,0.001541161211207509,0.0009795626751511026,0.0001203765417091334,0.0007551985037731148,0.00012074544853815048,0.005252918344922364,0.0019226367585361004,96.29161312280978,95.83849040572116,88.7707425357264,88.39651632089499,0.0,0.0,95.83475783475784,88.41025641025641,107.0,95.0,99.0,88.0,0.0,0.0,5
2,6,833,1672,157,117,119,73,138.0408163265306,94.21128451380552,1.5801407740682978,900,0.9182112264239874,32.56698544176895,1,0.49820574162679426,0.6328550065987839,52.437210009267865,47.70744176750625,9.848857801796104,4.356989830563295,4.123105625617661,19.750028990616272,20.769911145644077,35.65004790301453,128.61017305526642,0.9255555555555556,0.4638985791915557,0.006671483959527417,0.14160639872109176,0.11718065158406873,0.007132069038768957,0.002096016884365744,0.03632760206857563,0.054260563780266814,0.04387319582445507,0.0047917798086540755,0.0024561124882237486,0.0019454141567572668,0.012349790817884641,0.008058111308142464,0.010806379014622577,0.016198966451230448,0.00178434825394545,0.001322009584528674,0.0019867333388122626,0.0014683483089413822,0.0038739473852413974,0.005004696707881265,0.0072167071947587345,0.0067319673383814775,0.004757137202307661,0.001979059218282386,0.0024244490068573775,0.0012084258571852103,0.0003874005179255925,0.001984176137712011,0,0.4417639516759664,0.1956359196919948,4.590493703261018,1.5574425875674933,0.003971160505898297,0.0017853055614978075,0.0013580529484897852,7.629510946571827e-05,1.1036965956344564,0.051382125752150176,0.0056916153989732265,0.002197299152612686,0.010711833834648132,0.0024414435029029846,0.004207275730247299,0.0018631992351618551,0.005510796762618269,0.0018696789766716607,0.005127031356096268,0.0018616006709635258,0.0026245517656207085,0.0016174563206732273,0.0026245517656207085,0.0015106431674212217,0.0008248197250455295,0.00012918430613644832,0.0018719903957740822,0.0001237002542548681,0.006771191023290157,0.0019531548023223877,137.49495074744578,137.99889288408593,93.25202597473199,94.18157680739122,0.0,0.0,138.0408163265306,94.21128451380552,138.0,136.0,92.0,105.0,0.0,0.0,6
2,7,915,1974,125,144,83,97,104.34426229508196,119.55846994535518,1.7254409305692724,1000,0.9468485693614616,34.13230410377644,1,0.4635258358662614,0.5795620019690105,61.066463335260345,56.4003546088143,9.219544457292887,4.234189135289193,4.123105625617661,19.0,19.643837553319038,38.29616072701846,140.8528137423857,0.915,0.3662414911765715,0.004535032076230587,0.1292412073485647,0.0962357576431672,0.00823199768531462,0.003497908289443502,0.03828888651548873,0.06115683293280574,0.0412189307229893,0.007508148367343903,0.0009509263597629413,0.004143948117062252,0.02228330705901825,0.01786847119936604,0.02488557249115099,0.020097413027618548,0.00381219189426468,0.0023990311380293495,0.001868688273503155,0.003452177886099785,0.005288732661339742,0.006008952100654385,0.002375598268372558,0.006903775986147975,0.010425191315506541,0.000772036319831785,0.00039874302789535195,0.0012211193585341146,0.0016897029113804533,0.002557626975493659,1,0.5970092383213341,0.21416037227027118,6.6889601664152,1.706752116791904,0.003982604946941137,0.0017700465396046638,0.00220492877997458,9.155413135886192e-05,1.2733757055843418,0.07393050656015684,0.009948882274329662,0.00221255817450583,0.01725795306265354,0.0023651483934372663,0.005146631364839087,0.0018462101057781998,0.007310338979688743,0.0018653028598818622,0.005806057946756482,0.0018616006709635258,0.002517738612368703,0.0015716792549937963,0.002517738612368703,0.0015106431674212217,0.001991062767112613,0.0001208741140799426,0.0038866266639905668,0.00012195761379552681,0.01029984001070261,0.0019531548023223877,104.0424672624988,104.30129099166756,118.32137437674274,119.49831026713872,0.0,0.0,104.34426229508196,119.55846994535518,106.0,102.0,120.0,123.0,0.0,0.0,7
2,8,966,2444,122,246,75,194,99.37370600414079,220.74741200828157,1.8988484351911492,1101,0.9603419004496492,35.070634442709576,1,0.395253682487725,0.526634975950218,68.81623650510252,63.0317380372777,8.48528137423857,4.057959232901475,4.0,19.760432894327142,19.187693759932436,-41.11692188237015,151.82337649086284,0.8773841961852861,0.30957699476822736,0.018226971755949464,0.10858447465923654,0.08400694954021332,0.027269872793777888,0.0035298712442542977,0.03278012655465308,0.05337606893784967,0.03959875381919094,0.023537404833209326,0.01101970011176514,0.0006749336418642475,0.018444072932552232,0.016361519947840592,0.027705958948110666,0.021462988588728922,0.01464914271692451,0.0112695117095486,0.0031442453013671785,0.0016108947062865727,0.003556542956422094,0.0072834633976195514,0.007092735388331563,0.013236907258417809,0.012280014604871404,0.006448869982116691,0.005786005973156614,0.0033401213389532584,0.00021847155044301344,0.0017017413428742274,1,0.6022430856246501,0.22516212705522776,7.105821409495547,1.8194705115165561,0.0041046771220862865,0.0018005645833909512,0.0022583354730159044,7.629510946571827e-05,2.0286686584510334,0.04364548278595212,0.010482948273420334,0.0022583352401852608,0.016968032345175743,0.0023041123058646917,0.00493641873462828,0.0018455912053707193,0.007355922784156882,0.0018835098462904308,0.006027313880622387,0.0018768596928566694,0.0029297322034835815,0.001541161211207509,0.0028992141596972942,0.0015106431674212217,0.0017374495865529996,0.00011221301327819245,0.0037561737220163467,0.0001247957616122306,0.009979400783777237,0.0019684138242155313,100.8503199687466,99.3306133060492,219.3563305134321,220.74048759214688,0.0,0.0,99.37370600414079,220.74741200828157,104.0,83.0,215.0,238.0,0.0,0.0,8
2,9,1176,1518,96,312,73,246,84.10289115646259,278.77721088435374,1.7393628784402098,1265,0.9538834349459476,38.69534474078957,1,0.7747035573122529,0.5749231585859528,71.59265545887168,65.27633568147036,10.04987562112089,4.727179807733372,4.47213595499958,20.1552601887035,21.49048776168891,-4.730438824022702,160.32590180780448,0.9296442687747035,0.35140335710127935,0.003183585330037357,0.12095218198100009,0.09617126990565834,0.001581445571932104,0.003010157594997456,0.038936760624008554,0.06039729059799901,0.042541004792064026,0.0006543117497376552,0.0011847977896751898,0.0024735911954055986,0.02455915517584903,0.020135946280232554,0.02606657624985029,0.021279445653638148,0.0006721891765842834,0.0010501373079842306,0.0015432422255246307,0.0017487187811994582,0.008449183687807454,0.008227258829453543,0.005187559495171302,0.007926864421750963,0.011239406221069215,0.001258115183088726,0.00087155046213004,0.000924440480509602,0.0014397826052646465,0.0010752573192529418,1,0.8536965134553611,0.2712748912163079,10.751476441510022,2.2614785986952484,0.004806592129170895,0.0018310826271772385,0.002777141984552145,9.155413135886192e-05,1.0570721569284345,0.026905604447267393,0.01031509879976511,0.0021820401307195425,0.024338139221072197,0.0024567025247961283,0.005887562161761111,0.0018708613187331578,0.009142411940059542,0.0019230260192986805,0.007171740289777517,0.0019226367585361004,0.0032349126413464546,0.0016021972987800837,0.0032349126413464546,0.0013885709922760725,0.0019020244592177057,0.0001126347871492228,0.005199467795919531,0.0001301658577887992,0.012848096899688244,0.0019989318680018187,84.10003434469037,84.07600906845877,277.7201425877996,278.7783355599638,0.0,0.0,84.10289115646259,278.77721088435374,84.0,93.0,275.0,268.0,0.0,0.0,9
2,10,861,1325,994,319,969,266,980.3716608594657,291.89547038327527,1.6531428060373545,947,0.9405081407751291,33.109805919349256,1,0.6498113207547169,0.604908418285434,57.7339902661734,53.36665625650534,9.055385138137417,4.222978662115129,4.0,19.1407418873982,19.616344501604246,-11.713977624824121,133.7401153701776,0.9091869060190074,0.3849224887700053,0.02353808611992337,0.13078895509669483,0.09824122736521121,0.0266949075319263,0.009614894800572754,0.032903524926407794,0.057960200078271566,0.040909865474403576,0.01632813471452673,0.014079404307711202,0.0030227573011412704,0.016799380611131006,0.013339536190914604,0.020648765836193204,0.019851679674226876,0.006543663256108222,0.005812704453091986,0.004572663499724135,0.0004270270333907643,0.0026143672801801515,0.003063982870299967,0.0019212501806610228,0.0042805391903727895,0.01043312662437642,0.0006339195613238442,0.0017020401367673246,0.00249343277621653,0.000973449331216557,0.0010692210553359934,0,0.395284965634346,0.21455710683949292,3.4495003127958626,1.5865720603615046,0.0032043945975601673,0.0017547875177115202,0.0007095445180311799,8.39246204122901e-05,0.48175380823626934,0.014097816655920461,0.005020218435674906,0.002166781108826399,0.007202258333563805,0.0023193713277578354,0.0033498725901215764,0.0018182805664363807,0.004006388284315752,0.0018427085486196336,0.0038147554732859135,0.0018387121381238103,0.0023498893715441227,0.001541161211207509,0.0023498893715441227,0.0014038300141692162,0.0006009837431488805,0.0001262982262849683,0.0009429167822397859,0.00012110489610825953,0.00474555604159832,0.0019226367585361004,980.0661187239053,980.3604485650535,291.52300463297416,291.9040163114565,0.0,0.0,980.3716608594657,291.89547038327527,978.0,984.0,291.0,271.0,0.0,0.0,10
2,11,747,1591,766,349,729,306,746.9665327978581,326.62382864792505,1.6168229413680262,806,0.9377653802530005,30.8400703617415,1,0.46951602765556255,0.6184969141728531,52.95610533979175,49.20365840057018,8.48528137423857,3.9862182078882538,3.605551275463989,18.019717531703442,18.39003915346018,37.65519890107628,123.19595949289331,0.9267990074441688,0.3928582981896599,0.020831986633381,0.13567709212640353,0.09895576287134539,0.023320119518258277,0.008774024025207477,0.03773166957274505,0.05567216149273858,0.04246873615013274,0.01701027326656023,0.006461648462170682,0.0057175547397862216,0.015130663923300742,0.012416778901355644,0.022001130244179445,0.02017382332629172,0.007394699858723408,0.0010775522447910662,0.0023736035275727487,0.0034170649728981423,0.0012433754844973447,0.0013965822097180018,0.0006998162364881156,0.005005197920045553,0.009845576903340633,0.0027353399309864453,0.0014694922273844314,0.003959679858208857,0.0008048265625137181,0.0014988096716228693,1,0.5814450397156179,0.18652628362178802,6.844632719177753,1.4118715187069029,0.006557564716786146,0.0018005645833909512,0.002555886283516884,7.629510946571827e-05,1.9443539686779248,0.055233270049097886,0.009338521398603916,0.002334630349650979,0.016968032345175743,0.0023498893715441227,0.005814450397156179,0.0018652628362178802,0.009162828271991637,0.0018900555805982636,0.008880751207470894,0.0018768596928566694,0.0030212863348424435,0.0015564202331006527,0.0030212863348424435,0.0015564202331006527,0.0015915655910927584,0.0001260531904062732,0.0033390993696665915,0.00012932937187302773,0.0118142981082201,0.0019684138242155313,745.7279869381124,746.9252866730792,325.1249902614336,326.5870934970333,0.0,0.0,746.9665327978581,326.62382864792505,742.0,741.0,320.0,325.0,0.0,0.0,11
2,12,1561,2425,145,339,48,314,96.41447789878283,324.47341447789876,2.829220398970872,1857,0.9831063337401207,44.581688273680136,1,0.6437113402061856,0.35345425911807704,108.37625009965657,96.51942809610924,9.0,4.205990135826355,4.0,20.732685843736743,19.836684042819922,85.89370693827045,235.58073580374355,0.8406031233171782,0.2133455269784874,0.006993017340427843,0.073890678551705,0.06478029216680378,0.010678959747989748,0.002708190466062039,0.03003098670466579,0.043690743218605804,0.03379208961335378,0.010437404177257073,0.006134916904089159,0.00114087355607907,0.022172190675149483,0.021157957720958742,0.026988733340937883,0.020636311286029534,0.008813334085752468,0.0073252424846427045,0.0031992675619773674,0.0004682150922880526,0.012197122485468793,0.014221616333474487,0.014267470407639222,0.01677712291979866,0.013570789911137537,0.007213211984296298,0.006073926996842285,0.004577408810625795,0.0014802197823996807,0.0001666648889044866,1,1.2786450213752687,0.38835736620239913,13.510155053110793,2.958907453343272,0.006286717019975185,0.0018005645833909512,0.0023346305824816227,9.155413135886192e-05,2.2002011622724305,0.029632548656299662,0.010589761659502983,0.002288853283971548,0.014755474403500557,0.00238040741533041,0.006177029088769414,0.0018761225420405754,0.008654807849526453,0.0018955204697906933,0.00869764294475317,0.001892118714749813,0.003387502860277891,0.0015716792549937963,0.0032501716632395983,0.001541161211207509,0.0016646802525543088,0.00011310685120998605,0.0027595345299182847,0.000124210349612499,0.01100175455212593,0.001983672846108675,94.37084419609863,96.38995523742729,323.6582786341781,324.45677936383515,0.0,0.0,96.41447789878283,324.47341447789876,82.0,122.0,323.0,326.0,0.0,0.0,12
2,13,345,528,117,353,93,331,102.40579710144928,339.5420289855073,1.350826022598015,375,0.7134147138411759,20.958712816717327,1,0.6534090909090909,0.7402877818986053,26.514734138794555,27.80287754891569,8.0,3.2102551706177143,3.0,18.53520712983065,18.579989636862024,-55.574013375000874,76.5269119345812,0.92,0.5634735934525582,0.10721692841928507,0.14383511003470764,0.04555195366404257,0.048295690591150776,0.033161264231708724,0.0002443575730389307,0.030281911337540105,0.05503181175629307,0.006535004318113285,0.0019144535535579555,0.010368977641820501,0.00030761453813405235,0.011480983330095985,0.01516078513072321,0.01656403967719176,0.016646600120206745,0.001014084897433616,0.004835969656236048,0.01387105573459709,0.01298508221033093,0.001482244681919215,0.005099643213945554,0.005183155375560597,0.012457706863419921,0.003462085453791011,0.00827633347595508,0.006968612467455015,0.0047177263404874275,0.007319155335226692,0,0.3584802094846964,0.125658045290038,1.651972266845405,0.6462653542403132,0.0043373770313337445,0.0017853055614978075,0.000396734569221735,7.629510946571827e-05,0.14278534122535014,0.02090890648457832,0.007202258333563805,0.002121004043146968,0.007202258333563805,0.0022583352401852608,0.005350450887831289,0.001875493213284149,0.004788325411146102,0.0018732329108414874,0.004707408370450139,0.0018616006709635258,0.003479056991636753,0.001541161211207509,0.003479056991636753,0.001541161211207509,0.0007147480662957381,0.00012532355255300535,0.0006307497230576576,0.00012053244399223916,0.005123216658830643,0.0019493400468491018,102.34669597918378,102.39404528604821,339.6720086416685,339.5593228342738,0.0,0.0,102.40579710144928,339.5420289855073,102.0,99.0,349.0,344.0,0.0,0.0,13
2,14,1743,5300,572,386,472,333,520.4400458978772,357.69133677567413,2.959275674753488,2036,0.9851344155491079,47.108985623481516,1,0.3288679245283019,0.3379205285034154,118.12277449539343,105.30906893520614,9.219544457292887,4.2856513837103885,4.123105625617661,20.65401257126851,20.29175419225854,-66.13934995335534,254.5929291125633,0.8560903732809431,0.2001133026576545,0.007967242360099722,0.06987670173335904,0.06077713555768446,0.01176291135749909,0.0032170288943528056,0.029530377879807185,0.040386799396762124,0.03234968504635493,0.011781465048681924,0.006705646556001266,0.0016527638806114046,0.01916849007355655,0.021285667370090737,0.02500368488596407,0.020334100008334747,0.010240073795806397,0.008088705882375303,0.0036269673084976103,0.0010106598800895062,0.009434343145870881,0.014472365206208192,0.013558821518013799,0.01637185015500052,0.013731761291646135,0.008309112374399364,0.007540793135519605,0.004661799793065476,0.0020318088848033313,0.000672906724141834,1,0.9184557988774031,0.4010376133956015,8.665858061052859,3.277866787975654,0.0035973144113086164,0.0018005645833909512,0.001083390787243843,7.629510946571827e-05,2.1144041767767456,0.10659138854763905,0.007660028990358114,0.0023956664372235537,0.009903104975819588,0.002471961546689272,0.0042918495274645,0.0018740075392317827,0.00497180611649619,0.00188058909235551,0.004470893647521734,0.0018768596928566694,0.0023498893715441227,0.0016021972987800837,0.0023498893715441227,0.0014801251236349344,0.0010900425070992947,0.0001257189233064682,0.0016373643330148439,0.00012204365578357959,0.006118868011981249,0.0019531548023223877,518.3441364893907,520.3472662523567,357.97038654576687,357.74381211740337,0.0,0.0,520.4400458978772,357.69133677567413,513.0,549.0,359.0,342.0,0.0,0.0,14
2,15,1347,3969,131,399,68,336,98.24053452115812,365.93689680772087,2.258464071786026,1522,0.9754721457679755,41.41320642932957,1,0.3393801965230537,0.4427787948865555,90.4695200808002,82.03657720797473,9.219544457292887,4.334375918446331,4.242640687119285,19.79898987322333,19.914413476567667,-45.33855915428305,195.52186130069782,0.8850197109067017,0.25426953166776506,0.0037937139232681453,0.09281881395071613,0.07311439944526729,0.00788797330433245,0.0010272852974057996,0.034071730125401864,0.0524014837051352,0.035768279875595575,0.008125822823526542,0.002197544095715116,0.001980070154585153,0.026181252102869222,0.02212210078646876,0.030391296371283037,0.020244340368072235,0.006250558192713066,0.004623841064014541,0.0005844809274501762,0.0019166708498573912,0.011005580273536111,0.016474483959711565,0.012103852507527268,0.017521013253838893,0.012160508138528647,0.004470383964064451,0.0035841043819073463,0.001904790296501461,0.00135986192114708,0.0015792495029591771,1,0.8552834535948932,0.29303425643593073,9.594781568972394,2.5424277097918093,0.004715037997812033,0.0018005645833909512,0.002197299152612686,7.629510946571827e-05,0.9962992593015793,0.029308159303478496,0.00883497390896082,0.0022278171963989735,0.013061722740530968,0.0023956664372235537,0.005447665309521613,0.001866460232075992,0.007123074661449439,0.0018874741720800365,0.006775005720555782,0.0018768596928566694,0.003128099488094449,0.001632715342566371,0.003128099488094449,0.001541161211207509,0.0012706729118247162,0.00011205157424623857,0.00252986022145623,0.00012736465982564758,0.009323262609541416,0.0019684138242155313,97.25808451869165,98.21288216159118,366.10243896772397,365.9466084096556,0.0,0.0,98.24053452115812,365.93689680772087,100.0,103.0,362.0,357.0,0.0,0.0,15
2,16,1322,2444,235,370,141,344,186.94478063540092,357.4046898638427,2.8767320831690957,1597,0.9855932574886389,41.02709687681892,1,0.5409165302782324,0.347616660533215,103.47320714511693,93.7709976485267,8.0,3.8186831430869663,4.0,18.840332946229765,17.50072143424945,81.02439976261367,218.61017305526642,0.8278021289918598,0.19142757626974696,0.006166926710625595,0.07115146609357352,0.056425785065978507,0.008512675653136844,0.003269963156451402,0.029748510454372743,0.040696117438318656,0.029546727725469173,0.009602623453483285,0.0034371908312403796,0.0026870812903554884,0.022268681060417548,0.020283139609516075,0.026037476398002392,0.01823528352376259,0.009224498059773514,0.004559733453894746,0.002102096624076793,0.0023828104619214555,0.012074265524830579,0.014538221552303233,0.014230571580562911,0.017196923956791486,0.012168117519937923,0.00790200035188035,0.00496257970406802,0.0022407109768528203,0.0016237722359181484,0.0021217582435988295,1,1.1476768301799893,0.3653162431437522,10.340200024656951,2.52602426125668,0.004348821239545941,0.0018158236052840948,0.002960250712931156,9.155413135886192e-05,0.43350127720518783,0.07377007511630393,0.011474784463644028,0.002197299152612686,0.016662852838635445,0.0023956664372235537,0.005885522206051227,0.0018734166315064217,0.007821633906699661,0.00191075965299295,0.007080186158418655,0.0019073777366429567,0.0031586175318807364,0.0015716792549937963,0.0030518043786287308,0.0015564202331006527,0.002269531885451765,0.00012527786738844823,0.0035929450785863303,0.00012731943406757727,0.010902571491897106,0.0019989318680018187,186.52370782921176,187.0180013652042,357.3016313890504,357.3957038352573,0.0,0.0,186.94478063540092,357.4046898638427,177.0,182.0,354.0,364.0,0.0,0.0,16
2,17,2205,4920,568,414,486,354,531.5219954648526,381.64036281179136,3.269265534320095,3073,0.7576442285780467,52.985782962423364,1,0.4481707317073171,0.3058791002144672,77.99514879682692,81.30190649671138,13.892443989449804,5.236801156475583,4.47213595499958,53.295898812091345,50.90492012915811,-84.95543907813251,300.97770542341357,0.7175398633257403,0.4204221845420529,0.06165937330149148,0.12926887832912234,0.05900434507386955,0.03898778141062588,0.01900314025826271,0.00796045195412657,0.03482023631697444,0.009411122835106058,0.048510978827529964,0.026322571057037152,0.012567020322650472,0.0011925163517086863,0.01164065284918528,0.005058286713280852,0.01702150593187274,0.019805450051731607,0.015533860307003896,0.009092693621988774,0.005018112349803984,0.013944260831235645,0.008516628321453716,0.009837133962050151,0.0098613464847227,0.01242560016004767,0.01187416933063523,0.0014959814346653475,0.005723787608450485,0.0032801895650806487,0.0013357646418431695,0,1.177126744063571,0.48294804291799664,10.162127276649699,4.165331501280889,0.003711757075507194,0.0018005645833909512,0.0007171740289777517,9.155413135886192e-05,2.100510224097428,0.07301950798996475,0.009002823382616043,0.002334630349650979,0.009002823382616043,0.0024414435029029846,0.00461618331005322,0.0018939138937960653,0.004608674501881949,0.0018890392296058453,0.004333562217652798,0.0018768596928566694,0.002731364918872714,0.00158693827688694,0.0027008468750864267,0.0014801251236349344,0.0013233501219358907,0.0001239297794715095,0.0011371746890750667,0.0001271818455083562,0.005279621575027704,0.0019684138242155313,529.4219496772207,531.4754940928657,381.6845317079454,381.6966608663797,0.0,0.0,531.5219954648526,381.64036281179136,524.0,548.0,393.0,370.0,0.0,0.0,17
2,18,1495,4484,613,430,554,354,581.4916387959867,392.54916387959867,2.4080034803668373,1718,0.9780308206505273,43.62903986313552,1,0.33340767172167707,0.4152817918052424,98.78701987390718,88.60022573334675,9.433981132056603,4.390478670933435,4.242640687119285,21.27097524103001,20.593175870096925,34.10254611117928,212.69343417595164,0.870197904540163,0.2421588076802036,0.007965120354064078,0.08501072648324605,0.07152520189585142,0.01249801253032828,0.0023392452348902516,0.03219885680234865,0.04852539114167124,0.036208397838010366,0.012696355524193808,0.0053963595537530485,0.000947919139751352,0.021915734589167617,0.02216469789900323,0.028597050796744947,0.021348564596303278,0.011062479385264466,0.0062077130804061575,0.0024971675679117265,0.0006216320870419647,0.00980757604678265,0.014465184380554129,0.013120655638114823,0.016961067593052048,0.013407655980252385,0.008364850216622264,0.005833284514355465,0.002540872259257343,0.001282392515665473,0.0006054309655310943,1,0.6673533311113715,0.3264667734038085,6.560296126641333,2.8051422897260636,0.0035095750354230404,0.0017853055614978075,0.0007934693712741137,7.629510946571827e-05,0.471273422619932,0.013366414416635306,0.00520332669839263,0.0021820401307195425,0.007400625851005316,0.00254825665615499,0.0038134476063506942,0.0018655244194503342,0.0043881579442416946,0.0018763493576762968,0.004165713209658861,0.0018768596928566694,0.0027008468750864267,0.0014801251236349344,0.0026245517656207085,0.0014801251236349344,0.0005665748760803932,0.0001328019826099207,0.0010324713748443874,0.00012515915519423177,0.005233844742178917,0.0019531548023223877,581.3389326885363,581.4976092691816,392.99501080805646,392.5611227459407,0.0,0.0,581.4916387959867,392.54916387959867,578.0,579.0,391.0,398.0,0.0,0.0,18
2,19,211,336,180,374,156,360,165.91469194312796,365.70142180094786,1.4792333198586656,250,0.8757994706026697,16.39065416446578,1,0.6279761904761905,0.6760258754146681,24.921450998390362,23.194827009486403,5.385164807134504,2.4296310848472427,2.0,13.0,12.028964759761658,-89.92362367412062,62.62741699796952,0.844,0.4952243011385076,0.06571450072154436,0.12862645370183265,0.11503974558892265,0.0015028171257189615,0.02056941522469919,0.03511392883998223,0.05002645839828224,0.023605531941728704,0.00864071789507245,0.01564694825871826,0.017205789414356708,0.01739153836475836,0.0070816636978746055,0.007998178329765676,0.018373625045752635,0.001791543550024616,0.0054220268642606265,0.016342797247326665,0.00650596508440937,0.004907656345453018,0.004033680620223926,0.0038795410733567246,0.00928427654998277,0.012193157767142939,0.0005962204368270784,0.0018957527159454456,0.004810755740814637,0.004656779623464965,0.004309756145946071,0,0.2601052930112928,0.1043411917053163,0.9385824545752257,0.3926756693981588,0.00396734569221735,0.0017700465396046638,0.00046540016774088144,9.155413135886192e-05,0.6859084566233371,0.046117417997660295,0.00634775310754776,0.0021057450212538242,0.006958113983273506,0.0023041123058646917,0.004644737375201657,0.0018632355661663627,0.004448258078555572,0.0018610221298490939,0.004333562217652798,0.0018616006709635258,0.00334172579459846,0.0016632333863526583,0.0032349126413464546,0.0016174563206732273,0.0008041326885023655,0.00010933987681792945,0.0007058552715413009,0.00012258499022786817,0.004871442914009094,0.001937895780429244,166.56785890588802,165.96044143934094,365.4920338126911,365.7072355638455,0.0,0.0,165.91469194312796,365.70142180094786,173.0,160.0,363.0,364.0,0.0,0.0,19
2,20,343,810,84,389,54,362,68.76384839650146,375.04373177842564,1.7152156844506958,390,0.89915437499589,20.897874625046462,1,0.42345679012345677,0.5830170567267484,33.712203341327296,31.906112267087632,7.0710678118654755,2.8265109664081765,2.8284271247461903,16.00048076200789,14.753525203044173,-51.551498713071055,85.98275605729691,0.8794871794871795,0.42481025002549344,0.07489732675818003,0.12008557258860095,0.0938810471557313,0.039767191528190575,0.0296208183669223,0.0271065870116947,0.04672160484263287,0.02080890058312387,0.018033351795674595,0.02347193630335276,0.01422872115041468,0.017960898488452053,0.007363262672956542,0.01417018839674711,0.022893175257243846,0.00545970477250911,0.004922997230474716,0.007224507690026211,0.009511183777034365,0.00041371879846043203,0.0038918041646422274,0.012164810830389025,0.010824206141680254,0.016925408055927134,0.0037254085299304514,0.004424627951275616,0.004513852786576365,0.001420404188110727,0.0018486571421026045,0,0.37041276320815086,0.12816052488051355,1.6657206451054662,0.64115358190611,0.004379339516162872,0.0017853055614978075,0.0004272526130080223,9.155413135886192e-05,0.6308828337494964,0.0528534005021667,0.007049668114632368,0.002151522086933255,0.007049668114632368,0.0024414435029029846,0.005368300916060158,0.0018573989113117905,0.004856328411386199,0.0018692524253822451,0.00474555604159832,0.0018616006709635258,0.003784237429499626,0.00158693827688694,0.0035400930792093277,0.00158693827688694,0.0007069032180990015,0.00011480356611898531,0.0006525759833079109,0.00013390434258683787,0.005237659439444542,0.0019531548023223877,69.2340628112695,68.71852539387882,374.62312322636785,375.07092198581563,0.0,0.0,68.76384839650146,375.04373177842564,80.0,61.0,371.0,380.0,0.0,0.0,20
2,21,801,1716,159,407,120,363,138.23470661672908,384.44194756554305,1.613465207243201,860,0.9375839457782991,31.935323316554435,1,0.46678321678321677,0.6197840495789928,54.80523568705444,50.32891812864648,8.602325267042627,4.1354375935239425,4.0,18.101263003626407,19.059015733221287,-39.83171837656169,127.4386001800126,0.9313953488372093,0.4026312180548225,0.013718178301951005,0.13410800849774668,0.10447904209963418,0.005231917858247766,0.016340921095150274,0.04203204362621444,0.05700513536494337,0.04254844854288589,0.0008189864590140045,0.007695808540465409,0.012464412607066142,0.019152423745353118,0.015315731440046623,0.01919004813121099,0.018356280305019793,0.0005993466259731206,0.001180797935160357,0.004606477254037992,0.007707016745377404,0.0008225546273105781,0.001791312488561886,0.0006445803705485497,0.0017890685492699303,0.0077247978047803095,0.000634753629162548,0.0014025240489867873,0.00224535704453165,0.0006198433085582386,0.003942315707479914,1,0.470801871502772,0.1932249942328781,4.949111248599365,1.518852521199733,0.0043373770313337445,0.0018005645833909512,0.0014801248908042908,9.155413135886192e-05,0.8311702454733975,0.03621901647379476,0.007232776377350092,0.0023956664372235537,0.011627375148236752,0.0023956664372235537,0.004570891956337592,0.001875970817794933,0.0061786657285884715,0.0018961954072406154,0.005584802012890577,0.001892118714749813,0.002868696115911007,0.001632715342566371,0.002868696115911007,0.0015564202331006527,0.0009488169275334638,0.0001346100450991931,0.002128032454764996,0.00013285760747805238,0.007721065077930689,0.001983672846108675,138.35559288886046,138.20077759247724,383.61961522021636,384.4292732423798,0.0,0.0,138.23470661672908,384.44194756554305,139.0,139.0,382.0,380.0,0.0,0.0,21
2,22,1418,3108,353,404,269,367,311.4527503526093,386.77150916784205,2.512269069107615,1613,0.9778809013038868,42.490630431125176,1,0.45624195624195624,0.3980465358176028,94.93354858480156,86.02325267042627,9.055385138137417,4.279692442061651,4.123105625617661,19.99783772095157,19.856536417562424,-74.12616567979968,211.58073580374355,0.8791072535647861,0.24398022627492708,0.012995584348314567,0.08752559267476592,0.07056468645568616,0.014993148509712145,0.0071558901596861305,0.03541941176293773,0.04667515474265243,0.03570768311459968,0.012726249238483426,0.01089066576851669,0.004331865792741536,0.024923767064312114,0.0205277852956598,0.02714828962875474,0.021092752297845793,0.009387014042789089,0.01032449978784099,0.006673890769558705,0.0028330309573849437,0.011597279666362254,0.013655708272071332,0.011443520565901767,0.015980479797822408,0.013324088998777042,0.006328404163337483,0.0073610797699675155,0.006420705279324882,0.003815868572894154,0.001973812064508756,1,0.8657969136256725,0.34554055077023804,9.149050240404904,2.6694590670522302,0.003784237429499626,0.0017853055614978075,0.0020447091665118933,7.629510946571827e-05,1.511071294046545,0.051412044439345085,0.00949111208319664,0.002334630349650979,0.014114595018327236,0.0025024795904755592,0.004731130675550123,0.0018881997309849073,0.00645208056446044,0.0018825522334641961,0.00553902518004179,0.0018768596928566694,0.0026550698094069958,0.0016174563206732273,0.0026550698094069958,0.0015716792549937963,0.001642780844181457,0.0001321466639780658,0.0028917579607977335,0.00012796010868093623,0.009018082171678543,0.0019531548023223877,312.85625509431554,311.41382621768236,386.21158873090513,386.8050965171513,0.0,0.0,311.4527503526093,386.77150916784205,320.0,321.0,381.0,382.0,0.0,0.0,22
2,23,1515,2254,258,393,160,370,208.83762376237624,380.3808580858086,2.865837409557051,1865,0.9825905590761285,43.9199033500049,1,0.6721384205856256,0.3489381486420619,108.51807043464355,97.02061636580135,8.602325267042627,4.093570170501633,4.0,22.0,20.160949982041824,88.38209841482337,233.58073580374355,0.8123324396782842,0.20490310422396046,0.008063544902119297,0.07168614597741385,0.061575634033747245,0.014022735972567478,0.0011224430474574137,0.028114904110518188,0.04148638018781277,0.032449510444505995,0.015096271652163958,0.00548784725649267,0.0011829556758694072,0.017959905406783744,0.01997529406059061,0.026205957898421676,0.02002603232860035,0.01358749928106648,0.0078443127066873,0.001925041818049725,0.001594424867201098,0.00639201446110213,0.013433063155411788,0.013377777220181037,0.0170959814617996,0.013237363408917562,0.011299297491425053,0.007186673744529725,0.004105356338007684,0.00046036923847374636,0.0016176682310838184,1,0.9367513679899275,0.38329137093387544,8.561959378421307,2.8498359648510814,0.003784237429499626,0.0017853055614978075,0.0014343481743708253,9.155413135886192e-05,0.3544116922230256,0.05739512944143196,0.008194094523787498,0.0022735942620784044,0.01110856793820858,0.0024109254591166973,0.004569518868243549,0.0018697140045554899,0.005651458335591621,0.0018810798447861923,0.004982070764526725,0.0018768596928566694,0.0026245517656207085,0.00158693827688694,0.0026245517656207085,0.001495384145528078,0.0012874796336740462,0.00010948097036496976,0.0021000044735002862,0.0001243937923764126,0.00746166193857789,0.0019684138242155313,208.56585183004907,208.8916975434238,380.6083392155393,380.36161679981154,0.0,0.0,208.83762376237624,380.3808580858086,200.0,173.0,381.0,371.0,0.0,0.0,23
2,24,1082,2378,85,437,44,379,64.33179297597043,407.02957486136785,1.7746749761179657,1163,0.9541443307543317,37.116642997494345,1,0.45500420521446594,0.5634834622999317,68.37125107361989,63.28506932918696,9.848857801796104,4.489599317276574,4.242640687119285,19.604499921122066,20.466725432612602,31.273285912446873,155.3380951166243,0.9303525365434222,0.34398132020061073,0.0018566026672682775,0.12522545417664066,0.09137186582677793,0.001408614720835489,0.0029180946751149496,0.043684047433736745,0.057848999766893165,0.04189188371857957,0.0007105016049454993,0.0007319748152496117,0.003133109166246388,0.021604794340255747,0.022564031550691956,0.02516699401434518,0.022595550608602397,0.0002649885707481439,0.00046275173409077283,0.000622657012578864,0.0028030945768149065,0.00798289562590788,0.006792765381255961,0.0067276902370060196,0.00971079165439537,0.013000759560907614,0.0004965178363889953,0.0004522026154372403,0.0008764886102840778,0.0006426017560240251,0.002228069943681114,1,0.6965591027401388,0.24132143124006689,8.090943879913539,2.059098191326484,0.004669260699301958,0.0018158236052840948,0.00236514862626791,9.155413135886192e-05,0.781185025049018,0.12864435346177155,0.009430075995624065,0.0023041123058646917,0.017120622098445892,0.0025024795904755592,0.005441867990157334,0.0018853236815630225,0.007477766986981089,0.0019030482359764177,0.006759746931493282,0.001892118714749813,0.0030212863348424435,0.0015716792549937963,0.002990768291056156,0.0015716792549937963,0.0014322157618841837,0.0001305517311319482,0.003173553636642056,0.0001265928754150633,0.0099717709235847,0.001983672846108675,64.2556804338935,64.25852396937967,406.2521065827227,406.92383450790334,0.0,0.0,64.33179297597043,407.02957486136785,67.0,55.0,411.0,390.0,0.0,0.0,24
2,25,667,1247,553,414,510,385,531.1019490254872,398.6791604197901,1.5566452559640427,716,0.9268091253189892,29.14190756176324,1,0.5348837209302325,0.642407122733106,47.984942711527694,44.77722635447622,8.54400374531753,3.90642670076271,3.605551275463989,16.994116628998402,18.019917424958873,-62.994069768307966,114.22539674441617,0.9315642458100558,0.4222964076054281,0.009672366220657142,0.14688247089723455,0.10304480307426792,0.0049697840633692,0.009036738185507315,0.03653976661726145,0.05958842938918861,0.04019301844463306,0.003731739063850382,0.0017394961358494384,0.008235228472424605,0.013689228978757094,0.011918061204320436,0.017640740458107824,0.01758422009213567,0.002595033709734088,0.0012183523391697511,0.00230589684163857,0.006601531038590603,0.0016744159954347625,0.002053277693217991,0.005839425231358882,0.0024426445647082688,0.007899388127622232,0.002061868045914372,0.0030246601438976037,0.0008774052422442799,0.002605511574321875,0.004897854848012397,1,0.5705043189227581,0.1816281375940889,5.519874956225976,1.2730144194792956,0.006038757972419262,0.0018310826271772385,0.002189669292420149,7.629510946571827e-05,0.7064200596866239,0.056545723656982544,0.009750515222549438,0.0021362630650401115,0.014099336229264736,0.0023956664372235537,0.005942753322112064,0.001891959766605093,0.008275674597040445,0.0019085673455461704,0.008270390331745148,0.0019073777366429567,0.0034637979697436094,0.0015564202331006527,0.0034637979697436094,0.0015564202331006527,0.0017031717844528751,0.00012206213699151397,0.002550850722594395,0.00012642686249333138,0.010391393676400185,0.001983672846108675,530.4520808831663,531.0571517614202,398.4022115105594,398.7136658395963,0.0,0.0,531.1019490254872,398.6791604197901,533.0,542.0,398.0,396.0,0.0,0.0,25
2,26,725,1305,510,415,465,386,488.02620689655174,398.831724137931,1.5557464813020647,787,0.9285009110732293,30.38253889873249,1,0.5555555555555556,0.6427782495532698,50.63575410040091,47.01063709417264,8.602325267042627,4.028188546673787,3.605551275463989,18.335757415498275,18.802580654367475,64.93099171864137,119.05382386916237,0.9212198221092758,0.4176917058520329,0.015114885928897615,0.14089134229649153,0.1039537643334446,0.021909768776256673,0.0012100456695777848,0.03610926340836638,0.055938268414092766,0.0431934465290665,0.01626523283998094,0.003341059027044557,0.003254528516200091,0.011702990976243324,0.0116022020298218,0.018057343986936408,0.020169181730413117,0.0047141207174030515,0.0036462523830392323,0.0015504885140045744,0.002778912094304125,0.001757787788741884,0.001154992443337848,0.0031339507244779745,0.0021249154615947392,0.009620691241498168,0.003975629270580917,0.0035194220850951804,0.003304134536600756,0.0015133541362399772,0.001648822755247472,1,0.5731288734823465,0.18966964213177562,5.644098658347502,1.3970855264924467,0.005832761176861823,0.0018310826271772385,0.0018997483421117067,9.155413135886192e-05,0.5581474033354451,0.05251952398890712,0.00885023269802332,0.0021820401307195425,0.012863355688750744,0.0024109254591166973,0.005731288734823465,0.001896696421317756,0.00778496366668621,0.0019270145192999265,0.007606622530147433,0.0019226367585361004,0.003738460363820195,0.0016632333863526583,0.003738460363820195,0.0015716792549937963,0.0011758044480650834,0.00011787038852447866,0.00227041109297092,0.0001275608479032268,0.00963607244193554,0.0020141908898949623,488.57680204319547,487.97961947617904,398.740217262001,398.8074772275497,0.0,0.0,488.02620689655174,398.831724137931,487.0,500.0,395.0,398.0,0.0,0.0,26
2,27,2581,5700,424,425,274,387,348.7845796203022,409.00077489345216,3.8256356054975793,3414,0.9901073991726185,57.325659742923634,1,0.45280701754385966,0.2613944722186722,166.86273061057744,151.79591562357663,10.0,4.514993722563771,4.123105625617661,27.200108397705716,23.41277255542958,-83.78517167148094,352.2497833620557,0.7560046865846515,0.14261918518190503,0.006599974613686254,0.05414382022986355,0.04193086969258898,0.00968786917047407,0.0035240660066114043,0.023044184941432747,0.031346367356872226,0.022194093363667775,0.008791750618196353,0.0075562792720839855,0.00213005050988767,0.016391125987982362,0.017350174367032182,0.0199316433172732,0.0142230776667995,0.007889668191677605,0.008149787180322615,0.0052152039157890955,0.0014933931224145084,0.009708107811858066,0.012340678030173639,0.011999906206446316,0.013818955236302086,0.00999859926329666,0.006820772912786681,0.007550047949982395,0.00627355534249891,0.0036065717843770198,0.0011595978040377822,1,1.4283817997202277,0.5791714349761605,15.038773357868195,4.856382084777579,0.0035400930792093277,0.0018005645833909512,0.00157930888235569,8.39246204122901e-05,2.3314764757304305,0.05433813733808072,0.009979400783777237,0.00254825665615499,0.012771801091730595,0.00254825665615499,0.0046076832249039605,0.0018682949515360016,0.005826723501692443,0.0018815893393171557,0.004844739567488432,0.0018768596928566694,0.0026703288313001394,0.0015564202331006527,0.002563515678048134,0.0015106431674212217,0.0015882177398864868,0.00012508776407114635,0.0026303306214057695,0.00012428540421133985,0.008010986261069775,0.0019684138242155313,351.11269972237403,348.8379516311981,409.12583226913847,408.9905738335905,0.0,0.0,348.7845796203022,409.00077489345216,373.0,296.0,409.0,422.0,0.0,0.0,27
2,28,989,2640,493,436,438,388,466.35793731041457,410.329625884732,2.122339711506332,1137,0.9641121574360707,35.485685983831225,1,0.37462121212121213,0.47117810338206856,70.29033513138033,66.06814663663572,8.602325267042627,3.94386797337101,3.605551275463989,20.661014048590896,18.661752760554055,51.75001359102389,162.40916292848974,0.8698328935795955,0.2884842863099831,0.02840932548350602,0.10811328673918255,0.07310246413493983,0.03208641581155632,0.016487520477199737,0.03779544758995634,0.044915660867351714,0.03474138464246816,0.02426258256651774,0.019882491647030355,0.011095959270172779,0.01848181612036469,0.015476712722600526,0.022604718092358842,0.01938578255864192,0.014261096756992853,0.014208004633681205,0.012666195610138516,0.0077206049830296246,0.003388871614900133,0.006845713482479092,0.005724164804356151,0.011818227020806258,0.011480794023994831,0.0050407701632195585,0.00773785947198486,0.005996342238181116,0.0081792963494662,0.005191157131944736,1,0.7739833793602884,0.25424582278355956,7.72089733206667,1.90899519296363,0.005680170957930386,0.0018348973826505244,0.0020370795391499996,9.155413135886192e-05,2.919122984881332,0.0330133291187305,0.00881971511989832,0.0023498893715441227,0.013656824827194214,0.00238040741533041,0.005819423904964574,0.0019116227276959365,0.007806771822109879,0.0019302276976376441,0.007866025902330875,0.0019226367585361004,0.003036545356735587,0.001632715342566371,0.003036545356735587,0.0014496070798486471,0.00140430083364449,0.0001323304058306309,0.002530917992155722,0.00013280830763867847,0.009842068888247013,0.0020141908898949623,468.8144524742374,466.3425814908957,411.90658886805505,410.30040125973176,0.0,0.0,466.35793731041457,410.329625884732,468.0,484.0,411.0,416.0,0.0,0.0,28
2,29,1574,5187,614,485,557,394,581.9174078780178,440.6886912325286,2.886349104826942,1936,0.9843582687893238,44.76694141230944,1,0.3034509350298824,0.3464584371750684,112.9415692445621,100.84641788382967,8.54400374531753,4.111105969037279,4.061552812808831,21.39626315833335,19.8978553597082,29.34775032825074,238.93607486307093,0.8130165289256198,0.19705791970630734,0.016407110791846976,0.06690932041400603,0.05851004212993978,0.021503122540616693,0.008908679806791067,0.02358833805512241,0.03754099282200131,0.030537452623743723,0.019617276071957766,0.014792288576913656,0.005720997247998971,0.014855915178499577,0.014788798874858018,0.023156475578134217,0.01879718554378438,0.015888840234463904,0.014706671131007784,0.00971709327973185,0.004019759214167795,0.00372947983436943,0.009092184894043228,0.008661344807121454,0.01510964809316174,0.012440809328674553,0.011934883344742242,0.011998373591341717,0.009686396341296526,0.006460414786077188,0.0029442195375464315,1,1.12927445047535,0.3779201952274889,12.059434018330649,3.0083314252551645,0.004013122990727425,0.0018310826271772385,0.0026398110203444958,9.155413135886192e-05,0.9515621748846511,0.18384444121326282,0.010910200886428356,0.002334630349650979,0.01716640032827854,0.0025787746999412775,0.00564637225237675,0.0018896009761374443,0.007661648042141454,0.0019112652002891768,0.00633249431848526,0.0019073777366429567,0.0027161058969795704,0.00158693827688694,0.0027161058969795704,0.00158693827688694,0.00209922575689188,0.00012231776524876254,0.003977297182055359,0.0001276388110005457,0.011154345236718655,0.0019989318680018187,580.9659174066421,581.8289077914898,440.70037265164177,440.52754994902386,0.0,0.0,581.9174078780178,440.6886912325286,583.0,581.0,449.0,434.0,0.0,0.0,29
2,30,1296,3360,488,460,428,404,459.73765432098764,430.35493827160496,2.1023272509437008,1511,0.9583634580286154,40.621650015438455,1,0.38571428571428573,0.4756633390691749,79.36879525462047,73.40980860893181,10.816653826391969,4.507950322022143,4.242640687119285,24.66830192777768,22.663853962315553,49.68797903259231,185.03657992645927,0.8577101257445401,0.30572870122236057,0.01615546394934671,0.11141119647453408,0.08246725301508046,0.017345748328436005,0.007541897788576955,0.04127631569388805,0.05286838115331298,0.03890933419776728,0.01385228802793459,0.0014698719258152055,0.008567395966293731,0.0223240960793684,0.022414269827464146,0.026011365305149258,0.021194196736343464,0.007666968090001086,0.006133432952126159,0.005609259620148813,0.007310552119256722,0.008614651915311942,0.010560159959660562,0.00892148201849874,0.012603220419812903,0.011992871926847679,0.00253927610124186,0.00702691832336736,0.004185391803646315,0.004719945064791412,0.005645729028428578,1,0.7895018060225993,0.2826123444829136,9.364538154797629,2.4728770880028605,0.0042114900425076485,0.0018158236052840948,0.0021515218541026115,9.155413135886192e-05,0.29557678135309784,0.017597468501153513,0.009094377048313618,0.0022735942620784044,0.016510261222720146,0.002471961546689272,0.005298669839077848,0.0018967271441806283,0.007225723884874713,0.0019080841728417134,0.006042572669684887,0.0019073777366429567,0.0029755092691630125,0.0016479743644595146,0.0029755092691630125,0.0012970168609172106,0.0016566609641496045,0.0001223880161562321,0.0034180761635276315,0.0001288687566848609,0.009735256433486938,0.001983672846108675,460.02909542483485,459.72491669751946,430.3056664067795,430.3670800937924,0.0,0.0,459.73765432098764,430.35493827160496,459.0,453.0,431.0,421.0,0.0,0.0,30
2,31,397,798,520,427,482,406,499.39294710327454,416.1183879093199,2.05101376833869,522,0.9089325489841183,22.48279562821002,1,0.4974937343358396,0.4875637674582723,40.65919209601051,38.3275357934736,6.324555320336759,2.645193051490689,2.23606797749979,18.741484552810732,16.95257314366909,82.8529167093718,101.1543289325507,0.7605363984674329,0.34409537049684114,0.07657283046181115,0.08273905533870006,0.06375191961285638,0.07470621146039746,0.01530711344350549,0.03257078951330101,0.024360794563994006,0.03581624890178355,0.028725147610905007,0.02487812767413201,0.007452021265126616,0.03334266247950654,0.004967162728037361,0.01686798294130065,0.021822990156067968,0.0025708439731413524,0.011881066358801857,0.008978052599162442,0.004421744832550431,0.009308957517608333,0.007941761312386547,0.0018030390488883005,0.011079103776119143,0.013046897143075801,0.004898898101643054,0.003024173087616284,0.0037174972079983084,0.00572992100006572,0.0016167976537442767,0,0.5337758569512516,0.16276798653416336,2.1585565451532602,0.7576104369945824,0.004642557469196618,0.0018158236052840948,0.0005798430647701025,9.155413135886192e-05,0.46925941434985136,0.048273108633238526,0.009445334784686565,0.002243076218292117,0.009445334784686565,0.0023498893715441227,0.006279715964132372,0.001914917488637216,0.005437170138925089,0.0019083386322281673,0.005127031588926911,0.0019073777366429567,0.003830014495179057,0.00158693827688694,0.0037232013419270515,0.0015564202331006527,0.0013454994000737142,0.00012671039570626134,0.0010854095613730588,0.00012819203960670077,0.006038757972419262,0.001983672846108675,499.7542290606208,499.4360926485398,416.4178536757307,416.0967371601208,0.0,0.0,499.39294710327454,416.1183879093199,509.0,499.0,422.0,416.0,0.0,0.0,31
2,32,289,736,597,437,574,405,584.7162629757786,421.5501730103806,1.9308983125288066,336,0.9493301290108421,19.182445840623714,1,0.39266304347826086,0.517893663022755,36.055309311324976,33.24154027718932,6.324555320336759,2.4728907379091147,2.23606797749979,12.507787942190213,11.331484852494233,30.735684765759242,83.74011537017762,0.8601190476190477,0.33300111169996566,0.04031228592152573,0.10801250732974467,0.09111243817998015,0.020699401495731077,0.01660222956987555,0.03457856912955287,0.05617842362972372,0.03567334082800685,0.010438322972135422,0.014319798127684852,0.009456201557901486,0.027546435402435496,0.017883067847152604,0.022200976405377534,0.016229208307834253,0.007473917960342678,0.007204253353514332,0.010294451229065875,0.006358039880270507,0.009304590069126636,0.010625083911261301,0.006942123414301123,0.005733910286607354,0.010909151566508568,0.0041678914922723305,0.0020495399978750894,0.008153705036009337,0.00754009328848448,0.00397527690285558,0,0.3342031044885516,0.1273365376982838,1.278431398794055,0.539497978053987,0.003921568859368563,0.0017700465396046638,0.00035095761995762587,9.155413135886192e-05,0.4291557444664895,0.008158433569231205,0.007309071719646454,0.0021820401307195425,0.007309071719646454,0.002288853283971548,0.004914751536596347,0.0018725961426218204,0.004423638058110917,0.001866775010567429,0.004242008086293936,0.0018463416490703821,0.0035553521011024714,0.0016632333863526583,0.0032043945975601673,0.00158693827688694,0.0010940890386766857,0.0001117280395301029,0.000789123297759424,0.00012425300407132802,0.004634927958250046,0.0019531548023223877,584.4957986110277,584.7241769430931,421.9183714852329,421.55215522117885,0.0,0.0,584.7162629757786,421.5501730103806,582.0,591.0,426.0,432.0,0.0,0.0,32
2,33,1111,2211,558,442,491,409,524.5193519351935,425.004500450045,2.030452203319526,1208,0.9644346566341137,37.61075822422045,1,0.5024875621890548,0.4925011277611606,74.02299012028085,68.96375859826666,9.433981132056603,4.271796935657152,4.123105625617661,18.910634564819027,19.565859062458376,-71.78874073390406,168.36753236814712,0.9197019867549668,0.29689290477529345,0.01786101172173121,0.11251412984214049,0.07808346766810077,0.020659260285655606,0.010203411664585542,0.04073977328739789,0.05201737482396699,0.03675115974654957,0.01498755026681905,0.015605308876889016,0.005692387148762231,0.026128074342728614,0.01772542304127634,0.026914996854947085,0.02030617475376772,0.008231747940160019,0.011291617593814297,0.00892239890769433,0.00331946411408881,0.00905258127090267,0.009197780273901597,0.007411570388134626,0.01372179856300626,0.012089972044576828,0.002858204542922806,0.005644916129653897,0.005484200841410332,0.00422653805144597,0.00202213099364621,1,0.8298313999548554,0.2798809795640409,8.445655115647241,2.150560768553987,0.004852368962019682,0.0018463416490703821,0.002586404327303171,7.629510946571827e-05,3.723591215149062,0.05040251423900105,0.010498207062482834,0.002334630349650979,0.013900969177484512,0.0024414435029029846,0.005683776712019558,0.0019169930107126088,0.007601849789061424,0.001935698261524741,0.007713435683399439,0.001937895780429244,0.003265430685132742,0.0016479743644595146,0.0030518043786287308,0.001495384145528078,0.001969059665146875,0.0001222812028423156,0.0028012366570737426,0.00012974305077490474,0.010131990537047386,0.0020141908898949623,520.8420772972614,524.4722890369455,425.5899769865147,425.02254198684517,0.0,0.0,524.5193519351935,425.004500450045,521.0,516.0,424.0,432.0,0.0,0.0,33
2,34,250,418,64,430,45,408,54.128,420.416,1.4190805902884394,285,0.6417328335332726,17.841241161527712,1,0.5980861244019139,0.7046816134640683,21.613815561674024,22.135943621178654,7.0,2.792610071756496,2.23606797749979,16.339817541995366,16.576246163288538,17.72393947931888,66.76955262170047,0.8771929824561403,0.6198635447493173,0.08254425736413103,0.15028731617854102,0.05869066681512986,0.022839839099124976,0.05571803895366287,0.0009335855432949689,0.025797859002209846,0.04354179127123053,0.019880630735704244,0.023009002506901105,0.01720232416041811,0.0008347178731948227,0.01407922113209498,0.009337421118504012,0.001843543263626688,0.0070570498545032626,0.007876839945889414,0.009124627048767936,0.01954756072890608,0.004351273079899265,0.010229379472314785,0.008313534417086748,0.001739975925838578,0.0016229615563946834,0.007916258442097129,0.0021074035078514565,0.007015568302127055,0.005018682629835524,0.0036990956687441754,1,0.35306325601413846,0.10429541463963687,1.4495308166369796,0.46526283654384315,0.005157549399882555,0.0017853055614978075,0.0004577706567943096,7.629510946571827e-05,0.4237626058197361,0.029761521372403385,0.011306934989988804,0.0021362630650401115,0.011306934989988804,0.0022278171963989735,0.006304701000252473,0.0018624181185649441,0.005798123266547918,0.0018610513461753725,0.00555428396910429,0.0018463416490703821,0.004074159078299999,0.001632715342566371,0.004074159078299999,0.001632715342566371,0.0015189656083935085,0.0001077595217024875,0.0010763419768366656,0.0001110650358640044,0.0061036087572574615,0.0019226367585361004,53.79518923238101,54.10042307566167,420.67831991736807,420.4048079761241,0.0,0.0,54.128,420.416,48.0,61.0,427.0,421.0,0.0,0.0,34
2,35,1524,4544,476,474,405,410,438.8989501312336,443.0846456692913,2.3157556874343115,1797,0.9740526868786722,44.05016533653861,1,0.335387323943662,0.43182448192880274,95.88472385656254,86.83317338436964,9.848857801796104,4.53590067675211,4.242640687119285,22.662527748122585,21.70076220631949,48.747744611675444,210.5929291125633,0.8480801335559266,0.25734974352471984,0.013974285588831906,0.0908961293630231,0.07375500605859589,0.019520151348787505,0.005118488383261536,0.0351966259979184,0.04709284273406288,0.037248927611432864,0.018774390112416914,0.009166434331182638,0.0025180501048056017,0.02406392896592459,0.0178719922167584,0.028315235861900153,0.021486386170869367,0.01429310084848965,0.010236094590381661,0.004304545307192509,0.0015340797841948677,0.0068894253964308285,0.012230971049656132,0.01065569628882725,0.0166388029320761,0.012999109539476288,0.009312534770611421,0.007422923923105548,0.005207282070593505,0.0019583360623745185,0.001130467937612948,1,0.8222018897067755,0.31960021355189383,8.973159512970597,2.8821698322426528,0.003906309604644775,0.0018005645833909512,0.0013885712251067162,7.629510946571827e-05,0.9573268926347126,0.009765297920677927,0.00781261920928955,0.002197299152612686,0.011444266885519028,0.0024414435029029846,0.004836481704157503,0.0018800012561876107,0.005887899942894092,0.0018911875539649953,0.005050736479461193,0.001892118714749813,0.0028381780721247196,0.0014343480579555035,0.0028381780721247196,0.0014343480579555035,0.0011491959271514114,0.00012378683765778759,0.00229695401549029,0.0001243422519521563,0.007888914085924625,0.0019684138242155313,439.2545999426538,438.9046023199547,443.973458355406,443.0766823906863,0.0,0.0,438.8989501312336,443.0846456692913,432.0,423.0,444.0,441.0,0.0,0.0,35
2,36,376,693,411,433,378,412,395.4308510638298,422.3510638297872,1.721309743471751,445,0.8197407744628822,21.880083839428522,1,0.5425685425685426,0.5809529654918911,31.779078957846394,32.7566787083184,7.280109889280518,2.9434203421446394,2.8284271247461903,18.747627182184377,18.200981977267674,85.44278473013583,90.18376618407356,0.8449438202247191,0.44600903951622606,0.08596256287873251,0.134229591187454,0.05925557727078094,0.05691038681815364,0.02737932883139506,0.019888766422987047,0.028402535924296174,0.04132266182953608,0.016798826365009116,0.012658765209346128,0.015885814277296337,0.00027039444612249027,0.013275731323359775,0.023807326711971034,0.03286304429641215,0.005033492380588236,0.005417892318314783,0.006854613496843346,0.0031695264429819547,0.005973019877961105,0.006470006705600527,0.008799139736215498,0.01322702107405246,0.00924997272828478,0.0073042929826565095,0.006867272616165211,0.004228735018427947,0.0008065377834187414,0.009092768550843603,0,0.43341726483777165,0.1465323872398585,1.8014801556710154,0.6990920880343765,0.003738460363820195,0.0017700465396046638,0.0007476923055946827,7.629510946571827e-05,1.6296381072620807,0.019395825561678175,0.010070954449474812,0.002121004043146968,0.010070954449474812,0.002243076218292117,0.005486294491617362,0.0018548403448083355,0.0047911706267846155,0.0018592874681765332,0.00428778538480401,0.0018616006709635258,0.002914473181590438,0.0015259021893143654,0.0027466239407658577,0.0015259021893143654,0.0021137356531051275,0.00011433629957465485,0.001496800999676074,0.00012303313792631714,0.005447471048682928,0.001937895780429244,393.9873538561477,395.4443522863691,423.10739455906827,422.33713849176036,0.0,0.0,395.4308510638298,422.3510638297872,381.0,392.0,426.0,420.0,0.0,0.0,36
2,37,380,960,575,451,545,419,560.0421052631579,433.15526315789475,1.882459632735401,465,0.9058564548894054,21.996159369293583,1,0.3958333333333333,0.5312198905146777,37.20766603525403,34.828149534535996,7.280109889280518,2.8302799171801194,2.8284271247461903,18.07837567530458,15.760601791125312,40.933963680368244,94.8111831820431,0.8172043010752689,0.39172428565360884,0.06942805217159344,0.10818994568505276,0.09942067733625866,0.02574085617778852,0.014384155081384438,0.03681763640225982,0.05064619774004024,0.022052313029564532,0.014482021371790514,0.01130095862990094,0.023269459960588747,0.02390370650012003,0.013244024553493891,0.016850073134962756,0.009279487613248743,0.006019081852376301,0.010580762058664147,0.010457412976343452,0.022522373181078692,0.004945493363573188,0.007549460081740868,0.006571044805174339,0.008828642059277737,0.00964006127400424,0.001438924321311645,0.005743057697265661,0.0077147631901903465,0.007910345188229062,0.012053498080287384,0,0.4140230482444167,0.14665445941500366,1.8232547815423459,0.7168078124523163,0.003830014495179057,0.0018005645833909512,0.0007019150070846081,7.629510946571827e-05,1.8791102157514425,0.0388119931931234,0.009567406959831715,0.0021820401307195425,0.009567406959831715,0.0023193713277578354,0.0053769227044729445,0.0019046033690260215,0.004798038898795647,0.001886336348558727,0.00442511634901166,0.0018768596928566694,0.0028992141596972942,0.001678492408245802,0.0028992141596972942,0.0016021972987800837,0.0018158745300977995,0.00011473563952963219,0.0012848636775869074,0.00012362690544064948,0.005447471048682928,0.0019684138242155313,561.5542611744368,560.0661188692098,434.2708077347386,433.1857544277929,0.0,0.0,560.0421052631579,433.15526315789475,574.0,549.0,446.0,427.0,0.0,0.0,37
2,38,1070,1701,415,451,352,424,383.60747663551405,436.28878504672895,1.8619102593039878,1170,0.954446249289617,36.910246719124274,1,0.6290417401528513,0.5370828132037987,68.41403823097197,62.64982043070834,9.848857801796104,4.439358807869887,4.123105625617661,19.48296740334647,20.413579380803455,78.636323278246,158.22539674441617,0.9145299145299145,0.34709969754563674,0.015014433874144355,0.12042051567681639,0.09370568762723347,0.016657704126545325,0.008329753238375745,0.04046897794153139,0.05645791702344657,0.04247055171916757,0.012381756361301144,0.008561647600055,0.005104308676358731,0.022273729224739736,0.01873537059999828,0.025394772836447383,0.021712309270222066,0.00700555677120687,0.005494654610458613,0.003929187849727788,0.003190666235275603,0.0054065930689345286,0.007514016832938949,0.005148879470874763,0.009243388516247899,0.011407295977752205,0.0019798157598903032,0.0014105370087701618,0.000813015159131054,0.001758143084434546,0.0019127985316047052,1,0.8399176162201911,0.26378271146677434,9.586404328932986,2.02806134079583,0.005371175706386566,0.0018158236052840948,0.00318913534283638,7.629510946571827e-05,0.7799821535194132,0.02660601295443979,0.01254291646182537,0.002151522086933255,0.01774624176323414,0.0024109254591166973,0.0059994115444299365,0.001884162224762674,0.00895925638218036,0.0018953844306503083,0.008239871822297573,0.0018768596928566694,0.0034485389478504658,0.001541161211207509,0.0034485389478504658,0.0014801251236349344,0.0021873194950694586,0.00011452935865938413,0.00391568029553676,0.00012758599177555428,0.012184329330921173,0.0019684138242155313,383.49593869008294,383.5894935632651,435.5168190846958,436.2691766547036,0.0,0.0,383.60747663551405,436.28878504672895,381.0,362.0,433.0,430.0,0.0,0.0,38
2,39,253,728,465,451,437,425,449.8616600790514,437.5098814229249,2.012159228692261,277,0.9743797165170386,17.94796937867892,1,0.3475274725274725,0.49697856200471674,38.228322690591156,35.35533905932738,4.242640687119285,2.186040822982932,2.23606797749979,8.322397195638239,8.597903156028405,47.970626149670515,79.9827560572969,0.9133574007220217,0.25770368385439696,0.00930678431982176,0.0987675342458688,0.07153698979882517,0.009133661719834131,0.004046337895111057,0.041504908342272155,0.04942816146920018,0.035952600667318466,0.006587878728578918,0.005729205572598783,0.0023511592643588202,0.024213155213759465,0.02559837252489108,0.026877286443504643,0.02166958877092706,0.00506788734965728,0.004235682629483287,0.004003069809904629,0.0014374027116870645,0.011991828721051855,0.01465946699924579,0.013338418476922652,0.015463787696675644,0.014139659982851733,0.003381970664606941,0.0029566158392516943,0.002837485039721428,0.002829676793133546,0.0008680524706589351,0,0.38933395175263286,0.1195086594671011,1.4496986661106348,0.47907225135713816,0.005264362785965204,0.0018005645833909512,0.00040436419658362865,9.155413135886192e-05,0.16101601576691704,0.05276415140874799,0.008361943997442722,0.0023651483934372663,0.008361943997442722,0.0023651483934372663,0.0061799039960735375,0.0018969628486841443,0.005730034253401718,0.0018935662108977792,0.005622949684038758,0.0018768596928566694,0.004074159078299999,0.0016174563206732273,0.004074159078299999,0.0016174563206732273,0.0010418967079767328,0.00014508686564202591,0.0007411970096518921,0.0001319195079569461,0.006145571242086589,0.001983672846108675,449.7982127426669,449.8293731685565,437.361892934051,437.4681488087654,0.0,0.0,449.8616600790514,437.5098814229249,457.0,447.0,439.0,430.0,0.0,0.0,39
2,40,1564,3835,593,495,534,430,564.8631713554987,461.28644501278774,2.03597400482263,1778,0.9545949743097091,44.62450725740055,1,0.4078226857887875,0.4911654066462986,83.95896325296415,77.98717843338096,11.661903789690601,5.064516570081119,5.0,27.73719027114915,25.011942344895395,41.5890032195901,200.03657992645927,0.8796400449943758,0.32741641696247853,0.022306239540827506,0.11779827138972464,0.08512192224938021,0.028708014194715636,0.007194558240721643,0.03545149996478563,0.052646217905485314,0.03999587117673648,0.02336040015389761,0.010296064248574632,0.0037627213270510352,0.015565882707813603,0.016073043330935954,0.02622582496283887,0.02178482570094198,0.013168295322024655,0.00797937202856479,0.004285528443758226,0.002313873765645726,0.0023017400518604725,0.004934474351106172,0.007472631786180905,0.011268570057964993,0.012802914997769026,0.004021366435383504,0.0025879999534345506,0.002809954030485608,0.0013956621787417699,0.0016681531828482523,0,0.7177081063855439,0.30608072015456855,7.479087650543079,2.94273289013654,0.003921568859368563,0.0018005645833909512,0.0008239871822297573,7.629510946571827e-05,0.6292690830807154,0.012144504386679553,0.008758679032325745,0.002243076218292117,0.008758679032325745,0.00254825665615499,0.004376268941375268,0.0018663458546010277,0.0047820253520096416,0.0018815427686295013,0.004715037997812033,0.0018768596928566694,0.0025024795904755592,0.001541161211207509,0.0025024795904755592,0.0014343480579555035,0.0012508235505369763,0.00012343198334500432,0.0010573501306629814,0.00011903845966209294,0.00553902518004179,0.0019531548023223877,565.134299860792,564.8751011138074,460.71858154985085,461.28417128160453,0.0,0.0,564.8631713554987,461.28644501278774,576.0,579.0,452.0,483.0,0.0,0.0,40
2,41,1145,3120,637,496,589,431,615.7082969432314,460.6620087336245,2.397261598328156,1435,0.9661279180665375,38.18192345497751,1,0.36698717948717946,0.41714262669430713,82.03250969000008,73.57309290766564,8.54400374531753,3.9302034104541126,3.605551275463989,22.9796646350072,21.1696086278493,31.829630625799876,185.7228714274745,0.7979094076655052,0.26932556414590086,0.018371212940199347,0.08826025071636143,0.07705376021992599,0.03021450202402334,0.002451629333668662,0.02522100135175791,0.046637159053953756,0.03829896965807776,0.028251035923429382,0.011156227994263822,0.0037234676274176207,0.011639049661008342,0.014537860443553449,0.027163349524397657,0.02161857569146698,0.019558636986236187,0.014607242580967905,0.0024602210771807373,0.004292959135934837,0.000973306216650859,0.005415169770834773,0.008948198407317068,0.015178917503818034,0.012640923713471112,0.011116931010366256,0.010210773950979636,0.005467739427495878,0.0010897837962765562,0.003900129437822315,1,0.7590600568801165,0.28766308072954416,7.3909972994588315,2.1751583118457347,0.005233844742178917,0.0018158236052840948,0.0012817576061934233,9.155413135886192e-05,1.0984380479886684,0.1260321430299308,0.007553216069936752,0.002334630349650979,0.010391393676400185,0.0024872205685824156,0.004961176842353703,0.0018801508544414652,0.006455019475509896,0.0018997015823980217,0.0065308616030961275,0.001892118714749813,0.002731364918872714,0.001632715342566371,0.002731364918872714,0.001495384145528078,0.0010000513418240995,0.0001267082197245622,0.00166498071976784,0.00012480702065039041,0.007797360420227051,0.001983672846108675,615.580788589586,615.6552624009989,459.5709964674149,460.5476783421841,0.0,0.0,615.7082969432314,460.6620087336245,620.0,593.0,465.0,443.0,0.0,0.0,41
2,42,1376,4800,571,508,507,433,544.3888081395348,469.85029069767444,3.207998464760651,2006,0.9754004172696954,41.85663165563593,1,0.2866666666666667,0.31172084743332634,100.67356921875233,89.27485648266257,9.219544457292887,3.8879719847855734,3.605551275463989,26.61655180288233,22.192534664071843,35.37675457582952,235.52186130069785,0.6859421734795613,0.21950202439976335,0.03180050332785396,0.06437858526598667,0.06194276852846001,0.03672232014877905,0.021019973439625184,0.018002130861608824,0.031178155250854697,0.027405143665831085,0.02638432929743564,0.028011485221082835,0.01259644074594678,0.0216007279986962,0.00665706627507195,0.016915875968996106,0.013224069785340502,0.018157961574453978,0.01644748986661843,0.020256144770173682,0.006274149998115647,0.005551978579444819,0.001821636684554208,0.00483937898518939,0.0077772501185459095,0.008250183168035686,0.010949210850672157,0.010324795565039511,0.010308312810450177,0.011970749322617583,0.0022187457490312245,0,0.8406347907148302,0.3732051574625075,6.303410494932905,2.5941557940095663,0.0036316472105681896,0.0018005645833909512,0.00080872792750597,7.629510946571827e-05,0.6143116700725867,0.07195524539225077,0.0060883499681949615,0.0023498893715441227,0.007797360420227051,0.0023956664372235537,0.004267181678755483,0.0018944424236675508,0.004580966929457053,0.0018852876409953243,0.00428778538480401,0.0018768596928566694,0.002731364918872714,0.0015716792549937963,0.0024872205685824156,0.0014648661017417908,0.0007878401700189744,0.00012916375495504077,0.0011589622782562183,0.00012407555512166057,0.0054016937501728535,0.0019684138242155313,544.0901126264149,544.3414251094066,469.31348550169605,469.79613900522327,0.0,0.0,544.3888081395348,469.85029069767444,552.0,532.0,476.0,445.0,0.0,0.0,42
2,43,2677,5100,549,503,474,435,510.81285020545386,469.40530444527457,1.91275535846349,3057,0.8345445091004624,58.38203714547849,1,0.5249019607843137,0.5228060115347405,81.82532939696979,89.87213138676528,21.02379604162864,7.481638773125014,6.4031242374328485,43.90738620705987,45.080889954309015,52.39485781535153,253.66399692442877,0.8756951259404645,0.42199607047864685,0.028477685294943978,0.19015680962129328,0.0596795027715534,0.023330946574552248,0.017758041409352117,0.04225458027953121,0.03721840789635545,0.022315463234378052,0.005618860591674758,0.019171279971824585,0.00928620852197576,0.006960463527963903,0.0011444925776559034,0.011560193844774712,0.0180524086382512,0.011153996095989462,0.005908262250443967,0.009868420541197005,0.0036452711053876134,0.016518472785550534,0.0117604208626806,0.006240594281961658,0.015450031072662384,0.013080336453885158,0.0032852467450587047,0.006158142363870642,0.003947611882048061,0.006119120607025213,0.0014008374728581958,1,0.9141680228058249,0.3954375523608178,13.94984386046417,5.069275958230719,0.004074159078299999,0.0018005645833909512,0.0009002820588648319,9.155413135886192e-05,0.6549599430272729,0.16013692950076536,0.006363012362271547,0.002334630349650979,0.01043717097491026,0.0024872205685824156,0.0043325498711176535,0.0018741116225631175,0.005210998827218592,0.001893640626907254,0.004821850918233395,0.001892118714749813,0.0028839551378041506,0.0016021972987800837,0.0027618829626590014,0.0014801251236349344,0.0006750727327818316,0.00011642344855942838,0.001443287280690078,0.00012723427828889862,0.0060883499681949615,0.0019684138242155313,511.00103588559296,510.68898755324113,470.0326469966457,469.303806270036,0.0,0.0,510.81285020545386,469.40530444527457,501.0,506.0,476.0,455.0,0.0,0.0,43
2,44,1291,3034,487,498,413,457,449.7893106119287,477.62354763749033,2.273866455653814,1415,0.9714366473416419,40.5432146265327,1,0.4255108767303889,0.4397795646765306,84.21658427487817,77.4919350642375,9.848857801796104,4.326044488344238,4.123105625617661,19.8346673062424,19.9845156326723,66.2724633931906,192.06601717798213,0.9123674911660777,0.27373059987561943,0.003354209485408484,0.10289579735246893,0.07623724343496475,0.0020610015807663454,0.005552015760497001,0.04418419575231382,0.050529760224047426,0.03788628945674788,0.001462042209216378,0.003652745546298701,0.005323922579300734,0.028567958325087715,0.02317225028084497,0.028312046010196483,0.02173473296027544,0.001309139929110248,0.000324846752418108,0.004161774315315939,0.0044156301609188705,0.012511395286812213,0.013883625251335284,0.012716353753223273,0.015532637915624615,0.01318266460309438,0.0019448110143419658,0.0012243598973389542,0.0012161287561398048,0.003676831704777205,0.003388010673818838,1,0.9095140143763274,0.298268100945279,11.191271980525926,2.439154649619013,0.004997329670004547,0.0018005645833909512,0.003410391276702285,7.629510946571827e-05,1.6130114583634654,0.025989430116626154,0.010803387500345707,0.002243076218292117,0.01759365200996399,0.0023193713277578354,0.005649155368797064,0.001852596900281236,0.008668684725426744,0.0018893529431595764,0.008018616121262312,0.0018768596928566694,0.0030670634005218744,0.0016021972987800837,0.0030670634005218744,0.001541161211207509,0.0018090909380304905,0.00012106662535403405,0.003920575301822702,0.00012826624626947883,0.012100404128432274,0.0019684138242155313,451.2628971022521,449.7638285893025,478.27955740902445,477.6286581169847,0.0,0.0,449.7893106119287,477.62354763749033,444.0,460.0,476.0,483.0,0.0,0.0,44
2,45,1361,4030,702,556,640,491,670.4011756061719,522.5422483468038,2.341312503980813,1514,0.9747951992988796,41.62786350972815,1,0.3377171215880893,0.4271108612369138,89.48673993910093,81.34494452638098,9.848857801796104,4.35810684040988,4.242640687119285,19.64101820679175,19.964633956975593,43.641736527980626,200.10764773832474,0.8989431968295905,0.2614782700904081,0.0044907296848872,0.09575242353607262,0.07486428753400791,0.004127092524961897,0.003095087174955564,0.03804216878833434,0.051522808698909135,0.03716347458772305,0.002411653282065156,0.004534646846670494,0.001956072440283333,0.024076782348160464,0.025574947577929403,0.028031575924013265,0.02178976417834673,0.0012759352900147622,0.004397716132114192,0.002613056488343564,0.0014778571664217548,0.01074778077641325,0.017073442619250232,0.012037712858824713,0.016057253601569656,0.01360886559859142,0.00024062768988238184,0.002183600018783565,0.0028753155956241293,0.0011663426735301695,0.0012798072128027268,1,0.5967650937382132,0.2984359501861036,6.144029986811802,2.5153887229971588,0.0032043945975601673,0.0017700465396046638,0.0010070954449474812,7.629510946571827e-05,1.7654141962141754,0.12932320915436132,0.005584802012890577,0.002197299152612686,0.008499274961650372,0.002334630349650979,0.00368373514653218,0.0018421972233710097,0.004514349733146071,0.0018481915672278904,0.004051270429044962,0.0018463416490703821,0.002517738612368703,0.0015716792549937963,0.0024109254591166973,0.0015106431674212217,0.0007533503545546549,0.00011220764978507219,0.001504501171635789,0.00011961522507847598,0.005722133442759514,0.0019226367585361004,669.2103270864486,670.3266745932567,521.2389574785525,522.4365407713866,0.0,0.0,670.4011756061719,522.5422483468038,664.0,688.0,521.0,533.0,0.0,0.0,45
2,46,822,1833,781,575,734,536,757.7043795620438,553.9136253041363,1.791232130340794,911,0.9455585073110208,32.35124272377035,1,0.44844517184942717,0.5582749343658452,58.118683198087275,53.600373133029585,8.48528137423857,3.970980850495508,3.605551275463989,18.694938172317173,18.9148510548803,54.9502726068494,136.0243866176395,0.9023051591657519,0.36340286344686173,0.015025907704104297,0.12710662479589954,0.09444006519814127,0.022580688647223762,0.002944885123340534,0.03561841320618991,0.058273918586432084,0.04100196766810725,0.018967465560576248,0.005092374696543474,0.003301128214179074,0.019447671370901212,0.014327664147164071,0.025899313159530465,0.019650892470120522,0.009002040547166999,0.006652478019116583,0.001993010152800198,0.002508832708490428,0.0005443692864866883,0.006269586252533713,0.0016267856820358837,0.009145845786961839,0.009366368043093525,0.0012593279389717454,0.0007064509607162843,0.000736353774209905,0.002453467244917292,0.0016053538186585057,1,0.5880064186640084,0.20646982523612678,6.38361188583076,1.5185778588056564,0.00521095609292388,0.0017700465396046638,0.002578774932771921,7.629510946571827e-05,1.0713264963641118,0.013500422083474984,0.008331426419317722,0.002151522086933255,0.013550011441111565,0.0023193713277578354,0.005250057309500075,0.0018434805824654177,0.007765951199307494,0.0018474183197149106,0.00759899290278554,0.0018463416490703821,0.002594033721834421,0.001632715342566371,0.002594033721834421,0.0015564202331006527,0.0015857330210952505,0.00012726706508760824,0.00291698763069465,0.00011937851691319733,0.010383764281868935,0.0019226367585361004,757.4219887396649,757.7118368167203,552.880186440319,553.9023713826366,0.0,0.0,757.7043795620438,553.9136253041363,756.0,752.0,552.0,556.0,0.0,0.0,46
2,47,1842,2996,499,747,471,640,484.2882736156352,692.7654723127035,2.9273707971305365,2192,0.9844954637296972,48.42837227702548,1,0.6148197596795728,0.34160346239028505,119.32218625122121,106.92053123698928,9.486832980505138,4.469987299342531,4.123105625617661,22.22508896886077,20.930309382552814,5.212428708734365,260.3086578651014,0.8403284671532847,0.20515283777135845,0.0014261032897135094,0.07345024617258758,0.06190688232407367,0.00438050281668573,0.001851524138881157,0.03260598421906288,0.04212260601246072,0.032731110383456205,0.005091037601870197,0.0020005263664271784,0.0016028585864069464,0.023320119632837304,0.02245751796080761,0.026232530819991846,0.020334814776403642,0.006005990464026232,0.0006974091931387913,0.0016723746070347457,0.0012366458797487807,0.013172800398472231,0.015980337688272273,0.014973973259554492,0.01684981122531955,0.013578042691009972,0.005424927867452559,0.001146386992216295,0.0018325808987539214,0.001006806145597615,0.0008967992067854913,1,1.0111848823726177,0.4259861141908914,9.882185275666416,3.4913099862169474,0.004318303428590298,0.0018005645833909512,0.0010070954449474812,9.155413135886192e-05,0.7259851585469049,0.05391213034631201,0.0069733732379972935,0.0024109254591166973,0.008987563662230968,0.002426184481009841,0.00443502141391499,0.00186836014996005,0.005364921430872104,0.0018953908719961713,0.005371175706386566,0.001892118714749813,0.0027161058969795704,0.0015716792549937963,0.0027161058969795704,0.0014190890360623598,0.0009624013354692381,0.0001329723134420306,0.001276726713212652,0.00013459053471504234,0.00633249431848526,0.001983672846108675,484.4862614163655,484.2935232492581,692.0670059347065,692.8191282456961,0.0,0.0,484.2882736156352,692.7654723127035,487.0,494.0,688.0,701.0,0.0,0.0,47
2,48,921,1566,478,705,449,651,462.343105320304,677.9967426710098,1.8093878223242896,1020,0.9373048607208601,34.24403043891132,1,0.5881226053639846,0.5526731127854213,58.95430145440237,54.12947441089743,9.219544457292887,4.26554683655645,4.0,19.493681538116455,20.546195568660792,15.270165674368261,144.71067811865476,0.9029411764705882,0.4002230787375717,0.007703331874510404,0.1337197403448903,0.10433323588534654,0.007948907064209332,0.0046216583468345574,0.0377341400687,0.06056537608504204,0.04189268426747684,0.0034737045191937,0.002810926492400099,0.000905884064929084,0.022571400453890306,0.012998529923831513,0.021976930507273673,0.017546420557394242,0.003373393450443983,0.0009289620848621308,0.0014019031344419115,0.0021138095186307893,0.0005318716839909734,0.0041911060091857815,0.0016538623069966877,0.002161983804104264,0.0072442405501022674,0.0009354978534327265,0.0021849808349476947,0.0022685915817919422,0.0028456300659030903,0.0026307937757334087,1,0.5605706961359829,0.2297245746012777,5.521095688920468,1.718120088102296,0.004123750724829733,0.0017853055614978075,0.0014953843783587217,7.629510946571827e-05,1.0193599453993938,0.057432865267403425,0.0068818191066384315,0.0022583352401852608,0.011657892726361752,0.0023956664372235537,0.004520731420451475,0.0018526175371070782,0.005994675015114514,0.0018654941238895723,0.0053864349611103535,0.0018616006709635258,0.0031891355756670237,0.0016479743644595146,0.0028076600283384323,0.0013580529484897852,0.0009388911988236728,0.00013099116520230006,0.0021714770287407713,0.0001288046865205455,0.007579919300042093,0.001937895780429244,462.14641056268744,462.38341163618924,676.9965397562916,678.0376564206862,0.0,0.0,462.343105320304,677.9967426710098,462.0,462.0,675.0,682.0,0.0,0.0,48
2,49,946,1320,518,714,496,654,506.0602536997886,683.8974630021141,1.9768024808853164,1072,0.9576239848346895,34.70568554746418,1,0.7166666666666667,0.5058674347434788,66.12799426736831,59.53990258641679,9.055385138137417,4.07012858254885,4.0,18.95576508724769,19.046274826093747,5.050270841529791,153.29646455628165,0.8824626865671642,0.3397699885245314,0.011645364957495376,0.11202682281012975,0.09576443949429807,0.012779164221173894,0.006089090191095635,0.03577109114276145,0.058324228525473226,0.04330212043836969,0.010068259984415863,0.006744522829068671,0.003703568646544435,0.0210435839718496,0.021892638255957303,0.025029274335736082,0.022412135689165065,0.007230969179369529,0.003748177706062616,0.0033225408322681608,0.0022540291040890315,0.0085827270501789,0.008909533092414615,0.006914985322773621,0.007649759839039843,0.012395572798007055,0.004331657410467903,0.0013098390445847163,0.0013642257878272183,0.0010136351918735458,0.0013820242126863205,1,0.8965438490267843,0.2465705347713083,9.368536005029455,1.7746700232382864,0.008102540858089924,0.0018005645833909512,0.0017853053286671638,7.629510946571827e-05,0.4183098923469295,0.04925228361290761,0.009674220345914364,0.0020904859993606806,0.014801251702010632,0.0022735942620784044,0.006740931195690108,0.0018539137952729948,0.009903315015887372,0.0018759725404210216,0.01028458122164011,0.0018768596928566694,0.0036316472105681896,0.0016479743644595146,0.0036316472105681896,0.0013580529484897852,0.001187418842778767,0.00010150402508535925,0.0023857293758592223,0.0001204399947838342,0.011841000989079475,0.0019531548023223877,505.92589341988605,506.0678658332115,683.5013184814909,683.9461234877862,0.0,0.0,506.0602536997886,683.8974630021141,508.0,508.0,696.0,684.0,0.0,0.0,49
2,50,1647,5525,130,745,65,660,94.21129326047358,704.4954462659381,2.6755764086777973,2005,0.9814674573825894,45.79329132284349,1,0.29809954751131224,0.37375123982879443,110.50179908252792,100.43903623591775,9.219544457292887,4.33393143073667,4.242640687119285,23.085739133745562,21.175336702242717,37.76498208367661,235.32085117392114,0.8214463840399002,0.20787326825721777,0.01877868387749793,0.07405436450426642,0.0589172988133131,0.024690793459510238,0.009596859239725744,0.025873758981593796,0.0384443068082141,0.030234408797117137,0.022414712300811376,0.015807214758105266,0.006059458537167012,0.015137152626400965,0.014214065586230328,0.023313926266102614,0.018364210435181588,0.01765780776627031,0.01541328982830747,0.01030072978752173,0.004181867452759696,0.002314568012891095,0.008105849853786947,0.008161829558289332,0.015003719265264961,0.012026391388522309,0.012429958116629657,0.011958461925212409,0.0098506928400816,0.006877701505970889,0.0029877024439697933,1,1.0248569627292454,0.3521934843156487,12.562340874457732,3.0562294949777424,0.0042114900425076485,0.0017700465396046638,0.0028381783049553633,7.629510946571827e-05,1.9249173026952235,0.007514508264395954,0.010818646289408207,0.0022278171963989735,0.0160524919629097,0.0023956664372235537,0.0053657432603625415,0.0018439449440609877,0.007627407938347135,0.001855634180314355,0.006805523997172713,0.0018463416490703821,0.002731364918872714,0.0016021972987800837,0.002685587853193283,0.0014343480579555035,0.0018970204188566515,0.00011225697101297241,0.003662640975265814,0.0001237629694541138,0.010696574114263058,0.0019226367585361004,92.66498840550231,94.21278645963353,703.3490397421832,704.5028109241599,0.0,0.0,94.21129326047358,704.4954462659381,97.0,73.0,708.0,676.0,0.0,0.0,50
2,51,2034,7752,674,776,572,700,623.8652900688298,734.8554572271387,3.141404650731026,2479,0.9867518047739562,50.88977533838523,1,0.26238390092879255,0.31832893599597023,133.5060016706925,118.46096403457132,9.219544457292887,4.425152838754766,4.242640687119285,24.332871579946758,21.65962619758735,53.617960664092564,283.3624817342638,0.8204921339249698,0.18454850951267163,0.00792109211257753,0.06358262844108079,0.05672129986870356,0.011429858748669365,0.0035196236263821835,0.027398898569354773,0.03749317879897172,0.03038559400269758,0.010256900569326051,0.008948811899271523,0.0012939764931536105,0.020298070525352475,0.01909958416100925,0.023659691355263412,0.01925272034739397,0.007955039744552682,0.010369083105805931,0.0053031292740207915,0.00040830800957789406,0.011501471215149897,0.013757609145345944,0.012259540023577148,0.01588739562697371,0.013138756022932614,0.0063530061947811405,0.008407891023556446,0.00754545247342005,0.0028323580001877943,0.0004397136022331153,0,0.824948507361114,0.42415503156371415,8.018005759222433,3.7714198511093855,0.0032043945975601673,0.0017700465396046638,0.0007019150070846081,7.629510946571827e-05,0.260636900402146,0.06013816833115722,0.005172808654606342,0.00221255817450583,0.006134126801043749,0.0023651483934372663,0.0035558125317289397,0.0018282544463953197,0.003941989065497755,0.0018541887173595798,0.003906309604644775,0.0018463416490703821,0.0023651483934372663,0.0014190890360623598,0.0023193713277578354,0.0014190890360623598,0.00055543933928519,0.00011689394286385495,0.0008118346624824607,0.00011938314756326745,0.0046082246117293835,0.0019226367585361004,623.8816693898349,623.816208124292,734.5953355023738,734.8207072341803,0.0,0.0,623.8652900688298,734.8554572271387,635.0,600.0,744.0,720.0,0.0,0.0,51
2,52,1202,3380,107,753,42,701,74.94675540765391,724.8069883527454,2.20625405773937,1311,0.9725148369987899,39.1207608920336,1,0.35562130177514795,0.45325695673717936,82.22613361512249,75.6042326857432,9.219544457292887,4.192951742823304,4.123105625617661,18.59731867793671,19.145608208901145,52.828618918976176,182.55129855222071,0.9168573607932876,0.26774561455067625,0.010787353650246537,0.0999407505956992,0.07444865749195266,0.01447661820321176,0.00495245038775691,0.040899214591325714,0.049316423478858416,0.03719277812288886,0.011836848882115931,0.009730226827097557,0.00218608890706481,0.025464278464728186,0.022198315813442303,0.027280617403179566,0.021879380568700202,0.007881203611822823,0.00912237380308745,0.005323020384814983,0.000887527088588298,0.010568633240461393,0.013383566237038937,0.011036394788250657,0.015594416192350483,0.013745280131418824,0.004620974917959027,0.005275980432534963,0.005280749521786032,0.002473857118245809,0.00039212893091211145,1,0.75582514423877,0.27333485917188227,7.886518762912601,2.2346990152727813,0.004089417867362499,0.0017700465396046638,0.0019684135913848877,7.629510946571827e-05,1.6805624395397178,0.030595629460343398,0.008896009996533394,0.002197299152612686,0.014099336229264736,0.0023498893715441227,0.005072651974756846,0.0018344621420931695,0.006561163696266723,0.0018591505950688696,0.00588998245075345,0.0018463416490703821,0.002868696115911007,0.0015716792549937963,0.0027161058969795704,0.0013427939265966415,0.001535280062916106,0.00012001751798127395,0.0027956563486708956,0.00012127297553584187,0.008545052260160446,0.001937895780429244,73.91894055445995,74.91825934954353,723.477369331843,724.7958498064199,0.0,0.0,74.94675540765391,724.8069883527454,70.0,100.0,717.0,750.0,0.0,0.0,52
2,53,2205,4914,477,742,351,703,413.7478458049887,720.0725623582766,3.317255780572429,2707,0.9884739586141048,52.985782962423364,1,0.44871794871794873,0.30145399274198836,142.046895367063,126.43575443678897,9.848857801796104,4.557227716123692,4.242640687119285,22.88090736799227,21.50462072056989,-80.41657659987352,303.1787155501902,0.8145548577761359,0.17562199400356773,0.0067785854013808,0.061724598115972217,0.05392232585821216,0.00914223704892997,0.0035506480986381675,0.024925683333244526,0.03807416046323061,0.028457748367387608,0.008029981410476313,0.008168431324530547,0.00173916079850248,0.020249433938931336,0.01858539905819247,0.024460656977174852,0.01772701541732759,0.00607622429068047,0.008758317172436695,0.005413642051059437,0.0010363925630194543,0.010802784644083557,0.015053058885319028,0.012159743118657005,0.016523025404178247,0.011928839120490238,0.005442979578115257,0.006085376627040289,0.007532109429681337,0.0030071052793379754,0.0008735280972920207,1,1.1714656446129084,0.4860761424060911,11.784374917158857,4.10675211623311,0.0035095750354230404,0.0017853055614978075,0.0015487908385694027,7.629510946571827e-05,3.0583190529958735,0.049736146515202896,0.00807202234864235,0.00238040741533041,0.01043717097491026,0.0024872205685824156,0.004454241994725887,0.0018481982600992057,0.005344387717532362,0.0018624726150717054,0.004829480545595288,0.0018463416490703821,0.0025329976342618465,0.001541161211207509,0.0023651483934372663,0.001541161211207509,0.0013370529104242109,0.000128557955294366,0.001993150643132759,0.00012112510625336218,0.007137407548725605,0.001937895780429244,416.5889078440387,413.70064205457464,718.9404484416647,720.0882304857024,0.0,0.0,413.7478458049887,720.0725623582766,399.0,391.0,721.0,722.0,0.0,0.0,53
2,54,1014,2491,86,764,33,717,58.798816568047336,739.9072978303748,1.8711056846063259,1095,0.9584810684091969,35.93139154501889,1,0.407065435568045,0.5344433551920914,68.13543496521129,62.48199740725323,9.433981132056603,4.249714866501101,4.123105625617661,18.432707502761307,19.429239701302865,50.84092463268459,154.40916292848976,0.9260273972602739,0.3307030989655367,0.009837523803675816,0.11750161156498119,0.0901449884068392,0.007431121705429413,0.007940483597943018,0.04080103137041147,0.057937029556722065,0.04080188935181736,0.004977387596357262,0.005836032809139783,0.006208916013129007,0.026933541708721802,0.019514411461702935,0.0280915261291436,0.020576503983608673,0.003855209128310444,0.0016105617937025721,0.004653254749089465,0.0042726056280978295,0.006807708015961364,0.01116211498599664,0.0064334418811921165,0.011535256506667854,0.0106523271433645,0.0021978948557039406,0.0015301919694838118,0.0016783539200099598,0.002842948108147667,0.0025394761120073623,1,0.6699015912599862,0.23100633244030178,7.482200466794893,1.8864270995836705,0.0049134050495922565,0.0017700465396046638,0.0023498889058828354,7.629510946571827e-05,0.939968179747215,0.010585935945410395,0.009308003820478916,0.0022735942620784044,0.013641566038131714,0.0023498893715441227,0.005359212730079889,0.0018480506595224143,0.007378895923860841,0.0018603817550134818,0.00712596345692873,0.0018463416490703821,0.002868696115911007,0.00158693827688694,0.002868696115911007,0.0014190890360623598,0.0017774591332764688,0.00011837250136427418,0.0026842393240692083,0.0001246525273708598,0.009842068888247013,0.001937895780429244,58.585517159620835,58.79234309657276,738.9918506493194,739.9156737605863,0.0,0.0,58.798816568047336,739.9072978303748,53.0,49.0,734.0,722.0,0.0,0.0,54
2,55,1463,2790,473,753,380,723,427.25153793574844,739.7361585782638,2.796721653301074,1846,0.9807496982710301,43.15958125315331,1,0.5243727598566308,0.35756150377698936,104.47275840891218,93.38094023943002,8.54400374531753,4.089187047557796,4.0,21.782772761730524,20.400303629434166,-80.49362584386513,226.75230867899737,0.7925243770314193,0.21361805664536046,0.022412645551048032,0.0701278393638177,0.061986055908943044,0.02860951308769419,0.012010064743381448,0.021835566998206546,0.03709872227645168,0.031557130415227924,0.024188270523665324,0.020069043236836573,0.007171912672752482,0.014582252679708332,0.009702687970988343,0.02204263940994016,0.01888217494013018,0.017919802110381897,0.01839321302155511,0.012731417723708576,0.004588700776498128,0.00240674629392387,0.004896561833205152,0.00443915294303034,0.013749546336594353,0.012135390729824069,0.012175924273499344,0.01294324365117803,0.011922295106209652,0.007749510710091529,0.0030527365925700203,1,0.863401245791465,0.3657282367348671,7.533226620871574,2.704295414034277,0.0035858701448887587,0.0017547875177115202,0.0012054629623889923,9.155413135886192e-05,1.1991352435098588,0.04793270519611725,0.0077821011655032635,0.002166781108826399,0.009246967732906342,0.0023956664372235537,0.004338699727595301,0.001837830335351091,0.00514916378733532,0.0018484589296201485,0.004531929735094309,0.0018463416490703821,0.0027161058969795704,0.0014648661017417908,0.0024872205685824156,0.0013275349047034979,0.0013029362498446814,0.0001096780301569674,0.0017476962417991642,0.00012154486630867683,0.006820783019065857,0.0019264515140093863,426.07867687349966,427.29698238407457,739.9858028469505,739.7209156670015,0.0,0.0,427.25153793574844,739.7361585782638,416.0,450.0,742.0,737.0,0.0,0.0,55
2,56,301,451,435,738,394,727,413.8538205980066,731.7840531561462,2.321072875696064,342,0.9783103496236161,19.576646877473273,1,0.6674057649667405,0.43083524454186345,43.527591236385774,40.19950248448356,4.47213595499958,2.2343700827949906,2.0,9.04194430179465,9.01650279751576,-82.56281929217184,93.69848480983501,0.8801169590643275,0.23715662312208166,0.00307683129381787,0.0920862918208155,0.06650599961853737,0.003883976602352141,0.0017288430289686186,0.04476968940663094,0.043820356804920774,0.034959428618051326,0.005340191944713752,0.0017143037118300493,0.001884685821312781,0.027275492287503367,0.024305567543520284,0.025938750578012103,0.021648360202916484,0.005036113836374694,0.0007787705975245677,0.0013304376990799938,0.0017746924794630147,0.012531321420587337,0.016095535113847512,0.014097013268736091,0.016416841069303727,0.014263683160743465,0.0044599433380041464,0.0005806079193255108,3.248246222682708e-05,0.0009219955131038904,0.0015374877905215926,0,0.4322118046693504,0.15623712516389787,1.4523995148483664,0.5493553061969578,0.004272526130080223,0.0017395284958183765,0.00044251163490116596,7.629510946571827e-05,0.5603207788015238,0.014813441738740397,0.007064927369356155,0.002197299152612686,0.007064927369356155,0.002197299152612686,0.005084844760815887,0.001838083825457622,0.004825247557635769,0.001825100685039727,0.004676890326663852,0.0018158236052840948,0.0035095750354230404,0.0016174563206732273,0.003433279925957322,0.0015259021893143654,0.0009078093151904859,0.00011076763871150197,0.000714769622426682,0.00012016813752532421,0.005279621575027704,0.0019073777366429567,414.3910047011724,413.8672573745903,731.9434037584756,731.7902894283651,0.0,0.0,413.8538205980066,731.7840531561462,430.0,433.0,733.0,732.0,0.0,0.0,56
2,57,1157,2665,223,807,182,742,202.0086430423509,774.3267070008643,2.1404202716262524,1351,0.96447538642052,38.381481905452574,1,0.43414634146341463,0.46719796726659585,77.17548396143873,68.15423684555495,9.848857801796104,4.287583200871128,4.123105625617661,20.571825392998065,20.387657953151148,25.534981758992338,176.40916292848974,0.8564026646928201,0.3171449199695551,0.009524657475085038,0.0990533306863536,0.09432634184947034,0.007354459301936254,0.009087787507280941,0.03187739916135587,0.058288514257716306,0.04303490447483846,0.004297724768735485,0.006591224886672771,0.007223572225734097,0.02146883924153686,0.024324304019902078,0.026493327274540724,0.021980424139051047,0.002530035089736871,0.0041917538533090435,0.0037097050810194518,0.0054059434701532755,0.009908955491421899,0.014043915181673155,0.00818608524146143,0.009677523595136609,0.011489921520411934,0.002085337743777798,0.0029120409324585256,0.0013099741929741237,0.0015033358392616105,0.0038426900315230226,1,0.7839933009818196,0.2697032119613141,8.25931195402518,2.158602273091674,0.005844205617904663,0.0017853055614978075,0.0012664985843002796,7.629510946571827e-05,0.5923874982288465,0.04519995133329414,0.007736324332654476,0.002121004043146968,0.01110856793820858,0.002334630349650979,0.005333287761781086,0.001834715727627987,0.007138558300799637,0.0018656890865096575,0.007019150070846081,0.0018616006709635258,0.003936827648431063,0.00158693827688694,0.003936827648431063,0.001541161211207509,0.0006979488007840784,0.00011279709150439037,0.0015807700091220434,0.0001216286834536962,0.008361943997442722,0.001937895780429244,201.82949485664892,202.01930526494374,773.7620576622323,774.3706313973873,0.0,0.0,202.0086430423509,774.3267070008643,208.0,196.0,780.0,759.0,0.0,0.0,57
2,58,916,2107,656,788,607,745,630.17903930131,766.8777292576419,1.7788787151215442,1008,0.9503407289231298,34.15095054280933,1,0.43474133839582346,0.5621518721312452,62.424117597660754,57.8013840664737,8.94427190999916,4.16358058245362,4.123105625617661,19.524436672287287,19.42709336664673,51.42829221940011,143.09545442950497,0.9087301587301587,0.34908333522221163,0.01937162319832952,0.12364005942906141,0.0908946550430376,0.02586157580482788,0.005560112340659848,0.038078009109566185,0.054572071260261985,0.04167892050830183,0.020271340706578454,0.009676010123657068,0.001711099511465703,0.016933298933785992,0.016887124079888204,0.024705110310160924,0.022114686695420598,0.010081095030845866,0.00792806926118572,0.002332219752168222,0.0004145204525801824,0.002135380846960625,0.005136521025575318,0.004673156068432356,0.009972312481672187,0.012250436033919673,0.0016558402493817796,0.0016227991479875821,0.0007331798126289463,0.0006527327883612453,0.00014398385482508583,1,0.6181887637358159,0.2152132447808981,7.434012447716668,1.6959639883134514,0.004669260699301958,0.0017700465396046638,0.0031280992552638054,7.629510946571827e-05,0.2152211074274104,0.031078433446551403,0.010131990537047386,0.0021057450212538242,0.017120622098445892,0.00238040741533041,0.005283664647314666,0.0018394294425717786,0.008115734113227803,0.0018514890702111915,0.007507438771426678,0.0018463416490703821,0.002944991225376725,0.001495384145528078,0.002609292743727565,0.001495384145528078,0.0016321764189602586,0.00011185494799520849,0.00364945107064559,0.00011807405005581501,0.01124589890241623,0.0019226367585361004,629.9726840607524,630.1518106977372,766.9388654971132,766.862746862207,0.0,0.0,630.17903930131,766.8777292576419,635.0,630.0,770.0,773.0,0.0,0.0,58
2,59,1269,3283,201,803,134,754,164.6682427107959,779.5035460992908,2.157365696398081,1504,0.968187971753553,40.196280701937106,1,0.3865367042339324,0.4635282750947562,83.86740114314388,75.45197147855052,9.219544457292887,4.343237316085845,4.123105625617661,21.420161517894925,20.985636780678206,56.666802873903734,185.48023074035524,0.84375,0.283811871116972,0.018098632424680388,0.09520030470324592,0.08102003956306612,0.025993225049974523,0.006376832063278738,0.030362670231542675,0.05066938441082487,0.039113739087647634,0.021513279414799254,0.014511270538688795,0.002203020384407994,0.019074141211503023,0.017277300149625134,0.02727124098750469,0.02170512504918226,0.014838442492548225,0.013199524414236207,0.006637935193325429,0.001002466847810324,0.004694832949814397,0.009698506557473627,0.008110363579595234,0.014081124358046216,0.012655344915674516,0.00860463600355802,0.008195444528404526,0.005531891498663474,0.0025911415989718816,0.0010150950431653157,1,0.8312504929490387,0.284672312438488,8.710475458297879,2.359822994796559,0.004367895075120032,0.0017853055614978075,0.001152056036517024,7.629510946571827e-05,1.185002824256504,0.020418584855103925,0.01121538132429123,0.002166781108826399,0.0161135271191597,0.002334630349650979,0.005397730473695057,0.0018485215093408311,0.006864046854450653,0.0018595925884921664,0.005134660983458161,0.0018616006709635258,0.0028381780721247196,0.0015564202331006527,0.002777141984552145,0.0014343480579555035,0.0018433091643684106,0.0001176629018954233,0.0033773675379312118,0.00012048897796361885,0.009121080627664924,0.001937895780429244,163.6250865396225,164.68564057135097,778.941356721911,779.492858112783,0.0,0.0,164.6682427107959,779.5035460992908,165.0,149.0,778.0,778.0,0.0,0.0,59
2,60,848,1920,949,805,909,757,928.876179245283,781.5672169811321,1.6978576867829724,922,0.9500566031235881,32.85889733292062,1,0.44166666666666665,0.5889775143020125,59.7622149556485,55.44366510251645,8.94427190999916,4.0786366058292,4.0,18.067771492079288,18.650450762602564,-37.53860082814927,134.50966799187808,0.9197396963123644,0.35123849509935523,0.00484171976040776,0.12718980552274506,0.09204691772651559,0.012555651862329426,0.0059407875066139326,0.042480658758513756,0.057437196733581455,0.04149611717897243,0.011438068382778629,0.0004798098972800368,0.006125965601075259,0.021394165378157238,0.019183627983049706,0.02572734538480869,0.021339799386825502,0.006376429751733895,0.0030293464625227966,0.002072047717384134,0.005080064710190065,0.005166885812647511,0.005524361136047994,0.005847926119779987,0.009277419998865735,0.011517791964520152,0.0015568173083379524,0.0019042868058179712,0.0007045757730540544,0.0014543403728592456,0.003946578438398512,1,0.5421225363388658,0.19528496218845248,6.107209965586662,1.5431601430755109,0.0042114900425076485,0.0017395284958183765,0.0025635159108787775,7.629510946571827e-05,1.5212850296978262,0.09140755460962255,0.012512397952377796,0.002075226977467537,0.01603723131120205,0.0023651483934372663,0.005019653114248757,0.001808194094337523,0.007201898544323894,0.0018197643196645175,0.006424048449844122,0.0018158236052840948,0.0028076600283384323,0.0014496070798486471,0.0028076600283384323,0.0014190890360623598,0.0024811255919837787,0.00011383824253498803,0.0033712553271324905,0.00011670959577166518,0.009842068888247013,0.001892118714749813,929.2286326086021,928.9450316915684,780.0873234821709,781.5070947582838,0.0,0.0,928.876179245283,781.5672169811321,933.0,942.0,777.0,768.0,0.0,0.0,60
2,61,1932,5618,320,818,214,765,265.20962732919253,793.9668737060041,2.966109273630115,2482,0.982839129950791,49.597366869908875,1,0.3438946244215023,0.33714199570811354,126.57058692878597,110.4943437466371,9.848857801796104,4.491727336349028,4.242640687119285,25.343922999206157,23.34781189645858,68.06067030123242,268.35028842544403,0.7784045124899275,0.20148241464725483,0.015213041641091963,0.0624988897279951,0.06270735854053863,0.0214400022446262,0.006671320874708647,0.020292682716438137,0.03799808857470285,0.03339622524765186,0.02032236746387771,0.012790118531946242,0.003655578128972542,0.010359351829661672,0.015307637730054684,0.024167763986811298,0.020698081640106527,0.016754200832457763,0.013481998586497144,0.00773131832983181,0.0021898557285141736,0.00018618526585806864,0.00817219102951995,0.010210300475425168,0.015782447641072603,0.013670392099305286,0.0124289958533234,0.01146195892675714,0.008199420254785705,0.0048026391361287255,0.0013363310349527372,1,1.0293583751190454,0.4228427556809038,10.224872364662588,3.585259784013033,0.003784237429499626,0.0017700465396046638,0.0013427939265966415,7.629510946571827e-05,2.725828833578835,0.0798778232256198,0.00668345158919692,0.002197299152612686,0.01045242976397276,0.0023498893715441227,0.004495014738511115,0.0018464749156371345,0.005292377000342954,0.001855724525886663,0.0050049591809511185,0.0018463416490703821,0.0026703288313001394,0.0015716792549937963,0.0026703288313001394,0.0014496070798486471,0.0009294441926260755,0.00011447256767591535,0.0016601786009872263,0.00011880987929676525,0.0065766386687755585,0.001937895780429244,262.571827149959,265.2806818181818,793.2797397711665,794.0033665304733,0.0,0.0,265.20962732919253,793.9668737060041,246.0,238.0,787.0,783.0,0.0,0.0,61
2,62,262,441,197,787,176,766,186.93893129770993,776.824427480916,1.274179575430296,282,0.7288723916024458,18.26441241104166,1,0.5941043083900227,0.7848187329971097,22.721842531746073,21.95449840010015,7.0710678118654755,2.924810121907745,2.8284271247461903,15.2,15.556499769720489,49.80059458222929,64.76955262170047,0.9290780141843972,0.6277742024519384,0.04515843508393555,0.17744499141753864,0.07991667596041965,0.00820356742793846,0.03260910498470725,0.00975838098610831,0.027775972107695262,0.010400196755223494,0.010507978664388835,0.01358468331523075,0.03661884586231928,0.01710317650968385,0.023135944281078458,0.0018361365621427067,0.00923251057839755,0.0034405965771117067,0.0029357267889745043,0.006955207718451215,0.010738492828298616,0.006033981982837475,0.00886452642979863,0.011631945297895189,0.005158499936611096,0.005966286706402056,0.008649528676959463,0.004924374831673008,0.010023394595089146,0.0009187094418982746,0.0056132613066176016,0,0.2485084373038262,0.0994125276338309,1.1438010472338647,0.4863508048001677,0.004028381779789925,0.0017700465396046638,0.0002899216488003731,9.155413135886192e-05,0.07264106694716758,0.02291020861660878,0.006927595939487219,0.0021362630650401115,0.006927595939487219,0.002288853283971548,0.0046020080982190036,0.0018409727339598317,0.004365652852037652,0.0018563007816800293,0.004318303428590298,0.0018616006709635258,0.0035095750354230404,0.0016174563206732273,0.003402761882171035,0.0016021972987800837,0.0006191946612340011,0.0001189289484381879,0.0005111048531714553,0.00012070825393027195,0.0046082246117293835,0.0019455252913758159,186.9846849588025,186.92172057854611,776.7680064998553,776.8093056819251,0.0,0.0,186.93893129770993,776.824427480916,176.0,188.0,777.0,769.0,0.0,0.0,62
2,63,1102,2820,659,816,599,769,629.2631578947369,792.4519056261342,2.0682460622523524,1197,0.9665216049537781,37.45810964661924,1,0.39078014184397164,0.4835014644780633,74.77575705911437,68.81860213634101,9.219544457292887,4.229314510750867,4.123105625617661,18.85980667165779,19.18635582935701,55.16605123839773,169.23759005323592,0.9206349206349206,0.29626477582308897,0.004502561224634221,0.10972601279978485,0.08173111843758682,0.006120286247691892,0.000710663776336898,0.04275770733291808,0.05435299053278925,0.039536875198213736,0.0033381690882291707,0.001607623204850482,0.0013589830839307053,0.02644227761760753,0.023400258042732755,0.02841335163194055,0.022303836810064422,0.0033509237233776534,0.0014582723230442914,0.00019648853891347294,0.0012961097593326364,0.011289260578113237,0.012164882260456615,0.011087760274587445,0.01423540696270408,0.013435709857906146,0.0023542663931958733,0.0010367721994890148,0.0020582319497874277,0.0007810693234726465,0.0009767457273918132,1,0.7292591843288392,0.25627527269534767,8.66155499452725,2.044327458133921,0.004226749297231436,0.0017700465396046638,0.0025635159108787775,7.629510946571827e-05,1.080378409150396,0.04078613574676063,0.010254062712192535,0.00221255817450583,0.018280308693647385,0.0024109254591166973,0.005246468952006037,0.0018437069978082567,0.007859850267266108,0.001855106586328422,0.006393530406057835,0.0018463416490703821,0.0027618829626590014,0.00158693827688694,0.0027618829626590014,0.0014801251236349344,0.0018684455274226275,0.0001252142862557688,0.004173272826483179,0.00012191924540229737,0.011032273061573505,0.001937895780429244,630.2416041830528,629.2495465571935,792.9100108191185,792.413457734652,0.0,0.0,629.2631578947369,792.4519056261342,638.0,619.0,796.0,788.0,0.0,0.0,63
2,64,1209,3080,301,836,224,796,260.79900744416875,817.6691480562448,2.3863795721334964,1457,0.9766813851882582,39.23450789273152,1,0.3925324675324675,0.4190448207306641,89.34891613608033,80.00624975587844,8.246211251235321,3.992527649679632,4.0,19.59552937722286,19.18266750106673,67.92574299080509,190.40916292848974,0.8297872340425532,0.24048533191451524,0.02608270876236888,0.07795033906410087,0.0687617345202422,0.03194817935613218,0.014375870691630195,0.022363339373452876,0.040458049318168265,0.03411011752862459,0.02649981306791761,0.021259242616526067,0.00895024608010288,0.01307290871855758,0.010359672431884504,0.022755756196346365,0.019758102358572983,0.018774480177690844,0.018467261395476185,0.01277813772301253,0.005964854897687202,0.0017973634811245234,0.0035373937271638055,0.004681214725820243,0.01312262862240752,0.01220693448032404,0.011450761930896612,0.012786753700067098,0.01008810258789,0.0074438239999614,0.0040693455789794115,1,0.8054474859964103,0.3031662469729781,7.294606061652303,2.2759136334061623,0.004962997045367956,0.0018005645833909512,0.0010528722777962685,7.629510946571827e-05,2.0619654658737394,0.08041090704384445,0.0072938124649226665,0.0023956664372235537,0.008926527574658394,0.0023956664372235537,0.005002779416126772,0.0018830201675340255,0.006033586486064766,0.0018824761235782979,0.006149386055767536,0.0018768596928566694,0.0030670634005218744,0.0015716792549937963,0.0030670634005218744,0.0015716792549937963,0.0009932940025294517,0.00012604017580332918,0.0012962109195193763,0.0001281323292899256,0.007064927369356155,0.0019645990687422454,258.9634244952876,260.8690262282772,816.7298202006839,817.708686440678,0.0,0.0,260.79900744416875,817.6691480562448,247.0,295.0,811.0,833.0,0.0,0.0,64
2,65,732,1170,346,844,301,818,323.2950819672131,830.0177595628415,1.5650085777021034,805,0.9080275075598556,30.52886088189566,1,0.6256410256410256,0.6389741335912014,47.90487826942173,44.721359549995796,9.055385138137417,4.171902523658401,4.0,19.72059162662333,20.067858709883932,72.81553710206617,119.9827560572969,0.9093167701863354,0.46600567337306953,0.021374066821443858,0.1497711676471972,0.10923934407747476,0.02634197810214038,0.002093747946991114,0.026684141848947025,0.05426742869608677,0.03991104987350382,0.014928607852883557,0.002720864035434498,0.0012806676700935513,0.008727138818799864,0.0013917293154797816,0.012949042987117122,0.014815328096872157,0.002448026174780732,0.001978677439600286,0.00316496119014003,0.0020270467154380484,0.006525647503922653,0.0028840595063452,0.009515284291647632,0.004070393404063392,0.00491403614019447,0.008080880857367351,0.00755607879491788,0.004211691145140692,0.0024085791255201625,0.002218607956966164,0,0.4417029123287648,0.191515983780846,4.05841159587726,1.3711757073178887,0.0038910505827516317,0.0017853055614978075,0.0013275349047034979,7.629510946571827e-05,0.6699487008465106,0.03242010642243761,0.007095445413142443,0.002197299152612686,0.011429007165133953,0.0023956664372235537,0.0042883777895996586,0.0018593784833091844,0.005544278136444344,0.0018731908569916513,0.0050049591809511185,0.0018768596928566694,0.0028992141596972942,0.001632715342566371,0.0028992141596972942,0.0015259021893143654,0.000970370131329595,0.00012518805908282385,0.0019378727656009038,0.0001225554670822762,0.007019150070846081,0.001937895780429244,323.5276348877713,323.3192966837303,829.3894679100991,830.0393167148899,0.0,0.0,323.2950819672131,830.0177595628415,323.0,310.0,827.0,831.0,0.0,0.0,65
2,66,1355,3174,218,892,172,823,194.7328413284133,856.5763837638376,2.113928134141761,1517,0.9650562582660402,41.53600345623234,1,0.42690611216131064,0.4730529784097852,82.28799555605805,76.66159403508382,9.848857801796104,4.630309472440057,4.47213595499958,21.63455168810216,21.562975089668154,30.044022257822633,189.7228714274745,0.8932102834541858,0.2935578667885223,0.0037020599681938447,0.11273744067772229,0.07872935920874591,0.004318296922723648,0.00146896937629683,0.038145772241207576,0.05821231543447064,0.03636034633868595,0.003922993820273182,0.0020564547145994917,0.0009235968589313443,0.0265656599689213,0.022777494402740583,0.030092717562524105,0.019807875375104145,0.0030871635534134665,0.0014401959731042203,0.0010352273842245227,0.0008189908539616373,0.012398315356109666,0.012224174861566064,0.01069744331187244,0.014597951919916977,0.011867104179354195,0.001852184483105771,0.0008353373838275647,0.0008266576214560201,0.00048810290617716783,0.0007662994540081797,1,0.8524910493288189,0.2878767070360482,11.325963350012898,2.520073242718354,0.004135195165872574,0.0017700465396046638,0.0025253682397305965,7.629510946571827e-05,2.488689618557429,0.07771379101666313,0.011734187602996826,0.0023041123058646917,0.021194782108068466,0.00238040741533041,0.0054298792950880186,0.0018336095989557209,0.008358644538754907,0.0018598326514526597,0.006157015450298786,0.0018463416490703821,0.00238040741533041,0.0016021972987800837,0.00238040741533041,0.0015259021893143654,0.0022550843750809425,0.00012089837995825866,0.0050879211779020226,0.00012474065255544406,0.012085145339369774,0.001937895780429244,193.8342909915647,194.69177671613593,854.2555685386064,856.5104055027762,0.0,0.0,194.7328413284133,856.5763837638376,196.0,188.0,855.0,833.0,0.0,0.0,66
2,67,1336,3150,269,865,194,823,228.55464071856287,846.931886227545,2.3229022241389337,1644,0.9648014190049988,41.24376354997416,1,0.42412698412698413,0.43049595011287467,87.52977797866292,80.23091673413684,9.219544457292887,4.314294083000147,4.123105625617661,24.237542058554833,23.01853799111731,65.5406329403144,197.48023074035524,0.8126520681265207,0.2638653957863457,0.027759634914372642,0.09068366977230183,0.0701043007899538,0.03804152692542725,0.008615225184212271,0.017596030689136014,0.04440451060019638,0.034438486541448154,0.033156935106313935,0.015595123092580059,0.003874282776544559,0.00290609558593877,0.009278599922009377,0.02610585078886283,0.01988371724176703,0.02100433981039641,0.016090748883277963,0.006189890815076967,0.0022443272309013306,0.008702480488019426,0.0012625150454136653,0.005764489624825736,0.015805146106393313,0.012206658881429008,0.009397322948554053,0.010971726449207632,0.005393957170507395,0.0028682665767258133,0.0014292750665219223,1,0.7682154700160027,0.3075913633219898,7.1814756689127535,2.5089646747801453,0.004379339516162872,0.0017853055614978075,0.0009765774011611938,7.629510946571827e-05,3.6991462253009306,0.08429940496112462,0.0068970778957009315,0.002243076218292117,0.008209354244172573,0.0023498893715441227,0.00462780403624098,0.0018529600200119865,0.005375356039605354,0.0018779675709432225,0.005447471048682928,0.0018768596928566694,0.0027466239407658577,0.001495384145528078,0.0027466239407658577,0.001495384145528078,0.0011108519398970165,0.00012087575849268551,0.0012298520239667546,0.00012156139504753991,0.00634775310754776,0.0019531548023223877,225.29387764658165,228.4785768587502,845.1851444078814,846.895545081344,0.0,0.0,228.55464071856287,846.931886227545,215.0,218.0,836.0,836.0,0.0,0.0,67
2,68,1139,2880,418,896,370,836,390.8024582967515,867.5539947322212,2.1538732434902945,1402,0.958857759773611,38.08175207961617,1,0.3954861111111111,0.46427987488229644,75.54478577165084,68.5054742338158,9.219544457292887,4.201177605557771,4.123105625617661,23.121926525238596,21.446178307744383,34.36736610219115,175.58073580374355,0.8124108416547788,0.309017652131547,0.02713728005132354,0.10121521365663201,0.08410430978095937,0.03673605287098732,0.008132101078558156,0.02464016270230232,0.049821069862730966,0.03913250560436765,0.02922234568458604,0.017657658125230898,0.0019515720055869178,0.013594681393793705,0.01122773231184379,0.024931840282903926,0.021073729239037164,0.016007749121068206,0.017778167414518962,0.004877244339851795,0.0006967114998690609,0.0013598123997804702,0.0038087443322501885,0.003871979119679373,0.01211206912251471,0.01189794833884162,0.006841732546126728,0.008007787821672151,0.005613470218840094,0.0008617800345661424,0.0006659756367565417,1,0.7482108920812607,0.27415884635411203,8.234134547878057,2.135545891011134,0.005062180571258068,0.0017853055614978075,0.002159151481464505,7.629510946571827e-05,1.3598939630939155,0.020412075761734726,0.008255130611360073,0.0023956664372235537,0.012603952549397945,0.002426184481009841,0.005089870014158236,0.0018650261656742316,0.007229266503843772,0.001874930545224876,0.007118333829566836,0.0018768596928566694,0.002914473181590438,0.0015564202331006527,0.0027466239407658577,0.0014496070798486471,0.0013259466120085503,0.00013517238271574023,0.0024628201505444147,0.00012866920580804737,0.00939955748617649,0.0019531548023223877,389.7986801835058,390.79195158374597,866.6365302423209,867.5364943945467,0.0,0.0,390.8024582967515,867.5539947322212,388.0,382.0,865.0,866.0,0.0,0.0,68
2,69,1087,1403,330,861,269,838,298.7672493100276,849.1591536338547,1.6964256139315734,1171,0.9354994541846606,37.202303492218356,1,0.774768353528154,0.5894747118810809,63.1092738276132,60.07495318350236,10.44030650891055,4.775896732514072,4.47213595499958,21.814620606580032,22.298282043936336,89.20112943864471,152.22539674441617,0.928266438941076,0.3834888847678365,0.021389849590473613,0.14308283522208165,0.09143801711508041,0.014951733051849684,0.01875383592634425,0.04077328672584511,0.05785511019368009,0.03633754727791679,0.004500194568637226,0.016403480917245104,0.011880049298082888,0.02091011340362063,0.01230922385261989,0.021618645946241657,0.0164578294215408,0.0017551831433181208,0.0024909113508249643,0.009597645821622024,0.006524912244693679,0.0007120613980839131,0.0027345656801727315,0.0009546052967145297,0.005415878913845518,0.008351463752771373,0.0022318889941555678,0.0016708957707473693,0.0023157605927511715,0.0027728865480303147,0.003278474227247533,0,0.5100633313413709,0.24802014185115695,4.781536654569209,2.0424505984410644,0.003475242236163467,0.0018005645833909512,0.0008239871822297573,7.629510946571827e-05,2.650118503787922,0.02154128603847635,0.005523765925318003,0.002243076218292117,0.007660028990358114,0.0024109254591166973,0.0038064427712042608,0.0018508965809787832,0.0043988377686929245,0.0018789793913901237,0.0042114900425076485,0.0018768596928566694,0.0026550698094069958,0.0015259021893143654,0.002609292743727565,0.0015259021893143654,0.0007390191020881923,0.00012404937050092572,0.0010604732226028402,0.0001235911049907984,0.005249103531241417,0.0019531548023223877,301.38604099328506,298.77837462271765,848.7528800759893,849.1407076472522,0.0,0.0,298.7672493100276,849.1591536338547,317.0,280.0,847.0,844.0,0.0,0.0,69
2,70,1232,1776,601,918,577,844,589.2873376623377,880.4293831168832,2.106996652669578,1402,0.9628372197022286,39.60594802695323,1,0.6936936936936937,0.47460920202839135,78.31206311677651,73.06161783043132,9.486832980505138,4.423615333399646,4.123105625617661,22.43579427755712,21.150707862963323,2.6589511312068974,180.6101730552664,0.8787446504992867,0.2931456351591449,0.017807575700478282,0.11129762796590857,0.07646925645577725,0.023829011220701888,0.006830514485669376,0.034047993409565054,0.05439987494934727,0.03554112841725041,0.01995293451642405,0.011640537212832822,0.0033023068676560356,0.020194689456904835,0.019177396133225545,0.028105902165748764,0.019701340267230708,0.01256432220209153,0.011196187626317177,0.004817958262071614,0.0019381089722713025,0.006299480152653571,0.009183705166471798,0.00802598109094082,0.014678394802518537,0.01188097673894803,0.006126244362033421,0.005870541757282022,0.004454548560884119,0.0014248753323309873,0.0012970004642318318,0,0.5850614230148494,0.28772411681711674,5.253421928500757,2.2863508043810725,0.0036926832981407642,0.0017700465396046638,0.0005493247881531715,7.629510946571827e-05,0.9621501546262589,0.013396715875799065,0.005233844742178917,0.0023041123058646917,0.006149386055767536,0.002594033721834421,0.003726505879075474,0.0018326376867332276,0.004264141175731134,0.0018558042243352862,0.0042114900425076485,0.0018463416490703821,0.0026703288313001394,0.0016174563206732273,0.0026703288313001394,0.0014801251236349344,0.0004479472119148182,0.00011244986612929838,0.0006846282716457667,0.00012155570415065414,0.004791332874447107,0.001937895780429244,589.0126000894938,589.2830961851624,879.5072919141732,880.4166755652847,0.0,0.0,589.2873376623377,880.4293831168832,584.0,586.0,873.0,907.0,0.0,0.0,70
2,71,997,2223,365,906,326,849,344.33400200601807,876.9107321965897,1.8081055245542994,1091,0.9526682861595114,35.6289183964509,1,0.4484930274403959,0.5530650652961759,65.7322327086909,60.166435825965294,9.433981132056603,4.317557068455538,4.123105625617661,19.028404204764684,19.98337027640243,28.325779450230133,150.50966799187808,0.9138405132905592,0.35066846024888326,0.01944775336905563,0.1198957845707286,0.09447766543241579,0.02008199041722828,0.008323145356893708,0.03814761071319579,0.056526875897527216,0.04224704728194826,0.01577808829962173,0.008900891947054,0.004123220092366005,0.02161988720877552,0.017075351399772325,0.025253649747146615,0.021153765069585516,0.008375187131188084,0.006812273602993492,0.0035039759611727225,0.0026277637992681213,0.004984505054137857,0.006581810611188566,0.0046642371979715045,0.008580455451544112,0.01096378060966264,0.0019159060784955985,0.0017848182618064672,0.0013759825462074178,0.003160593698355211,0.002035462422957252,1,0.5178606931585819,0.23123521776869893,4.95030144485645,1.8663462267722934,0.0036049439222551882,0.0017853055614978075,0.0012817579554393888,7.629510946571827e-05,3.6542192712875092,0.02807277913956516,0.006378271151334047,0.0021362630650401115,0.008880751207470894,0.0023498893715441227,0.004176295912569209,0.001864800143295959,0.004965197035964343,0.0018719621131116284,0.0048981462605297565,0.0018768596928566694,0.002594033721834421,0.001541161211207509,0.00254825665615499,0.0015259021893143654,0.0008613496429435294,0.0001155655712860947,0.0014446431314588024,0.00012278492279959636,0.006149386055767536,0.0019493400468491018,342.72825795314634,344.3199793967836,873.6282172279542,876.8864125058253,0.0,0.0,344.33400200601807,876.9107321965897,336.0,351.0,863.0,880.0,0.0,0.0,71
2,72,812,1426,382,897,351,851,366.7241379310345,872.5295566502463,1.5674571055987292,869,0.9216526479835561,32.15385684991696,1,0.5694249649368864,0.6379759908122176,52.23264753851741,49.24428900898052,9.433981132056603,4.291312888693783,4.123105625617661,19.37681493896356,20.267101635219046,27.263769666440712,126.46803743153546,0.9344073647871116,0.42633835477317616,0.03425798309038416,0.1448991799273684,0.0991143452601198,0.03261531589515268,0.016614537951972,0.027831749721931535,0.05536832108078923,0.03749570013835511,0.01542620901095444,0.01472444412914478,0.007778250058990056,0.011442498004526836,0.007538935810759354,0.01544316472333532,0.016712489661273193,0.002412090305937564,0.002185056226150992,0.0022148680723093708,0.003766360500759295,0.00015492165985601952,0.0020720911753529647,0.004478200628398183,0.001222122248972571,0.008568943613520162,0.0066279734625891125,0.00489568810961649,0.008078850121950394,0.0031470207875620914,0.0016067658593742885,1,0.5697718844749033,0.19639887078665197,6.503929284634069,1.5133745323400944,0.004684519954025745,0.0017853055614978075,0.0026398105546832085,7.629510946571827e-05,1.8929101506081298,0.050460510838217565,0.009948882274329662,0.0022583352401852608,0.018478674814105034,0.0023193713277578354,0.005324970882943022,0.0018355034652958128,0.00800976512885969,0.0018637617393350916,0.0068970778957009315,0.0018616006709635258,0.0028381780721247196,0.00158693827688694,0.0028381780721247196,0.0015716792549937963,0.0017532627684318262,0.0001254308938958832,0.003836993121116328,0.00012078841321062079,0.010925459675490856,0.001937895780429244,366.2563139915498,366.7260307121467,870.6953675651407,872.5799816493411,0.0,0.0,366.7241379310345,872.5295566502463,365.0,358.0,869.0,854.0,0.0,0.0,72
2,73,978,2576,474,936,418,890,445.02965235173826,913.4284253578733,2.093676730469299,1081,0.9680484494037427,35.28779214899948,1,0.3796583850931677,0.47762865462799947,71.92685298415148,64.81512169239521,8.48528137423857,3.9241924906289203,3.605551275463989,17.141822040044,18.036610277346508,51.40081564701544,160.40916292848976,0.9047178538390379,0.2958061879698926,0.01874971062382034,0.10065578331420168,0.08376442857286644,0.02128582748289921,0.011271004264166152,0.03651488014560737,0.051142556876630975,0.040012959421256496,0.017063324048825584,0.014148675837928221,0.007257223533497964,0.02342061743126903,0.018697935735924744,0.026700339159298706,0.021621071126797068,0.011112851205676968,0.011288059935811513,0.007748040844458184,0.004777063510184274,0.0069996020112643295,0.011366455431398153,0.007587264871396257,0.013315464290922343,0.011976383185759368,0.0059537494421310734,0.005980149478527743,0.005218793727367807,0.0034143727149984022,0.003083074076859175,1,0.6775463568046689,0.2447852292098105,7.3244984310586005,1.854505225783214,0.003616388188675046,0.0018158236052840948,0.0020294501446187496,7.629510946571827e-05,3.0442851409586975,0.030009664345462515,0.011947814375162125,0.0021362630650401115,0.02088960073888302,0.00238040741533041,0.00517210959392877,0.001868589535952752,0.007489262199446422,0.001896222112252775,0.005233844742178917,0.001892118714749813,0.0026550698094069958,0.0016174563206732273,0.002594033721834421,0.001495384145528078,0.0023739787791912464,0.00011141901184627872,0.0047212147537391246,0.0001281001602753505,0.01095597818493843,0.001983672846108675,442.72546668631816,445.03601431686343,911.4388524291435,913.4577529106841,0.0,0.0,445.02965235173826,913.4284253578733,442.0,434.0,912.0,903.0,0.0,0.0,73
2,74,880,1792,645,949,589,917,617.3602272727272,931.459090909091,1.869454802067847,979,0.955524427719764,33.47313548753602,1,0.49107142857142855,0.5349153126857504,63.04890745687282,57.56735185849702,8.48528137423857,3.9944580216978895,4.0,18.198143141351082,18.59387728869153,68.2328948289734,143.78174593052023,0.898876404494382,0.33809619775707395,0.026015181238842482,0.11368245828681653,0.09056890858237596,0.03128932160778822,0.011814359110600232,0.033574724487768506,0.052494071952729274,0.04127766393532342,0.022618268978995656,0.016877709625536065,0.005602813120215357,0.017750485930909964,0.014396186807700518,0.023805133757333594,0.021639220937459562,0.01206643231629603,0.01126416246056671,0.006929721040220933,0.002565364183154976,0.004283100253340778,0.004732900536915563,0.004314692701369473,0.009055494031337978,0.012003976623018997,0.0032468898647008745,0.0037690943697286615,0.002196733770084597,0.0015871961192917906,0.0010874012708233724,1,0.7441977683920413,0.2219272144138813,7.609460694948211,1.6407568471040577,0.006515602581202984,0.0017853055614978075,0.0020752274431288242,7.629510946571827e-05,1.4972905735622228,0.04783035979662781,0.009979400783777237,0.0021362630650401115,0.013702602125704288,0.0023193713277578354,0.006150394780099515,0.0018341092100320768,0.008647114426077513,0.0018644964171637018,0.00881971511989832,0.0018616006709635258,0.003265430685132742,0.00158693827688694,0.003265430685132742,0.0015564202331006527,0.0016896101048048612,0.00011621951178519469,0.0025142051661695385,0.0001167513579133291,0.010772869922220707,0.001937895780429244,616.4160914925828,617.3154556529988,930.2969864859303,931.4422610135128,0.0,0.0,617.3602272727272,931.459090909091,605.0,601.0,923.0,930.0,0.0,0.0,74
2,75,1280,2236,632,987,589,935,613.140625,957.3890625,1.6635830281715052,1453,0.8438982268652858,40.370120352322566,1,0.5724508050089445,0.6011121675719008,58.17933514063843,57.201398584300364,14.317821063276353,5.316876053909298,5.0,33.596663641800234,31.213404849211432,31.483673366922524,163.58073580374355,0.88093599449415,0.497310555675898,0.09715826004217396,0.12917466193761762,0.07971614194559987,0.06038651331048419,0.014566334836268915,0.0016791331490320902,0.028468664868993594,0.04275478999050935,0.00903821787645557,0.018744399650390965,0.009658450327555664,0.015668045083992374,0.012194988150560263,0.024708871359249505,0.01412793667364186,0.004620602990437799,0.002192617575467862,0.004862920349805849,0.004154804283013814,0.0062121923556973085,0.01131694649449614,0.006332681882808604,0.0024344655091548912,0.009188094359259023,0.0045383946750032645,0.007459693945628271,0.003164718933327679,0.008595489140929368,0.0020039996208274322,1,0.5801022455561906,0.24766918434761465,7.759762077359483,2.3549858848564327,0.004043641034513712,0.0017547875177115202,0.0011749446857720613,7.629510946571827e-05,1.175680923599592,0.02560029314284459,0.006057831924408674,0.002151522086933255,0.014663919806480408,0.0023498893715441227,0.004297053670786597,0.0018345865507230716,0.0060623141229370955,0.001839832722544088,0.004943923093378544,0.0018310826271772385,0.0027618829626590014,0.00158693827688694,0.0027618829626590014,0.0011596856638789177,0.0007808090436721746,0.00010496348380524536,0.002746674815573848,0.00011981998837667682,0.00759899290278554,0.0019226367585361004,612.2132828323778,613.1158072751306,956.6663854363916,957.3953438646054,0.0,0.0,613.140625,957.3890625,612.0,620.0,957.0,972.0,0.0,0.0,75
3,1,2416,10098,592,270,493,168,538.3729304635762,219.16887417218544,3.293868956124002,2984,0.9877690118149495,55.46302137532856,1,0.23925529807882748,0.30359434856714246,152.41027953733553,133.12400234367956,11.180339887498949,4.732351381567445,4.47213595499958,24.927733050677336,23.764462223988716,42.86313326237343,316.2325394193526,0.8096514745308311,0.17357785464846814,0.010902845247946916,0.05568495256232764,0.05523539341544838,0.013556749235910895,0.004762500532093557,0.019478723300120213,0.036560313289075955,0.029726661505666822,0.013353629204329595,0.008461491893767846,0.0024806744029824425,0.011645330070545369,0.018134077827876998,0.023451913194276124,0.01890277846754483,0.011713872530014088,0.009881817639712097,0.005018291179242928,0.0013854699299604976,0.0038342821647963272,0.011637370949264165,0.012538452365819417,0.01576010880576989,0.01298454039282985,0.01004481876693009,0.008689604599872981,0.006736272011051483,0.0028785950911774673,0.0007951262942594956,2,1.0751354407984763,0.478309300262481,12.468116470146924,4.515617607859895,0.003662165254354477,0.0017853055614978075,0.0014038300141692162,7.629510946571827e-05,0.773209202393726,0.07728406456786635,0.006713969632983208,0.0024567025247961283,0.009811551310122013,0.0024872205685824156,0.004183406384429869,0.0018611256819551789,0.005160644234332336,0.0018690470231208173,0.004943923093378544,0.0018616006709635258,0.0025024795904755592,0.0015716792549937963,0.0023193713277578354,0.0014190890360623598,0.0010440289672195614,0.00012967898582212281,0.0016790067817254379,0.00012242757475540187,0.006546120624989271,0.001937895780429244,537.6078462362351,538.3226833282083,219.2806712908437,219.110154056182,0.0,0.0,538.3729304635762,219.16887417218544,552.0,567.0,237.0,255.0,0.0,0.0,1
3,2,774,1600,576,231,536,191,555.9974160206718,209.63565891472868,1.6328953787885327,876,0.9268857310084393,31.39247374172695,1,0.48375,0.6124091065417269,52.21679149013768,48.16637831516918,9.219544457292887,4.085748313590955,3.802775637731995,19.8375000951949,19.599240139384733,46.569928163951595,126.02438661763952,0.8835616438356164,0.4247790550107827,0.029809066143394725,0.1358172646351858,0.10519925573868846,0.02652084730286937,0.017423102246077342,0.03050242431217221,0.0566510873140542,0.03833332931938078,0.013977887891684058,0.013871978380146515,0.00936799619485776,0.018956154333843254,0.006533602995819061,0.01574270686035566,0.01514553959960408,0.002941961269966196,0.003702356140425769,0.0038769119836725738,0.004629091003704308,0.002197744779810113,0.00270528796293739,0.002173788752714861,0.0037935251613481396,0.007517773792276605,0.006459068893400972,0.0010555145420133314,0.007241964675750116,0.003790979835098214,0.001689416162541419,1,0.5475547492969781,0.19122606236487627,6.86778065841645,1.4613260086625814,0.0049973297864198685,0.0018005645833909512,0.0032349126413464546,7.629510946571827e-05,0.17600098914218829,0.04405847036326828,0.009933623485267162,0.002426184481009841,0.020233463495969772,0.002426184481009841,0.0053681838166370404,0.0018747653173027084,0.008873101625861047,0.0018880180990472628,0.007980468682944775,0.0018768596928566694,0.002868696115911007,0.00158693827688694,0.002868696115911007,0.0015716792549937963,0.00183270637033804,0.00013135067454501408,0.004292407863137768,0.00011949955951924066,0.012092774733901024,0.0019531548023223877,555.847844824582,555.9552042435887,209.5428968239842,209.62303692256285,0.0,0.0,555.9974160206718,209.63565891472868,556.0,550.0,209.0,215.0,0.0,0.0,2
3,3,229,624,563,232,537,208,548.4148471615721,218.92139737991266,2.011559542146923,279,0.9664403465063218,17.075475271404667,1,0.36698717948717946,0.4971267213560615,35.531841864066,32.55764119219941,5.0,2.131124130783594,2.0,10.606601717798213,9.127815282138792,48.58926792240796,76.08326112068524,0.8207885304659498,0.2750677884380682,0.009976297970408582,0.0997242549794174,0.07663872213985089,0.01948290687087126,0.004192626661062347,0.035127768818827995,0.052719572256473966,0.0370291296981431,0.006923624160223003,0.003581970181081232,0.00422284369819289,0.01697842307493683,0.0284839316358116,0.024130336021615826,0.022365585549513387,0.0017395314006666473,0.009096922881083406,0.0037045501711287817,0.002822183107142248,0.013363907092934923,0.012622158423984606,0.011145731149407994,0.012934726020683938,0.01469212151073824,0.003752472379680874,0.007817175726383073,0.0058588478028178455,0.0034673255690899655,0.001784222690336689,0,0.36733044078573585,0.11497672996483743,1.2694743536412716,0.4269321735482663,0.005008773994632065,0.0017853055614978075,0.0004501412622630596,7.629510946571827e-05,0.25175768439859453,0.018192892367507155,0.009002823382616043,0.002243076218292117,0.009002823382616043,0.002243076218292117,0.005924684528802191,0.001854463386529636,0.005543556129437867,0.0018643326355819488,0.005355916917324066,0.0018616006709635258,0.004226749297231436,0.001541161211207509,0.0037232013419270515,0.001541161211207509,0.0010645257649075904,0.00010927123707263854,0.0008156826905109371,0.00011567280823619007,0.005905241705477238,0.0019226367585361004,548.3388785404555,548.3966546338326,218.6813750887408,218.92151256299368,0.0,0.0,548.4148471615721,218.92139737991266,545.0,539.0,211.0,211.0,0.0,0.0,3
3,4,1284,3599,561,271,500,212,528.6316199376947,242.51947040498442,2.275713103971376,1519,0.9699512793252283,40.43314946229083,1,0.3567657682689636,0.4394227015061289,85.30199989186309,77.79460135510689,9.219544457292887,4.269016609393522,4.123105625617661,22.00705216124109,20.75391096420953,43.4113223715323,191.6223663640862,0.8452929558920342,0.2697113510162721,0.01954181526656757,0.09572035498930616,0.07465517367431282,0.026215600114753393,0.008152773978159288,0.030392721795257076,0.04919610713905992,0.03615177416356208,0.02349087147147844,0.013030104588477523,0.004284605705135758,0.020494212729150606,0.014882242437905013,0.028271202407046354,0.02012408000712584,0.01625661138421787,0.01371665261819698,0.00584059552739282,0.002645856921479872,0.005288707800668163,0.008234479641743125,0.00816435464023712,0.01578864327404443,0.011887627357551703,0.009032682826792881,0.009408592247678562,0.006130204668843793,0.0024320675106328836,0.0018523554205446876,1,0.6481727429199964,0.28934157313778996,6.872846665792167,2.40991836367175,0.003784237429499626,0.0017853055614978075,0.0013275346718728542,7.629510946571827e-05,0.2894250778648617,0.02592335892087603,0.006652933545410633,0.002151522086933255,0.010543984360992908,0.002426184481009841,0.004154953480256387,0.0018547536739601921,0.005352684319152778,0.0018768834608035435,0.004928664304316044,0.0018768596928566694,0.0026550698094069958,0.0015564202331006527,0.0026550698094069958,0.0013885709922760725,0.0008832105859082693,0.0001210320731116339,0.0018151220564702024,0.00012148547725880868,0.006698710843920708,0.0019531548023223877,528.3969720897476,528.6270847315967,242.68890258360128,242.4939468385528,0.0,0.0,528.6316199376947,242.51947040498442,532.0,521.0,251.0,238.0,0.0,0.0,4
3,5,999,2257,733,298,672,261,703.2212212212212,282.1011011011011,2.0460347749888346,1207,0.9575237675152221,35.66463661935206,1,0.4426229508196721,0.4887502461953302,70.45421230908028,63.90618123468183,8.54400374531753,4.019576407351789,4.0,21.012866071541513,20.315779020227513,-66.35870067734243,160.26702730475878,0.827671913835957,0.31145110313183827,0.023687759501082147,0.10283746995600505,0.08501342860147819,0.03562244232572924,0.003709912208715685,0.02736635895985001,0.04944105542283101,0.040453358852721784,0.02976528333899382,0.014108598336740472,0.0018118212234981255,0.012377796849641319,0.012335299113562223,0.025920445855839132,0.02185680323511595,0.017401458237661354,0.014790731810661277,0.003477745339447587,0.002860703244296547,1.272044049001101e-05,0.0038358099686498642,0.0055132534013919935,0.01255013212622338,0.012146378360178432,0.006643910498470206,0.007789022771461435,0.0038658517309723282,4.4656704891801376e-05,0.002771750250827486,1,0.7667353441938758,0.24998855567537248,8.355733675183728,1.8650797279551625,0.005443656235001981,0.0017853055614978075,0.0028229188174009323,7.629510946571827e-05,0.3442269020532374,0.02369266470467795,0.01269550621509552,0.0022278171963989735,0.015564202331006527,0.0023956664372235537,0.005679521068102784,0.0018517670790768332,0.008364097772956686,0.0018669466746297923,0.008239871822297573,0.0018616006709635258,0.002990768291056156,0.0015716792549937963,0.0029297322034835815,0.0014648661017417908,0.0023459352485011692,0.0001223610013437204,0.0032379692694427618,0.00012459255104998768,0.011097123846411705,0.001937895780429244,702.8965563740896,703.1975815688713,282.2154903363211,282.1026851457931,0.0,0.0,703.2212212212212,282.1011011011011,701.0,712.0,283.0,286.0,0.0,0.0,5
3,6,749,1232,280,317,236,289,258.0267022696929,302.30974632843794,1.458226544969781,802,0.9006168359968486,30.881327999401787,1,0.6079545454545454,0.6857645017158311,47.13856367382448,44.64302857109943,9.848857801796104,4.351517843205333,4.123105625617661,19.44024374649343,20.487078938289805,-69.5764629290281,117.1543289325507,0.9339152119700748,0.47722525836285334,0.01309856606066037,0.1619305438115537,0.10684817839569256,0.008796163042092318,0.008300219862499725,0.02838695348206348,0.056100318113627444,0.036599972247985176,0.002332244458909656,0.0035501825686817725,0.0041541029502387555,0.00932135525770092,0.003506863416886868,0.01249405326182359,0.012496851831653026,0.0015541487124487723,0.001883776651077683,0.0017728083912588617,0.0021223273163535217,0.011550262911744102,0.007213694919012901,0.012578107585808254,0.004375009809212723,0.003674052701184176,0.002352012850132643,0.0032467217253805435,0.0031313463898940516,0.0037578978906724013,0.0017239021176733605,0,0.5563134299591184,0.18806744483299553,5.658289544051513,1.4131837945897132,0.004959182348102331,0.0018005645833909512,0.0019913024734705687,7.629510946571827e-05,0.6237070903381194,0.03808778989856566,0.00874341931194067,0.002243076218292117,0.01722743548452854,0.002334630349650979,0.005508053761971469,0.0018620539092375796,0.007554458670295745,0.0018867607404402045,0.006691081216558814,0.0018768596928566694,0.0032501716632395983,0.001632715342566371,0.0032501716632395983,0.0015564202331006527,0.001471174974422273,0.00012136107778472466,0.003184642705486808,0.00012117073872086635,0.00963607244193554,0.0019684138242155313,257.40442969098046,258.05850150626804,302.3520236547559,302.28878235236954,0.0,0.0,258.0267022696929,302.30974632843794,257.0,272.0,300.0,299.0,0.0,0.0,6
3,7,1586,3182,170,349,84,312,126.25409836065573,330.48675914249685,2.3445733493562844,1760,0.9750559462104406,44.937266471715525,1,0.4984286612193589,0.4265168331264004,97.27689226959885,87.80091115700337,9.848857801796104,4.668320517768475,4.47213595499958,21.15352684809811,21.591504538280645,74.81873754615152,216.16652224137047,0.9011363636363636,0.2616177764769098,0.0033957900994775986,0.09349929210477594,0.07608836078292434,0.002216099998075812,0.0026508352176998922,0.03668087976662961,0.05204794950378562,0.037477107881284284,0.0006458076738856554,0.003970065564972961,0.0015055280378661515,0.02917896344826753,0.02155762492579827,0.030358450947389263,0.021063786690963655,0.0008729061126440952,0.003570646402205577,0.0024684466680000208,0.0008668476384685062,0.012324559187427243,0.01678533325696428,0.011737988688545845,0.01722729102403983,0.012404876608264802,0.001446834224226033,0.0024011876838299535,0.0022993337880457356,0.0013805831093266826,0.000495658526457949,0,0.7355764205567539,0.35025558853521943,7.012634590035304,2.9742275113239884,0.0036469062324613333,0.0017853055614978075,0.0007324330508708954,7.629510946571827e-05,0.8566524448438916,0.10678149471320286,0.005355916917324066,0.0022583352401852608,0.007080186158418655,0.0024109254591166973,0.00391264053487635,0.0018630616411447842,0.004421585491825539,0.0018753010790189082,0.004348821472376585,0.0018768596928566694,0.0028381780721247196,0.0015564202331006527,0.002166781108826399,0.0013427939265966415,0.0005660578685796735,0.00012377629440691072,0.0009010824937267571,0.0001270756882035972,0.005111772567033768,0.0019531548023223877,127.07103335203556,126.3502277904328,330.74457813154976,330.53325022060784,0.0,0.0,126.25409836065573,330.48675914249685,141.0,144.0,334.0,338.0,0.0,0.0,7
3,8,1888,5830,360,382,254,327,306.1445974576271,353.17637711864404,2.9802074965941476,2161,0.9869543648233596,49.02934081200753,1,0.32384219554030874,0.3355471057444235,125.27618217391563,113.08846094982458,9.433981132056603,4.401095110860072,4.123105625617661,20.477742747606985,20.169497137722036,-67.09377740903017,265.90663761154804,0.8736695974086072,0.18796436472437156,0.0029819128442726385,0.06954927613079188,0.056123434556649254,0.005540477051725471,0.0011050020317349783,0.029650931901951477,0.04061107151732589,0.02952084778310358,0.005842290454613588,0.001992661698333196,0.0008525030852354096,0.022396019009532125,0.021143058114763857,0.025825049590046903,0.01837451078847044,0.005386893563332919,0.003294014165577975,0.0005599725210554285,0.0007126160683025602,0.012049091859079274,0.016505970182874374,0.014004765226945397,0.017305508502297905,0.012355041488832968,0.004207266296894783,0.004183746462604883,0.0010351269207101894,0.0002682566333593642,0.0005941140536119861,1,1.0095369017217308,0.41513694962486625,10.559792625252157,3.544167238054797,0.003784237429499626,0.0017853055614978075,0.0013427939265966415,7.629510946571827e-05,1.6726749819788929,0.03510811817762453,0.008239871822297573,0.002166781108826399,0.011413748376071453,0.002609292743727565,0.004547463521269058,0.0018699862595714695,0.005593110500663219,0.001877207223545973,0.004852368962019682,0.0018616006709635258,0.002914473181590438,0.001541161211207509,0.002731364918872714,0.001541161211207509,0.0012883956069578509,0.00012423091312677005,0.002077386729938035,0.00012584676869730274,0.007431143894791603,0.0019531548023223877,307.35000637681196,306.11057963464464,352.0167086604683,353.18505857482984,0.0,0.0,306.1445974576271,353.17637711864404,301.0,297.0,353.0,360.0,0.0,0.0,8
3,9,1435,4488,302,379,214,328,261.14006968641115,352.2815331010453,2.909028224009081,1856,0.9785561189882078,42.744575640599805,1,0.3197415329768271,0.3437574072835391,100.31384012080356,94.02127418834527,9.486832980505138,4.075356065454892,4.0,21.706078553111478,20.662684136009762,-59.54738452797972,229.03657992645924,0.7731681034482759,0.2066853785854025,0.018244127684159426,0.08083497840574103,0.05692876553319184,0.00948018576129884,0.012771249146644665,0.03456378023938435,0.042459881452388715,0.02754089612470455,0.004619148578580143,0.014460790830735011,0.008074461371245916,0.025987612359566575,0.022036585150553355,0.02312419910191986,0.01609376331321802,0.0024518227067210087,0.008920571139008533,0.011777547374741439,0.005024525771074064,0.01543372870398134,0.015177211964963022,0.01313452406865234,0.012632526232443266,0.010488430190864102,0.0016262121071679628,0.004998729252106478,0.009176567056037867,0.00795232605811266,0.0031798965549995574,2,1.1420004749670625,0.36263065529055893,9.386175472056493,2.6997787435539067,0.004440375603735447,0.0017853055614978075,0.0017853055614978075,9.155413135886192e-05,0.9018607647098277,0.04866933295459043,0.015228504315018654,0.002471961546689272,0.015228504315018654,0.002471961546689272,0.00591710090656509,0.0018789153123863157,0.006540888830701389,0.001881378915368576,0.005920500494539738,0.0018768596928566694,0.003082322422415018,0.00158693827688694,0.003082322422415018,0.0015564202331006527,0.002780810215959062,0.00012829064293280287,0.0024061950406917437,0.00012726077994731265,0.00844586850143969,0.0019684138242155313,260.382347930677,261.16431357033855,351.79244151472415,352.239331939185,0.0,0.0,261.14006968641115,352.2815331010453,220.0,237.0,375.0,377.0,0.0,0.0,9
3,10,388,1092,270,359,231,331,247.93556701030928,343.9072164948454,2.263508555382051,476,0.9619311900833374,22.22649192646566,1,0.3553113553113553,0.4417920125030025,46.23071809714761,40.85339643163099,6.708203932499369,2.5999532075730274,2.23606797749979,14.310835055998654,12.634474269240355,-58.90524077791259,105.05382386916237,0.8151260504201681,0.2939516122321536,0.041939508753652474,0.08204917650388782,0.09191850076422466,0.011295557560834604,0.013441420472813662,0.032257928177876156,0.051563037305518714,0.04029130657299457,0.00440916808844811,0.0028067086251037255,0.003044128605795601,0.0253034013258106,0.02202206089644074,0.0258863074955174,0.016915875546781707,0.003808775720295648,0.0026846145829751856,0.005137690649580876,0.006769369649640016,0.012228399128841133,0.01548229858196399,0.009969491936323828,0.010259425452775599,0.0064405703575326455,0.00368118650135238,0.0024015382310011977,0.005968363443423972,0.008243772004700157,0.008289475293266351,0,0.5112687982618809,0.1617303730454296,2.0040741979610175,0.7269855800550431,0.0041199359111487865,0.0018005645833909512,0.0009155413135886192,7.629510946571827e-05,2.4229820267197075,0.021568850541590596,0.009811551310122013,0.0022278171963989735,0.009811551310122013,0.0022278171963989735,0.005944986026300941,0.0018805857330863906,0.00516513968546654,0.0018736741753995955,0.0049134050495922565,0.0018768596928566694,0.003265430685132742,0.0016021972987800837,0.00317387655377388,0.0016021972987800837,0.001560961235586386,0.00011967406857862575,0.0012689544290129038,0.00011554660823969253,0.006118868011981249,0.0019531548023223877,249.98340148349772,247.95573326616713,342.61214280110136,343.8995655185442,0.0,0.0,247.93556701030928,343.9072164948454,261.0,266.0,332.0,331.0,0.0,0.0,10
3,11,1180,1890,815,401,788,331,801.2872881355933,365.3220338983051,1.9653029393098285,1292,0.9611560821901154,38.7610972856483,1,0.6243386243386243,0.5088274077232989,74.66233841526488,69.72087205421343,9.848857801796104,4.498733151917921,4.123105625617661,20.00384578409477,20.607209233847104,10.39940564577515,170.71067811865476,0.913312693498452,0.3085530104295458,0.006513010632578886,0.11860521367265402,0.08124744483861637,0.0020228359210675293,0.008977842895273157,0.04316034064409037,0.05686600156671525,0.037058242125780495,0.000745693557844293,0.005247875141737598,0.007996749578727182,0.02949208096761792,0.019959215389955806,0.029697149733216355,0.01904884233433619,0.000628440533033928,0.0008349054059162358,0.0059447316626116825,0.006126156474825939,0.008779413389464481,0.011519801048930692,0.008999534045602409,0.01404816585496624,0.01024119261362903,0.0004802370661109456,0.00047059337312051886,0.0006410521998303915,0.0044788529051981545,0.004317393626702728,1,0.59298085863702,0.2740062561351806,6.497551047243178,2.197299152612686,0.004394598305225372,0.0017853055614978075,0.001113908365368843,7.629510946571827e-05,0.7175358492512934,0.05894604843108369,0.005661097355186939,0.0021820401307195425,0.00886549148708582,0.0023193713277578354,0.0039532057242468,0.0018267083742345373,0.005506399192578964,0.0018621179259429544,0.005569543223828077,0.0018616006709635258,0.002685587853193283,0.0016021972987800837,0.0025329976342618465,0.0015106431674212217,0.000663882889121116,0.00010899025136228523,0.0013376102557760632,0.00012405608822176338,0.0065766386687755585,0.001937895780429244,801.0349845047696,801.3004513888889,364.6503192469583,365.2645763888889,0.0,0.0,801.2872881355933,365.3220338983051,798.0,799.0,355.0,395.0,0.0,0.0,11
3,12,1033,2128,146,373,90,335,117.23039690222653,353.2642787996128,1.7203443918063683,1088,0.951142799846799,36.266464532835606,1,0.48543233082706766,0.5812789606329906,65.77297497703658,60.90155991434045,9.486832980505138,4.457021928591876,4.123105625617661,18.99045646534664,20.30749249276018,63.243218424354794,149.4386001800126,0.9494485294117647,0.35461214605322816,0.009124924865448424,0.1276229880590944,0.09356127275672595,0.005150713729537079,0.005921366696116825,0.04503976732262367,0.056951679173450356,0.04245762410431715,0.0026111362643586778,0.0046169647190020015,0.004103136685308266,0.024141123751361116,0.01875387034348499,0.025579491639038932,0.021918936938646456,0.0015274904249739998,0.001309740289513023,0.0036127301768981747,0.0027027264822596297,0.004711323888433704,0.006345482693810683,0.005526182663865715,0.009049478336212642,0.011887397634487,0.00034085847066002347,0.0009559024693647909,0.0011408379017507563,0.0026522030416243534,0.0016062390542568277,1,0.5338063715025783,0.23218127712607384,5.222369818016887,1.9344472414813936,0.0038605325389653444,0.0017853055614978075,0.0011139088310301304,7.629510946571827e-05,2.758890942352722,0.060929783958264636,0.006408789195120335,0.00221255817450583,0.008514534682035446,0.0024872205685824156,0.004270450972020626,0.0018574502170085906,0.005055537093917606,0.001872649798142685,0.005035477224737406,0.0018616006709635258,0.003036545356735587,0.0016174563206732273,0.0027008468750864267,0.0015564202331006527,0.0007431312444431922,0.00011850083702557638,0.0012880163549045304,0.00012356637805700075,0.0060997940599918365,0.0019531548023223877,114.83160449550664,117.28923123037846,351.90146031527274,353.2801205294461,0.0,0.0,117.23039690222653,353.2642787996128,109.0,128.0,346.0,360.0,0.0,0.0,12
3,13,2836,5136,433,386,326,338,378.9555712270804,360.5052891396333,4.126911007040335,3443,0.9001296965505705,60.090825829480174,-1,0.5521806853582555,0.24231198547631447,100.50813440571666,106.38138934982942,12.649110640673518,4.617348994764855,4.47213595499958,43.266714500768224,43.783554814927015,86.18729746099062,383.50461735799473,0.8237002613999419,0.31906930713695514,0.00597281407316243,0.14941663608814318,0.05758171866174346,0.012749357585423952,0.003707712604677891,0.03782096664654065,0.043376579440346535,0.025134606121771385,0.007016789082166419,0.007448893670132113,0.003783876827720072,0.0044445022465605345,0.009257580784877779,0.020338555720508807,0.014779018921327226,0.0011106059244184003,0.008981768537576252,0.00455656791630551,0.0030404601230841527,0.018445624772766823,0.010855560258139016,0.006175155724744876,0.013370195368119746,0.0096623573863295,0.005220286829616239,0.004290402399332245,0.006567013058864984,0.0031820211199148855,0.002211908204022458,2,1.5450065096374601,0.6122987715061754,17.17360213305801,5.333485922310501,0.004013122990727425,0.0018005645833909512,0.0017547877505421638,9.155413135886192e-05,1.0248963480738706,0.05617668017203121,0.009353780187666416,0.0023041123058646917,0.013916227966547012,0.00238040741533041,0.004696068418350943,0.0018610904909002292,0.0060555719792165065,0.0018806367850178073,0.00553902518004179,0.0018768596928566694,0.0026703288313001394,0.0015564202331006527,0.0025787746999412775,0.0014648661017417908,0.0013492318155381173,0.00012574087457264366,0.0023640238675948916,0.00012395303514768107,0.007751583121716976,0.0019684138242155313,377.9647098991503,378.9866763940148,360.24336099470077,360.4585099991417,0.0,0.0,378.9555712270804,360.5052891396333,367.0,396.0,368.0,356.0,0.0,0.0,13
3,14,274,527,155,359,124,342,139.7992700729927,348.98175182481754,1.7116603584105297,313,0.9338117285628406,18.677998695187732,1,0.5199240986717267,0.5842280538229051,32.477186919722875,30.805843601498726,5.830951894845301,2.5359571269310237,2.23606797749979,12.611852501889315,11.619194440825625,71.14568570340597,76.76955262170047,0.8753993610223643,0.3676160540120491,0.04018125953472112,0.128389793055503,0.0895161915610532,0.032686631810886026,0.011511785702682114,0.0373286711760455,0.05246605873926127,0.037789291542939356,0.015470490905753451,0.017364027587830188,0.0037785816986596423,0.01796894460751236,0.014582395275983153,0.01681200884290446,0.022196432000567333,0.005203366204531775,0.011281063851899722,0.008105115466074286,0.0018510259729869552,0.008648352953184672,0.0049336432956521336,0.004344405866952029,0.008005548472256879,0.014378886942459954,0.0011808858565038184,0.005460958575689208,0.007412164332324147,0.004303864210094798,0.0012416715236448857,0,0.24281681701540947,0.12388799875043333,0.9724116930738091,0.5125047683250159,0.003303578239865601,0.0017853055614978075,0.00024414435029029846,7.629510946571827e-05,0.23126082361277792,0.014483985120006225,0.004654001910239458,0.0022278171963989735,0.004654001910239458,0.002288853283971548,0.0036790426820516586,0.0018770908901580806,0.0035489477849409094,0.001870455358850423,0.0035095750354230404,0.0018768596928566694,0.002944991225376725,0.0016479743644595146,0.0026550698094069958,0.001495384145528078,0.00037659972016154995,0.00012684812237845732,0.0003551440874368795,0.00011924354062703515,0.003784237429499626,0.0019531548023223877,139.61187562600915,139.81215946646023,348.8462347049478,348.98835859112154,0.0,0.0,139.7992700729927,348.98175182481754,130.0,146.0,342.0,354.0,0.0,0.0,14
3,15,1498,2093,237,371,146,348,191.18090787716955,358.44459279038716,2.4734761554620293,1731,0.9790329790269151,43.672792880846,1,0.7157190635451505,0.40428932285915103,99.65239107091145,90.13878188659973,9.055385138137417,4.399359092093299,4.123105625617661,20.86331601811096,20.299372084735158,-87.89848246301806,215.78174593052023,0.8653957250144425,0.23474619544778752,0.010747079228268114,0.08435286901586636,0.0682752473753563,0.015334967932550242,0.004270811893132462,0.033755575364294715,0.045631008339139405,0.03502774245795112,0.015108703778365557,0.008092278283835486,0.002223410219036148,0.024226249837045945,0.01936672671938498,0.027966448329998894,0.02085877764607301,0.012313409691296195,0.008858020471673842,0.004365813657916585,0.0013902724032414718,0.010674151400546523,0.012803949067408912,0.012417083235680899,0.017059519020465697,0.01327577027303928,0.009120453601477868,0.006882005935039235,0.005241855035341878,0.002119558419984833,0.001050042331944419,1,0.9728389603551477,0.36606393521651626,10.02966369385831,2.8620737004093826,0.005111772567033768,0.0018158236052840948,0.001525901723653078,9.155413135886192e-05,1.3891808246409352,0.04950673429498496,0.007858396507799625,0.0025329976342618465,0.011596856638789177,0.0025787746999412775,0.005040616374897139,0.0018967043275467165,0.006695369622068298,0.0019105965957339002,0.006424048449844122,0.0019073777366429567,0.002960250247269869,0.0016174563206732273,0.002960250247269869,0.0014801251236349344,0.0011461321605632086,0.00013817007706341515,0.0019698441290116253,0.00012790171108885377,0.008224613033235073,0.0019989318680018187,192.42976203289007,191.22057302496188,357.8361631220691,358.41496859772025,0.0,0.0,191.18090787716955,358.44459279038716,194.0,170.0,356.0,358.0,0.0,0.0,15
3,16,326,572,84,373,58,351,68.8036809815951,360.6196319018405,1.3950600925741872,365,0.8390964066057257,20.37341629633241,1,0.5699300699300699,0.716814999814656,28.725919191705373,27.80287754891569,7.810249675906654,3.094147700944702,2.8284271247461903,15.919850010772157,15.626404204610255,-57.6704679872148,75.59797974644667,0.8931506849315068,0.5369677769516987,0.0913983761743524,0.13443478538671993,0.09713018505058713,0.04728738987518955,0.021682800648178187,0.012714628778250425,0.027597991751269584,0.032460583655273406,0.01011636956987237,0.017605997479304955,0.010331052214953331,0.010103133471431217,0.015381483016636862,0.01694226413737451,0.02225774316168035,0.00890343162478588,0.010864623198390705,0.006364053571547317,0.004189697725175996,0.0014058695026158948,0.003925462909946221,0.009135308534179763,0.004806370379222782,0.01080461517816399,0.01110845839994741,0.0035229844293032777,0.0036076395014492074,0.004114586927685997,0.0009697460718911457,0,0.2775616142898798,0.12043945980258286,1.2989089991897345,0.6080262453760952,0.0036011291667819023,0.0017853055614978075,0.00032043945975601673,7.629510946571827e-05,0.45340803492525783,0.04643302574552881,0.0068818191066384315,0.0022278171963989735,0.0068818191066384315,0.0022278171963989735,0.004336900223279372,0.0018818665594153572,0.003984383433097345,0.0018651111821352613,0.003906309604644775,0.0018616006709635258,0.003219653619453311,0.0016021972987800837,0.0030212863348424435,0.0016021972987800837,0.0007931732491186452,0.00011463497888038544,0.0005651639511498363,0.00011207867322042616,0.004234378691762686,0.001937895780429244,68.61344625057457,68.84688935177053,361.03120157182155,360.60263005997945,0.0,0.0,68.8036809815951,360.6196319018405,66.0,80.0,371.0,359.0,0.0,0.0,16
3,17,609,1421,131,385,82,356,104.07060755336617,369.76518883415434,2.2525731709484162,805,0.870355478314422,27.846056861676377,1,0.42857142857142855,0.4439367443850728,46.72418481881077,49.24428900898052,8.54400374531753,3.2386873769448927,3.0,24.833007684017556,23.008107403940418,-76.44044814578211,131.29646455628165,0.7565217391304347,0.3197537660798821,0.09097941009909064,0.0891482571780872,0.028805417077018267,0.0811961979511137,0.00443201343445636,0.018820372053038832,0.000743795123549548,0.03587139357328385,0.026615941688585998,0.011569847560635683,0.013280847343195649,0.019144580350043978,0.005272368304242775,0.022471602721620507,0.014790907423982064,0.0022156203320050152,0.018494822046878384,0.021297242197945813,0.003469066945469446,0.0036216635501080683,0.0011021282626699253,0.004014793600693113,0.005996035447871032,0.013424778067363996,0.0019394689383371597,0.009550505213369743,0.010767588976091527,0.00652906419632222,0.003952964684385716,0,0.5233844614122063,0.2099336232058704,2.5494926751125604,1.1457541768904775,0.003662165254354477,0.0017853055614978075,0.000396734569221735,9.155413135886192e-05,0.6371136942312495,0.04350111654737122,0.007110704202204943,0.0023956664372235537,0.007110704202204943,0.0023956664372235537,0.004715175328037895,0.001891293902755589,0.004186359072434418,0.001881369748588633,0.003982604946941137,0.0018768596928566694,0.0031128404662013054,0.0015716792549937963,0.003082322422415018,0.0014496070798486471,0.0010085701025190417,0.00013773290146607432,0.0007386459387271134,0.0001328306344032637,0.0045166704803705215,0.0019684138242155313,104.11108982719063,104.0878980382756,370.4010151035731,369.8051060769507,0.0,0.0,104.07060755336617,369.76518883415434,96.0,98.0,380.0,378.0,0.0,0.0,17
3,18,245,576,407,372,371,356,389.23673469387757,362.34285714285716,2.422157831422539,308,0.9784514213648787,17.66192765414112,1,0.4253472222222222,0.4128550117696903,40.484811041706315,36.40054944640259,4.123105625617661,2.029693328562106,2.0,8.844355512663947,8.359188652853456,74.15497434253598,86.35533905932738,0.7954545454545454,0.2354291988378225,0.023458905507079516,0.0789337807387286,0.0674613316227159,0.02758648442946873,0.01447666627930153,0.03324211778991023,0.036681291932670106,0.0346973414741454,0.022369359995106888,0.021444447546451438,0.009471154365748446,0.019542181086163672,0.014795616354154818,0.019479806806020995,0.021004163738668206,0.014895591632949005,0.017264535637445143,0.014409909464091484,0.00651035460620746,0.009626281520851248,0.006731468820219673,0.006386251644968871,0.010699894932434534,0.013638513607722948,0.009321979452351994,0.01140657938338099,0.01154158368162222,0.00901602152426409,0.004587419395693675,0,0.41069658123888075,0.1420920118689537,1.2396734808571637,0.45719081396237016,0.004306858987547457,0.0017700465396046638,0.0006485085468739271,9.155413135886192e-05,1.6973781456480241,0.0642492159790101,0.009292744100093842,0.002243076218292117,0.009292744100093842,0.0022583352401852608,0.005403902384722115,0.001869631735117812,0.005059891758600668,0.0018660849549484496,0.004859998589381576,0.0018616006709635258,0.0032043945975601673,0.0015716792549937963,0.0032043945975601673,0.0015716792549937963,0.0013315114999718576,0.00012753345049032908,0.0011052759357981607,0.00012369949655683356,0.00555428396910429,0.0019531548023223877,387.5741365336134,389.29747680395167,362.0010093305053,362.36379413924305,0.0,0.0,389.23673469387757,362.34285714285716,373.0,380.0,362.0,358.0,0.0,0.0,18
3,19,1200,2800,337,398,267,358,302.1983333333333,376.8258333333333,2.152568996297898,1328,0.9689599316504228,39.08820095223359,1,0.42857142857142855,0.4645611832744283,80.13868038969711,73.53910524340094,10.0,4.316196556428341,4.123105625617661,20.28247907981149,19.811709917178273,-66.6440867928642,180.16652224137044,0.9036144578313253,0.2820526950060512,0.011182262161513705,0.10410289944060333,0.0780879340671845,0.009457192288508566,0.010804270484333297,0.03834706732984181,0.05473725563740639,0.03624378069534561,0.003746636467256586,0.008230457304205817,0.009708109108037783,0.026865271442155315,0.02309947355171016,0.028660615757054204,0.01907906519259762,0.003329759619385457,0.002912007946081135,0.007141962297830954,0.007882178804769937,0.01120775221449168,0.014656059028922974,0.010876328741089604,0.01434403491021141,0.010405925691924516,0.0017271318859096033,0.0025645954510861396,0.0021750804202981455,0.0054004063519301725,0.005942083705681796,1,0.6599679656792432,0.2828564888332039,6.2762646889314055,2.250934614567086,0.003830014495179057,0.0017853055614978075,0.001266499049961567,7.629510946571827e-05,1.8321761457387344,0.07188290224094324,0.00712596345692873,0.00221255817450583,0.009597924537956715,0.00238040741533041,0.004341894511047653,0.0018608979528500257,0.0052302205741095046,0.0018757788454725718,0.0050049591809511185,0.0018616006709635258,0.0025787746999412775,0.0016479743644595146,0.0025787746999412775,0.001541161211207509,0.0009830464921812459,0.00012749010014554937,0.001569593697900083,0.0001272223174500853,0.006469825282692909,0.0019531548023223877,303.71346297505886,302.2559536318341,375.795662668939,376.78285598074774,0.0,0.0,302.1983333333333,376.8258333333333,304.0,302.0,375.0,376.0,0.0,0.0,19
3,20,695,1404,610,399,571,363,590.2604316546763,380.9611510791367,1.6135591969293028,762,0.9311991442591783,29.747293718772774,1,0.495014245014245,0.6197479472107738,49.81134747669496,46.010868281309364,8.602325267042627,3.9151417299786013,3.605551275463989,18.07837567530458,18.15677619590681,49.439239535517274,118.71067811865476,0.9120734908136483,0.41729766214269276,0.023426343029680965,0.13846548916523907,0.10447161502969901,0.02116264714186064,0.013167261159493066,0.03687017166587587,0.055356304178698974,0.04205998256972944,0.012800586084497296,0.008087670619783164,0.008873291726437438,0.01597868702515982,0.009573605707892435,0.018222858963378503,0.018140473366715645,0.00397375723635523,0.0026099040203043295,0.0027296956308958003,0.0058494838605351145,1.2892668322889134e-05,0.001719959835819871,0.002733095698949954,0.0015899877597679597,0.0076378237439876295,0.0046521407159365,0.0018475153616663753,0.004933201623976294,0.0023172988061565237,0.003483265729253619,1,0.5132372102234513,0.1816281375940889,5.372610135935247,1.3002059964928776,0.005767910275608301,0.0017853055614978075,0.0018158238381147385,7.629510946571827e-05,1.0082350578573132,0.027975097165901217,0.007751583121716976,0.0022583352401852608,0.01414511352777481,0.0022583352401852608,0.005237114390035217,0.0018533483427968255,0.007730374296309708,0.0018707999949537806,0.007553216069936752,0.0018616006709635258,0.0032501716632395983,0.0014190890360623598,0.0032501716632395983,0.0014190890360623598,0.0011179671314893215,0.00013823078835017866,0.0024253822442929516,0.00012396811508933071,0.009430075995624065,0.0019531548023223877,589.4968019957131,590.2328627257684,380.3028140257633,380.9564013191095,0.0,0.0,590.2604316546763,380.9611510791367,588.0,589.0,377.0,379.0,0.0,0.0,20
3,21,1711,5050,157,423,56,373,103.2051431911163,390.968439509059,3.0960187681977027,2472,0.9748111481737831,46.67454189429033,1,0.33881188118811884,0.3229954579965721,118.95354512772997,106.6255128944288,8.94427190999916,4.1237521002312905,4.0,28.39062737546103,26.530434375818523,-69.48175662843144,258.0071426749364,0.6921521035598706,0.19161868775106547,0.03226791279718859,0.05557439295047054,0.051243631747779676,0.04039097909437176,0.014603283925119266,0.000761108872752618,0.02592880048021185,0.02586875777245463,0.030128759223591137,0.02416600285707529,0.008225338925263772,0.009367824492845171,0.004721373390820089,0.015781020362296696,0.0157886159203451,0.01571952246645886,0.019543707441366964,0.014642270047066707,0.005191204700361199,0.015393580268114104,0.010137474981442804,0.003921836407804791,0.01070430433344237,0.010493572904092023,0.004176897409393039,0.009580333217271753,0.01182781204315611,0.009269861073801846,0.0034719132753960476,1,0.9508659627754241,0.40663767443038523,8.94044417142868,3.2375524521339685,0.0036926832981407642,0.0018005645833909512,0.0012359808897599578,9.155413135886192e-05,1.6905000634182572,0.039201018378306265,0.0077821011655032635,0.002243076218292117,0.00950637087225914,0.002517738612368703,0.004381870796200111,0.001873906333780577,0.005225274208900456,0.0018921989784535175,0.004631113260984421,0.001892118714749813,0.0027618829626590014,0.0015106431674212217,0.0026703288313001394,0.0015106431674212217,0.0012312513502328913,0.0001245170473296661,0.0017384832777097897,0.00012813479224767042,0.0068093385780230165,0.0019684138242155313,102.65476553924081,103.19956356369566,389.37004190372636,390.9296376070471,0.0,0.0,103.2051431911163,390.968439509059,94.0,81.0,387.0,391.0,0.0,0.0,21
3,22,754,1248,597,436,571,388,584.3726790450928,411.2122015915119,1.688030729106324,844,0.928136062981886,30.984231743425763,1,0.6041666666666666,0.5924062771827734,51.780137482698834,48.76474136094644,8.94427190999916,3.9900789573907716,3.605551275463989,19.91728177255991,19.274696173734466,17.139423091349684,126.46803743153546,0.8933649289099526,0.40371009955017345,0.03137083459859846,0.13970842754542984,0.09569638055412441,0.03511200457505597,0.010740928575555104,0.027168200831763144,0.05612635560393661,0.03833974007658671,0.020260174377326894,0.013822980078694837,0.0035269761152782056,0.012086458722136505,0.007813004186838534,0.018827587820073013,0.018443919884574226,0.005321852505858841,0.0050834239638590855,0.0025011091801517386,0.0009030148630487259,0.003197765476628686,0.0022472475988959528,0.002911118949192841,0.0025446592413955037,0.010292784366884621,0.005498728818125967,0.0026818713326436463,0.00549091102718038,0.001122003409313086,0.0004152132518395128,1,0.5940947683993727,0.1974212252534926,6.298115598037839,1.4121156630571932,0.005432211793959141,0.0017853055614978075,0.0028229192830622196,7.629510946571827e-05,1.2173931506779556,0.039096890882202376,0.008911268785595894,0.0021057450212538242,0.01579308696091175,0.0024414435029029846,0.005552287555134324,0.001845058179939183,0.008352938458936126,0.0018728324443729352,0.00802624598145485,0.0018768596928566694,0.003082322422415018,0.001495384145528078,0.003036545356735587,0.001495384145528078,0.0014473455055989647,0.0001185290329123388,0.0032394005547266764,0.00011832966974433337,0.011131456587463617,0.0019531548023223877,584.3088187175479,584.3762791351047,409.99648454306543,411.1732708038425,0.0,0.0,584.3726790450928,411.2122015915119,585.0,589.0,406.0,419.0,0.0,0.0,22
3,23,789,1200,783,494,758,446,770.5019011406844,469.3168567807351,1.5382583703230766,855,0.9237908313575183,31.695204697178458,1,0.6575,0.6500858498757738,51.82383615963043,47.67598976424087,9.486832980505138,4.252435162836132,4.0,18.87608877601622,19.843217603256896,-12.318405956594248,123.49747468305833,0.9228070175438596,0.4402384909550794,0.005600620140239774,0.14413892055469543,0.10967274230434343,0.005654353800995309,0.01136887267195272,0.03760005772884088,0.05705245204089546,0.04181317602280642,0.00429897468203738,0.003490729153383927,0.008745137437731332,0.015417490098122785,0.008824017462939199,0.015506252474627927,0.01636470563103413,0.0017826488482433254,0.002470504648272292,0.002636954616516762,0.004960952372050361,0.0037557847170010673,0.0029391181293069155,0.005771569307839387,0.002563745576414048,0.005901693847727876,0.0007577155145551483,0.0011329682447787043,0.003266938574946867,0.001476580467643351,0.0021433010153297394,1,0.525719088036567,0.2018616006243974,5.8648814333137125,1.4804760811384767,0.004577706567943096,0.0017853055614978075,0.00254825665615499,7.629510946571827e-05,1.6329695848899808,0.0355886143010466,0.009262226521968842,0.0022735942620784044,0.01571679301559925,0.002334630349650979,0.0048231108994180455,0.0018519412901320863,0.007433309801411549,0.0018763955400994635,0.007118333829566836,0.0018616006709635258,0.0027466239407658577,0.00158693827688694,0.002685587853193283,0.0014496070798486471,0.001579732770194852,0.0001268042087599669,0.0030941556379669097,0.00012548538113623487,0.009735256200656295,0.0019531548023223877,770.5501944856792,770.4980468548695,467.6846014643079,469.3522360677365,0.0,0.0,770.5019011406844,469.3168567807351,770.0,771.0,466.0,480.0,0.0,0.0,23
3,24,1103,2210,602,558,568,493,584.8739800543971,525.1423390752493,2.097551540779296,1191,0.959472940134414,37.47510130530516,1,0.4990950226244344,0.4767463304517768,71.21691511318689,66.48308055437865,9.219544457292887,4.289244384641215,4.123105625617661,19.106095766596567,20.06898191739678,20.99582362716922,170.50966799187808,0.926112510495382,0.3177337596929603,0.01084852572113994,0.12022039304879299,0.08358170596652718,0.008947281641014507,0.010509858984460439,0.044222320273700697,0.05575879284080983,0.03837369796868622,0.003873200647397473,0.00976760478379927,0.007935144627452604,0.0262924064120325,0.020855524670468584,0.027282546020405456,0.02029247224435069,0.0023034731744292817,0.0036213488226160416,0.007465725231865558,0.005476683989143926,0.007483145938903404,0.010489820113676837,0.007714106011711499,0.012444144306769628,0.011378515352411252,0.000515652325017826,0.0008492733487213042,0.002206648986530877,0.004300601206739992,0.0035904412845163512,1,0.5178454308770597,0.2673380635678768,5.015549015020952,2.044312199112028,0.00334172579459846,0.0017700465396046638,0.0010070954449474812,7.629510946571827e-05,0.6116591584547112,0.08827807883704689,0.005859464406967163,0.00221255817450583,0.008377202786505222,0.0023193713277578354,0.0035961488255351367,0.0018565143303324778,0.004547188590227518,0.0018534108786147124,0.004196231020614505,0.0018463416490703821,0.002166781108826399,0.0015564202331006527,0.002166781108826399,0.0013427939265966415,0.0006259347344435515,0.00012786862070700037,0.0014066888562568262,0.0001211053741657801,0.005645838100463152,0.001937895780429244,585.1250889910887,584.8447907803006,525.7000766730811,525.0590263782525,0.0,0.0,584.8739800543971,525.1423390752493,588.0,580.0,528.0,509.0,0.0,0.0,24
3,25,1776,2940,705,679,677,574,690.0771396396397,625.7573198198198,2.911172324113071,2253,0.9790370886390973,47.55284882580274,1,0.6040816326530613,0.34350422739219455,115.53292557022338,104.17293314484334,9.055385138137417,4.370317132852557,4.123105625617661,25.830225328876644,23.531983569860373,-1.9953726961862914,254.89444430272832,0.7882822902796272,0.208373887896208,0.020334479400275485,0.07093975925669535,0.05945979051168292,0.02863278336881787,0.007956791788727473,0.022046834966815542,0.03607325049747997,0.031372537514057136,0.02648535661847001,0.015387654113261554,0.004150716297225138,0.00901862404136145,0.011658399954930372,0.02259068559863224,0.019585802175865138,0.01981758148560671,0.016707939115417212,0.008485695149485988,0.0025461368782472866,0.001717200644263588,0.003265688314533108,0.007767277302957883,0.014925602488064453,0.013162213573136787,0.012886503876641264,0.012590143040549649,0.00999666274774186,0.00474663721336353,0.0017438336063227778,1,1.158907467033714,0.40968947880901396,13.163882021792233,3.290196077665314,0.003707942320033908,0.0017700465396046638,0.0027618829626590014,7.629510946571827e-05,1.4424359692973632,0.02831933437087955,0.011703670024871826,0.0021820401307195425,0.01893644593656063,0.00238040741533041,0.005196894471003202,0.0018371725507130671,0.007412095732991122,0.0018525878815683074,0.006225680932402611,0.0018463416490703821,0.002822919050231576,0.0016174563206732273,0.002731364918872714,0.0013427939265966415,0.0021696657426945906,0.00010841636776740423,0.0040396178901419555,0.00011974820794086495,0.010605020448565483,0.0019226367585361004,691.3198129181576,690.0939092768397,625.0249369633982,625.7344995663727,0.0,0.0,690.0771396396397,625.7573198198198,691.0,685.0,631.0,600.0,0.0,0.0,25
3,26,2140,7383,455,708,386,601,417.0285046728972,655.5789719626168,3.1769360943543856,2658,0.9861763034433292,52.198971500722585,1,0.2898550724637681,0.3147686860233237,134.68083953043822,120.41594578792295,10.0,4.559490593247812,4.47213595499958,24.764708629916882,22.31653729543967,30.707369114253243,292.2914139223983,0.8051166290443943,0.18791259487815506,0.01050222766440113,0.06597596066581704,0.056569983789187,0.014808168083763241,0.00502226994082344,0.026360185954932704,0.03827558330413025,0.029829847333662327,0.013460303831771596,0.010948612166722329,0.0024287596651308523,0.019191566145531816,0.017830862820570163,0.024005855218257835,0.01862816080109,0.010919837556059027,0.011992822039791688,0.006762847934617618,0.0011933978618371966,0.008849215428635586,0.013060548622300388,0.010894078642096764,0.016063661165537882,0.01254745896226773,0.00900324136929662,0.009323594394429249,0.008811486780048622,0.0038400198302390226,0.0005848015303110926,1,0.871763190953061,0.44597543287090957,9.212390449596569,3.9630579070653766,0.0031128404662013054,0.0017700465396046638,0.0009613186120986938,7.629510946571827e-05,1.5932733370452548,0.03646330449081566,0.005279621575027704,0.002151522086933255,0.007751583121716976,0.0024414435029029846,0.0035875028434282346,0.001835289847205389,0.00430485535027877,0.0018518962182548489,0.003921568859368563,0.0018463416490703821,0.00238040741533041,0.0014648661017417908,0.002334630349650979,0.0014038300141692162,0.000713363044418596,0.0001025174296043571,0.0013134230862674144,0.00012287147228648004,0.005462729837745428,0.0019226367585361004,415.89792189359093,417.0546205706937,654.4563400079338,655.6044186216642,0.0,0.0,417.0285046728972,655.5789719626168,411.0,404.0,645.0,625.0,0.0,0.0,26
3,27,1109,2650,218,766,165,716,191.80703336339045,740.7385031559963,1.8384713543994273,1223,0.952612922273146,37.57688990737918,1,0.4184905660377358,0.543930150234334,69.31886642949502,63.0317380372777,9.899494936611665,4.475106774068427,4.242640687119285,20.75862068965517,21.085771473320914,47.32961966045011,160.06601717798213,0.9067865903515945,0.35540464513246806,0.0045480052886150415,0.12048166466938019,0.09746049758167061,0.003642516054905195,0.004113309317278296,0.04106041584023863,0.057978741377499095,0.04362957134260546,0.0018872008224735525,0.006692978584257954,0.0013979366685942273,0.024246923597018733,0.019819729225646277,0.025414740896952774,0.021613652344720947,0.002851742651800885,0.004085173739070354,0.0035075477837475614,0.000443169991580489,0.005126110744993621,0.00996175042454463,0.003948065209809928,0.008525317235928287,0.01072619887599143,0.0031764571829278605,0.0015795605265364688,0.001015523716175894,0.0019392105258956031,0.001129753389439061,1,0.6618753485381603,0.2415045395027846,7.286549296230078,2.080781261436641,0.005600061267614365,0.0017853055614978075,0.0009308005683124065,7.629510946571827e-05,0.46592158431234093,0.032644278943847214,0.006469825282692909,0.002197299152612686,0.010467689484357834,0.002334630349650979,0.005130816655334576,0.0018721282131998807,0.0065703780849685105,0.0018762680445776746,0.006546120624989271,0.0018616006709635258,0.0035400930792093277,0.0016174563206732273,0.0035400930792093277,0.0015564202331006527,0.0006722030800380604,0.00011505098954131211,0.0012623008638583076,0.00012496125662722927,0.007473106030374765,0.0019531548023223877,191.6065496155236,191.8038851896395,740.3179211906562,740.770995277346,0.0,0.0,191.80703336339045,740.7385031559963,186.0,201.0,733.0,757.0,0.0,0.0,27
3,28,1934,4494,664,761,557,719,612.2047569803516,736.1349534643226,3.1455756792579255,2737,0.965497326240177,49.62303174452167,1,0.4303515798842902,0.3179068323150027,119.39195286607338,107.8702924812944,9.899494936611665,4.40871085667652,4.123105625617661,32.824928208048874,31.091212599557405,80.02561794947384,276.49242404917493,0.7066130800146145,0.2114041595417957,0.02829112129687709,0.06586508847494645,0.056564727838866506,0.03994713820823483,0.007056480581089009,0.001313311064581136,0.033120050337217925,0.02938457978045758,0.03238874405672495,0.017513149639688887,0.001719085884829568,0.013519250085815612,0.002768168197609449,0.022065161175598157,0.01808228363714184,0.016631016198102633,0.018747821063222796,0.007756109982289066,0.0001471189034373807,0.020401853636334087,0.006039597311318065,0.004246968807636639,0.015099624380492132,0.012004547475751163,0.00320016909234184,0.010955114045288941,0.010559445435815969,0.0030161902617733176,0.0007330420702747381,1,1.0017853186000139,0.426474402891472,10.456504289293662,3.561806667363271,0.0032959487289190292,0.0017547875177115202,0.0016937514301389456,7.629510946571827e-05,2.57323379869167,0.023987047157247015,0.00804150477051735,0.0022278171963989735,0.011474784463644028,0.0023041123058646917,0.004299507805150274,0.0018303622441694077,0.005406672331589277,0.0018416787318320947,0.004730296786874533,0.0018310826271772385,0.0023651483934372663,0.0016021972987800837,0.0023193713277578354,0.0014190890360623598,0.001436300137441366,0.00011489682978192602,0.0022917028350286296,0.00011870630328174372,0.007522698026150465,0.0019226367585361004,611.636581041996,612.180941895186,733.6252307135386,736.1320863839468,0.0,0.0,612.2047569803516,736.1349534643226,598.0,605.0,726.0,728.0,0.0,0.0,28
3,29,1339,3782,209,785,147,724,176.1814787154593,755.991784914115,2.1955997311826057,1566,0.9683830193154274,41.29004420438882,1,0.3540454785827604,0.45545642304363676,85.64747730988185,77.15568676384133,9.433981132056603,4.441610884927986,4.242640687119285,22.241379310344826,21.36631257322926,45.6224870159075,192.20815280171308,0.855044699872286,0.2863879977155019,0.022900467674683157,0.0952959100417348,0.08097968039402358,0.028775509354942694,0.01068575335654608,0.030761522765746025,0.04824575878993564,0.03938351834098222,0.0239977660682748,0.0162301347011355,0.0059297315785833676,0.017390374256344574,0.01589659234869183,0.025599489574721076,0.022055514480602428,0.016056769648795696,0.014242495532489602,0.007980127275240034,0.003635029638027545,0.004377728053889797,0.007268297758365814,0.007164733158125316,0.01322941609584597,0.01293525504366478,0.008376236500783264,0.009274518989634774,0.005398052110270087,0.0037532867580983642,0.002249482788142018,1,0.918394761858508,0.29024185542948544,11.425391136202961,2.51369497156702,0.004364080261439085,0.0017853055614978075,0.003395132487639785,9.155413135886192e-05,2.8584250014024755,0.028471047678834367,0.012893873266875744,0.00221255817450583,0.020950637757778168,0.002517738612368703,0.005849648164703873,0.001848674238404366,0.008532779041227007,0.001877292734553413,0.0074235142674297094,0.0018768596928566694,0.002944991225376725,0.0015716792549937963,0.002944991225376725,0.0013427939265966415,0.002451096769555638,0.0001278885814761459,0.0044543374151005235,0.00012842860455439364,0.012176699936389923,0.0019684138242155313,178.06659516845883,176.17081373114397,758.1404890462079,755.9653868333991,0.0,0.0,176.1814787154593,755.991784914115,183.0,178.0,762.0,755.0,0.0,0.0,29
3,30,2293,6120,952,908,832,857,895.3737461840384,874.5590928914087,3.204405443887016,3353,0.9758103691895006,54.03275188325807,1,0.3746732026143791,0.3120703723393309,140.17823760346775,124.91997438360288,10.0,4.630740341585258,4.47213595499958,34.113888085418026,30.645580031218017,74.67166193248137,303.86500705120545,0.68386519534745,0.18708992477268366,0.022513285876616832,0.058249354221501515,0.053787307483343594,0.030860905083265087,0.007930327923852912,0.009157231801719484,0.03244239262266569,0.0280472926152713,0.02747125217949554,0.016911552653682965,0.0032358695479170903,0.0013997513511266107,0.0067361272836192615,0.02084581661417357,0.017491857755237858,0.018485434385339967,0.01838111282286024,0.009104140925500208,0.0013143787043615957,0.010187785092734837,0.002498000356543368,0.0061982125152568925,0.014002801993190546,0.011896095536569154,0.010136196808238872,0.012665067872505674,0.011410835798331069,0.004946836582317866,0.0004432401533245975,1,1.1588464335072786,0.4865644311066717,12.462516345083714,4.200885022291914,0.003219653619453311,0.0017547875177115202,0.0013427941594272852,7.629510946571827e-05,4.897528366685984,0.04344001851724798,0.009246967732906342,0.0021362630650401115,0.01350423414260149,0.00238040741533041,0.004340248814634002,0.0018223386932834146,0.005435026753198305,0.001832047545700791,0.004318303428590298,0.0018158236052840948,0.0024109254591166973,0.0015564202331006527,0.00221255817450583,0.0014038300141692162,0.0017343778644798348,0.00011351911333158646,0.00267777131087723,0.00011474508523598935,0.007248035632073879,0.0019073777366429567,891.7080446206312,895.3392237700006,871.3112603602384,874.5327255226022,0.0,0.0,895.3737461840384,874.5590928914087,882.0,925.0,865.0,871.0,0.0,0.0,30
3,31,973,1431,841,922,814,869,826.207605344296,894.6844809866393,1.6081651654411633,1061,0.9188818622120984,35.197472594311556,1,0.6799440950384347,0.621826676444439,57.04415303527391,53.150729063673246,10.198039027185569,4.621416805403202,4.123105625617661,21.963155465911587,22.50578891615703,-12.29448078803199,140.22539674441617,0.9170593779453345,0.43853524850524367,0.021952895623030814,0.14445558250182644,0.10552954422124573,0.02795549575293065,0.004205259521548211,0.029598039569131988,0.055552505584014714,0.04084502596742461,0.017250345608054756,0.005153249118581547,0.00269505200448586,0.00963563882232041,0.00612760193220559,0.016455229372888045,0.016789294644148422,0.003936015606358532,0.0026434795851651514,0.000538119537225455,0.002971364002722741,0.0038261352125248263,0.00192573339459831,0.005915177404927195,0.002418296792427336,0.007210178205921439,0.0055367802322906475,0.0065100784771306595,0.0040327871139527035,0.0010537442963574313,0.002818563510258781,1,0.4669871118385345,0.22345311660319567,4.480552441906184,1.7851071942131966,0.003387502860277891,0.0017547875177115202,0.0011749446857720613,7.629510946571827e-05,2.5899392786715127,0.01177380249109308,0.006301976274698973,0.0021057450212538242,0.007614252157509327,0.00238040741533041,0.003827763211791266,0.0018315829229770136,0.0046048843185058416,0.0018346425428707057,0.0045929658226668835,0.0018310826271772385,0.0024567025247961283,0.001495384145528078,0.0024567025247961283,0.0014801251236349344,0.0008716289237068716,0.00010996383319088069,0.0012708275096285002,0.0001233766898552897,0.0056916153989732265,0.0019188220030628145,825.2027053885357,826.2130151213382,897.0715213185396,894.6740236094608,0.0,0.0,826.207605344296,894.6844809866393,824.0,824.0,900.0,918.0,0.0,0.0,31
3,32,1020,2115,828,963,781,918,805.1705882352941,941.3745098039216,1.5952595779453076,1083,0.9279950833611195,36.03754064347158,1,0.48226950354609927,0.6268572298985967,59.71821942447806,57.62811813689564,10.63014581273465,4.716176835849475,4.242640687119285,20.96774079022711,22.250557000665538,-46.42244363301292,142.99494936611666,0.9418282548476454,0.3910582160884872,0.010424210371906278,0.15138391332881374,0.09018131565038925,0.015721729452986787,0.0016680329340022985,0.035223380463483826,0.06286624267581493,0.035099333711962076,0.011319658343959066,0.003188879369228724,0.002926649514057705,0.01708535984530473,0.010602062701446594,0.024628888219021417,0.015407987865374628,0.0036249109581452128,0.002747878603715426,0.000676838054190387,0.0027650083546826546,0.0004358806482212015,0.0017898486675697212,0.001686479638913463,0.006570997281623809,0.007356735007884837,0.0030135428226553585,0.002492468401525549,0.0010590858610745697,0.0012357648235333276,0.0022108470739272694,0,0.41159686213359237,0.2065461203455925,4.183779720682651,1.8535744254477322,0.0031433585099875927,0.0017395284958183765,0.0008850232698023319,7.629510946571827e-05,2.948331028366247,0.024551522672236904,0.006210422143340111,0.0024414435029029846,0.006927595939487219,0.0024414435029029846,0.003610498790645547,0.0018118080732069518,0.004101744824198677,0.0018172298288703257,0.0038605325389653444,0.0018158236052840948,0.0023193713277578354,0.0015259021893143654,0.002151522086933255,0.0013733119703829288,0.0009841867677730107,0.00013637683386336872,0.0010737451852921806,0.00011946310351666744,0.005050736479461193,0.001892118714749813,806.9958495679749,805.1951199433623,939.059109855695,941.3754959909116,0.0,0.0,805.1705882352941,941.3745098039216,819.0,822.0,926.0,922.0,0.0,0.0,32
4,1,1300,2088,585,200,561,113,572.8230769230769,155.99153846153845,2.5238824780344657,1432,0.9829748346578657,40.68428945128219,1,0.6226053639846744,0.3962149619497236,96.28014347703412,86.83317338436964,8.06225774829855,4.012918291414928,4.0,16.828632121708967,17.690536311833743,7.284334988632134,203.05382386916236,0.9078212290502793,0.219524059437097,0.0008955854983860443,0.08001676601910158,0.06519078025902723,0.0016466575621283026,0.00020512948856103272,0.03635329991701867,0.044063753164080156,0.0342143342840179,0.0020316949775117665,0.00022189560510158104,0.00022656139982891335,0.026532650103631386,0.02273629527014019,0.02718413773347931,0.021011510092134162,0.0020516754287499303,0.00045934968016796477,0.0002954489814635927,0.0002619892478606379,0.014760040037809981,0.016383486383535113,0.014595289147024017,0.017134158071448052,0.013841594650971432,0.0015287494481526123,0.0010919209476830327,0.00038956698312557687,0.00019604173398732173,0.00026537913708799373,1,0.8076905608177185,0.34819562057964504,7.44721152423881,2.486198214115575,0.004013122990727425,0.0018310826271772385,0.0016479743644595146,7.629510946571827e-05,1.1600154863818126,0.12225945877947539,0.0065766386687755585,0.0023193713277578354,0.009857328608632088,0.002471961546689272,0.004389622613139774,0.0018923675031502448,0.005728624249414469,0.0019124601647042883,0.005661097355186939,0.0019073777366429567,0.0027008468750864267,0.0016174563206732273,0.0027008468750864267,0.0015564202331006527,0.0009975323228758421,0.00011657319960013823,0.0018369211632954592,0.00012636657127958358,0.007309071719646454,0.001983672846108675,572.7482732417019,572.8185327711391,157.14913957500474,155.86936348069452,0.0,0.0,572.8230769230769,155.99153846153845,575.0,578.0,169.0,163.0,0.0,0.0,1
4,2,1105,2442,823,159,757,122,790.516742081448,140.12217194570135,2.019012589909275,1212,0.967625862585236,37.50906153094682,1,0.4524979524979525,0.4952916118492037,75.72556357153407,68.62215385719105,8.94427190999916,4.2186126131799755,4.123105625617661,18.3505335466837,19.112296674229274,-68.20436295595395,167.4386001800126,0.9117161716171617,0.29877462241077823,0.013186047492156345,0.10410701750653623,0.08472387776823029,0.011806438299814462,0.010090474826460702,0.04168653204499088,0.05217595461631315,0.04075743501769405,0.007386080487328045,0.011696897640952256,0.00680835087592572,0.02744567346309633,0.021513307270415435,0.026934448383862657,0.02226086670600832,0.004096802476111707,0.007686779300807534,0.007644157909267717,0.004454567937119105,0.01052641602067461,0.013001876687652441,0.009179655266558505,0.013004319715244796,0.01262960185363928,0.0017363396926425273,0.003809545297387428,0.004313979242605854,0.0039556580081917215,0.0028223720163183335,1,0.5997253432869911,0.26668192562647164,6.21585419238545,2.0814526583999395,0.0034485389478504658,0.0018005645833909512,0.0012054628459736705,7.629510946571827e-05,0.7393488344198996,0.023561191327927593,0.008682383224368095,0.00238040741533041,0.01333638560026884,0.002471961546689272,0.004193883519489449,0.001864908570814487,0.005625207413923484,0.0018836675641628411,0.004356450866907835,0.0018768596928566694,0.002685587853193283,0.0016021972987800837,0.0024567025247961283,0.0014648661017417908,0.0014713202310055312,0.00011548033752834802,0.0026477541378841724,0.00012256059677329353,0.0076905470341444016,0.0019531548023223877,790.7727982373777,790.5015468300979,139.42857844517778,140.10416544484195,0.0,0.0,790.516742081448,140.12217194570135,794.0,788.0,137.0,135.0,0.0,0.0,2
4,3,876,1539,162,214,135,157,147.17351598173516,184.64497716894977,1.816210715183018,942,0.9562265398295334,33.396973533360814,1,0.5692007797270955,0.5505969057666477,62.54270624293707,57.723478758647246,8.94427190999916,4.0389656990606895,4.0,17.407341670727636,18.301710510122813,-15.639278261425636,141.39696961967,0.9299363057324841,0.33474124885594314,0.03303941999939041,0.11490990148240209,0.08671555111511871,0.03371752209409177,0.020318851440318877,0.03577484818340534,0.04903961092303477,0.038484983831606624,0.021519268780614362,0.02289659759988218,0.012427508977066562,0.018832532365109917,0.013138900821187342,0.020608563481960187,0.019853321145680423,0.010681215238296961,0.012421398682920491,0.011746558053222804,0.007613718506778994,0.005537570682663667,0.0038178732136165175,0.0034217561665807524,0.007587290580667587,0.010971029069066978,0.0019057902695502336,0.0039309311992075146,0.0031673471076029466,0.004196848193470882,0.0046291394459734994,1,0.5957580043468624,0.23030441743321717,6.215014971792698,1.6603799492586404,0.005340657662600279,0.0018005645833909512,0.001678492408245802,9.155413135886192e-05,0.18525265081718925,0.005163464697278221,0.006775005720555782,0.002334630349650979,0.01335164438933134,0.002471961546689272,0.004804500035055342,0.0018572936889775578,0.007094765949535043,0.0018954109009801832,0.00679026497527957,0.001892118714749813,0.002960250247269869,0.001632715342566371,0.002960250247269869,0.0015716792549937963,0.0009013606757810345,0.00011836352601871341,0.002219437898648684,0.000126600115161441,0.00874341931194067,0.0019684138242155313,147.00072919223825,147.17522722468823,184.57816945973784,184.64984882321045,0.0,0.0,147.17351598173516,184.64497716894977,146.0,154.0,187.0,181.0,0.0,0.0,3
4,4,931,2250,780,256,735,206,756.4940923737917,230.23845327604727,1.8913324968116048,1004,0.959084691374684,34.42943531556155,1,0.4137777777777778,0.528727762932109,65.4419997797294,59.665735560705194,8.602325267042627,4.0486240887314,3.605551275463989,17.616606585441104,18.527895102728465,-39.5742482132604,148.75230867899737,0.9272908366533864,0.3329736000416956,0.01883487617214032,0.11450636562145482,0.09115376168568774,0.016318488571100877,0.015018900753967833,0.042857571712459755,0.05331668115205903,0.04163201487595474,0.010302000427512958,0.014399749439360716,0.010440856678134621,0.025386445301580345,0.01893981109791087,0.024585836211908126,0.02118032313365977,0.005498034064196138,0.007065523151785046,0.00892755255072614,0.006666159268162587,0.006636218768643855,0.009565504849886152,0.006070414167516465,0.009401066378497023,0.011034080184265911,0.0017141858718954196,0.0017519380001393364,0.0031160155784068417,0.003413151836636573,0.0039262595104555395,1,0.6334477842319757,0.22740520327351987,6.886106759309769,1.7722133207134902,0.004974441137164831,0.0018158236052840948,0.0023346305824816227,7.629510946571827e-05,1.1896685428730023,0.013341870724418883,0.009338521398603916,0.0022735942620784044,0.013778897002339363,0.0023041123058646917,0.005235105654809716,0.0018793818452357014,0.007396462684543253,0.0019035588836879595,0.007400625851005316,0.0019073777366429567,0.0030975814443081617,0.0015716792549937963,0.002990768291056156,0.0015564202331006527,0.0015348818622688387,0.00012443505953346987,0.0025880296564679745,0.00012470578469274765,0.009647516533732414,0.001983672846108675,755.4772192972861,756.5058635119078,230.85593233494694,230.23217268516126,0.0,0.0,756.4940923737917,230.23845327604727,757.0,770.0,227.0,224.0,0.0,0.0,4
4,5,1005,2538,795,272,748,218,772.0407960199005,245.2139303482587,1.9370840170691543,1116,0.9618691895333566,35.77157729900708,1,0.3959810874704492,0.5162398694058812,69.81679490628497,63.41135544995076,8.94427190999916,4.107872068173673,4.123105625617661,18.634521773914607,19.09558418834767,-39.13445844743959,156.40916292848976,0.9005376344086021,0.3182307243120712,0.01968813133982477,0.10848062555974484,0.08801029463775453,0.023803235772152802,0.009733642767634871,0.03789149995232108,0.05201836484813255,0.04153477645044374,0.018746954469936152,0.01346576226679808,0.005508369801350098,0.02338355887753556,0.016392776613623455,0.026376405008643286,0.022090546421877164,0.011022986190060473,0.010923987758271088,0.006074914676072214,0.0033695631090382167,0.006899893792701905,0.007827117813550022,0.00685444959730152,0.011673712450264245,0.012159141691671736,0.00425326647756915,0.005359137847773014,0.0038314650231208655,0.0018349647721154479,0.0021617764420117152,1,0.6623331133741885,0.23932249937206507,7.811093393014744,1.9055771720595658,0.0042000459507107735,0.0018005645833909512,0.002975509501993656,9.155413135886192e-05,0.28545807712577587,0.07746593610284086,0.011703670024871826,0.0022583352401852608,0.01593041978776455,0.0023193713277578354,0.005215221365151091,0.0018844291289138982,0.007772232231855467,0.0018960966886164834,0.00679026497527957,0.001892118714749813,0.0026703288313001394,0.0015716792549937963,0.0026703288313001394,0.0015716792549937963,0.0021765486952880376,0.0001287084000038964,0.0038208620338704255,0.00012830486343913015,0.01097123697400093,0.001983672846108675,771.7666419224623,772.0882753319133,245.29346552697973,245.15272016783845,0.0,0.0,772.0407960199005,245.2139303482587,772.0,781.0,243.0,238.0,0.0,0.0,5
4,6,1375,3740,435,311,391,226,411.1541818181818,268.69890909090907,2.764357582322735,1634,0.9823586923745543,41.84141935942002,1,0.36764705882352944,0.36174770094676245,100.63279395391937,89.31965069345043,8.48528137423857,3.9827685338787284,4.0,19.312315170413395,18.818978100058622,22.08569300760927,218.5512985522207,0.8414932680538556,0.21944151090634856,0.008856263412199639,0.07458080749666998,0.06692575947586517,0.012341075954278241,0.0034830909400274794,0.03161844104220325,0.042717671528382434,0.03530693194154546,0.012841090278894959,0.005929046868964748,0.0019631911144896755,0.02227583410340911,0.020238332190103184,0.026817535084383615,0.021528705630336403,0.011057793898842462,0.0075923016153949426,0.0028341681114519754,0.0012805614617568053,0.009376558320132216,0.015039751247399365,0.012902409838234945,0.017106692289535444,0.013890340448837855,0.008519302145970489,0.0071663666772752805,0.00382634525150908,0.0013918629724829574,0.0009419980273077856,1,0.8831921981181949,0.3484245059080422,8.17929362715222,2.608484015567228,0.003875791560858488,0.0018158236052840948,0.0018997483421117067,7.629510946571827e-05,1.4664712975948082,0.011726979145110323,0.008926527574658394,0.0024872205685824156,0.01123064011335373,0.0024872205685824156,0.004774011881719973,0.0018833757076110388,0.005948577183383433,0.0018970792840488932,0.005592431640252471,0.001892118714749813,0.002868696115911007,0.0012664988171309233,0.002685587853193283,0.0012664988171309233,0.0014101817932785938,0.00014014461152483083,0.002216529221198117,0.00012753852897890423,0.007892729016020894,0.0019684138242155313,410.2170009010481,411.15760440370406,267.5709773575006,268.68769267667756,0.0,0.0,411.1541818181818,268.69890909090907,406.0,419.0,256.0,307.0,0.0,0.0,6
4,7,870,1485,353,315,298,288,325.59655172413795,302.40344827586205,1.7624621353565437,962,0.9498316993995684,33.282403818227905,1,0.5858585858585859,0.5673880759984108,60.822828941638264,55.31726674375732,8.94427190999916,4.070854992419059,4.0,18.35703957223942,19.023037943504804,-75.41073892833086,138.81118318204307,0.9043659043659044,0.36116729569611805,0.03241110181922319,0.11680146644222555,0.09497708176052995,0.03532464403977986,0.01657724047650673,0.030227572078593605,0.05227446977734532,0.04107158829281432,0.023863090013947753,0.018615173189599616,0.009074004228338095,0.01569692201187811,0.011301581831567693,0.02152637314326751,0.019823476833294794,0.011592361079828204,0.009816108422209372,0.006866997502364952,0.005052348566223385,0.0012291842741212434,0.004233796067800237,0.0012694531576809072,0.006570649680203806,0.00973537829526499,0.0019374158764876653,0.001574168099683745,0.00015663442435013896,0.00015274395321886137,0.0027770039889091305,0,0.6151369579602033,0.22800030512735248,5.450492166681215,1.6581216140184551,0.003570611122995615,0.0018158236052840948,0.0018158238381147385,9.155413135886192e-05,5.958400504528802,0.062000505130507366,0.010482948273420334,0.0024567025247961283,0.014206149615347385,0.002563515678048134,0.005083776512067796,0.001884300042374814,0.006264933524920937,0.001905886912664891,0.005157549399882555,0.0019073777366429567,0.0028839551378041506,0.0016174563206732273,0.0027008468750864267,0.001541161211207509,0.0019341097229486279,0.00013500820420802532,0.0030846133697206572,0.00012920675328190447,0.008789196610450745,0.001983672846108675,319.75361281232836,325.54097455482446,303.57075348240846,302.4309299222381,0.0,0.0,325.59655172413795,302.40344827586205,311.0,321.0,306.0,301.0,0.0,0.0,7
4,8,912,1980,300,340,245,304,272.04276315789474,322.5285087719298,1.8817409756354768,995,0.9559978744302815,34.07630356711932,1,0.46060606060606063,0.5314227690993938,63.760036836355916,58.309518948453004,8.54400374531753,4.069441032617197,4.0,17.88854381999832,18.705510989463,-63.80226533923684,146.8528137423857,0.9165829145728643,0.34152778376425547,0.006211346870297932,0.11954794133698508,0.09322114393215496,0.010821899576635187,0.002589886922808054,0.04483847118827723,0.05496042400776253,0.04376360850669768,0.009117374163696658,0.0031916078766596125,0.0029012249162351997,0.02300849581906549,0.021114472980818106,0.02547347382184541,0.023334198571743292,0.004635432837489831,0.004753198854789289,0.0006648533154708634,0.0022637832343148302,0.006672364093815193,0.007623705985395286,0.007730670416679929,0.009863993972744962,0.012840167692687608,0.0013501225341479757,0.0009768598827196637,0.001766850326264055,0.001643419518895731,0.0014183846607277073,1,0.68752575898543,0.23028915841132402,6.661738085094839,1.7364461733959615,0.0041199359111487865,0.0018158236052840948,0.0028992141596972942,9.155413135886192e-05,5.234099510406422,0.01861627684815742,0.011444266885519028,0.0022278171963989735,0.01518272701650858,0.002334630349650979,0.00563545704086418,0.0018876160525518363,0.007304537374007499,0.0019039979971446947,0.0069733732379972935,0.001892118714749813,0.002868696115911007,0.0016174563206732273,0.0024414435029029846,0.0015106431674212217,0.0021812740764186873,0.00011798073945780254,0.0032666685535747845,0.00012485678660808624,0.009979400783777237,0.0019989318680018187,276.5278702315207,272.0241480518111,319.8304331201092,322.5287175521538,0.0,0.0,272.04276315789474,322.5285087719298,282.0,267.0,318.0,326.0,0.0,0.0,8
4,9,1520,4455,351,357,252,312,301.0835526315789,335.34605263157897,2.9939215070838836,1766,0.9880861897882323,43.992318738587166,1,0.34118967452300786,0.3340100926607165,117.11969349242801,103.40696301506973,8.94427190999916,3.986380827511339,4.0,17.738956857693665,18.024900255027998,-69.5890435921596,239.1370849898476,0.8607021517553793,0.1809898165152387,0.0029760433109631505,0.06205511490376565,0.05662624166658067,0.0054739584407137755,0.0004075741070933759,0.022816559713321527,0.04095177205966158,0.02978952489211975,0.0060561555302256305,0.0020380385400401136,0.00042029421167670994,0.017023768815508798,0.021233292516638313,0.026068345836103877,0.018537327665284577,0.00584310647249418,0.003299813335621947,0.000516056587241293,0.0004596126836414808,0.009258445621400787,0.015691316505088315,0.014682154081092384,0.017190147105732186,0.012518159099662102,0.0053639504011017145,0.003587448627870646,0.0014959780063353314,0.0002651115245953362,0.00039791757328709685,1,0.8733959086239338,0.39084458677098155,7.393591328989714,2.8994735630694777,0.003707942320033908,0.0018158236052840948,0.0010376134887337685,7.629510946571827e-05,1.7127498176442533,0.043616734260000664,0.007080186158418655,0.00238040741533041,0.00886549148708582,0.002426184481009841,0.0042397859641938535,0.0018973038192766094,0.004864204821703759,0.0019075483967562353,0.0045166704803705215,0.0019073777366429567,0.0025024795904755592,0.0016021972987800837,0.0024414435029029846,0.0014496070798486471,0.0010302726736203206,0.00012917213218554405,0.0013700320086265584,0.00012837855718799912,0.006027313880622387,0.001983672846108675,299.4510678501066,301.0407963498003,335.86422767546054,335.3546735292106,0.0,0.0,301.0835526315789,335.34605263157897,288.0,287.0,340.0,335.0,0.0,0.0,9
4,10,415,740,321,333,284,313,301.73975903614456,322.7903614457831,1.6173784683460681,461,0.9143413761193966,22.98683125324351,1,0.5608108108108109,0.6182844767450134,37.14721516648321,37.94733192202055,7.810249675906654,3.1358422831589023,3.0,16.247020195594377,15.042551291042551,-66.13050983262882,91.84062043356595,0.9002169197396963,0.3669405632396476,0.006462787732742482,0.16206787152564509,0.07342646016353958,0.011276147955622245,0.005678931509263366,0.058351204383899735,0.04279182100593395,0.0375330901226583,0.009702606772464357,0.007707761381592978,0.0033764955373239264,0.008494787822895868,0.014099156019645122,0.024044116088323034,0.022431616546782253,0.0018853028271252077,0.005328626381347344,0.004303112561347522,0.0023909871990068156,0.01019846936438841,0.006631339249377269,0.009069747855035988,0.012264503909709323,0.014709338158761708,0.004910222056734533,0.0037531397993998783,0.0035844376967383218,0.0032200157739204686,0.0015547174457977836,0,0.3997863829135895,0.14982833596877754,1.841428280575201,0.7831845576874912,0.003921568859368563,0.0018005645833909512,0.00043488212395459414,9.155413135886192e-05,0.38591155274730005,0.051975545036152294,0.006256198976188898,0.0023956664372235537,0.006256198976188898,0.0024414435029029846,0.005060587125488475,0.0018965612147946523,0.004437176579699279,0.001887191705271063,0.00430304417386651,0.0018768596928566694,0.003936827648431063,0.0016479743644595146,0.0032349126413464546,0.0016021972987800837,0.0006021108364535826,0.00013783786413918558,0.0006559574244949249,0.000130006254859909,0.0048256657319143414,0.0019684138242155313,301.5030328438363,301.79115847718504,323.09513748883614,322.78264427385733,0.0,0.0,301.73975903614456,322.7903614457831,301.0,304.0,331.0,318.0,0.0,0.0,10
4,11,1017,2294,275,411,201,380,238.34611602753196,395.82104228121926,2.499022627978137,1139,0.9822157057332064,35.98450523483212,1,0.4433304272013949,0.4001564406837971,84.68127909749275,75.69015788066504,7.615773105863909,3.621251892614789,3.605551275463989,15.201563510260998,15.899416405973685,-74.75148188778714,178.71067811865476,0.8928884986830553,0.2260227992661303,0.007041315261641261,0.07914248410610339,0.06812886659829469,0.0054116194113485215,0.006245560914976788,0.034761501521972625,0.0448995550492402,0.03532432066367809,0.0030440980180749103,0.007382409012006347,0.004699716405155705,0.024685914155745184,0.023340271463246038,0.026596370753073827,0.0213788986616999,0.001894863234151548,0.005508639030508522,0.006032955713035029,0.0034942469913431936,0.013709666857855811,0.016575846648977207,0.013806517162931275,0.016087157936805402,0.013811753168942781,0.0009183756831625532,0.0034461731768565705,0.004766059547162995,0.004309099269910187,0.002603333561597471,1,0.8791333045810461,0.2959945066832006,7.119020489510149,1.9302662694826722,0.005188067443668842,0.001804379338864237,0.0018463418819010258,9.155413135886192e-05,0.9369182167117409,0.06912551837630063,0.01016250904649496,0.002166781108826399,0.011673151515424252,0.00254825665615499,0.005564134839120545,0.001873382953691143,0.0070000201470109625,0.0018980002649780455,0.006729228887706995,0.001892118714749813,0.0032806897070258856,0.0015564202331006527,0.003219653619453311,0.0015564202331006527,0.0018601388930193242,0.00011427706105094555,0.0021107239656047976,0.00012395093957424754,0.00885786209255457,0.001983672846108675,238.96761510791137,238.40892490118577,395.1199327049804,395.7921739130435,0.0,0.0,238.34611602753196,395.82104228121926,237.0,231.0,395.0,394.0,0.0,0.0,11
4,12,897,1664,244,546,212,494,227.8216276477146,519.8907469342251,1.6664028783218805,964,0.9458550420762167,33.79490896018868,1,0.5390625,0.600094978836709,60.01745600909545,55.154328932550705,9.219544457292887,4.253850519143273,4.123105625617661,18.718134756322453,19.48102641019014,-22.182134656009715,137.05382386916236,0.9304979253112033,0.3746053229907859,0.006890041802280465,0.13032256923634583,0.09852611957923543,0.008083958210133147,0.0017361286127522012,0.039827239317457096,0.06007713586186758,0.04214161525506374,0.006086975340470047,0.003031683107921069,0.0010263624463556558,0.02442104595832168,0.015062650451142842,0.025479011177041155,0.01961006288539925,0.0024675029971344053,0.004179917289213654,0.00028490051060709045,0.0014601472952313274,0.0018051615834481245,0.006982576965040534,0.0010024841862461026,0.007401320295784932,0.009010851942564173,0.0009351893892026944,0.0011784200265919135,0.00037939699270458596,0.0013603885044874418,0.0013911421175945185,1,0.5346913943067193,0.22177462419494987,5.1063707147259265,1.6903791863005608,0.0038910505827516317,0.0018005645833909512,0.001625085948035121,7.629510946571827e-05,3.116777766537499,0.032052322355164656,0.006775005720555782,0.0023193713277578354,0.010879682376980782,0.0023498893715441227,0.004531283002599316,0.0018794459677538124,0.005692720975168257,0.0018844806982169016,0.005615320056676865,0.0018768596928566694,0.0028992141596972942,0.0016174563206732273,0.002777141984552145,0.0015716792549937963,0.0010312661034944327,0.00012098930102501892,0.0019150879284176624,0.0001233564081326211,0.007091630599461496,0.0019531548023223877,226.42434989307569,227.81192283736087,522.6767689230784,519.8601991352151,0.0,0.0,227.8216276477146,519.8907469342251,225.0,219.0,523.0,528.0,0.0,0.0,12
4,13,1344,2739,213,591,180,508,196.38392857142858,548.9144345238095,2.363210870309832,1470,0.9793644436925488,41.367063566611286,1,0.49069003285870755,0.42315309757732017,93.51732955939778,84.64632301523794,9.055385138137417,4.243415039465538,4.0,18.00782282549212,18.9000550774002,-13.650189720484558,199.78174593052023,0.9142857142857143,0.23883237238298097,0.006316546361628442,0.08678715080888189,0.06974366781701775,0.0075856967304363185,0.004401584944258114,0.03434514069658754,0.04902287720107604,0.03504171315587888,0.006061547025127376,0.005954616946275988,0.0032971949040032293,0.025381233479508578,0.022918015186368025,0.02875173870131948,0.02058281114563211,0.004981969846359031,0.0045949418208818885,0.004298393708651752,0.0024846551789514636,0.012417376850624625,0.016517149680185535,0.013127919351798755,0.01708339340797659,0.012957360038562932,0.003429875882884673,0.004035507048054288,0.002650619287343656,0.003079160874830558,0.0018115394811186838,1,1.1032730794977397,0.3340199892409146,11.980102379340678,2.5716487367171794,0.005966277793049812,0.0018158236052840948,0.0028992146253585815,9.155413135886192e-05,0.5168740548365626,0.02660401189281769,0.010894942097365856,0.0023041123058646917,0.0156710147857666,0.0025024795904755592,0.006233181240100224,0.0018871185832820033,0.008913766651295148,0.0019134291195812346,0.009155413135886192,0.0019073777366429567,0.0029297322034835815,0.00158693827688694,0.0029297322034835815,0.001495384145528078,0.0020301399232347077,0.00012696868469710718,0.0033228716335575383,0.00013137363913614443,0.0117952236905694,0.0019989318680018187,196.0262190581806,196.39230892466165,549.2875332945058,548.8891849074068,0.0,0.0,196.38392857142858,548.9144345238095,196.0,205.0,551.0,530.0,0.0,0.0,13
4,14,842,1961,712,545,659,508,684.6425178147268,526.1152019002375,1.8750337903454684,918,0.9620798084511547,32.74244487919323,1,0.4293727689954105,0.5333237220304993,63.88073022165289,56.938563381947034,8.48528137423857,3.857368226591146,3.605551275463989,16.123345315130585,17.424626087514174,-61.132538069435554,140.8528137423857,0.9172113289760349,0.3298750497348634,0.004864281070458665,0.10772687664848714,0.09548318460247372,0.0014234019471643538,0.006309797604329493,0.040692606092234636,0.056360303238288924,0.044232177807696456,0.0013786583809196446,0.0043584949513321,0.005023976162671316,0.028015479496103064,0.020887788144984598,0.027481069396670332,0.022254441119986753,0.0009075643956231274,0.0013121480195033778,0.0033738259997773416,0.003426805585469148,0.009728876090092205,0.012016634003999277,0.008186113286391523,0.010238552941698337,0.011152841124804549,0.0008494147485887432,0.0006470802113158668,0.0010009302305194385,0.0015259827877577268,0.0020354491031950306,1,0.6350347241386771,0.22043183026835322,6.0505990099627525,1.6112153807189316,0.005477989092469215,0.0018158236052840948,0.001663233619183302,9.155413135886192e-05,0.6603857625698815,0.0394718736663483,0.00941481627523899,0.002197299152612686,0.011047531850636005,0.0025024795904755592,0.005474437277057561,0.001900274398865114,0.0071859845724023185,0.001913557459286142,0.007354848552495241,0.0019073777366429567,0.0032501716632395983,0.00158693827688694,0.0032501716632395983,0.0014648661017417908,0.0017658371227171892,0.00013466615643390752,0.0019320488861565809,0.0001358603421012562,0.008880751207470894,0.0019989318680018187,684.208357089724,684.6744135390327,525.6175938011575,526.0919491244518,0.0,0.0,684.6425178147268,526.1152019002375,669.0,674.0,532.0,532.0,0.0,0.0,14
4,15,824,2067,536,575,497,522,516.5036407766991,548.0218446601941,2.016771663946755,903,0.9684271994214156,32.390575556198044,1,0.39864537977745523,0.4958419526993121,65.74099345187204,59.90826320300064,7.810249675906654,3.6739221686260564,3.605551275463989,15.87948172687519,16.38900148706981,-32.546826088119985,144.50966799187808,0.9125138427464009,0.2923235956705974,0.00021612352561325277,0.10537636680654967,0.08253477896525148,0.004311443428758023,0.0028454142467363493,0.0420651363177999,0.05364345690598102,0.040212272918917706,0.003735468934900322,0.0014348597987490256,0.0025931950047378854,0.027534870583063847,0.022936136301214976,0.028786186112436753,0.0224821276807715,0.0030405991173372534,0.0006470842186722817,0.0017604622677586913,0.00201385883125595,0.010678840432188046,0.014062025249769393,0.010748930144205018,0.014798399776621961,0.013171270484474962,0.0013241228525325242,0.0020974627633482627,0.0017609842953115408,0.0008628988661854537,0.001600533862226262,1,0.6754558780230582,0.221576256910339,6.420004675397649,1.558266574749723,0.006042572669684887,0.0018005645833909512,0.0017700460739433765,9.155413135886192e-05,1.1688182473833622,0.00599760720840296,0.009964141063392162,0.002426184481009841,0.01280231960117817,0.0024414435029029846,0.005724202356127612,0.0018777648890706694,0.007791267809948604,0.0018911002120749066,0.0079499501734972,0.001892118714749813,0.0031128404662013054,0.0016021972987800837,0.0031128404662013054,0.0013275349047034979,0.0016972124911430343,0.00012787141781265657,0.002176973576466328,0.00012775389782212395,0.00950637087225914,0.0019684138242155313,516.76159815523,516.5075351788564,546.8818472539349,548.0172834186895,0.0,0.0,516.5036407766991,548.0218446601941,518.0,525.0,544.0,546.0,0.0,0.0,15
4,16,341,738,217,581,199,540,206.78885630498533,559.2551319648094,2.222887137901463,406,0.9756429053985788,20.83685880248485,1,0.462059620596206,0.4498653948504372,46.13809718679823,40.792156108742276,5.0,2.3921233360772582,2.23606797749979,10.643349983741233,10.121075057655725,-12.915985882706408,97.59797974644665,0.8399014778325123,0.25939195051996405,0.013879549508610856,0.08604829127825735,0.07819156824674539,0.005272445853722881,0.009939259986447194,0.03427569364374224,0.0504889479588198,0.03791102549923727,0.004363495774130039,0.0092876840276767,0.006289845104578704,0.03023831376644848,0.020607061795010786,0.029291664722976823,0.020268895265278555,0.0021588876988894606,0.0030203453734120086,0.008286084152876284,0.0038032578291122615,0.013032203686320144,0.017210583227486836,0.011861374297497515,0.015175240245984135,0.011304600309311982,0.0011559965207561533,0.0022511300898408844,0.0031460558639116567,0.00598068789868658,0.002279685599943302,0,0.46529336320236325,0.1601281757466495,1.6461128031369299,0.6365453572943807,0.00440985755994916,0.0017853055614978075,0.000396734569221735,7.629510946571827e-05,0.16346684961775726,0.009470716805297513,0.007263294421136379,0.0021820401307195425,0.007263294421136379,0.0022278171963989735,0.005410387944213526,0.0018619555319377848,0.0048273102731288264,0.0018667019275495035,0.004692149348556995,0.0018616006709635258,0.003921568859368563,0.001632715342566371,0.003662165254354477,0.00158693827688694,0.0007254374838348296,0.00012343909252591738,0.0006475090493297193,0.00011910481262709783,0.00521858548745513,0.0019531548023223877,206.74058659489614,206.77938920318343,559.0989543543402,559.255393613961,0.0,0.0,206.78885630498533,559.2551319648094,207.0,202.0,541.0,579.0,0.0,0.0,16
4,17,852,1680,228,603,198,547,213.99647887323943,574.3767605633802,1.842916127199777,959,0.9572742284118627,32.9363035587535,1,0.5071428571428571,0.5426182913269375,62.911843119972865,57.28001396647874,8.06225774829855,3.9237349990754566,3.605551275463989,18.305106475432563,18.19295330885425,-19.346685647214372,140.46803743153546,0.8884254431699687,0.32985480433553444,0.0014233026518845544,0.11529642770141993,0.09060543376217493,0.008457712449622077,0.009478835935222167,0.03962135888359565,0.05743898643341211,0.04099152136452018,0.011784324577046475,0.005302895904047053,0.008257308847335054,0.025133969722966058,0.02003404695455312,0.027570788529056697,0.02056907808188264,0.008454157737732084,0.0012084833012485753,0.00593048764498942,0.005797688858671611,0.0064825150676875,0.010764871157052599,0.007093980311701101,0.010971076306131158,0.010544267705869637,0.004027187998939666,0.001563213968978234,0.001258677094401048,0.0030503564124674675,0.0036351925918648243,1,0.5502403415739536,0.2253910123836249,4.58777760528028,1.599145494401455,0.004013122990727425,0.0017853055614978075,0.0012512397952377796,7.629510946571827e-05,2.910956471997355,0.033728225593141,0.006698710843920708,0.002243076218292117,0.008789196610450745,0.002334630349650979,0.004547440839454162,0.00186273563953409,0.005384715499155259,0.0018769313314571066,0.005508507136255503,0.0018616006709635258,0.0028381780721247196,0.001541161211207509,0.002731364918872714,0.001541161211207509,0.0009936284550031722,0.0001196869600014466,0.0014262670551554847,0.00012663445389782146,0.0065766386687755585,0.0019531548023223877,214.90349899102932,213.96414122137404,571.6107196945954,574.3863454198473,0.0,0.0,213.99647887323943,574.3767605633802,215.0,212.0,573.0,579.0,0.0,0.0,17
4,18,2029,9888,588,663,485,567,532.8812222769837,610.8511582060128,3.8319379906506046,2659,0.9900752624625323,50.82718796340838,1,0.2051982200647249,0.2609645569526075,149.66140776719772,133.86933928274988,8.48528137423857,3.9898036040211897,4.0,23.208578355982098,21.033139000298373,-47.769399373738544,312.5756851698602,0.763068822865739,0.14415507149532086,0.01033779166884185,0.05080706905826419,0.043413348154180964,0.015291743054977812,0.004479794638160586,0.021181598770632644,0.028175863534603263,0.023899454953078228,0.015254131656342148,0.009611103354564405,0.0023841642292664078,0.013647014932297296,0.012951973090301853,0.01884595992845572,0.015659715979263494,0.013433239307305276,0.01127190392988144,0.006173656060704982,0.0013855164455209169,0.005242944323461624,0.008028584426304683,0.009165949996876576,0.013549895133780753,0.011136251372996037,0.011271761626676327,0.010235316012614038,0.008180016146890822,0.004025509981119785,0.0008464891767905996,1,1.0535744416993111,0.4731517508625984,9.920256481971592,3.799313343130052,0.003402761882171035,0.0017853055614978075,0.001281757839024067,7.629510946571827e-05,1.1584379114897068,0.042884287391774925,0.0073701078072190285,0.002243076218292117,0.008896009996533394,0.002426184481009841,0.004131664477252201,0.0018554970622062684,0.00488923434301212,0.001872505344075925,0.0045166704803705215,0.0018616006709635258,0.0025787746999412775,0.00158693827688694,0.0024872205685824156,0.0013427939265966415,0.0011387680093331725,0.0001107011876000652,0.0016144159805525854,0.00012584178276324064,0.00634775310754776,0.0019531548023223877,532.4504602220849,532.845707423651,609.7757873644721,610.8751947885039,0.0,0.0,532.8812222769837,610.8511582060128,530.0,526.0,606.0,604.0,0.0,0.0,18
4,19,1004,2352,526,630,478,581,501.6105577689243,605.4183266932271,1.8352475504049603,1072,0.9529795356051842,35.75377606511099,1,0.4268707482993197,0.5448856203509673,65.82919580737912,60.108235708594876,9.219544457292887,4.29336722143841,4.123105625617661,18.384776310850235,19.948527921381523,-44.34665562689175,152.16652224137044,0.9365671641791045,0.35270866469378553,0.008608216056058651,0.12280895868025214,0.09509939414252482,0.007265103556152622,0.006398597720466228,0.03988939351313717,0.05968214595946526,0.041420547053861424,0.005061106186193741,0.004777578586365751,0.0047090274180079114,0.027843989599980076,0.01621548192829754,0.027950591030060066,0.019308960717610586,0.003431953493990087,0.0013612456651092698,0.0032196387008034903,0.002988312970225212,0.0037481131928901222,0.010178572419742167,0.003453291419026482,0.009899831551303846,0.00875831204331907,0.0010714168332942161,0.0005059964455447532,0.0012670145431223812,0.001516288413154569,0.0015362152403541808,1,0.534111550077796,0.23123521776869893,5.363210582174361,1.8889906152617186,0.0038910505827516317,0.0018005645833909512,0.0012512397952377796,7.629510946571827e-05,2.610243299922241,0.005842467730232244,0.006652933545410633,0.0022735942620784044,0.01043717097491026,0.0024109254591166973,0.004307351210304807,0.001864800143295959,0.005341843209337013,0.0018814647562367716,0.005127031356096268,0.0018768596928566694,0.0028381780721247196,0.001541161211207509,0.0027008468750864267,0.0015259021893143654,0.0008687804848825036,0.00011559806296739946,0.0016156078516753698,0.00012681091423326474,0.006424048449844122,0.0019531548023223877,499.55426509235883,501.6091926168262,607.0261297014007,605.424007431641,0.0,0.0,501.6105577689243,605.4183266932271,493.0,500.0,610.0,596.0,0.0,0.0,19
4,20,846,1612,489,681,458,629,471.66312056737587,653.9858156028369,1.74556463990946,940,0.947663215261276,32.82012575914278,1,0.5248138957816377,0.572880532256811,59.44154792901158,53.75872022286245,8.54400374531753,4.04252461432808,4.0,18.652059964591263,18.978005176838803,-20.44368928915013,136.22539674441617,0.9,0.37271994977368433,0.013619831426864454,0.1206569056774712,0.101848347093661,0.02148469246306294,0.0004722350156270896,0.04222017071242904,0.05317471821882084,0.046309717823578504,0.016788960277943056,0.006748355898033639,0.0031663103804817666,0.019019434306332333,0.0168514571072635,0.022995353586701336,0.022597324157226806,0.007926547110640565,0.005844320349443118,0.001156382817098435,0.003054876637710551,0.0024792328521504453,0.004384151824210611,0.004640802222080701,0.006388237581448127,0.010488055409589383,0.0006477323525800392,0.0007813700417935007,0.0006266455635588126,0.0012103386697658145,0.002003918275176685,1,0.5286640801932663,0.21921110851690173,4.8759899865835905,1.5776302735321224,0.0035858701448887587,0.0017853055614978075,0.0017700465396046638,7.629510946571827e-05,4.3522482819808825,0.05944698165280952,0.0079194325953722,0.00221255817450583,0.011963073164224625,0.00238040741533041,0.00448020406943446,0.0018577212586178113,0.005763581544425048,0.0018648111980285134,0.00521858548745513,0.0018616006709635258,0.0027161058969795704,0.0016174563206732273,0.0026550698094069958,0.0014801251236349344,0.0013126097456266316,0.00012160553458345109,0.0023694446880694895,0.00012116306559984716,0.007492179749533534,0.001937895780429244,472.68379087099316,471.67837315020796,649.7549413150189,653.928358642035,0.0,0.0,471.66312056737587,653.9858156028369,476.0,471.0,640.0,661.0,0.0,0.0,20
4,21,787,1715,752,667,703,632,727.7725540025413,649.423125794155,1.8031519571644719,864,0.9546780908129674,31.655007845624887,1,0.4588921282798834,0.5545844297962218,59.0585646784956,53.85164807134504,8.06225774829855,3.8490516202535408,3.605551275463989,17.116793373310767,17.578208386388994,-59.67580603716951,133.53910524340094,0.9108796296296297,0.3455308695539907,0.020779959044255582,0.11683342955867818,0.09344385514831244,0.024052141116071894,0.010262604790004737,0.03699892598374854,0.054861064355652946,0.04230185812339922,0.017907984606655304,0.012498265521705377,0.005694170866169846,0.020972266963418845,0.01618763600033127,0.0251472715057254,0.02146101205978719,0.010528222278981966,0.006685192382724819,0.006121713016067915,0.002879740858834023,0.003972340553562071,0.00653127537016495,0.005383429521206529,0.0085490398939904,0.011413069475135786,0.003113546084913089,0.001903596303433281,0.0010097219193973667,0.0018330873068721518,0.0011420085983448664,1,0.5130998762324452,0.2104982070159167,4.654459511395544,1.4905470355879515,0.003784237429499626,0.0018005645833909512,0.0016174563206732273,9.155413135886192e-05,0.41445469423120385,0.010489924751434171,0.009964141063392162,0.0021820401307195425,0.012283512391149998,0.0023651483934372663,0.004581248894932547,0.0018794482769278278,0.005914179811176041,0.0018939606551308151,0.00509651331230998,0.001892118714749813,0.0026245517656207085,0.00158693827688694,0.0026245517656207085,0.0015716792549937963,0.0019928980123595083,0.00011731116766367002,0.002424779327449273,0.00012878234184507894,0.008068207884207368,0.001983672846108675,727.6501098261721,727.7825517234319,649.0271711032577,649.4199502472283,0.0,0.0,727.7725540025413,649.423125794155,724.0,714.0,648.0,653.0,0.0,0.0,21
4,22,738,1620,473,742,437,697,454.4661246612466,719.8130081300814,1.7578748939514468,801,0.9475420048223802,30.653723819701746,1,0.45555555555555555,0.5688686967660967,54.879511039172044,50.60632371551998,8.06225774829855,3.8280372637947178,3.605551275463989,16.91835598486949,17.541207839220615,-34.327315029572745,127.68124086713189,0.9213483146067416,0.36690776416030857,0.011799229864667082,0.1283640795461848,0.09701877523105247,0.006972396544580088,0.0044522624811979715,0.04268460027616868,0.057968847926017496,0.04262678588284112,0.004577825843266237,0.003818206439820491,0.002243035771584663,0.023483381906004106,0.017387517567483652,0.024753693546212756,0.020936603767794767,0.0019029957540903214,0.002669158413556131,0.0032745103797841096,0.0017168205884854665,0.0033194023591017396,0.007221472131087582,0.0030909496357060004,0.007866665890447646,0.01054096968701523,0.0009500064987056659,0.0011699189924387992,0.002905081478800968,0.003503463532747934,0.0012234147403694885,1,0.7021744230296463,0.18785381852649152,8.265247659990564,1.3831540395040065,0.00509651331230998,0.0017853055614978075,0.004440375603735447,7.629510946571827e-05,0.776229092975155,0.011524275150457763,0.01904325932264328,0.0021820401307195425,0.027862973511219025,0.0022583352401852608,0.006884062970878885,0.0018417041032008973,0.01119952257451296,0.0018741924654525834,0.008773937821388245,0.0018616006709635258,0.00317387655377388,0.001541161211207509,0.0030518043786287308,0.001541161211207509,0.004147816724104645,0.00012197469569523705,0.006859650819132031,0.00012084671242396784,0.016693370416760445,0.001937895780429244,453.7639233290888,454.47528269623257,719.4821835634349,719.8060124662144,0.0,0.0,454.4661246612466,719.8130081300814,452.0,448.0,719.0,731.0,0.0,0.0,22
4,23,1177,1826,778,853,756,770,766.2370433305013,811.2005097706033,2.535140731747979,1346,0.9819712224540821,38.71179334716084,1,0.6445783132530121,0.39445541917134525,91.5142591641042,82.21921916437786,8.0,3.8390912147793763,4.0,17.709938492196407,17.298983344907512,-7.475310389276697,193.63961030678928,0.87444279346211,0.2216868260581785,0.014938645265654695,0.07744444647271088,0.06528397673005394,0.016218417288291823,0.010944466961702483,0.03333387669804716,0.041369203293179876,0.03359058396515942,0.014461330766268175,0.012435632395206115,0.00878152059978683,0.022223152284049842,0.019809776740274856,0.02454473240939842,0.019940346808009025,0.012103262301333738,0.010428128684984368,0.009634784527216311,0.007065273437753808,0.009336104556943012,0.013684247508162462,0.011372101534730882,0.014876479138022623,0.012473523249778375,0.009179795579056174,0.00829444066690218,0.00730414522102759,0.007173139934655774,0.005596512468537083,1,0.8659952795132995,0.325139238499105,7.598153754137456,2.212069885805249,0.003524834057316184,0.0018005645833909512,0.002334630466066301,7.629510946571827e-05,1.6576659390254818,0.04451888766187234,0.010467689484357834,0.002121004043146968,0.015106432139873505,0.0023956664372235537,0.0049485444543617115,0.0018579385057091713,0.006455525704449835,0.0018794136667844089,0.0057068741880357265,0.0018768596928566694,0.0024567025247961283,0.0016174563206732273,0.0024567025247961283,0.0014801251236349344,0.0021138722547899723,0.0001081188192125159,0.003169575987225775,0.00012590458027391177,0.008926527574658394,0.0019531548023223877,765.3820221123445,766.2524971028089,812.6206488771372,811.1587591744385,0.0,0.0,766.2370433305013,811.2005097706033,762.0,764.0,818.0,794.0,0.0,0.0,23
4,24,773,1692,973,822,926,786,949.4411384217335,803.9961190168176,1.7404448629344702,837,0.9498910280083654,31.372187811504013,1,0.45685579196217496,0.5745657454002616,56.821319996642735,52.20153254455275,8.48528137423857,3.901311818608323,3.605551275463989,16.77321121116857,17.7612789637688,-57.195001718114185,130.02438661763952,0.9235364396654719,0.3611795112221215,0.009186703409754521,0.12583777603682036,0.09630839338517477,0.014120071580368545,0.001821975323281854,0.04308263502560928,0.056396011553490846,0.043542389656476874,0.010672562612450068,0.0048102504553318055,0.0016182545733695948,0.023163517537432943,0.017013424629567835,0.02531946035811294,0.021892660306413313,0.004977792335968087,0.0045851358715606185,0.0008776199761155612,0.0011767143007321225,0.00376585596096138,0.005721995498611723,0.0046233238254698595,0.008280074555392864,0.011246425195937075,0.000864275962374338,0.0012077972668494209,0.00229017778733256,0.001497573639660173,0.0005072858753723994,1,0.539116507396102,0.1978789959102869,5.432318686507642,1.4436255432665348,0.004379339516162872,0.0017853055614978075,0.00236514862626791,7.629510946571827e-05,0.6381651669828347,0.02688938081904671,0.012222476303577423,0.002151522086933255,0.013839933089911938,0.0023041123058646917,0.005086004786755679,0.0018667829802857254,0.007027579154602383,0.0018675621517031497,0.006462195888161659,0.0018616006709635258,0.0028381780721247196,0.0015564202331006527,0.0026703288313001394,0.0014038300141692162,0.0023716992827708472,0.00012445803600282635,0.0029261204169060834,0.00012013964640383185,0.009422446368262172,0.001937895780429244,949.2163946187628,949.4679731100964,803.3988376732478,803.9978331642144,0.0,0.0,949.4411384217335,803.9961190168176,947.0,968.0,801.0,793.0,0.0,0.0,24
4,25,1256,3549,679,933,640,842,657.5955414012739,888.2300955414013,3.1243861462228417,1535,0.9876130686457538,39.989859566987285,1,0.3539025077486616,0.3200628709767287,105.52739206921329,93.40770846134703,7.615773105863909,3.579154230333349,3.605551275463989,17.89860172635806,16.55819499279304,19.18510732124923,222.06601717798213,0.8182410423452768,0.18328812242835119,0.008897485374088713,0.06257586891743261,0.05666109361913716,0.011916984226934093,0.0046918094376734235,0.027451711618009435,0.036653950099450064,0.03060759341373817,0.011234771050086188,0.008513838381031669,0.0029105723241774524,0.01977222647577231,0.018528504180571507,0.023659801756275533,0.019367951929654407,0.00984637240029397,0.008862396351382763,0.005723165044784525,0.0019966360594822707,0.009073515390512566,0.014341919513475835,0.011913599132905699,0.01608459554524056,0.013118406156536404,0.00838913330720059,0.007775008662478776,0.006345793445811235,0.0038338218426640113,0.001443806508307947,1,0.872632957296446,0.3547875180374831,7.1172809319105,2.3530479890760034,0.0035400930792093277,0.0017853055614978075,0.001876859925687313,7.629510946571827e-05,0.4516486981437089,0.0822452055050283,0.008102540858089924,0.0022278171963989735,0.010711833834648132,0.002334630349650979,0.004568758938724848,0.0018575262724475554,0.005666624945788614,0.0018734458511751619,0.0052948808297514915,0.0018616006709635258,0.002594033721834421,0.0014801251236349344,0.002594033721834421,0.0013122758828103542,0.0013900878377543745,0.00011817205946044196,0.0022074690219470268,0.00012283376265884583,0.007568474858999252,0.0019531548023223877,657.2490121760055,657.5667511850953,888.5197574867269,888.1530540118152,0.0,0.0,657.5955414012739,888.2300955414013,653.0,649.0,883.0,868.0,0.0,0.0,25
4,26,961,1984,655,932,623,870,639.1279916753382,899.8397502601457,2.1673337016052527,1094,0.9673372332420754,34.97975417996089,1,0.484375,0.4613964149864611,71.02396783512391,63.89053137985315,8.06225774829855,3.8592895860465375,3.605551275463989,18.1779447973038,18.00407533510611,19.864984104978483,161.78174593052023,0.8784277879341865,0.2997509070285378,0.008550123223784185,0.10215045394668414,0.08650883098674285,0.008200550232339468,0.005591280164817999,0.039119228124456194,0.054079657268923345,0.04154392072914541,0.005493849489415725,0.00791372441655989,0.0030137114609598272,0.02690365209239181,0.02229834641071559,0.027741108361595036,0.022757154453776803,0.002184450123159832,0.007882923689225484,0.0033056181999357964,0.0017557139918258939,0.011805799690794877,0.013201530224012886,0.009738187655419677,0.013027560743261554,0.013012866034067212,0.0004193709502306357,0.00440064776797918,0.0036121361431044933,0.0007785721087014665,0.001265752245719304,1,0.915114076808095,0.26144808111712337,8.781033125706017,1.8296787971630692,0.006904707406647503,0.0018158236052840948,0.002204928547143936,7.629510946571827e-05,1.8382566747503528,0.023448806955050305,0.010543984360992908,0.0022278171963989735,0.01719691790640354,0.0023651483934372663,0.006583554509410755,0.0018809214468857797,0.009137391389912609,0.0019039321510541823,0.009040970355272293,0.001892118714749813,0.0032806897070258856,0.0013885709922760725,0.0032349126413464546,0.0013885709922760725,0.0018438475150969866,0.0001322999866132207,0.0029436125991409872,0.00012528881137168217,0.011421377770602703,0.001983672846108675,638.437823319918,639.1269223071021,898.135973501459,899.8163258498182,0.0,0.0,639.1279916753382,899.8397502601457,637.0,645.0,889.0,910.0,0.0,0.0,26
4,27,895,1495,935,946,870,923,902.2480446927374,933.6134078212291,2.0696508941064895,976,0.9709272371230994,33.757212452126,1,0.5986622073578596,0.4831732747042445,69.72261033349363,64.93843238021688,8.0,3.7910036627423374,3.605551275463989,15.767009117535752,16.68983668137866,-79.44793768450732,152.5685424949238,0.9170081967213115,0.2702275059373893,0.0022699053056766663,0.10550909485468764,0.07342175174019105,0.0012604151032262376,0.002078213454503136,0.03915184775516871,0.054865073150124254,0.03503889134885143,0.0011428108497554589,0.0023538054240882125,0.0014802310866057812,0.02820649712222338,0.0228869890287798,0.03042198584271343,0.019681882059349672,0.0006538802196090795,9.607594056706167e-05,0.0026254183448748422,0.0008188423515065123,0.012612905587581144,0.01457455641633762,0.01196783785362683,0.01679480482496706,0.011975338363345765,0.0004538239529156464,0.0005335967996523638,0.0008481425383863342,0.002030160022752806,0.00030139783983526894,1,0.7190966750495136,0.24892042414285243,6.0190433277748525,1.664789806585759,0.0036888685426674783,0.0017700465396046638,0.002059968188405037,9.155413135886192e-05,0.9905542052382663,0.031839064407444585,0.012329289689660072,0.0021362630650401115,0.015548943541944027,0.0022583352401852608,0.0052874755518346585,0.001830297236344503,0.006725188075726092,0.0018601003425539205,0.00537117593921721,0.0018616006709635258,0.0027161058969795704,0.0016174563206732273,0.002639810787513852,0.0015259021893143654,0.0028677393294435014,0.00011854761988646493,0.003468336314858518,0.00012086783358761572,0.009792477125301957,0.001937895780429244,902.4708815699009,902.2798390496966,932.6482439182099,933.6117211416839,0.0,0.0,902.2480446927374,933.6134078212291,904.0,919.0,930.0,927.0,0.0,0.0,27
5,1,2636,9940,809,247,739,105,779.6946130500759,167.74089529590287,4.103315512428201,4052,0.9840544805144725,57.93323260376456,1,0.26519114688128775,0.2437053638627546,171.43095465070954,151.79591562357663,10.63014581273465,4.410191552809046,4.123105625617661,35.93578678777947,30.491962471456542,17.83080132334593,368.6761902332486,0.650542941757157,0.14565746581437583,0.021436009712844283,0.043521683927166425,0.0438071881613267,0.021612222800289575,0.011985973001672796,0.01162970168746246,0.02657089393199914,0.021857790192234872,0.01784819274589168,0.01905387906873704,0.0070637902038570306,0.008464590073740131,0.008151849351974055,0.014655798878746393,0.013479408794045293,0.013453696555173518,0.01708198623925694,0.01352595300294414,0.004478963727913745,0.001867729220707028,0.002198435612172273,0.004874841457196452,0.00851810616087597,0.009393593696448184,0.01057884558785457,0.01181482651206754,0.013384429580867803,0.009158927469860356,0.003038450530625406,1,1.720683624735102,0.5856107422150671,19.770504507003352,4.943907834356651,0.0035858701448887587,0.0017853055614978075,0.003433279925957322,7.629510946571827e-05,4.389115846777021,0.20288514416967218,0.01040665339678526,0.00221255817450583,0.016601815819740295,0.00238040741533041,0.005479884155207331,0.001865002363742252,0.007500191391124185,0.001875534079801461,0.0068970778957009315,0.0018616006709635258,0.0025329976342618465,0.0012970168609172106,0.0025024795904755592,0.0012970168609172106,0.002158220337007947,0.00012172664180239701,0.0038895716438682834,0.0001257894868653762,0.01107805036008358,0.0019531548023223877,780.2689247104253,779.650532872015,163.38951574072547,167.542856613755,0.0,0.0,779.6946130500759,167.74089529590287,780.0,786.0,146.0,204.0,0.0,0.0,1
5,2,1488,5046,311,291,224,233,266.7170698924731,264.2278225806452,2.893211752785196,1854,0.9829380197500843,43.52677845379694,1,0.29488703923900117,0.34563664378776776,109.74401025967778,97.75479527879949,8.602325267042627,3.993945682715429,4.0,21.784313359638556,20.18599277402833,-58.89715363498171,232.5929291125633,0.8025889967637541,0.19826082488132296,0.013143180930276993,0.0673538630731854,0.06009493209457862,0.017069366285244105,0.004812451305119561,0.025004183122285507,0.03941657640572423,0.03185963978746581,0.01734355481326593,0.008517147796149486,0.0023750310516475947,0.014016590761944699,0.01915692809539695,0.02425483288034183,0.02002650008786186,0.01401776289419707,0.012507359262314182,0.0029402116760207696,0.0013620404130381244,0.0054524896000706985,0.010990505861683344,0.012151495868674072,0.01595245112819092,0.013529691582639525,0.010634137438087034,0.011614280336278069,0.006277057129140802,0.0005099089444201956,0.0007546731372845871,1,1.0217441222630441,0.3670252535957843,10.653757663909346,2.8422217129264027,0.004028381779789925,0.0018310826271772385,0.0028229192830622196,7.629510946571827e-05,7.036418486120256,0.0951579151724089,0.010681315325200558,0.002471961546689272,0.01506065484136343,0.002471961546689272,0.005321583970120021,0.0019115898624780432,0.007159783376283163,0.0019100952371817223,0.006729228887706995,0.0019073777366429567,0.0027618829626590014,0.0016174563206732273,0.002517738612368703,0.0014038300141692162,0.002151290446524609,0.0001374652211411069,0.0032060174499115492,0.00012832251683575924,0.009918364696204662,0.001983672846108675,260.71202413072973,266.7910825973747,267.8953299782087,264.1680133143639,0.0,0.0,266.7170698924731,264.2278225806452,247.0,232.0,275.0,290.0,0.0,0.0,2
5,3,823,2016,320,304,284,248,300.3365735115431,274.93317132442286,2.0852342281647083,911,0.9675069438378404,32.37091511398834,1,0.408234126984127,0.47956243307982577,65.7276992006479,60.03332407921454,7.615773105863909,3.645226030315179,3.605551275463989,15.84711356943477,16.61888365907522,-27.678210995959297,146.8528137423857,0.9034028540065862,0.29075364742426163,0.027791661372620135,0.10003614966280162,0.07896210756262413,0.031094061131832215,0.01665731024580452,0.03316503686211472,0.046957152519512324,0.0370804911796928,0.022552608908251524,0.022374414657368773,0.010093185351325518,0.0196245532103554,0.014650182947960099,0.022689292183960603,0.020431281945256827,0.01406109803149683,0.015422501683567782,0.013095752245793736,0.006152950455317616,0.00681216140648949,0.0062721044044473295,0.005115794833306745,0.010679961475392335,0.012124138392802629,0.006516615751806319,0.008257461112528394,0.006801164960942222,0.006745838018109414,0.0036186196814158413,1,0.5456321127712727,0.2304875256959349,4.691722050309181,1.5630121305584908,0.0036774242762476206,0.0018005645833909512,0.0018539712764322758,9.155413135886192e-05,4.286230234889685,0.0674497961029488,0.00712596345692873,0.00221255817450583,0.010345617309212685,0.0023193713277578354,0.004472394366977645,0.0018892420139011057,0.0057007558326964535,0.0018991641926591626,0.005752651486545801,0.001892118714749813,0.00254825665615499,0.0016632333863526583,0.00254825665615499,0.001541161211207509,0.0011209971527964882,0.00012436961399462423,0.0020258448754458497,0.00012790805905075702,0.007309071719646454,0.001983672846108675,298.15381235421773,300.34470673227116,278.62198188564093,274.866213683224,0.0,0.0,300.3365735115431,274.93317132442286,296.0,289.0,286.0,291.0,0.0,0.0,3
5,4,916,2499,335,357,286,306,308.3886462882096,332.8078602620087,2.163900679522752,1079,0.9653584196465247,34.15095054280933,1,0.36654661864745897,0.46212841904580854,69.6394986191623,63.12685640834652,7.810249675906654,3.761293543234126,3.605551275463989,19.011290550824167,18.170855119769996,39.40470626502285,157.82337649086284,0.8489341983317887,0.2926693658663511,0.025773613990576812,0.097919072194253,0.08071296932791933,0.03193203385497421,0.012275622044924071,0.031338947016877186,0.04716284902496503,0.03885471289974372,0.02604314765307564,0.01809029939004712,0.00681297395314694,0.01613626168745704,0.015014332390381333,0.024188982826108023,0.021941178499850934,0.015821159844522068,0.016156274809429667,0.00844993762577026,0.004198402276471109,0.004520083593669094,0.004783087118149202,0.007508524800264808,0.01183184696531489,0.013300455140214449,0.008031887061421505,0.007541965931998955,0.007589330167761588,0.00302120811360142,0.002775530642015985,1,0.570748464204371,0.2419928282033652,4.93591218162328,1.762737468117848,0.0035553521011024714,0.0018310826271772385,0.00158693827688694,9.155413135886192e-05,4.088746456824086,0.012459531324134873,0.006225680932402611,0.002288853283971548,0.008896009996533394,0.0024414435029029846,0.004458972376596648,0.0018905689703387907,0.005388550416619301,0.001924385882224725,0.005569543223828077,0.0019073777366429567,0.0026245517656207085,0.0016479743644595146,0.002594033721834421,0.0014343480579555035,0.0010665004449446527,0.0001284451428327265,0.001717102260259517,0.0001323074892235524,0.0068970778957009315,0.0020141908898949623,305.7789627718836,308.3776456228738,329.6602580741826,332.80201002415146,0.0,0.0,308.3886462882096,332.8078602620087,300.0,328.0,324.0,351.0,0.0,0.0,4
5,5,1156,4026,722,410,661,344,694.5,373.0553633217993,2.7821623974988157,1570,0.9771711581449098,38.36489168124743,1,0.28713363139592646,0.35943264882704445,92.76287652631507,82.80700453464067,7.615773105863909,3.632430147752624,3.605551275463989,21.579890861053098,19.707806089990033,41.090236217846254,201.03657992645924,0.7363057324840764,0.214651438488238,0.022133259079681302,0.0693231665240835,0.06207492230315001,0.03153701908776759,0.008104262014670807,0.020032173113407794,0.03545241351628819,0.03255423310339249,0.02769013141296491,0.018309084392829442,0.0031237856896463305,0.008971167029063944,0.008746063279877937,0.022101256393862866,0.020033472598625608,0.01958286057289977,0.019158101174850742,0.009709957773367705,0.0010878568084703077,0.003012829086288109,0.002464611145013984,0.004640238937870875,0.014786697556490192,0.013088323896010112,0.012239837504666135,0.013193640335005575,0.011614444700493389,0.004874030699287662,0.0004994107421433465,1,0.8009613337926567,0.30919356062076986,7.201114029623568,2.2002136257942766,0.00440985755994916,0.0018158236052840948,0.001647974830120802,7.629510946571827e-05,1.0551648327495422,0.06494105703548238,0.0072938124649226665,0.002288853283971548,0.01097123697400093,0.0025024795904755592,0.004854311113894889,0.0018739003673986052,0.006229337395868138,0.0019032989842511043,0.006317235063761473,0.001892118714749813,0.002914473181590438,0.0014801251236349344,0.0028992141596972942,0.0014801251236349344,0.001080759778747326,0.00011772809950926764,0.0018894718437375997,0.00012965928745225074,0.007705806288868189,0.001983672846108675,694.6549345960574,694.5467054115721,372.01163534228743,373.10048477366826,0.0,0.0,694.5,373.0553633217993,695.0,716.0,364.0,394.0,0.0,0.0,5
5,6,1169,3304,771,434,712,378,739.1642429426861,404.125748502994,2.176111834371068,1376,0.9680058130035166,38.580008136279666,1,0.3538135593220339,0.45953520596013686,80.38060460631525,72.34638899074369,8.602325267042627,4.174300777642233,4.123105625617661,21.12904390525906,20.169725902629963,-46.73870605832724,178.79393923933998,0.8495639534883721,0.2843746709582356,0.015066192813005157,0.09620534031373883,0.08143701743569293,0.023791710081225572,0.002495160104355421,0.03387513460496516,0.04940147634595472,0.04048610384551001,0.022021524909853322,0.00982589339440314,0.0008962032388784657,0.01830336186468519,0.019227762029049255,0.02689013230761919,0.02322661135332871,0.015507677154849178,0.011327474723195905,0.0031010554158198422,0.001797157059701487,0.007183185405012497,0.00736184296913675,0.011144196269865259,0.013421367853480715,0.014178087225924278,0.008975314540757139,0.007201439918526761,0.004616952938141471,0.00032084039793880135,0.0017989938734565146,1,0.6926527889445424,0.27122911415062845,7.9021897604689,2.2164492250885814,0.003711757075507194,0.0018005645833909512,0.001884489320218563,9.155413135886192e-05,1.6423879416199134,0.022783431510776952,0.01016250904649496,0.002243076218292117,0.017883574590086937,0.0024414435029029846,0.004810088812114878,0.0018835355149349198,0.006759785937099145,0.0018960215783478027,0.005241474136710167,0.001892118714749813,0.0027618829626590014,0.0015259021893143654,0.0027618829626590014,0.0014343480579555035,0.0020123916995391017,0.00013198439875057482,0.003634393568781008,0.00012977405164202113,0.00956359226256609,0.001983672846108675,738.8605711848021,739.1505077277891,402.51167861161935,404.1439261987539,0.0,0.0,739.1642429426861,404.125748502994,741.0,756.0,397.0,387.0,0.0,0.0,6
5,7,900,1960,648,616,599,576,623.8222222222222,594.9922222222223,1.7748936276630298,956,0.9511986866667065,33.851375012865375,1,0.45918367346938777,0.5634140460105668,61.4601998633202,57.201398584300364,8.94427190999916,4.139057711479683,4.0,17.750406279207333,18.965332913340152,54.87058670889995,141.6812408671319,0.9414225941422594,0.3494404373998094,0.01592648433216205,0.1281442711378944,0.08995844691126456,0.014597187093828689,0.011759992878038035,0.04042608721964966,0.05850373291275359,0.03897991657654859,0.008214270691424668,0.012056474200014964,0.007511161964566808,0.02381687798375342,0.017214806669426062,0.025646498673202404,0.01938922016730824,0.004349694382495283,0.00392760221085316,0.007537419467929705,0.004199511728176592,0.004811012532739089,0.006866433957971579,0.0040202004367076785,0.00901401224326565,0.01052178922786632,0.00039568102192232165,0.0007176917437101581,0.00044618277843951754,0.003154578688749087,0.001976116814999775,1,0.6181124679278582,0.21449607075192034,6.611581678269431,1.6953688864596188,0.0045014116913080215,0.0018005645833909512,0.0026092929765582085,9.155413135886192e-05,3.686165201146083,0.05868710145605171,0.011551079340279102,0.0022583352401852608,0.014221408404409885,0.002426184481009841,0.005328555757998778,0.0018491040582062099,0.007346201864743812,0.0018837432071773543,0.007309071719646454,0.0018768596928566694,0.0027466239407658577,0.0015259021893143654,0.0027466239407658577,0.0014801251236349344,0.0016439067753078339,0.00012087583191819698,0.0028951929585448377,0.00012988690497035417,0.009719996713101864,0.0019684138242155313,626.9789217436607,623.7700034201573,596.8956564925584,594.9654384101668,0.0,0.0,623.8222222222222,594.9922222222223,629.0,634.0,595.0,593.0,0.0,0.0,7
5,8,2046,5412,452,722,408,599,435.3201368523949,657.0811339198436,3.6618109063474145,3251,0.9773039574666771,51.039671908508026,1,0.3780487804878049,0.2730889239164675,140.2904740492203,124.1491039033307,8.94427190999916,4.140636515215037,4.0,32.66759970845053,29.719395317734545,9.847146077456271,306.8355697996826,0.6293448169793909,0.1690162919955974,0.02789435138195556,0.04705470679784882,0.047068405413389386,0.03560491997396235,0.012486277348708191,0.001620418512871189,0.021571755707282612,0.02503617377446199,0.02752547686757001,0.021262898370789617,0.007238577874412653,0.008192840795007685,0.003942915356467061,0.014346510897390752,0.015698610176280926,0.014997977952631044,0.017799597301453553,0.013998777168417437,0.004579240733764586,0.017414099369474436,0.007612676055728425,0.0032737158922259237,0.010128956567189743,0.010600231535002006,0.004076922496860848,0.009094349374823356,0.012442978452635658,0.009443853739686115,0.0030022522540006356,1,1.0251163637731224,0.4881361103616655,9.57582987844944,3.803006026428193,0.0037232013419270515,0.0017700465396046638,0.0009155413135886192,7.629510946571827e-05,1.7766236443607284,0.009123303297070137,0.005600061267614365,0.0024109254591166973,0.00746166193857789,0.0024567025247961283,0.0038683636368797075,0.001842023057968549,0.004680268757795425,0.0018587517235719418,0.004669260699301958,0.0018463416490703821,0.002426184481009841,0.0014648661017417908,0.0022278171963989735,0.0014648661017417908,0.0006519312530971253,0.0001206887699702404,0.0011224571714042527,0.0001225367984963791,0.00555428396910429,0.001937895780429244,436.1028982533048,435.328672310717,655.4862432769006,657.084355815913,0.0,0.0,435.3201368523949,657.0811339198436,438.0,442.0,641.0,675.0,0.0,0.0,8
5,9,1004,2340,697,654,645,609,670.4561752988047,630.152390438247,1.8435340967678038,1095,0.9522695457196376,35.75377606511099,1,0.42905982905982903,0.5424364006899904,65.61402568110293,59.665735560705194,9.433981132056603,4.286408408264987,4.123105625617661,19.283075125647617,20.029234810257627,50.9617029784069,152.50966799187808,0.9168949771689497,0.35908216373991664,0.011585917137302445,0.12097865324533581,0.0980980386129798,0.011132603762952012,0.007927613304100913,0.041898765726902695,0.05673947095833933,0.04390027910160385,0.006330912952760368,0.0084883114703034,0.004588235225723047,0.023717080259281726,0.019060364345527887,0.024288732921999717,0.021784607698860724,0.004220191984043611,0.0021660091786638155,0.005731844616266057,0.0017870313599985443,0.006207292983251498,0.007038265779093805,0.0051363037271127095,0.00704825792929437,0.011086468747777531,0.0007958518944379971,0.0013293765876546575,0.0016628406549901824,0.0027006071350823896,0.00020809934583309686,0,0.6620737104676664,0.2324864575639367,7.046219655778259,1.8789654378779233,0.0036316472105681896,0.0017853055614978075,0.0026550698094069958,7.629510946571827e-05,6.607316427047693,0.024118729919754583,0.009445334784686565,0.002197299152612686,0.016495002433657646,0.0024109254591166973,0.005254553257679892,0.0018451306155867994,0.007018147067508226,0.0018714795197987283,0.006073090713471174,0.0018616006709635258,0.002685587853193283,0.0016021972987800837,0.0026245517656207085,0.0012512397952377796,0.0018854124525274766,0.00012470211187158665,0.003626877996516936,0.00012942082561302688,0.010101472958922386,0.0019531548023223877,665.6462641617115,670.4351540548003,625.622336882228,630.1405658691874,0.0,0.0,670.4561752988047,630.152390438247,662.0,687.0,622.0,643.0,0.0,0.0,9
5,10,1518,5184,830,686,734,632,778.9328063241106,655.5507246376811,3.0938723057523534,1926,0.9858849263750369,43.963366896860585,1,0.29282407407407407,0.3232195453382891,116.33553280565728,103.46980235798269,8.06225774829855,3.8887364835407197,3.605551275463989,21.019038988498025,19.477400605279634,-63.58878569473223,242.93607486307093,0.7881619937694704,0.18053219025854447,0.011248175897341162,0.06182234427057901,0.05503420881066718,0.01596417444601664,0.004102862590553575,0.02500121678339246,0.03551382733659728,0.029792036578900505,0.016525539297107154,0.008259512126413317,0.002184233192706624,0.01676986154241692,0.01604817963284455,0.023522963962844496,0.018900797406080867,0.014280660758983254,0.010926391928017337,0.004073531600855273,0.0014381508699817958,0.006925324449261438,0.010238501736523103,0.011585669695862418,0.016133827467041412,0.012886741748659596,0.011580878796018193,0.010063427702498033,0.006741749732583263,0.0018364668443122904,0.0010310491934702377,1,1.3061570320278406,0.380590524058789,13.033631035359576,2.8691844046115875,0.004684519954025745,0.0018005645833909512,0.0035400926135480404,9.155413135886192e-05,3.9353342441638213,0.04237341819180028,0.014435035176575184,0.0021820401307195425,0.01733424887061119,0.0025329976342618465,0.006402730549156081,0.0018656398238175932,0.00858605470050038,0.0018901083034331934,0.007888914085924625,0.0018768596928566694,0.002685587853193283,0.001541161211207509,0.002685587853193283,0.001541161211207509,0.0031951808647695218,0.00011123985731326667,0.004059153449591611,0.00012872362864354203,0.012451361864805222,0.0019684138242155313,775.0045588692756,778.9750733917631,655.7867914648092,655.5537248978898,0.0,0.0,778.9328063241106,655.5507246376811,764.0,802.0,658.0,642.0,0.0,0.0,10
5,11,722,1215,822,682,777,655,798.3227146814404,667.0650969529086,1.543165781386241,777,0.928999430302471,30.319613310508885,1,0.594238683127572,0.6480185162618692,50.39574958219534,46.8187996428785,8.94427190999916,4.047961594317655,4.0,18.123237641970757,18.650517022611236,-68.79225568984242,118.32590180780451,0.9292149292149292,0.4193790836217096,0.012189473457524618,0.14244151175116737,0.10514195554834085,0.009168801891088312,0.004775205586535546,0.03967533564855986,0.05693442975235075,0.04328165952866049,0.008246461245052693,0.0029536617984996147,0.0035977265976681896,0.015484514194317515,0.011782056836207292,0.01787803655263647,0.020004164793481556,0.0029689354323615804,0.002585604754685319,0.0045248072390757154,0.002532512872213587,0.0011753858078368809,0.0024684099672155455,0.002248488520566637,0.0007265739605593034,0.009866594735437429,0.0019106240569887456,0.002091024142120892,0.0024383062557394295,0.0035929919264727074,0.0017175307033003933,1,0.5912871076725423,0.19310292205773294,5.979064698563889,1.3703669791575521,0.005325398873537779,0.0018005645833909512,0.0027008471079170704,9.155413135886192e-05,1.1242283016611154,0.039785196625935826,0.01112382672727108,0.00221255817450583,0.016479743644595146,0.0024109254591166973,0.005740651530801382,0.0018747856510459508,0.008281253045102339,0.0018980152065894073,0.0077668423764407635,0.001892118714749813,0.003036545356735587,0.0016021972987800837,0.003036545356735587,0.0014343480579555035,0.0023230444448946305,0.0001320708355808604,0.0033598594101513415,0.000131706008253074,0.011024643667042255,0.001983672846108675,797.4769573127544,798.2869264088546,666.3244325568633,667.0824768670593,0.0,0.0,798.3227146814404,667.0650969529086,801.0,790.0,664.0,671.0,0.0,0.0,11
5,12,862,1064,373,784,317,765,344.8341067285383,773.6612529002321,1.724341203359514,918,0.9496777656744445,33.12902786925252,1,0.8101503759398496,0.5799316272508663,59.615563209394914,55.44366510251645,9.0,4.137698457522084,4.0,17.62797878119396,18.673298024865826,86.0214820377165,136.66904755831212,0.9389978213507625,0.35703724383920304,0.004778018543297628,0.1302646137354814,0.09311886558619288,0.002117254058961498,0.0028438501414325334,0.04429433478176193,0.05789597228787602,0.04209661672645721,0.00143785592653459,0.003001719569654252,0.0016231952255502098,0.021997509750218226,0.01950635564375712,0.02519256499139028,0.02204717567542087,0.0011470057260804837,0.0022046396536386666,0.0015997202769559794,0.000938859467793361,0.004795863970750871,0.005711689285258943,0.004505227553402832,0.009088887280203121,0.012228644654640042,0.001679195547703583,0.0017711348576568064,0.0006294333351649165,0.0010108197306499948,0.0006830540020436119,1,0.6801709090359509,0.2288853283971548,5.996826191432774,1.6161135267466307,0.003921568859368563,0.0017853055614978075,0.0024872205685824156,7.629510946571827e-05,5.10211643957677,0.019662114472903218,0.010269321501255035,0.0021820401307195425,0.014908064156770706,0.0023651483934372663,0.00552984478891017,0.001860856328432153,0.006956874932056582,0.0018748416783603604,0.0061036087572574615,0.0018616006709635258,0.002914473181590438,0.00158693827688694,0.002868696115911007,0.0015564202331006527,0.002229549736180161,0.00011841754353799346,0.003193009975257414,0.00012269119316172733,0.009719996713101864,0.0019531548023223877,349.9254329613787,344.8484213309162,773.3296064713493,773.6477736233854,0.0,0.0,344.8341067285383,773.6612529002321,357.0,341.0,774.0,779.0,0.0,0.0,12
5,13,968,1870,427,805,372,771,398.9793388429752,789.2128099173553,1.7331008716110519,1058,0.9421379154874924,35.10692067532608,1,0.5176470588235295,0.5770004599157708,61.7884149807672,57.0087712549569,9.433981132056603,4.380993571806718,4.123105625617661,20.073291124640864,20.713053444363027,65.32190975834399,145.19595949289334,0.9149338374291115,0.3784622999580033,0.007298120396100808,0.1316627907493897,0.09824231388798692,0.015672393340083263,0.007102796197812652,0.042912566962047226,0.05576880982654918,0.04325278315202287,0.013665262085941153,0.0007063539533338851,0.0078379498138567,0.018531998000861312,0.016437702758184,0.0229794322083783,0.020988511438408537,0.005836364232805838,0.00391805798188774,0.003456833276114371,0.005847388766356426,0.0009869576201952503,0.003334027997817096,0.0027478318406297724,0.006525677218835768,0.010169822378394757,0.0012911793886015168,0.0010892971687920185,0.0025530891699718696,0.0021563862833668197,0.003529018039216478,1,0.7293202199507505,0.22592507814988494,7.707866108044982,1.8083772026002407,0.003982604946941137,0.0017853055614978075,0.003784236963838339,7.629510946571827e-05,5.744959268372032,0.03405452124448914,0.011322194710373878,0.002151522086933255,0.015518425032496452,0.0024109254591166973,0.0059780345897602494,0.0018518449028679094,0.007962671599220022,0.001868158267149009,0.007888914085924625,0.0018616006709635258,0.002639810787513852,0.0014801251236349344,0.002639810787513852,0.0014801251236349344,0.0024997896869672982,0.00011872858396057585,0.0036884308099006608,0.00012474749625398748,0.011535820551216602,0.001937895780429244,393.9042750986599,398.9508910490077,786.5205460026564,789.1940900499527,0.0,0.0,398.9793388429752,789.2128099173553,381.0,389.0,780.0,787.0,0.0,0.0,13
5,14,1000,2013,325,813,264,780,293.512,796.027,1.9457332533997063,1088,0.9617274303222599,35.682482323055424,1,0.49677098857426727,0.5139450632571231,68.99531186464323,63.90618123468183,8.94427190999916,4.149120732378441,4.0,18.268829891451603,18.905263095249982,-69.62656589762912,156.36753236814712,0.9191176470588235,0.3117628659978361,0.011094032839644002,0.11563440428617498,0.08403937465839344,0.010913712141446812,0.0051650496185613555,0.04187922436178592,0.05589828876195846,0.03956302186014977,0.00947024953484051,0.004584760041558557,0.0023050038706529264,0.025174484969892448,0.021585337615791365,0.02817756987340944,0.021641324502016578,0.005941917769471777,0.0048329609611376815,0.0015748386428466549,0.0006659289674364424,0.009219227887156336,0.01005319911901592,0.009357750536015903,0.013100125399370516,0.012660399661960343,0.0024501769185115026,0.0027458875543014886,0.0017538996313710797,0.0013342866224996057,0.00040626915107864055,1,0.661020838888362,0.24962233914993703,6.85609225789085,1.874799724901095,0.004623483866453171,0.0017853055614978075,0.002182040363550186,9.155413135886192e-05,0.9782181563943811,0.012167016005968194,0.009185931645333767,0.0021362630650401115,0.013000686652958393,0.002334630349650979,0.0049329913349877765,0.001862853277238336,0.00685609225789085,0.001874799724901095,0.006820783019065857,0.0018768596928566694,0.002822919050231576,0.0015564202331006527,0.002822919050231576,0.0015564202331006527,0.001713803323716193,0.00011421923176426463,0.0023717374942957984,0.00012543878929713155,0.008941787295043468,0.0019531548023223877,292.5964003044041,293.51848777113094,795.682633975363,796.0372929638221,0.0,0.0,293.512,796.027,295.0,267.0,795.0,802.0,0.0,0.0,14
5,15,1145,1917,132,874,105,803,116.72838427947599,837.4689956331878,2.0277632657979554,1281,0.9697883362006312,38.18192345497751,1,0.5972874282733438,0.4931542142354004,78.98726121566072,71.58910531638176,9.055385138137417,4.263197600585793,4.0,18.693528291898243,19.26877731865241,10.224441744548914,170.81118318204307,0.8938329430132709,0.28446034706766077,0.007443768100935207,0.10062095364886925,0.0814194950192129,0.00884157352211757,0.0030142747220177363,0.037203934578730315,0.05454397299406528,0.039196488648354934,0.007406883409062121,0.0053431478273430685,0.0024027127803917647,0.02564215784154006,0.023145179202609736,0.02900173310704339,0.021805084377928358,0.0039384149476284006,0.0071908732035043475,0.0013453064350645687,0.0021592689120547228,0.01088867326092115,0.0147053911269555,0.010796083493447786,0.01484463760308994,0.012827056914498751,0.0023765516264771455,0.0033403189940604365,0.003916101477705324,0.0013777702699366348,0.001667578948476642,1,0.7910734838806093,0.2835126267746091,8.191226176219061,2.143556877505034,0.004779888782650232,0.0017853055614978075,0.0022583354730159044,7.629510946571827e-05,1.7829572683075803,0.03890915246403078,0.008468757383525372,0.0022583352401852608,0.01333638560026884,0.0023498893715441227,0.005170414927324243,0.0018530237044092096,0.0071539093242087865,0.0018721020764236108,0.007232776377350092,0.0018616006709635258,0.0027924010064452887,0.001541161211207509,0.002594033721834421,0.0014801251236349344,0.0014162429018562705,0.00012483137428103571,0.002637801873984996,0.00012320773095193837,0.009319447912275791,0.0019531548023223877,116.33215724756985,116.70865900710432,835.7306226122864,837.5025342046441,0.0,0.0,116.72838427947599,837.4689956331878,117.0,112.0,840.0,832.0,0.0,0.0,15
5,16,857,1276,106,871,84,813,94.55192532088681,841.4037339556593,1.7980541080556,927,0.95592344567508,33.032806266468405,1,0.6716300940438872,0.5561567894535672,61.562627791036164,57.55866572463264,8.54400374531753,4.026348338489075,4.0,17.31378486888493,18.07577362778618,8.836426797338955,139.1543289325507,0.924487594390507,0.3293589767093372,0.0064117507427493255,0.12448074546686694,0.08594859488434467,0.00997473510333535,0.001377652578842169,0.04192356287399219,0.05819735388547781,0.03933792673364174,0.009318056974087033,0.002023801044230782,0.000919280110258179,0.024530265659700942,0.019748348770393914,0.028282963596605693,0.020995693055789782,0.0058708335628269255,0.002698458089734895,0.00020390823562060407,0.0006610454450882654,0.006701831076467304,0.008283506904307784,0.007123409403799335,0.012356082194530365,0.012087741549699889,0.0019678578295513386,0.00129129848439919,0.0008541910642824818,0.0004159237758862352,0.0004616960677557058,1,0.6770275509916246,0.227100022835657,6.525169832399115,1.5928740364033729,0.004058899823576212,0.0017700465396046638,0.0028839551378041506,7.629510946571827e-05,2.4572787103442697,0.027079524020819392,0.010879682376980782,0.002151522086933255,0.018646525219082832,0.0022735942620784044,0.005504289032452233,0.0018463416490703821,0.007613967132321021,0.001858662819607203,0.006713969632983208,0.0018463416490703821,0.0026550698094069958,0.00158693827688694,0.0026550698094069958,0.001541161211207509,0.002225960109077231,0.00010050370010527556,0.00391146964602009,0.000119960957887584,0.010574501939117908,0.001937895780429244,94.66943387656028,94.56928411997433,838.9492665185857,841.4245179089751,0.0,0.0,94.55192532088681,841.4037339556593,97.0,95.0,838.0,868.0,0.0,0.0,16
5,17,837,1512,926,911,872,883,898.4826762246117,895.8984468339307,1.7341172098734345,909,0.9491727876786236,32.64508384034771,1,0.5535714285714286,0.5766622892076514,58.99038017026822,54.57105459856901,8.94427190999916,4.075985508896439,4.0,17.708754896942924,18.56754607624436,-71.51684439345397,135.0538238691624,0.9207920792079208,0.35785812590440935,0.007892826661842866,0.12771296908643273,0.09403960280885275,0.011222851167354813,0.0017117748394119524,0.037485404674698686,0.06134412149785131,0.04058610714397072,0.009084654225407607,0.003180922689164934,0.0006962869569488815,0.023597778499902217,0.017248554086247894,0.02639900031783113,0.020004337789167412,0.0046903638116802555,0.003753663028864955,0.0006350304225326952,0.00041657276401641766,0.0061775641383013035,0.006334829085879652,0.0034407618037184803,0.008209579010486027,0.010609555948649397,0.0011527026033751559,0.0014324345821603976,0.001694244777129318,0.0007552503406752333,0.000352078057875567,1,0.6848554315511137,0.21278706029988825,6.9043260214384645,1.5658350496087223,0.0048256657319143414,0.0017853055614978075,0.0030670634005218744,7.629510946571827e-05,1.5249212341647778,0.09627223929754529,0.01336690317839384,0.002121004043146968,0.01771572418510914,0.0023498893715441227,0.005903926134061325,0.0018343712094817952,0.008248896082961128,0.0018707706685886767,0.00759899290278554,0.0018616006709635258,0.002822919050231576,0.001632715342566371,0.002822919050231576,0.0015259021893143654,0.0031601306663455145,0.00011429007809775459,0.003768504375003433,0.00012555104671458351,0.011364156380295753,0.001937895780429244,898.9948107575293,898.3903836596276,894.4620962532576,895.9258407476344,0.0,0.0,898.4826762246117,895.8984468339307,899.0,880.0,893.0,908.0,0.0,0.0,17
6,1,1322,3618,448,181,381,127,414.6913767019667,153.20499243570347,2.2840707978007173,1467,0.9711218349897927,41.02709687681892,1,0.3653952459922609,0.43781480020797886,85.47337507396429,77.20103626247513,9.486832980505138,4.357019771889778,4.182873156368473,20.023308335845222,20.392589848251166,51.75747772781519,194.79393923933998,0.9011588275391956,0.28241991243957804,0.006239569187744891,0.09919781133911944,0.08168705174451864,0.004665245636692272,0.004340091796949771,0.03989099459290073,0.05273326977116239,0.04015212529265657,0.0026258152611034953,0.0045389595600123945,0.0026958584957718222,0.024682642070507046,0.025107759822931935,0.02804164702806442,0.022734202028965797,0.0021610467787277596,0.0018854212952396985,0.0036581504383174303,0.0014021327947712455,0.011007365007549667,0.015331817805777553,0.011611579361861009,0.014841051397146612,0.013439739524236917,0.0015237794938782767,0.0007888061301139776,0.0011800336692945573,0.002488577510441213,0.0004998535393069742,1,0.624032967723906,0.2973525596316904,6.235507837962359,2.482993819518015,0.003440909436903894,0.0018005645833909512,0.001144426641985774,7.629510946571827e-05,0.7739924441403147,0.05461366495699257,0.006408789195120335,0.002288853283971548,0.00860608834773302,0.002471961546689272,0.003900206048274413,0.001858453497698065,0.004716723024177276,0.0018782101509213424,0.004486152436584234,0.0018616006709635258,0.0025024795904755592,0.0016021972987800837,0.002471961546689272,0.0014801251236349344,0.0009184442465407294,0.0001212359883291109,0.0013907948999705056,0.00012443330677233398,0.005935759749263525,0.0019531548023223877,414.30732862916284,414.67410876151496,152.53300182463667,153.1531805583722,0.0,0.0,414.6913767019667,153.20499243570347,412.0,412.0,148.0,141.0,0.0,0.0,1
6,2,982,2346,536,218,490,167,513.5794297352343,191.78207739307535,1.9788521602014228,1107,0.9559281887642171,35.35988168715967,1,0.4185848252344416,0.5053434612812169,66.60871349179827,61.84658438426491,8.94427190999916,4.136078394629804,4.0,19.803438231860365,19.556356613602752,40.65935122224857,156.2670273047588,0.8870822041553749,0.3268813680862562,0.0024518445887373812,0.12092334898633092,0.08660906844119468,0.008620347282545139,0.005093710928506609,0.03787975746039219,0.060236625987679246,0.038370105846123666,0.010149048029776807,0.0020498820525628515,0.004551536881350732,0.024837255317564456,0.01989089158301826,0.028687922982882204,0.019510723780937052,0.006177389716777028,0.00344267750597332,0.0043822351684805385,0.002885039449089198,0.007407029483218344,0.009708332013991253,0.007103574630651506,0.011512951892735894,0.010747351668026223,0.002874385849918686,0.0016631970537698034,0.0006846743405924773,0.0032400443297823513,0.0014199215249966234,1,0.7356527172960341,0.24289311049506068,8.586328031728044,1.8512703131418675,0.004562447778880596,0.0018005645833909512,0.003570611122995615,7.629510946571827e-05,0.8227208454798327,0.06301666987383236,0.011535820551216602,0.002197299152612686,0.021103227511048317,0.0023956664372235537,0.00561566959767965,0.0018541458816416845,0.008743714899926725,0.0018852039848695188,0.0079194325953722,0.0018768596928566694,0.003036545356735587,0.00158693827688694,0.0030212863348424435,0.00158693827688694,0.0022113094803872346,0.00012191725035783394,0.004563564537212828,0.00012237223313699605,0.012138552032411098,0.0019684138242155313,514.3510365123334,513.554486783215,191.49660835601222,191.72420728138934,0.0,0.0,513.5794297352343,191.78207739307535,515.0,509.0,190.0,187.0,0.0,0.0,2
6,3,797,1350,601,202,551,175,575.3889585947302,188.89585947302385,1.6691874633682873,871,0.9319802446462235,31.85548488335917,1,0.5903703703703703,0.5990938836684525,53.51353958481532,50.28916384272063,9.055385138137417,4.145316585290352,4.0,18.927384965687793,19.399143301736554,72.98903195629711,129.29646455628165,0.9150401836969001,0.40001392067369423,0.014731236735678277,0.14421425006017174,0.09704074644537518,0.019010090963923504,0.0031775543353753837,0.035593345709611986,0.05956291904072676,0.039831972017252734,0.013823310853651401,0.004313608249865944,0.0014803092097645102,0.01547871591967088,0.01143472323548979,0.02164901592679045,0.018884615958757754,0.0043566849062830915,0.002495583114403167,0.001687318779588166,0.0011463366773177958,0.00010072691692752316,0.0006491506677309664,0.002568944043464517,0.004723393711180024,0.009581206449668686,0.002946790695246797,0.002946987109202957,0.001813939801988098,0.002074184582865693,0.0010536451149936513,1,0.5706721674650908,0.2047608147840947,6.381658735219389,1.5186236358713359,0.004474708344787359,0.0018158236052840948,0.0026398110203444958,9.155413135886192e-05,0.29760116842745676,0.0331638272499257,0.01042191218584776,0.0021362630650401115,0.020065613090991974,0.002426184481009841,0.0052355244721567955,0.0018785395851751807,0.008007100044189948,0.0019054248881698065,0.006759746931493282,0.001892118714749813,0.0028839551378041506,0.0016174563206732273,0.0028839551378041506,0.0013427939265966415,0.0019564007108503773,0.00010857529299196058,0.0040663044072010894,0.00012700417444842037,0.010727092390879989,0.001983672846108675,575.1505324766468,575.3663273816103,188.71775994560983,188.87161761602846,0.0,0.0,575.3889585947302,188.89585947302385,577.0,571.0,189.0,192.0,0.0,0.0,3
6,4,1140,1950,927,276,902,198,914.9824561403509,236.84912280701755,2.55557232636984,1355,0.9786193024309413,38.09846559899868,1,0.5846153846153846,0.391301779911073,86.70823394009558,77.52418977325722,8.246211251235321,3.856515681859811,4.0,18.57212482958301,17.834149242641228,-6.875503207613859,191.33809511662426,0.8413284132841329,0.24108928484336364,0.0037105103291639762,0.08436958189001323,0.07188209903538416,0.0069509634158854555,0.0011617382921024317,0.03256374824364218,0.049410224564363725,0.03611248020379467,0.008142563614259787,0.0011395108176458263,0.0015254386677177529,0.026964919611531944,0.02069995640257764,0.03017784148493537,0.020707290267418167,0.006897844844240308,0.003795777807740557,0.001071070152255454,0.0012775925606103595,0.011203314332445067,0.016983051061167768,0.012408675440671774,0.017983739370972626,0.01251311190365988,0.005275943335642161,0.003999436758397778,0.0009806528564963737,0.0014711623117207866,0.0009218274866368884,1,0.80363166378811,0.3066300449427217,7.236820150865242,2.1590142666827887,0.00553902518004179,0.0018005645833909512,0.00079346913844347,9.155413135886192e-05,0.11733635706379446,0.01974099392195976,0.006652933545410633,0.0022583352401852608,0.009475852362811565,0.0024414435029029846,0.00490019307187872,0.0018696953959922056,0.006348087851636177,0.0018938721637568323,0.0065003433264791965,0.001892118714749813,0.0028381780721247196,0.001632715342566371,0.0028381780721247196,0.0015716792549937963,0.0007889608217373044,0.00011180614995678811,0.0011325551655060005,0.0001281100736642818,0.007217517588287592,0.001983672846108675,914.8663785077497,915.0021202762014,236.83198209820202,236.84738251902948,0.0,0.0,914.9824561403509,236.84912280701755,912.0,917.0,256.0,246.0,0.0,0.0,4
6,5,1570,3510,906,245,816,206,862.5509554140127,229.34713375796179,2.6635579611486886,1949,0.9757601470055011,44.710022201226934,1,0.4472934472934473,0.3754376719359015,102.65516583983772,93.30058949438637,9.219544457292887,4.330294345897863,4.123105625617661,23.530018965865192,22.46533557812703,-75.08563025342026,229.23759005323595,0.8055413032324269,0.22963654052087368,0.028191097874183106,0.07706150549255587,0.06279060401703938,0.035492051830837305,0.014004644043959827,0.020774043758780666,0.036618820367123564,0.031234025410465837,0.028859172459045828,0.023185514702958505,0.007904678288113145,0.00844610973342772,0.008343859152787054,0.020251595410027974,0.018661080424879028,0.019898092337640255,0.019006789628260887,0.014634333749326418,0.004669828446342696,0.0027304804291361836,0.0013162253812124603,0.003967240858432657,0.011792208074744341,0.01222798695541816,0.011734114840947866,0.01153378855967327,0.011915744524901418,0.008825752893599395,0.0028146319055266525,1,1.0809949012473226,0.3678644997999072,12.634332959074527,2.940276187611744,0.0041046771220862865,0.0017853055614978075,0.0028686963487416506,7.629510946571827e-05,0.4153030998167404,0.06548051832964909,0.014068818651139736,0.0023498893715441227,0.017883574590086937,0.002426184481009841,0.0054321351821473495,0.0018485653256276745,0.008047345833805432,0.0018727873806444228,0.0065766386687755585,0.0018616006709635258,0.0030060273129493,0.0015564202331006527,0.002594033721834421,0.0014801251236349344,0.002598639619118665,0.00012489941797464216,0.004281254963328618,0.00012514672121471837,0.011947814375162125,0.0019531548023223877,862.3128005263211,862.6072935425111,229.68736737503392,229.3137614107561,0.0,0.0,862.5509554140127,229.34713375796179,872.0,894.0,228.0,217.0,0.0,0.0,5
6,6,680,1196,728,234,682,208,705.0573529411764,220.63970588235293,1.7384498070316396,737,0.9317260471163559,29.42452872043851,1,0.568561872909699,0.5752251206535985,49.199190836476156,47.12748667179272,8.54400374531753,3.8339407723035053,3.605551275463989,17.392527130926087,17.867272131569052,70.39834216036306,121.88225099390856,0.9226594301221167,0.38982570482661444,0.010979347818003487,0.14876501352612015,0.09212560610962156,0.005577778614622678,0.008704185277890537,0.039105964956754176,0.061096984691137814,0.03722168126142836,0.0019573502721127317,0.007344902480019959,0.005631366484409863,0.015631803269887633,0.015061006110040406,0.021031158055871028,0.01841054381295956,0.0018232834657223383,0.0035076475724479515,0.004701526719361558,0.003065486947623251,0.0020218048943122266,0.002017904181854911,0.0010525909183596843,0.004629623117519238,0.010610326909992664,0.0021143031765161594,0.002377444858095126,0.001361203090794474,0.001487256006841834,0.001798476389988743,1,0.3798428347799927,0.1893186846282333,3.2030213326215744,1.2797894251998514,0.0035553521011024714,0.0018005645833909512,0.0009613186120986938,7.629510946571827e-05,0.28992924794162667,0.034036371590726616,0.005828946363180876,0.002243076218292117,0.008255130611360073,0.002334630349650979,0.0037239493605881638,0.001856065535570915,0.004710325489149374,0.0018820432723527225,0.004348821472376585,0.0018768596928566694,0.00254825665615499,0.0016174563206732273,0.00254825665615499,0.0015564202331006527,0.0007582674220562957,0.00011173868020399467,0.0013861393885510622,0.0001263647761199648,0.005737392231822014,0.0019531548023223877,705.0680434483733,705.0803853536979,220.3499737959906,220.61464630205913,0.0,0.0,705.0573529411764,220.63970588235293,706.0,709.0,218.0,221.0,0.0,0.0,6
6,7,1804,5406,516,552,414,499,462.94678492239467,523.6563192904656,2.941938125946741,2011,0.9858224244904955,47.92623643373464,1,0.33370329263780985,0.33991197543564633,119.56295478670596,108.63240768757728,9.848857801796104,4.37732235668088,4.123105625617661,20.699607417894214,20.061704497669893,-67.70965756597145,258.24978336205567,0.8970661362506216,0.1946380932719459,0.0060423320515012235,0.07305514411744887,0.05747237443116879,0.0027296435814547536,0.00342938394893894,0.03418252700302237,0.040158037576502895,0.03043004231688656,0.002212132556317647,0.001039902494022075,0.003167325972737,0.0247202112003118,0.02222968477997663,0.02515519382598494,0.01900576459861254,0.001358200142668738,0.002589435674447628,0.0010641533650690715,0.002932768750057193,0.014473701644666692,0.016476827415638818,0.014666852587469914,0.016575383496598615,0.012761807801950216,0.0004953451266108784,0.0019538154437366735,0.0014259380350435016,0.0018587352167831308,0.0026033826356249906,1,1.123384464532137,0.40105287241749465,12.546852967934683,3.3761959250550717,0.0038452735170722008,0.0017853055614978075,0.002853437326848507,7.629510946571827e-05,0.9496660097444515,0.12601905712253536,0.010131990537047386,0.0023651483934372663,0.013962005265057087,0.0023651483934372663,0.005200854002463597,0.0018567262611921048,0.006955018274908361,0.0018715055016934987,0.006637674756348133,0.0018616006709635258,0.002685587853193283,0.0015564202331006527,0.002685587853193283,0.0014648661017417908,0.0020051505526178606,0.0001256017139285086,0.003063712010175659,0.00012446409489786544,0.009689479134976864,0.0019531548023223877,462.1187096815652,463.05510736286436,523.191392494519,523.5919216845416,0.0,0.0,462.94678492239467,523.6563192904656,449.0,498.0,525.0,502.0,0.0,0.0,7
6,8,833,1173,558,533,507,510,532.4393757503001,521.1488595438175,1.5731632208891284,889,0.93030995134234,32.56698544176895,1,0.7101449275362319,0.6356619495813123,54.0692300949788,50.99019513592785,9.433981132056603,4.328262236552652,4.0,18.90588354011609,19.831204557179795,-81.69464863473864,128.3259018078045,0.937007874015748,0.40792636183245795,0.007422608133261778,0.1474652479581022,0.09932333668401246,0.0037854305414886237,0.0046774970397869126,0.0404752431222599,0.05869933246897801,0.041294580164649465,0.0010355865267394429,0.002196236068567829,0.002204518762382177,0.014797021312992846,0.013117209685783289,0.019557216961771717,0.020225648754037387,0.0014435016556450311,0.0007317129117804025,0.0011369802660716917,0.0012481985392605425,0.0006798450879187736,0.0032619597499390614,0.0026456881259817443,0.0026935709809061026,0.010949450457129003,0.0009746533688920725,0.0018141123619833798,0.00031976968438407634,0.001951421732066418,0.0014692228581401022,1,0.541359584312886,0.21208514529280365,5.956862822873518,1.563683527521789,0.0038452735170722008,0.0017853055614978075,0.0015716792549937963,9.155413135886192e-05,1.699832164452916,0.01871042516114714,0.011932555586099625,0.002151522086933255,0.021393148228526115,0.0023041123058646917,0.004790792781529964,0.0018768596928566694,0.007151095825778533,0.0018771711014667336,0.005111772567033768,0.0018768596928566694,0.0026703288313001394,0.00158693827688694,0.0026703288313001394,0.0012970168609172106,0.002263533560047746,0.0001235152777837903,0.004452930707303526,0.00012596083717361558,0.009719997411593795,0.0019531548023223877,530.884405814524,532.4248897302783,520.4622025070507,521.1370174479878,0.0,0.0,532.4393757503001,521.1488595438175,528.0,516.0,519.0,525.0,0.0,0.0,8
6,9,907,1824,503,558,446,526,474.4773980154355,542.0683572216097,1.8884535101746227,979,0.9597633644269172,33.982764264767994,1,0.49725877192982454,0.5295338193988854,64.88561575222332,59.135437767890075,8.54400374531753,4.008984426175051,4.0,17.08740417510217,18.220533017864152,-68.75256849091828,146.71067811865476,0.9264555669050051,0.3302339911566464,0.008290021003717347,0.11535308565074301,0.09139208049207967,0.009939254989898436,0.0037047855562921876,0.043993269788456815,0.05487083877623393,0.04314471641257854,0.006736724488427532,0.007166072778670653,0.001245823392843345,0.025898505904116832,0.020577704828382115,0.02674868971104847,0.023027341810275385,0.003547290047216984,0.004662101707235792,0.003675085293170276,0.0006076858354749871,0.008273509865631109,0.009419890677699496,0.008026846304956372,0.011066419374525805,0.012740958916029818,0.0010541751708381415,0.002033399043657561,0.0014971343425250385,0.0014567318452600173,0.0010383732879824564,1,0.6918593216687441,0.23567559313960373,7.30020608776249,1.7103990230243653,0.004146639257669449,0.0018005645833909512,0.0023117419332265854,7.629510946571827e-05,0.6645781559609261,0.041069621498322356,0.01361104752868414,0.0023041123058646917,0.023239489644765854,0.0025787746999412775,0.0054909469973709844,0.0018704412153936804,0.008048738795769008,0.0018857762106112075,0.006050202297046781,0.0018768596928566694,0.002960250247269869,0.001632715342566371,0.002944991225376725,0.0015716792549937963,0.002713778839259939,0.00011197135953583183,0.004820101729779994,0.00012733825332251353,0.01115815993398428,0.0019531548023223877,474.3782061308683,474.5101926113604,541.4112232204985,542.0436341900777,0.0,0.0,474.4773980154355,542.0683572216097,475.0,490.0,539.0,535.0,0.0,0.0,9
6,10,806,1296,724,773,676,746,699.7431761786601,757.7952853598015,1.5585051996318766,893,0.9147973101660651,32.03484154879717,1,0.6219135802469136,0.6416404643604672,51.19829724211441,47.67598976424087,9.433981132056603,4.326038783996342,4.123105625617661,20.7384480674703,20.67966859196148,75.04143697638752,125.63961030678928,0.9025755879059351,0.45144048818039867,0.011814242920483647,0.14808124086027372,0.10887572718657786,0.005657071507569382,0.018889773080037163,0.03634454883458142,0.05524622879306973,0.03971009816880318,0.008168313603149456,0.007387631384951552,0.013328430389318892,0.011004483098475406,0.008356279745092798,0.012328025152231206,0.01497171671053818,0.0031584235815087873,0.0009619328510420506,0.0031558090178091503,0.00799715300683066,0.004070904982254034,0.005781327877009992,0.006172854646026488,0.003845320560794885,0.005849324626613882,0.001680452517404624,0.0016152081399759667,0.002742503984979615,0.0050686347779995726,0.004258861377906071,1,0.5023727831430733,0.19632257567718625,5.540978172561154,1.4956588079221547,0.004020752385258675,0.0017700465396046638,0.002105744555592537,7.629510946571827e-05,1.0880527480925284,0.005789519712579482,0.00949111208319664,0.00221255817450583,0.01716640032827854,0.0023651483934372663,0.004695072739654891,0.0018347904268895912,0.006874662745113094,0.0018556560892334425,0.005844205617904663,0.0018463416490703821,0.002731364918872714,0.00158693827688694,0.002731364918872714,0.0015564202331006527,0.0017816353616453915,0.0001319218946123648,0.0033003207941812436,0.00012386192042263442,0.00918593117967248,0.0019226367585361004,700.3369087490992,699.7417617172356,756.8835066490216,757.789671284866,0.0,0.0,699.7431761786601,757.7952853598015,702.0,716.0,756.0,764.0,0.0,0.0,10
6,11,1384,4416,428,910,359,846,392.382225433526,877.4978323699422,2.3930115357577484,1548,0.9787110033918446,41.97813156768016,1,0.3134057971014493,0.41788348491322647,94.9614027342839,85.0411665018772,9.219544457292887,4.246295594063716,4.123105625617661,19.412686153326025,19.49018233410399,-47.128352096210484,204.0071426749364,0.8940568475452196,0.24366199252122028,0.0045465335795042945,0.08518050392998543,0.07284063528549484,0.0030501183039498368,0.0034566298512072537,0.036748795214953986,0.047344330195217096,0.03756760224787985,0.0054577946007922755,0.002648846622208244,0.0024493377513378216,0.024551299186826463,0.024166646312288775,0.027652993993310844,0.02251156980850199,0.0062381195464806015,0.0013203702648013653,0.0026379354600100375,0.0017166959900582863,0.012561013648930319,0.016085828835601796,0.014056555832477063,0.016295162025572137,0.014306967966864282,0.005296037033532617,0.0006908642696755226,0.0022486254444866807,0.001815461748836894,0.0012316853986444104,1,0.7078965536784381,0.3025711451191455,8.259479768574238,2.5850156398955733,0.0032806897070258856,0.0017853055614978075,0.001510642934590578,9.155413135886192e-05,5.299062129167635,0.1392601151401004,0.010101472958922386,0.0024414435029029846,0.01417563110589981,0.0024414435029029846,0.004342923642199007,0.0018562646939824878,0.005967832202727051,0.0018677858669765702,0.004531929735094309,0.0018616006709635258,0.002563515678048134,0.0015564202331006527,0.002471961546689272,0.0012970168609172106,0.0018083134103327452,0.00013962158488506525,0.0032290609327357187,0.0001307671537918149,0.008361943997442722,0.0019531548023223877,388.0185520880163,392.49462543312336,880.5042279497798,877.415615463169,0.0,0.0,392.382225433526,877.4978323699422,378.0,418.0,886.0,846.0,0.0,0.0,11
6,12,1022,2546,260,957,193,919,224.72309197651663,935.6340508806262,2.3172138672969456,1204,0.9737687559709783,36.07285426355026,1,0.401413982717989,0.43155274276280353,78.84802233089022,70.57619995437555,8.06225774829855,3.7923692198546246,3.605551275463989,18.322210492765638,17.94107177523583,-65.59950483817659,172.50966799187808,0.8488372093023255,0.26073164738604016,0.016738736518061192,0.08813358029820341,0.07578223035518424,0.023527142959615135,0.0060175683135573615,0.03182500311900808,0.04656444741215441,0.03831776670112067,0.02117010438877641,0.012725929132251105,0.0022950541395209143,0.01884647703428136,0.01822768356665143,0.026585784804846906,0.022437107672138478,0.015334885930894368,0.013591102069467377,0.0057987468114042385,0.0008610619133216119,0.005551838104546138,0.010072158077045697,0.009679784431348811,0.01524713544916842,0.013849860547903117,0.009888506957973428,0.009096598618624298,0.0069521831683727565,0.0021738076172413494,0.0003278795526844902,1,0.7579003656283021,0.2706187532749027,7.058899913914502,1.9149156934581697,0.003791866940446198,0.0017853055614978075,0.002334630349650979,7.629510946571827e-05,3.1461578582016836,0.02495758424802068,0.013000686652958393,0.00221255817450583,0.016464484855532646,0.0023498893715441227,0.005191098394714398,0.0018535531046226213,0.006906947078194229,0.001873694416299579,0.005767910275608301,0.0018616006709635258,0.002563515678048134,0.00158693827688694,0.0024872205685824156,0.0015259021893143654,0.0027717184065984197,0.00012073484843556542,0.003514835560758691,0.00012228104606232696,0.009674219880253077,0.0019531548023223877,221.5770084394718,224.7474460930403,935.6556760201562,935.6285957894402,0.0,0.0,224.72309197651663,935.6340508806262,219.0,240.0,934.0,933.0,0.0,0.0,12
7,1,995,2223,314,108,257,69,284.27638190954775,88.3145728643216,1.8685896141100842,1079,0.9569007122420327,35.593164329846914,1,0.44759334233018444,0.5351629873401871,67.08839188512525,61.05735008989499,9.433981132056603,4.226709547142685,4.123105625617661,19.021170377133807,19.483493196180667,-60.109763933014094,152.8528137423857,0.9221501390176089,0.33982654158033454,0.026834552392499576,0.1131489654179447,0.09211820550659429,0.020165195528909653,0.02307428782891569,0.03875301844200802,0.05386653224311495,0.038956603950052106,0.011806654909542122,0.01831233940521248,0.01643972690264652,0.022540754052730424,0.01940209877026543,0.021541886967935825,0.017833592526135627,0.007064427329363537,0.007221271657628203,0.01113901419336899,0.010526419468906837,0.007158952136730216,0.008657046262627323,0.005399818487687195,0.00623816282642175,0.00826312415837812,0.002102430512604813,0.002644880211540688,0.0009802094151901333,0.004461342477816752,0.0059494301655098475,1,0.5904478617012501,0.23964293883182108,6.077332819579169,1.8908064388670027,0.004669260699301958,0.0018005645833909512,0.0013733119703829288,9.155413135886192e-05,0.13679858606980178,0.034144253158067656,0.0068970778957009315,0.002426184481009841,0.01031509879976511,0.0025787746999412775,0.004612873919541016,0.0018722104596236022,0.006107872180481577,0.0019003079787608067,0.0059967958368361,0.001892118714749813,0.003036545356735587,0.0016021972987800837,0.003036545356735587,0.0015716792549937963,0.0009664131324733866,0.00013444724798551837,0.0016511897686848386,0.00012683254143094303,0.007431143894791603,0.001983672846108675,284.27930240219774,284.2735122746421,88.17780545638617,88.28054941330278,0.0,0.0,284.27638190954775,88.3145728643216,289.0,276.0,85.0,98.0,0.0,0.0,1
7,2,1536,2632,698,103,604,75,649.86328125,87.763671875,2.5865169219191966,1941,0.9734143829303686,44.223251132330944,1,0.5835866261398176,0.38662031998538005,101.88261228243142,93.43446901438462,9.0,4.289179218991019,4.123105625617661,24.64409304855486,23.33633168515296,-87.06165477612696,223.4386001800126,0.7913446676970634,0.22372846066709504,0.027675976906662608,0.07730503593906546,0.05941286218331334,0.037153843875580295,0.011057740024850911,0.018306007330048234,0.03507496088789712,0.030535826460743022,0.03223154563648916,0.018726952512638263,0.006367442042824167,0.0037580949861301827,0.006142168253769231,0.022121403747694095,0.018480402984920697,0.02153661837167052,0.017858050250869076,0.010750132864050785,0.004251517309385232,0.008970620078885834,0.000651066280628025,0.004182067087119274,0.014809165204729432,0.011916129404562076,0.010713590573208807,0.012493610195300158,0.009598661047331336,0.006862745786702406,0.0029509044224294567,1,1.0591592465061694,0.3727473868057132,11.074372625444084,2.9248645754996687,0.004577706567943096,0.0018158236052840948,0.0024261842481791973,9.155413135886192e-05,1.6997380785639506,0.09646864801652241,0.01028458122164011,0.0022583352401852608,0.01417563110589981,0.0024414435029029846,0.005322408273900349,0.0018731024462598652,0.0072098780113568255,0.001904208708007597,0.00680552376434207,0.001892118714749813,0.0028076600283384323,0.001632715342566371,0.0028076600283384323,0.0014648661017417908,0.001720724520813926,0.00011893075428810695,0.002917701448441517,0.0001321382585913533,0.00962844304740429,0.001983672846108675,649.2326750765479,649.9472613352393,86.185240568378,87.71620035371268,0.0,0.0,649.86328125,87.763671875,645.0,676.0,81.0,90.0,0.0,0.0,2
7,3,1489,2988,456,112,373,76,413.8918737407656,93.78509066487575,2.1686068629819384,1632,0.9736497108892038,43.54140193092842,1,0.49832663989290493,0.4611255350473954,92.50541081421954,84.40379138403677,10.0,4.654464915047221,4.47213595499958,20.51215992193929,21.095744949042434,-73.97537920650731,201.4386001800126,0.9123774509803921,0.26576462703834747,0.004997456736630605,0.09814852783244893,0.07534010212635962,0.0066092040253689895,0.002447969764504869,0.03738853594111712,0.052869113475641404,0.0369679661218469,0.006631308546147554,0.0025866074391946905,0.0016467842986437966,0.02539182919342522,0.023892976875007476,0.029380804667145734,0.021248305502874102,0.005489488209546285,0.002963047236140683,0.0011407520381080491,0.0012110032657603792,0.011196639917501786,0.01562377888554704,0.012124034738783462,0.01648948608047832,0.013047366401329996,0.0038664551210067983,0.002395711270564725,0.0010898527365766166,0.0006522607628147249,0.0009414094720594431,1,0.7606775150634348,0.33414206141605973,8.28331441944465,2.8809643695130944,0.004776074085384607,0.0018463416490703821,0.0007553217001259327,9.155413135886192e-05,0.4600608025451717,0.06726503687919119,0.00679026497527957,0.0023193713277578354,0.008102540858089924,0.00254825665615499,0.004297613079454434,0.0018878082565879082,0.00556300498283724,0.0019348316786521789,0.0056992447935044765,0.0019226367585361004,0.0030670634005218744,0.0015564202331006527,0.0030670634005218744,0.0015564202331006527,0.0007305291477936088,0.00013050865797026737,0.0010437504327815955,0.0001319942454449535,0.006363012362271547,0.0020141908898949623,413.9745876818675,413.8339336031016,93.33252647496906,93.75092159064427,0.0,0.0,413.8918737407656,93.78509066487575,430.0,376.0,86.0,102.0,0.0,0.0,3
7,4,957,2378,334,124,276,83,304.0574712643678,102.44618599791013,1.9464013029746456,1040,0.9657633240387127,34.906879612929465,1,0.4024390243902439,0.5137686655222231,69.44916078840743,63.631753079732135,8.48528137423857,3.9952694206889268,3.605551275463989,17.520166185740525,18.016831312994267,-58.01519615653791,152.99494936611666,0.9201923076923076,0.3009360939272785,0.006705272147366319,0.10933616961948592,0.08344221678274573,0.009830530453145601,0.0017536781429030339,0.042007697089442485,0.054059358764912,0.04036609743544714,0.009239207473849627,0.0036683485279252553,0.0006165294328472022,0.02562326839831983,0.02253532270021448,0.02833538165502238,0.02254813475877714,0.006827013610313704,0.003425065743077417,0.0015369459469072697,0.00028348790215391203,0.010017494371415985,0.011468674591887107,0.010713428874975067,0.014071030386872662,0.013328396195199136,0.003674513402208877,0.0022449388077968838,0.00100415003030207,0.0006325562194749924,0.0002784963846476502,1,0.5273212853353471,0.23358510714024305,5.394537343177944,1.8267185469157994,0.0038452735170722008,0.0018158236052840948,0.001533531816676259,9.155413135886192e-05,0.6489054331181505,0.07298261303881785,0.0069886320270597935,0.002166781108826399,0.010360876098275185,0.002426184481009841,0.004252591010768928,0.001883750864034218,0.005636925123487925,0.0019087968097343776,0.005149920005351305,0.0019073777366429567,0.0028534370940178633,0.0016632333863526583,0.0027924010064452887,0.0012970168609172106,0.001123511469032188,0.00011471887748704546,0.001999542046287441,0.00012819932200456273,0.007324330508708954,0.0019989318680018187,304.07379551514657,304.10804083064636,101.79748592856625,102.39356299179711,0.0,0.0,304.0574712643678,102.44618599791013,306.0,317.0,100.0,88.0,0.0,0.0,4
7,5,1074,2108,722,125,660,91,691.3277467411546,108.98696461824953,1.8526199508399583,1200,0.9570543956380029,36.97917347704738,1,0.5094876660341556,0.5397761151965413,69.98840424426503,64.19501538281614,9.219544457292887,4.382543044938818,4.123105625617661,19.9650050132262,20.290226703344196,-70.35216626217462,158.12489168102783,0.895,0.3318270495136046,0.013316748456861973,0.11697212496574307,0.08991342660919951,0.01700705377119418,0.005265348622369672,0.03676118699512763,0.058242545418446236,0.040539761922506724,0.014342280158472375,0.006797785160770022,0.0024060483816959874,0.02434242636615135,0.017814212792236342,0.028054603714337333,0.02066690694668592,0.009169789473615679,0.00547798893006087,0.0025343796203332962,0.001028776877036246,0.007461260558114033,0.007915287969667374,0.007189660001901109,0.010499700093137141,0.011275632256604842,0.0035984112569336017,0.0021619698991196036,0.0010552382732529994,0.001298995641373981,0.0006361904556423736,1,0.714442674536258,0.25972381164319813,8.44448014255613,2.058335240231827,0.004150453954935074,0.0018158236052840948,0.002166781108826399,9.155413135886192e-05,0.4324212281030714,0.029594265424444363,0.012390325777232647,0.0023041123058646917,0.019699396565556526,0.00238040741533041,0.005214910033111372,0.0018957942455707893,0.007862644453031779,0.0019165132590612914,0.005828946363180876,0.0019073777366429567,0.002777141984552145,0.0015716792549937963,0.002777141984552145,0.0015716792549937963,0.0024614306392861675,0.00013993052511320557,0.004571135170718076,0.00013542202386237007,0.011161974631249905,0.0019989318680018187,691.436087944178,691.3031884530702,108.56833554348094,108.97045065348091,0.0,0.0,691.3277467411546,108.98696461824953,693.0,706.0,108.0,98.0,0.0,0.0,5
7,6,1485,3384,686,228,650,134,665.3771043771044,179.99191919191918,2.8279527868326126,2063,0.9687529344081043,43.482878514786904,1,0.43882978723404253,0.3536126927776713,103.62511677442221,94.2019108086455,8.246211251235321,4.049473120367877,4.0,28.260594967597978,25.701901905214513,-10.827110104920143,229.7228714274745,0.7198254968492487,0.21306746945365299,0.027792933406590805,0.06897296349554109,0.05695262924947416,0.039369295700225716,0.007739686608561171,0.008557391031678376,0.03236026936000951,0.030026214891818944,0.03331838822335921,0.017712268008070846,0.0027894419365690377,0.007046998577250876,0.004103294285284961,0.021443390290643568,0.018758527510651678,0.019895011140453372,0.018470038372518528,0.008513909209627241,0.0010481151005486994,0.014931492156013549,0.006077283561426245,0.004221477979062952,0.014860704425686695,0.012593049748572614,0.0075669978359972755,0.012093444740541703,0.009758258623640312,0.004369707038097822,0.0003736695361519699,1,1.0422675120644271,0.3710383763536811,10.775967207504436,2.845334553392604,0.00586327922064811,0.0018310826271772385,0.0013504235539585352,9.155413135886192e-05,0.9386153213242313,0.06617261608926227,0.007965209893882275,0.002334630349650979,0.01112382672727108,0.0024414435029029846,0.0052906980307838945,0.0018834435347902592,0.007256543574077062,0.001916050204304784,0.0074235142674297094,0.0019073777366429567,0.0034485389478504658,0.0016174563206732273,0.0034485389478504658,0.0014496070798486471,0.000932347076016075,0.00011977687042566629,0.0017022498962497672,0.00012993422378408713,0.008651865646243095,0.0019989318680018187,664.5116319350439,665.4025012200419,180.3551769151108,179.93081423721907,0.0,0.0,665.3771043771044,179.99191919191918,659.0,664.0,193.0,164.0,0.0,0.0,6
7,7,1270,3120,718,245,670,180,692.3622047244095,211.41732283464566,1.9477521564719962,1410,0.963863397867522,40.212115361090575,1,0.40705128205128205,0.5134123439048429,79.82385143771134,71.8679344353238,9.848857801796104,4.570372103416212,4.242640687119285,20.523343161268087,21.264832849823634,-32.76001854383523,176.30865786510142,0.900709219858156,0.3130714853463033,0.017105112402287206,0.1043860528806974,0.08876925435206413,0.020251461060766335,0.009158123657825135,0.033540823639628854,0.055349690456966937,0.04105143685337582,0.01596572828397384,0.012972871021833011,0.004995205999201782,0.021900543076180494,0.019484211026532187,0.026870247915856228,0.021651825097509632,0.010701545898214848,0.008847646217630536,0.006614860803749227,0.00263921933555881,0.007392339445590346,0.010353609701132296,0.007428539846325978,0.011176224373296502,0.012132712981103994,0.006465719170755518,0.0033820541743782616,0.003908045105028162,0.002013445535874387,0.0013234888007887288,1,0.74270238308236,0.27038986794650555,9.37488376791589,2.401632714783773,0.004226749297231436,0.0018005645833909512,0.001678492408245802,7.629510946571827e-05,0.7516224884335855,0.032227354028125724,0.01040665339678526,0.0023041123058646917,0.020965896546840668,0.002426184481009841,0.005157655438071945,0.0018777074162951773,0.007381798242453457,0.0018910493817195062,0.005432211793959141,0.0018768596928566694,0.0028839551378041506,0.00158693827688694,0.002777141984552145,0.0015564202331006527,0.001691979182991968,0.00012441767488926767,0.004238596360165099,0.0001268686136842499,0.009903104975819588,0.0019684138242155313,692.1356498902586,692.354550133108,210.7006574509121,211.4486279393358,0.0,0.0,692.3622047244095,211.41732283464566,693.0,681.0,207.0,225.0,0.0,0.0,7
7,8,920,1650,234,238,184,205,208.72065217391304,221.7804347826087,1.6759288094277878,1001,0.9257390006696014,34.225434710991614,1,0.5575757575757576,0.596684056252622,56.23071428597722,53.31041174104736,10.04987562112089,4.443008788323019,4.123105625617661,21.009029257555607,21.26437918041565,-64.54068469923057,139.19595949289334,0.919080919080919,0.4121676218002637,0.02009110661351352,0.14813972462024091,0.0974109231178563,0.022634442999081048,0.006775788536395435,0.03562697567240159,0.05701957724100778,0.039762886756806705,0.012077448874126418,0.009173173705516634,0.001199382816074317,0.01279952794811113,0.009705922997133949,0.01902389364221145,0.019232652965090427,0.0015225195208319233,0.003306483765667815,0.001389011030169051,0.0007104211812777166,0.002112037025101151,0.0025008531734218376,0.004521506514977349,0.004110380925555876,0.009896969757665087,0.0048017034251028245,0.003487141711406478,0.003956668638817546,0.0028030960120756445,0.001236242249033718,1,0.7398489455226809,0.2181887540500611,8.475822168635204,1.7582207976374775,0.006866559851914644,0.0018310826271772385,0.0023041116073727608,7.629510946571827e-05,0.6539087807815662,0.024627626950860772,0.009262226521968842,0.0022583352401852608,0.015121690928936005,0.0026245517656207085,0.006378008151057594,0.00188093753491432,0.009212850183299134,0.001911109562649432,0.009185931645333767,0.0019073777366429567,0.0036469062324613333,0.001632715342566371,0.0036469062324613333,0.00158693827688694,0.0013904402267042781,0.00011345370645152777,0.0026597581373924554,0.00013099863130202976,0.011490043252706528,0.001983672846108675,208.88851282048134,208.708457366023,221.14843834518447,221.80183119982644,0.0,0.0,208.72065217391304,221.7804347826087,208.0,199.0,223.0,230.0,0.0,0.0,8
7,9,2421,7656,293,269,161,211,226.3106154481619,238.9814126394052,3.3864532355910955,2750,0.9906180142166512,55.5203830840875,1,0.31622257053291536,0.29529420028310327,153.67299783174272,139.51702405083043,9.848857801796104,4.622245541757049,4.47213595499958,20.814007771423256,21.000948684203326,-68.33948260529262,320.97770542341357,0.8803636363636363,0.1583618257284269,0.0023519679562640284,0.060433751540449256,0.04710269026602794,0.003289360400520371,0.0012993208735751019,0.026511611566594418,0.03546254487490683,0.025036047588123105,0.0037706921327717805,0.0015323267160917624,0.001127721703570999,0.02001342405071512,0.01975003618910581,0.022976398796214756,0.015909093703201788,0.0040627328137724595,0.0016239100402853088,0.0011753682144386845,0.0010307512625871186,0.012238786286318967,0.015159935703211263,0.01403405105592686,0.01583080184920341,0.011027442424562757,0.003906449947534485,0.0020382594318213588,0.0008876864103651348,0.0010597097346672995,0.00093462844788995,1,1.3484550444409251,0.5144426641054451,15.950957693858072,4.570229647215456,0.0036926832981407642,0.0018005645833909512,0.0019989318680018187,7.629510946571827e-05,1.377867725477459,0.07261371901182538,0.011306934989988804,0.002197299152612686,0.014633402228355408,0.00254825665615499,0.0049034728888760915,0.0018707005967470733,0.006588582277512628,0.0018877445878626418,0.005325398873537779,0.0018768596928566694,0.00254825665615499,0.0015564202331006527,0.00254825665615499,0.0012970168609172106,0.0020441383984217258,0.00011773004056606815,0.003202493959127098,0.00012236138960334563,0.00952162966132164,0.0019684138242155313,224.9443476219856,226.36762044672966,238.8029982451768,238.93643284030583,0.0,0.0,226.3106154481619,238.9814126394052,234.0,215.0,232.0,235.0,0.0,0.0,9
7,10,1247,2950,718,277,668,218,693.0817963111467,247.79711307137129,1.8637153019630925,1388,0.9549624586630365,39.846326208130506,1,0.42271186440677966,0.5365626385889937,74.73880129844517,67.62396025078685,10.0,4.678322738729878,4.47213595499958,22.45668794047604,22.17699384766978,-38.54026759062914,170.89444430272832,0.8984149855907781,0.3471965257565598,0.011519712243198126,0.11571277334809521,0.09642608457005887,0.01515899915393013,0.0025760169780256015,0.03820752849541743,0.05749988109771,0.04349677324973666,0.012076620420745823,0.006648293757350034,0.0003701125923778193,0.024414967651502854,0.018572719942253235,0.025851050429456044,0.021869740447381502,0.006455259870983842,0.0063304157790103534,0.001994733707701526,0.001053937322497604,0.008062606834598121,0.007854481655344614,0.005859296336972862,0.008159789595947937,0.01139570063370326,0.0012227322803867523,0.003587744024411849,0.0009322202509135303,0.00143638274755773,0.0011830224427574444,1,0.68842604290694,0.25937285413965583,9.581719822017476,2.35332265147008,0.004451819695532322,0.0018005645833909512,0.0027008471079170704,9.155413135886192e-05,0.7427747604136197,0.0440949268881959,0.01029984001070261,0.0022278171963989735,0.01721217669546604,0.0023498893715441227,0.004952705344654244,0.0018659917564004017,0.007683817018458281,0.0018871873708661427,0.00679026497527957,0.0018768596928566694,0.0027161058969795704,0.001541161211207509,0.0027161058969795704,0.0015106431674212217,0.0017031607204135817,0.00012417070372628831,0.003575556522547406,0.00012761549320008895,0.010574501939117908,0.0019684138242155313,692.4287158879608,693.1048532987518,248.1509496234103,247.759526665586,0.0,0.0,693.0817963111467,247.79711307137129,692.0,693.0,249.0,252.0,0.0,0.0,10
7,11,1012,1534,674,257,615,231,643.8843873517786,243.22134387351778,1.7918223726924247,1164,0.9325587732777999,35.89593875735784,1,0.6597131681877445,0.5580910335980357,62.14763382363513,58.309518948453004,10.0,4.44934520307517,4.123105625617661,23.036966526717308,22.43642635082361,-84.37819652433387,150.95331880577405,0.8694158075601375,0.3789760056682308,0.03615036195696243,0.12876989640632605,0.09017418538677233,0.0470454357263382,0.007237697523727884,0.02189735354548339,0.05054926343248127,0.0391549085607013,0.030329517643541852,0.015224988355948326,0.0017354728994179824,0.004197257689172871,0.006863681525031904,0.020625326788159905,0.020352222554757445,0.00910905240239735,0.009599789396421603,0.0015650703977465941,0.0021746024509603423,0.0008163590476035149,0.0021799024414984867,0.0005499334997983576,0.007086959476250421,0.011498972675635651,0.002896116247403637,0.0012010062359111263,0.002638852119257182,0.001869555184030726,0.0020520776785052292,1,0.7822537734173238,0.241016250802204,8.586602688767016,1.9417868310119957,0.006210422143340111,0.0018310826271772385,0.0021210038103163242,9.155413135886192e-05,1.4303390675819292,0.048344198245848666,0.010223545134067535,0.0022735942620784044,0.015503166243433952,0.0024414435029029846,0.006063982739669177,0.0018683430294744497,0.008484785265580056,0.001918761690723316,0.008178835734724998,0.0019226367585361004,0.0037232013419270515,0.001541161211207509,0.0037232013419270515,0.0015106431674212217,0.0015363155513885302,0.0001297403946284339,0.0028030084416936127,0.00012983531037109584,0.01045242976397276,0.0019989318680018187,642.7407890014666,643.923366468901,242.36224395999503,243.19274684688224,0.0,0.0,643.8843873517786,243.22134387351778,645.0,663.0,243.0,241.0,0.0,0.0,11
7,12,2116,4488,327,270,195,236,263.3506616257089,251.13563327032136,3.493712199891151,2518,0.9895644474547433,51.90544168639358,1,0.4714795008912656,0.28622849931117844,141.79490394749632,133.18032887780387,10.0,4.371374929648124,4.123105625617661,21.73078523723952,20.431363626183497,-80.28731761554836,304.79393923934,0.840349483717236,0.15189574768335143,0.009218073551641181,0.06289869016640486,0.04233849383869945,0.008442416208431953,0.005415409464255388,0.026290807924057233,0.03469963401996368,0.02177512643401668,0.009360124763652753,0.005099787727077451,0.0033546014159303405,0.017918076699048727,0.019570110334204156,0.021552458741702044,0.013648312108003244,0.007945352385942664,0.006712971566420945,0.003143781766584535,0.0021453997886920553,0.011237509890369948,0.013268245628858843,0.013627052412931908,0.014546083398905002,0.009436490353757604,0.006765555413393529,0.006806832946701758,0.004038994452186728,0.0019953696780649743,0.001374919051706028,1,1.3184252947103232,0.5081254290416837,12.703685257118195,4.027115280972794,0.004089417867362499,0.0018158236052840948,0.001129167852923274,9.155413135886192e-05,5.624220821756713,0.19056293172008823,0.007629510946571827,0.00221255817450583,0.012954909354448318,0.0025024795904755592,0.004883056647075271,0.0018819460334877174,0.006003631974063419,0.0019031735732385603,0.004928664304316044,0.001892118714749813,0.0028992141596972942,0.0016174563206732273,0.0028992141596972942,0.0013885709922760725,0.0010562591962625081,0.0001182688132552405,0.0023893437401376443,0.000129040540779781,0.007644770201295614,0.001983672846108675,268.8156811646619,263.5358464971942,249.8069416993601,251.09068002440162,0.0,0.0,263.3506616257089,251.13563327032136,279.0,307.0,246.0,238.0,0.0,0.0,12
7,13,256,440,294,266,254,255,273.4296875,259.98828125,2.5010385431969753,292,0.9835015543318804,18.0540666735282,1,0.5818181818181818,0.3998339020884264,42.874253558858385,39.45883931389772,4.0,2.031548425284917,2.0,7.562353416046435,7.755938559748545,-80.83013383096696,89.69848480983498,0.8767123287671232,0.20934445950687322,0.01051293786201484,0.08066803705187178,0.059294170571635565,0.01074267690153404,0.008842114182908638,0.03701694669473011,0.04104411999437473,0.030529397168753025,0.008162775860778237,0.01051475596535444,0.007271119766918635,0.024597610439112516,0.022196826616929847,0.02386642950005558,0.018680729998631285,0.006757996574577318,0.007953533287134235,0.008844204409065816,0.005971120216048007,0.015794385058615575,0.013146738028223514,0.014123843249466259,0.014234363459018094,0.012431684715774239,0.005377030521654083,0.0064753792737613485,0.0062379896888539975,0.007135382914553605,0.004883723401948786,0,0.44689098186790943,0.15188830392435193,1.3271229413803667,0.4807354847434908,0.004776074085384607,0.0017853055614978075,0.000381475780159235,7.629510946571827e-05,0.15514271459062876,0.028378126130195053,0.006851301062852144,0.0022583352401852608,0.006851301062852144,0.0023193713277578354,0.005517172615653203,0.0018751642459796534,0.005184073989767057,0.001877872987279261,0.005111772567033768,0.0018768596928566694,0.004043641034513712,0.0014648661017417908,0.003830014495179057,0.0014648661017417908,0.0006718289858565051,0.00015082808244012803,0.0006110857463265393,0.00013697266884829502,0.005508507136255503,0.0019531548023223877,273.55081463596184,273.4088874781781,260.0852218443051,260.00758609744486,0.0,0.0,273.4296875,259.98828125,275.0,266.0,263.0,259.0,0.0,0.0,13
7,14,778,1325,664,280,611,255,637.0269922879178,267.1503856041131,1.7817424412959515,841,0.9502755215242856,31.473486711896992,1,0.5871698113207547,0.5612483470240791,57.051387968541874,53.150729063673246,8.246211251235321,3.902392234326809,3.605551275463989,17.1071439177975,17.766395178096865,-75.73195939263955,131.98275605729688,0.925089179548157,0.3506479170987457,0.008588882246784672,0.12863594261932296,0.09101372037091919,0.013021843617848342,0.001545135520895809,0.04206707518366429,0.05784352972849811,0.041191070949269284,0.01061044674619854,0.0036099008627343584,0.0013359646317205474,0.019575360214752188,0.020207027295066095,0.025174707473795167,0.02202188441147141,0.006529886753224563,0.002693454786255496,0.0013747853745798557,0.0011401610185093477,0.005106503166495516,0.005549286325986383,0.0050474115609913045,0.009589728703107607,0.01275881540382735,0.0018600807352742075,0.0009348579996162723,0.0017405427664894963,0.0008823116130030868,0.0009295572817285638,1,0.6946974997408688,0.218707560794428,6.557320614112541,1.5043717094231397,0.006149386055767536,0.0018463416490703821,0.0022125584073364735,9.155413135886192e-05,0.8517273599656147,0.020629942091199265,0.010727092623710632,0.002288853283971548,0.0158693827688694,0.0023956664372235537,0.006040847823833642,0.001901804876473287,0.008428432665954423,0.001933639729335655,0.008163576945662498,0.0019226367585361004,0.0035095750354230404,0.001632715342566371,0.0034943160135298967,0.0016021972987800837,0.0018782262484144199,0.00012835148082165882,0.002729736804028193,0.00013161425756136222,0.010582131799310446,0.0020141908898949623,636.2303750845384,637.0107212772216,266.8489879813719,267.1377029891773,0.0,0.0,637.0269922879178,267.1503856041131,636.0,642.0,267.0,271.0,0.0,0.0,14
7,15,1717,2760,337,286,245,256,290.6499708794409,270.22539312754805,2.2697017481920487,1909,0.9774316912246102,46.75630757780467,1,0.6221014492753624,0.4405865223466295,103.87245616830069,92.39588735436226,10.04987562112089,4.824725453052061,5.0,21.23156878938209,21.943234973772732,-82.10200782939926,221.29646455628165,0.8994237820848612,0.25607968821720445,0.0015006682848267977,0.08701721882586443,0.07729523554950898,0.0017388783371981857,0.0008168005409003794,0.03721235394374784,0.04915309719817002,0.03942627885983915,0.00022037667479498464,0.003107688059036561,0.00020874101292412564,0.02679268562457371,0.0236118632363663,0.028520625717646773,0.023063078315937135,0.0008115420092221601,0.0026295342876698313,0.0019072754302060912,0.0006415145238193492,0.013788650809776622,0.016111587557827538,0.013600045844767091,0.01600483354341166,0.014215580173807207,0.0005551148423611962,0.00043931342727063325,0.0027765970796838255,0.0005885196759864641,0.0007208279153922763,1,0.8927596071735024,0.37962920567952096,9.30356311169453,3.2600595094263554,0.0035095750354230404,0.0018158236052840948,0.0017547872848808765,7.629510946571827e-05,7.214910512436548,0.022203886264099984,0.0072785536758601665,0.0022735942620784044,0.010849164798855782,0.0025024795904755592,0.004441590085440311,0.0018887025158185122,0.0054184991914353695,0.0018986951132360834,0.005142290610820055,0.001892118714749813,0.002609292743727565,0.001632715342566371,0.0025329976342618465,0.0015716792549937963,0.0013137125675653102,0.00012113350211671615,0.0019786773674245377,0.00012493416890370875,0.00714122224599123,0.0019684138242155313,283.45150379234957,290.6312860405901,270.71222502721184,270.21339773833597,0.0,0.0,290.6499708794409,270.22539312754805,267.0,272.0,271.0,269.0,0.0,0.0,15
7,16,1412,1848,245,289,161,267,203.47308781869688,277.6189801699717,2.2781384502592155,1528,0.9755114323475206,42.40063958439837,1,0.7640692640692641,0.43895488436456354,91.81498489852032,83.09632964216891,9.219544457292887,4.452936977035681,4.123105625617661,18.710944591703868,20.194589642879954,-86.91326453530606,201.05382386916236,0.9240837696335078,0.2600244145074722,0.014400540197286343,0.09224190905314071,0.07481480839220342,0.01397816521324092,0.011004394931524504,0.03791544597428038,0.04827860934290303,0.03692700601103186,0.010195367216137658,0.013043203115096111,0.00781310985074922,0.026195487049986747,0.021485719121917674,0.026684590833185626,0.021006259894395276,0.0078026889739612176,0.008679849147371972,0.009918235713436864,0.005279991182102857,0.012219001149422168,0.013802493449675542,0.011274504182271081,0.014384802175427655,0.012731897866916156,0.00476201802110931,0.006019858614164088,0.005686944611573827,0.00666023285353266,0.003320915385842597,1,0.7470359425060451,0.34222934301942587,6.70043497113511,2.6678873877972364,0.00334172579459846,0.0018005645833909512,0.0011139085981994867,9.155413135886192e-05,6.130605428088885,0.020739417584690962,0.006607156712561846,0.0022735942620784044,0.008453498594462872,0.0025329976342618465,0.004104593090692555,0.001880381005601241,0.004745350546129681,0.001889438659913057,0.004242008086293936,0.0018768596928566694,0.0026550698094069958,0.0015716792549937963,0.002609292743727565,0.0014801251236349344,0.0010688828744165936,0.00012295095256723528,0.0015823517844183548,0.00013070564474705384,0.0061799040995538235,0.0019684138242155313,209.5663372854646,203.48635895676045,276.9432332864068,277.6030427819721,0.0,0.0,203.47308781869688,277.6189801699717,226.0,226.0,272.0,278.0,0.0,0.0,16
7,17,1361,2808,617,315,539,279,576.9426891991183,299.11976487876564,2.2713560992115376,1612,0.9714640665459007,41.62786350972815,1,0.4846866096866097,0.44026561944519965,89.7535021640607,80.65358020571685,10.0,4.396063066801712,4.123105625617661,21.933068662631158,21.28834394560215,73.37890206235566,197.09545442950497,0.8442928039702233,0.26639185555488953,0.02093487829226766,0.08887411380484207,0.07623186958701392,0.027632853902647626,0.009136399970712942,0.024775281861992713,0.04915476379217329,0.03685607636683892,0.023015253331802196,0.01697267102765643,0.004131240343180043,0.014987898699637325,0.01637540998066297,0.02629694901408544,0.021019873578403434,0.01571493795916649,0.016225455586294794,0.008019290198476805,0.002025113249960781,0.003560476376664467,0.008306791607558124,0.007180808428114627,0.014233159755100611,0.012898170263549533,0.009694601563045899,0.010288407121275446,0.007462861411708974,0.0032037941873512515,0.0010794357472054673,0,0.6205996864009649,0.31956969550810754,5.722438478842378,2.5593499650713056,0.0034218356595374644,0.0018005645833909512,0.0007171742618083954,7.629510946571827e-05,0.1857519444098149,0.010225825422458616,0.00553902518004179,0.0023651483934372663,0.007034409325569868,0.0025024795904755592,0.003629237932169385,0.0018688286287023832,0.004204583746394106,0.0018804922594205038,0.004089417867362499,0.0018768596928566694,0.002426184481009841,0.0015564202331006527,0.002426184481009841,0.0014496070798486471,0.0006201283433234173,0.00011741355978526664,0.0009003298641020879,0.00012595880446309416,0.004928664304316044,0.0019531548023223877,576.7574769271648,576.9371359411424,299.1056157031759,299.1283514282137,0.0,0.0,576.9426891991183,299.11976487876564,569.0,576.0,298.0,302.0,0.0,0.0,17
7,18,922,1275,735,350,710,299,722.2245119305857,323.6800433839479,1.6293467672801725,1007,0.9129997571012407,34.262616074167774,1,0.7231372549019608,0.6137428938281044,54.25896578643763,50.99019513592785,10.04987562112089,4.55882833098811,4.123105625617661,22.17718178939955,22.135493130812637,6.944705294135126,137.39696961967,0.9155908639523337,0.45151033086377695,0.006922153101903325,0.15312626685700145,0.10655261211165745,0.011145272852500141,0.005460054277261607,0.03287487118440492,0.056933531221219476,0.04019624438447144,0.00911959842029844,0.003176698087644912,0.0022570960389210895,0.010670821469271799,0.005323909796140809,0.014293181236174693,0.01668438593816556,0.0014609651866395149,0.0038864974530155904,0.00464446131590266,0.0007685954556246666,0.006498679071021792,0.004770586038282142,0.008981491569303604,0.002555901957237305,0.007122246439846177,0.004100351027099528,0.0028237517082735602,0.000677204649039509,0.003216486501542724,0.0016844675721135365,1,0.5300373949576169,0.22368200193159282,6.555916784564033,1.748607613844797,0.004654001910239458,0.0018158236052840948,0.0020294496789574623,7.629510946571827e-05,0.7953228609464569,0.036338957366030475,0.0072938124649226665,0.00221255817450583,0.01437399908900261,0.0024414435029029846,0.0044169782913134744,0.0018640166827632735,0.007110538811891576,0.0018965375421310163,0.00634775310754776,0.001892118714749813,0.002685587853193283,0.0015564202331006527,0.002685587853193283,0.0015564202331006527,0.0009535727976927503,0.00012297477642613755,0.002918928828985256,0.00012469374942494652,0.009246967732906342,0.0019684138242155313,722.181895624147,722.2577337580174,322.88586311249213,323.6947685326585,0.0,0.0,722.2245119305857,323.6800433839479,723.0,719.0,319.0,308.0,0.0,0.0,18
7,19,1407,4160,969,385,905,320,939.3972992181947,354.2245913290689,2.3562132499039135,1680,0.9729765796428468,42.32550105364819,1,0.33822115384615387,0.4244098024831921,92.61667026458582,84.17244204607586,9.219544457292887,4.331800867081317,4.123105625617661,22.305295966277022,21.385543235716362,-44.61669980111207,204.10764773832474,0.8375,0.25247356998423914,0.024005449157629425,0.08741700678431845,0.0698531433422476,0.031211154934654414,0.010982863837608858,0.026441078206626258,0.04393443504143651,0.034170142725365706,0.02516862603584612,0.0206629532914106,0.005084119057935438,0.017029655837726462,0.012325255135914715,0.024191351019603187,0.019865059929799225,0.016588908486780005,0.019127747822353422,0.010876763304339267,0.0024106262508199806,0.004302741963175479,0.006397527178744412,0.004222581432034291,0.01445420474966716,0.012365993010530384,0.009559925431780537,0.012203795559024386,0.00997881402107033,0.005363142428622325,0.0010552066268914573,1,0.8611734316218644,0.3115129319485277,10.869611795525998,2.7220569155178964,0.004455634392797947,0.0018463416490703821,0.00301365670748055,9.155413135886192e-05,1.9456680128259352,0.04180817655766422,0.011490043252706528,0.0024109254591166973,0.015304799191653728,0.002471961546689272,0.005187791756758219,0.0018765839274007693,0.007725381517786779,0.0019346531027135013,0.007240406004711986,0.0019226367585361004,0.002777141984552145,0.0015564202331006527,0.002777141984552145,0.0015259021893143654,0.0019811975635910016,0.0001255777537133419,0.003432010319269066,0.00013482508509109968,0.010700389044359326,0.0020141908898949623,938.1360305219583,939.3973597174729,355.70608560581394,354.26639946185327,0.0,0.0,939.3972992181947,354.2245913290689,930.0,932.0,360.0,372.0,0.0,0.0,19
7,20,947,2058,969,403,920,361,944.1488912354805,381.54382259767686,1.7572673853147311,1028,0.9499850025419563,34.72402408800281,1,0.46015549076773565,0.5690653615704007,62.79769799022238,58.412327466040935,9.219544457292887,4.247425759190511,4.123105625617661,18.897025188521333,19.61144006368692,-52.18453036466412,144.61017305526642,0.9212062256809338,0.3533874117421451,0.005806198326914565,0.1290587131456506,0.0921870707001508,0.0028229138145009565,0.003197915287906376,0.04098544123110977,0.06029574433371787,0.04036362050752577,0.001551308615315082,0.003026242938628866,0.0019921146259241906,0.026171072915128806,0.01704870031362187,0.027402824763710656,0.019980828908061903,0.0004251477793015107,0.002726194057991551,0.001322503156891991,0.0014637270381905386,0.005636507956801709,0.0065869152712923745,0.004988190056421648,0.009402577038489507,0.010560897943146647,0.001569134763600128,0.0019384737298591824,0.0009999585610574817,0.0009126726571281577,0.001136860021776607,1,0.5842374397907406,0.22487220563925803,6.747219135751948,1.786312656942755,0.0046044099144637585,0.0018005645833909512,0.002304112073034048,7.629510946571827e-05,1.4706268932645776,0.08373361608750815,0.008407721295952797,0.0021820401307195425,0.013168536126613617,0.00254825665615499,0.004828408593311906,0.0018584479804897357,0.007124835412620853,0.0018862858045858024,0.0069886320270597935,0.0018768596928566694,0.0030518043786287308,0.0015716792549937963,0.0030212863348424435,0.001495384145528078,0.0015661665887031744,0.00013322623871212221,0.0026694872357508033,0.00012759449518453945,0.009246967732906342,0.0019684138242155313,944.6724991437305,944.1886457212171,380.16956708373084,381.4701279620043,0.0,0.0,944.1488912354805,381.54382259767686,944.0,950.0,379.0,373.0,0.0,0.0,20
7,21,1028,1404,731,413,677,387,703.7548638132296,399.2033073929961,1.54016322524626,1126,0.9119018554104514,36.17858830838687,1,0.7321937321937322,0.6492818316968371,57.38429622267488,53.75872022286245,11.045361017187261,4.872191697979086,4.47213595499958,22.877911258010677,23.550993793786212,-83.73332904721346,141.0538238691624,0.9129662522202486,0.45290320137984336,0.029019340083872115,0.14769767751271282,0.10542915596411058,0.027691100347214222,0.012233671338579421,0.021349711650372458,0.05866887458536625,0.03661476523265203,0.012243214718013954,0.01069316295843111,0.003980484168466896,0.0087793214258646,0.006128768333259203,0.009672124156281933,0.01602218384340457,0.0018073081250593974,0.0020994083468705038,0.001684934593955434,0.0015446095398721528,0.0004479634466136912,0.0018293211659276482,0.011150382856321894,0.0038071745195980126,0.008412021569941123,0.004075809092799468,0.007310037731749897,0.00932555479668666,0.0036312412544031824,0.0010097429415726283,1,0.6518349107354879,0.2307316700462252,8.841580946464092,1.9524986643809825,0.005477989092469215,0.0018005645833909512,0.002975509501993656,9.155413135886192e-05,1.3637236515909559,0.017400709850944964,0.009826810099184513,0.002288853283971548,0.015152208507061005,0.0023956664372235537,0.005342909104389245,0.0018912431971002065,0.008600759675548728,0.0018993177669075706,0.008896009996533394,0.001892118714749813,0.0035095750354230404,0.0016174563206732273,0.003479056991636753,0.0015259021893143654,0.0017077913206195638,0.0001358683677883144,0.003151419667323796,0.00013139085213638834,0.011535820551216602,0.001983672846108675,704.9148840245631,703.7555897684379,398.48630299467885,399.1859218331158,0.0,0.0,703.7548638132296,399.2033073929961,717.0,705.0,396.0,392.0,0.0,0.0,21
7,22,667,900,777,413,732,393,753.7451274362819,402.6926536731634,1.6938851172069094,766,0.9263996791546321,29.14190756176324,1,0.7411111111111112,0.5903588087773778,49.36301872301395,44.181444068749045,9.433981132056603,3.7574639237771046,3.605551275463989,19.0,18.587233848089973,89.18640498416725,119.1543289325507,0.8707571801566579,0.4350669960749761,0.014535719384526066,0.12404440455102986,0.11614610587615554,0.014374640573385127,0.008556092697143797,0.020350497594600156,0.064144495546566,0.039731350915217435,0.006336486914421624,0.008028921772360458,0.004282024148541756,0.01590803650270902,0.015442144070851201,0.00879485185951223,0.015292871082734341,0.002883238068310486,0.004133428974956463,0.0030088897325923516,0.0024509811796497778,0.007789391275274958,0.004834664489751918,0.008768384619883218,0.009159194501122004,0.006995574379942119,0.00071560314990469,2.5664781929081065e-05,0.007609859331784284,0.0012870498733877638,0.002759501960875668,0,0.5148241540882736,0.20254825660958886,3.6454261862672865,1.328068970469758,0.004833295359276235,0.0019035629811696708,0.0006103608757257462,9.155413135886192e-05,0.5420080538288459,0.022936235368414833,0.009155413135886192,0.0023041123058646917,0.009155413135886192,0.0026550698094069958,0.004998292758138579,0.0019664879282484354,0.0054654065761128735,0.00199110790175376,0.005447471048682928,0.001983672846108675,0.003128099488094449,0.0016937514301389456,0.003128099488094449,0.0016174563206732273,0.0011134603775281554,0.00013440592386412183,0.0008828074319485563,0.00014352302788196285,0.006057831924408674,0.002075226977467537,754.2063640757174,753.767668179468,402.4079898488766,402.6884127075314,0.0,0.0,753.7451274362819,402.6926536731634,776.0,745.0,403.0,403.0,0.0,0.0,22
7,23,905,1104,823,419,777,395,799.3977900552486,406.5911602209945,1.3283971178023133,959,0.8592093482907577,33.94527637220416,1,0.8197463768115942,0.7527869389346387,47.761946145946176,45.39823785126467,11.40175425099138,5.008580905431678,4.47213595499958,23.0,24.436166263690293,-89.55378233429988,122.9116882454314,0.9436913451511991,0.5590886889788075,0.01477655023887487,0.16790450624726194,0.11384446055515247,0.010636745509437306,0.004894518855165819,0.011870448279781112,0.04256723822910963,0.03224317188878705,0.0016670828043260412,0.0006374595268510186,0.0021664939259855315,0.005237079324867297,0.012837029930233126,0.00656923945440535,0.010646672750682965,0.0030369357991142155,0.007120189365428477,0.002409405796502804,0.00246001793425822,0.010585604246732333,0.011761706387121922,0.01827454226138236,0.013598601650241763,0.0064770787151690575,0.004508837673421435,0.003738136886855321,0.002973726649636259,0.002848949383183832,0.002712116071570756,1,1.2409247048199177,0.20253299758769572,19.213260194752365,1.7039139387197793,0.013786526396870613,0.0017853055614978075,0.007560845464468002,7.629510946571827e-05,1.5786517488062413,0.12215099806192577,0.023102158680558205,0.0022735942620784044,0.03616388142108917,0.0024414435029029846,0.011490043563147386,0.001875305533219405,0.02123012176215731,0.0018827778328395352,0.02194247394800186,0.0018768596928566694,0.00521858548745513,0.00158693827688694,0.00521858548745513,0.0015259021893143654,0.004893739871916321,0.00012912594788463432,0.008503455222050413,0.00012799507164590391,0.028995956759899855,0.0019531548023223877,798.1720395197915,799.2756434366772,405.59633512639965,406.59219458026615,0.0,0.0,799.3977900552486,406.5911602209945,798.0,794.0,407.0,397.0,0.0,0.0,23
7,24,778,1600,527,510,477,478,501.55269922879177,494.8637532133676,1.846712215793764,856,0.9488702191200815,31.473486711896992,1,0.48625,0.5415028889978801,57.010997833943286,52.55473337388365,8.06225774829855,3.857987011196584,3.605551275463989,17.270556644659152,17.996459262107518,-63.70153554699022,134.36753236814712,0.9088785046728972,0.35864604120346005,0.018627046700154838,0.1246607918627545,0.09435530588719647,0.022102513770974868,0.006642987001611721,0.03848010054520739,0.056297231025044504,0.04203168672495185,0.016901639699918362,0.008817835687671196,0.0028406785196630037,0.020349597676221947,0.015572131234956328,0.02500719885743855,0.02108501823010728,0.008561237237701578,0.005802146964260487,0.003319909447696671,0.0012379861430996404,0.0041310298876001935,0.004057148156323994,0.004956657748965927,0.00769573206971427,0.011188523916096272,0.0016200413964231096,0.00043953501576806357,0.0016813928100876425,0.0015266231323754036,0.0007665399472797249,1,0.5313344094902277,0.2095216296147555,5.127763869939372,1.4704966808203608,0.0046082246117293835,0.0018005645833909512,0.001876859925687313,7.629510946571827e-05,0.9732657092541327,0.01636799312226266,0.008316166698932648,0.002166781108826399,0.01188677828758955,0.0024414435029029846,0.0047440572275913185,0.0018707288358460314,0.00659095613102747,0.0018900985614657593,0.006225680932402611,0.001892118714749813,0.002822919050231576,0.0016174563206732273,0.002822919050231576,0.001541161211207509,0.0014318964971976082,0.00010951281173362403,0.0022948274503308227,0.00011992697223953144,0.008468757383525372,0.0019684138242155313,500.58083369344246,501.554275752576,494.9159405874168,494.84746132054914,0.0,0.0,501.55269922879177,494.8637532133676,500.0,491.0,494.0,497.0,0.0,0.0,24
7,25,730,1232,426,688,398,644,410.66712328767125,664.8547945205479,1.5387990783307373,783,0.9124711918719547,30.487126261041215,1,0.5925324675324676,0.6498574206872952,48.12773782400432,45.221676218380054,9.219544457292887,4.180462219560045,4.0,18.66691212406119,19.691028788541868,-21.92304308460717,118.8111831820431,0.9323116219667944,0.4545060477538722,0.02976648215550018,0.1501201949387976,0.10522474801188199,0.029580887573219465,0.011998205216730916,0.02874246661770266,0.052737121845981914,0.040063749276197914,0.014266911954069091,0.008602982445779814,0.005702036238997452,0.006975558296313849,0.00405766226250186,0.012332535378908016,0.017391843821157587,0.0012473148623006953,0.001039495377790259,0.001496084243322867,0.002819025211154177,0.003169759719857058,0.0043203511206888244,0.007362187680951898,0.0022907186060800405,0.007832230722345878,0.008368565234948807,0.006858742439017162,0.007784756254828522,0.0033102911800047515,0.0017038795283729517,1,0.586846730671823,0.19055466540157795,6.630151910241693,1.4007476917468011,0.006912337150424719,0.0018158236052840948,0.002227816730737686,9.155413135886192e-05,0.8401984012600272,0.03172590862385659,0.009109635837376118,0.002288853283971548,0.015396352857351303,0.0025329976342618465,0.0058103636700180495,0.0018866798554611679,0.009082399877043415,0.0019188324544476727,0.009201190434396267,0.0019073777366429567,0.0032043945975601673,0.0015716792549937963,0.0032043945975601673,0.0015716792549937963,0.00141479398578721,0.00012868384554588042,0.0027332346247738513,0.0001334423650797037,0.011367971077561378,0.0019989318680018187,410.4773824136494,410.64658271422036,664.0363009321763,664.8789733981132,0.0,0.0,410.66712328767125,664.8547945205479,412.0,402.0,661.0,665.0,0.0,0.0,25
7,26,1598,2574,625,682,526,656,574.7115143929913,668.473717146433,2.7024095386064295,1801,0.9845515262580005,45.106948383666904,1,0.6208236208236209,0.37004013851863365,109.97636170646008,98.73196037757987,9.0,4.2911947520876526,4.0,18.587836790786085,19.25632145363442,-83.03583280584765,232.95331880577405,0.8872848417545808,0.208723511744644,0.006349262077093869,0.07488087550646924,0.06260234862439018,0.006132334597285532,0.0056289701213354925,0.03376600787294918,0.04218765723770618,0.03280391245854768,0.005426801623119949,0.004899186091333407,0.005222829673239564,0.02496230562121546,0.021843267212393856,0.026224981452680634,0.01998917405245111,0.005564519760991169,0.00272385272380058,0.00483328135385162,0.004541688082830752,0.013791353511159928,0.015994041452889025,0.014408615524785149,0.016522617593032023,0.013011116755305672,0.004741685419369826,0.0028265549434244846,0.0021865495052945543,0.004421866840353638,0.003772413683131152,1,1.132066855672747,0.3969176774844527,10.36131854658015,3.0349584184587,0.00521858548745513,0.0018005645833909512,0.0012359810061752796,9.155413135886192e-05,1.8725361169829047,0.010024376207161704,0.008331426419317722,0.0024872205685824156,0.010391393676400185,0.0025024795904755592,0.005365245761482213,0.0018811264335756054,0.006483929002866177,0.001899223040337109,0.006515602581202984,0.001892118714749813,0.0028381780721247196,0.0015259021893143654,0.0028381780721247196,0.0014343480579555035,0.0012387343485790322,0.00013668485327952831,0.0015944620849278157,0.00013160208235006416,0.007660028990358114,0.001983672846108675,572.8656508034969,574.7025430375674,668.158789982815,668.4781896066286,0.0,0.0,574.7115143929913,668.473717146433,580.0,585.0,665.0,665.0,0.0,0.0,26
7,27,1496,2600,621,703,521,677,570.8863636363636,690.4258021390374,2.8987040883584942,1880,0.9827374757686662,43.64362907600379,1,0.5753846153846154,0.3449817468489133,109.55280401844375,99.18165152889924,8.06225774829855,4.017559903007001,4.0,21.65910319632453,20.26787681744167,-84.04343240179391,233.4386001800126,0.7957446808510639,0.19363285136970657,0.017346756692639093,0.06835911156090632,0.05548674199719669,0.023861205198516023,0.008085782095344782,0.023821091532407853,0.03601964860836529,0.028924155898620327,0.022084728877259163,0.015121403621604938,0.004571754136756246,0.014514212319636101,0.012909145479203599,0.022458304718944853,0.017935642997354492,0.01745809610261073,0.015806184719447874,0.009440198452233454,0.002856714494403327,0.0031308478261282326,0.006569265620045049,0.008179745853784207,0.014900139676763556,0.01204951037123945,0.012758620931560197,0.012238556448456174,0.010643713231295671,0.005864327542776141,0.0019052098822137078,1,1.4860609059687704,0.39401846332475543,14.143618096364662,2.8706950477790087,0.007248035632073879,0.0018310826271772385,0.002059968188405037,9.155413135886192e-05,0.540276961922901,0.07826514245526194,0.012375066988170147,0.0023956664372235537,0.0158999003469944,0.002426184481009841,0.007110339263008471,0.001885255805381605,0.009454290171366753,0.001918913801991316,0.009933623485267162,0.0019073777366429567,0.002777141984552145,0.0016021972987800837,0.002777141984552145,0.0015106431674212217,0.002661339330598707,0.00013637355060749167,0.0026776268974225657,0.00013197844391799388,0.011581597849726677,0.0019989318680018187,571.1304948961431,570.8089894807341,689.9438279451399,690.4375780705998,0.0,0.0,570.8863636363636,690.4258021390374,577.0,567.0,689.0,691.0,0.0,0.0,27
7,28,826,969,358,836,307,817,332.7530266343826,825.5690072639226,1.5745187183508405,875,0.9307506681075925,32.429860683500394,1,0.8524251805985552,0.6351147105112891,54.171884690224914,50.15974481593781,9.219544457292887,4.288268209804471,4.0,18.0,19.80819196207024,-89.8629521932408,127.84062043356595,0.944,0.4178359911803333,0.021403823126925615,0.13949712959491414,0.10508453643524,0.017812315873104844,0.011542275488354794,0.038033215821721145,0.05655593366132672,0.04226513139926399,0.008458889417354776,0.011254140955725559,0.004712654304654061,0.015534467031594919,0.011892842419627863,0.017372427595130795,0.018843459468160545,0.0020026927073120452,0.0025842866005336886,0.0043532969917555635,0.0006056841658198046,8.003032616819475e-05,0.001425952715556956,0.0031387728423737243,0.0017978305873063336,0.00859139480976135,0.002550794751999353,0.0034715029453887478,0.0032248746421230405,0.0036691862623788305,0.00158235695820369,1,0.8517128387466073,0.21617456316016614,9.139406523667276,1.5701838708482683,0.00758373411372304,0.0018158236052840948,0.0030823228880763054,9.155413135886192e-05,1.1045434520221709,0.03271622111994305,0.014984359964728355,0.0022735942620784044,0.018036164343357086,0.0024109254591166973,0.007406198597796585,0.0018797788100884012,0.011064656808313894,0.0019009489961843442,0.0117647061124444,0.001892118714749813,0.0031891355756670237,0.0016174563206732273,0.0031891355756670237,0.0015259021893143654,0.0031595505724623146,0.00012911529846227547,0.003759129717706561,0.0001285280810476641,0.01438162848353386,0.001983672846108675,332.3759689770311,332.77613651824066,824.5308147189495,825.5458494489903,0.0,0.0,332.7530266343826,825.5690072639226,339.0,328.0,821.0,825.0,0.0,0.0,28
7,29,765,1078,700,890,651,868,675.4888888888889,878.802614379085,1.586517456450859,810,0.9330897148938851,31.209425687160593,1,0.7096474953617811,0.6303113753548378,52.36186203701945,49.24428900898052,9.0,4.137038436338356,4.0,17.53077294359835,18.831613293001,-79.23279228737943,123.49747468305831,0.9444444444444444,0.4016611347308864,0.02269687344618018,0.14266280347799967,0.0976401408915767,0.021356469371756656,0.013154289744562009,0.037432608842074694,0.057120762542118696,0.039940359083030626,0.011232205532194776,0.01189811795413422,0.00734279961325432,0.015766302456485616,0.011304745547467396,0.019767338004743232,0.018897464378485582,0.003062605862327506,0.002203337965239699,0.004488336039476963,0.003951932423451946,0.0003104902075896709,0.0006252438998527958,0.001666556086505481,0.0033772268729952565,0.009794769515068658,0.0032695961619372653,0.0032766334921205706,0.0033627220568728778,0.0013211784409162058,0.0020863189098797017,1,0.5871519115753472,0.2013427938800305,6.035462045809254,1.4326237884815782,0.0049935150891542435,0.0017853055614978075,0.002784771379083395,9.155413135886192e-05,1.1591591931054779,0.040359307433832946,0.011276417411863804,0.002334630349650979,0.01495384145528078,0.002471961546689272,0.005386714785094928,0.0018471815952296378,0.007889492870338894,0.0018727108346164422,0.007835507858544588,0.0018616006709635258,0.002960250247269869,0.0013275349047034979,0.002960250247269869,0.0013275349047034979,0.0023062765257773074,0.00013700938288572367,0.003059145809143096,0.00013151724076658573,0.010605020448565483,0.0019531548023223877,674.5883236233376,675.448784176723,878.0727978011399,878.8071404986846,0.0,0.0,675.4888888888889,878.802614379085,675.0,658.0,874.0,877.0,0.0,0.0,29
7,30,1144,1440,534,923,462,903,496.965034965035,912.3732517482517,2.077341029285347,1255,0.9687504769568921,38.16524648390242,1,0.7944444444444444,0.4813846094129392,78.23524560034903,71.11258679024411,9.0,4.235063264784442,4.0,18.688852232865596,19.40526085059438,89.15518831750876,172.81118318204307,0.9115537848605577,0.2879764976566381,0.015715663089398847,0.1012993963259476,0.08100904942611811,0.020078462732701273,0.0070915053255026644,0.03773072581376259,0.05068147487519223,0.039802023017671107,0.017370354383246966,0.010829424761732705,0.003877270706166415,0.022696282191519618,0.01993112699682941,0.027224215961905995,0.02264761180335369,0.012095792254136635,0.0099459604875627,0.0054315522107230545,0.0023103616555786555,0.009129210794792546,0.009468337860887301,0.01043601006179773,0.013700824023437967,0.013744312880991705,0.006452609175136164,0.006144683226227072,0.0043151902063210245,0.002554649531469537,0.0014148356939653228,1,0.9394674738869071,0.28899061563424766,9.567239002790302,2.1484855415765196,0.0045166704803705215,0.0017853055614978075,0.003082322422415018,7.629510946571827e-05,1.4437226676796207,0.039999349990238894,0.014511330053210258,0.00221255817450583,0.019897764548659325,0.00238040741533041,0.006061080476689723,0.0018644555847370818,0.00836297115628523,0.0018780468020773774,0.007110704202204943,0.0018768596928566694,0.0027924010064452887,0.001541161211207509,0.0026550698094069958,0.001541161211207509,0.0030712924327334305,0.00011747928012895304,0.0043869543596430855,0.00012212224692058612,0.0117799649015069,0.0019531548023223877,495.6257924510765,496.9254763815598,911.834025793778,912.3791734433704,0.0,0.0,496.965034965035,912.3732517482517,493.0,491.0,911.0,913.0,0.0,0.0,30
7,31,2053,7840,632,987,534,907,583.8441305406722,945.73161227472,2.936930267800908,2347,0.9878389086373528,51.1269086229677,1,0.2618622448979592,0.34049157072727243,133.48727688883505,118.2285921425101,9.899494936611665,4.578793789186853,4.242640687119285,20.68886154126152,20.75471350000939,50.43188130652239,275.26197667087547,0.8747337025990626,0.18700535021757683,0.009289003439188724,0.06400588217593407,0.057745407015074086,0.009448320966112714,0.007772892207185784,0.025512617771092427,0.03977065223811427,0.030097650072899128,0.007137726899075355,0.010436494987385048,0.005915675456987203,0.018575742890003306,0.020892303957084926,0.024013199379620462,0.018577711373655076,0.0057408886677387475,0.008539489410840128,0.008584975069360064,0.004552971487823747,0.011299759262267377,0.01477817949222236,0.013150655406433981,0.015019715241197868,0.012448589027176379,0.0049147286207128285,0.006119714705333507,0.007599994797928464,0.006396481002048372,0.003579244464490495,1,0.9908446029294282,0.4077363240066916,11.512169230729342,3.835217821644619,0.003524834057316184,0.0017853055614978075,0.0014648661017417908,7.629510946571827e-05,2.31239170508259,0.006505113109959221,0.00804150477051735,0.0022583352401852608,0.011627375148236752,0.002426184481009841,0.004483459741762118,0.0018449607421117265,0.005607486230262709,0.0018681041508254355,0.00476081483066082,0.0018616006709635258,0.0026245517656207085,0.0014801251236349344,0.0026245517656207085,0.0014801251236349344,0.001311005248223614,0.00011559197595888574,0.0023616043878615664,0.00012349376665727883,0.00761043734382838,0.001937895780429244,585.7261661044942,583.8505019077668,947.0751514569711,945.7329245924859,0.0,0.0,583.8441305406722,945.73161227472,588.0,580.0,948.0,948.0,0.0,0.0,31
7,32,345,570,543,931,505,916,524.7304347826087,924.3014492753623,1.8658970441095972,412,0.9527678039502251,20.958712816717327,1,0.6052631578947368,0.5359352506382249,39.8588475743948,37.013511046643494,6.4031242374328485,2.6697348115046764,2.23606797749979,13.205866289592619,12.105120311588312,-85.9776511719449,89.94112549695427,0.837378640776699,0.32063331600994976,0.021593294649935132,0.1146655017563986,0.08581359573799097,0.019760233414150563,0.00046578297499495135,0.03785647737424527,0.0571616187681553,0.0379319270735062,0.0014442859861369221,0.004300565782718123,0.004757586642344071,0.02426096699765186,0.02206228077880147,0.023663572155064257,0.021081366063469862,0.007925345495507965,0.005625592052692328,0.007248988443583184,0.003970013423446169,0.014694337632931317,0.008452393553537942,0.007299232303728533,0.009029354290632136,0.013307724895475041,0.0027333804859755464,0.004330363412351673,0.00872255643470125,0.006870884299550065,0.0023923987825476556,1,0.3214770758058876,0.1489433126989752,1.2889448488131166,0.642313267569989,0.00317387655377388,0.0017700465396046638,0.00032043945975601673,7.629510946571827e-05,1.9027619776766092,0.06144664112493819,0.0079346913844347,0.0021820401307195425,0.0079346913844347,0.0026550698094069958,0.004018463447573594,0.0018617914087371902,0.0037360720255452656,0.0018617775871593884,0.003433279925957322,0.0018463416490703821,0.0025329976342618465,0.0016021972987800837,0.0024567025247961283,0.001541161211207509,0.0011846523111166051,0.0001176403728884742,0.0009661065969504875,0.00013123724020420882,0.003887235827278346,0.001937895780429244,522.8485396435532,524.791846819024,924.5824721023554,924.3035111892431,0.0,0.0,524.7304347826087,924.3014492753623,508.0,512.0,929.0,926.0,0.0,0.0,32
7,33,1052,1675,671,955,604,930,637.1996197718631,942.7851711026616,1.9907287386484815,1164,0.9651219317378258,36.59846992787254,1,0.6280597014925373,0.5023286099134262,72.67548794919077,66.48308055437865,9.0,4.195286973639172,4.0,18.449170260180395,19.02650060761352,-81.76303230990479,162.22539674441617,0.9037800687285223,0.30304253417678534,0.016375729746816066,0.10780082646524061,0.08344299159552429,0.018074254820207646,0.010842793321272264,0.03718239050469898,0.054591994078474,0.038768443457218756,0.012827312471139744,0.013486816880370407,0.007126067076522204,0.024547185716965753,0.02010375331056652,0.02727188496869707,0.02072438759144065,0.008382293248238798,0.008618410781131864,0.00808486655240585,0.004615392636437672,0.0085356915646678,0.011451788320548802,0.0078515246393812,0.012776044921997088,0.011688978949371112,0.003875540055461194,0.0048828308114059835,0.0032427582259626506,0.004181989965895681,0.0028423791964994624,1,0.6719462955370545,0.2661478598602116,5.92053109058179,1.958175020525232,0.0035553521011024714,0.0017853055614978075,0.0013275349047034979,7.629510946571827e-05,3.410598053794903,0.0465007419670801,0.010482948273420334,0.0022583352401852608,0.012741283513605595,0.0023498893715441227,0.0046662937190073235,0.001848249026807025,0.005627881264811587,0.0018613830993585855,0.004577706567943096,0.0018616006709635258,0.002563515678048134,0.0015564202331006527,0.002563515678048134,0.0014496070798486471,0.0019293591291756282,0.00011580329592232017,0.0025384728587658405,0.00011701663471982897,0.007446402683854103,0.001937895780429244,633.8076040141393,637.2454472488681,942.4296318166425,942.7930553499209,0.0,0.0,637.1996197718631,942.7851711026616,633.0,640.0,940.0,947.0,0.0,0.0,33
8,1,619,820,529,128,509,87,518.7285945072698,107.07915993537965,1.4242413425636886,664,0.8929495884301191,28.07374713484229,1,0.7548780487804878,0.702128192824372,42.11487767329033,40.11234224026316,9.0,4.042771358644529,4.0,17.835541970376152,18.958293323679566,-4.583939586792226,105.25483399593904,0.9322289156626506,0.4898292592859327,0.018938872416563512,0.16367708159841515,0.10695121248461197,0.01419852984712405,0.010242964222331908,0.025642061752692204,0.05312312630603997,0.036217250446015606,0.004976759594622757,0.0046637221371256705,0.0053314919563370285,0.005697885306940659,0.004273138566586711,0.00856961202100854,0.013845773812659673,0.0018228806129125382,0.005778950176826225,0.001229805026036972,0.0020101745459442954,0.009934131798881722,0.010160769799092577,0.010144593169058535,0.00842955698918292,0.007161743183587704,0.005015466009701884,0.006244428174102632,0.004502740831574624,0.003554256048675031,0.0008176306180347422,0,0.4144045237917453,0.172503242501989,3.902891645906493,1.16057068714872,0.004406042746268213,0.0017853055614978075,0.001663233619183302,7.629510946571827e-05,0.39994906133856933,0.02966495518425959,0.006912337150424719,0.00221255817450583,0.011566339060664177,0.0024109254591166973,0.004504396997736362,0.001875035244586837,0.006305156132320668,0.0018749122571061713,0.005813687574118376,0.0018616006709635258,0.0030518043786287308,0.001632715342566371,0.0030518043786287308,0.001541161211207509,0.0009762359108100509,0.00012562464834909502,0.002234188868126052,0.00012398447652970702,0.008003357099369168,0.001937895780429244,518.3343511528999,518.7315206815852,107.14647582652556,107.10868021772858,0.0,0.0,518.7285945072698,107.07915993537965,519.0,516.0,109.0,93.0,0.0,0.0,1
8,2,788,1200,526,176,501,128,513.4822335025381,151.38578680203045,1.6177651533402926,885,0.9239451396039438,31.675112647807715,1,0.6566666666666666,0.6181366918030362,52.22654111561243,48.05205510693585,9.433981132056603,4.167394880106886,4.0,19.572256376283676,19.977957870799315,-10.36210218670897,126.5685424949238,0.8903954802259887,0.43452263371646094,0.009589181908795309,0.13989517104746732,0.10933666888533487,0.002708743014933978,0.016124226649843598,0.03278687799127684,0.06046787873851277,0.039533881714017574,0.0058836565641053745,0.007198697064827623,0.010980587233181485,0.016536414238754033,0.012095819264351356,0.013215434970485215,0.015625195835313483,0.0008296463889400818,0.003322884844936801,0.003795684661421673,0.005565527688820839,0.0008362021157415663,0.0014448110761530492,0.006127747878797571,0.004669700404504771,0.006944432087524377,0.0014654439774423563,0.0017279404153499166,0.0031385905862826562,0.0027313077077053102,0.002447410248136261,1,0.47354849078692496,0.2036774242296815,4.5332418389152735,1.4728313111700118,0.0038605325389653444,0.0017853055614978075,0.0014648663345724344,7.629510946571827e-05,0.7579206278697883,0.04878634944547851,0.008163576945662498,0.0021362630650401115,0.012146181426942348,0.0024109254591166973,0.004304986279881136,0.001851612947542559,0.005752844973242733,0.0018690752679822484,0.00508125452324748,0.0018616006709635258,0.0028992141596972942,0.0015564202331006527,0.002868696115911007,0.0013122758828103542,0.0011210820055009912,0.00011326557543364184,0.002267745641413968,0.00012324164240013678,0.007309071719646454,0.001937895780429244,513.8242529252307,513.4997513520234,150.7094241828301,151.34025403534946,0.0,0.0,513.4822335025381,151.38578680203045,515.0,514.0,150.0,136.0,0.0,0.0,2
8,3,1400,5005,323,202,246,137,287.2442857142857,163.77785714285713,2.9728260131863418,1998,0.9781911484323387,42.22008245644752,1,0.27972027972027974,0.33638026428871887,107.43385883797927,93.86160024205851,8.06225774829855,3.8311841960475728,3.605551275463989,24.055473929592438,22.314733297082416,50.88577363176384,228.69343417595164,0.7007007007007007,0.20204187100337775,0.029481772206923912,0.05577292523366571,0.05892278407844486,0.0365900227550892,0.014919071584210805,0.005741692667385251,0.029777424914768685,0.029798740593990847,0.02809931227066226,0.025352785608534385,0.008084950783885068,8.035183390045192e-05,0.000327520822572652,0.016926907210404664,0.018025824890586146,0.017463927283847425,0.021184636271553283,0.01528702325888101,0.004670405042645185,0.008794026412989053,0.005119616814053656,0.002731021957091095,0.010622086199771636,0.011852821314152662,0.009275393198635084,0.011301062703717746,0.01358090780678254,0.008627067945789223,0.0028589652827493055,1,0.9100175618659705,0.3552758067380637,8.64472432131879,2.6220187679864466,0.0045014116913080215,0.0017853055614978075,0.0015716790221631527,7.629510946571827e-05,2.6834117287980037,0.03532763540613563,0.007446402683854103,0.0022278171963989735,0.01110856793820858,0.0024109254591166973,0.004764489852701416,0.0018600827577909093,0.006174803086656279,0.0018728705485617477,0.006164644844830036,0.0018616006709635258,0.0025024795904755592,0.0015564202331006527,0.0025024795904755592,0.0014038300141692162,0.0011865472055619993,0.00012795756431302328,0.0019408982325503483,0.00012579892409278294,0.007644770201295614,0.0019531548023223877,285.9819074476185,287.2788505185237,161.40992563664818,163.78515893245807,0.0,0.0,287.2442857142857,163.77785714285713,277.0,293.0,151.0,160.0,0.0,0.0,3
8,4,911,1288,695,183,639,160,667.0164654226126,171.1822173435785,1.6572676150892138,975,0.9431680693032863,34.05761625912379,1,0.7072981366459627,0.6034028486981374,59.61777721679988,55.731499172371095,9.219544457292887,4.358975383583603,4.0,18.442064854499375,19.81194746001375,81.74514978801191,137.7401153701776,0.9343589743589743,0.3734453397468555,0.00812673928505984,0.1358232375321739,0.09506929969304051,0.004146239345344254,0.008631245859173145,0.04037484267455814,0.060974679040180564,0.040084295345009485,0.0009424850440436628,0.0032160184106380875,0.007321051307191436,0.02109795066586712,0.017446740012086667,0.024060768746305475,0.019277998308475968,0.0005349950404565009,0.000886290176489138,0.0027740052980111405,0.005606632633912607,0.0040572603910089995,0.0037279070855618804,0.002407455672441853,0.006561929188373668,0.009830311497531951,0.0007008167182995613,0.00038830020587271276,0.0016654996655761942,0.0020927257017563615,0.004047679516417658,1,0.5196612603031099,0.22725261305458844,4.936568319099024,1.7079575795214623,0.003784237429499626,0.0018005645833909512,0.0014724957291036844,7.629510946571827e-05,2.992815106218069,0.07122093908131306,0.006744487676769495,0.0021362630650401115,0.009719996713101864,0.0023498893715441227,0.004259518527074672,0.00186272633651302,0.005418845575300794,0.0018748162234044593,0.005561913596466184,0.0018616006709635258,0.0025024795904755592,0.0016021972987800837,0.0023956664372235537,0.0015564202331006527,0.001003955555227153,0.00010756396053811766,0.0017002675584458008,0.0001216670612892176,0.00679026497527957,0.0019531548023223877,664.084137452238,666.9514790361919,170.58355639265042,171.1530764488837,0.0,0.0,667.0164654226126,171.1822173435785,662.0,672.0,170.0,165.0,0.0,0.0,4
8,5,962,2070,644,213,598,168,620.2432432432432,190.27338877338877,1.606034247258591,1017,0.934969399908632,34.997949111844065,1,0.4647342995169082,0.6226517284466025,59.321749911149496,54.56189146281496,9.899494936611665,4.522242212109656,4.242640687119285,19.729283194901313,21.043108048841226,-47.525135186405755,139.33809511662426,0.9459193706981318,0.41143985288385165,0.02223666539039179,0.1352578953590077,0.10519624577092167,0.01879517761767673,0.014623584557143651,0.039429895916635614,0.0550272959715185,0.04297386031098336,0.011380136094671681,0.008736297201249445,0.009701086809631842,0.017013104027436637,0.011467251104827972,0.018977566122136292,0.01836951712331364,0.004070031805039763,0.0007562432993229398,0.003736468467169596,0.005356359305605074,0.0013458918955015012,0.0007451237480186016,0.001104752607387183,0.0017048266070838738,0.0074980323221573554,0.0032928354562519056,0.0018807289919195451,0.004111001454753188,0.00214616487952065,0.001954915117118028,1,0.49320211238227785,0.20915541308932006,5.181399330263957,1.8001678488217294,0.0036774242762476206,0.0017853055614978075,0.0015869385097175837,7.629510946571827e-05,3.1684554122992252,0.04364839189552568,0.007095445413142443,0.0022278171963989735,0.009353780187666416,0.0024414435029029846,0.00440359028912748,0.0018674590454403578,0.005386069989879373,0.0018712763501265378,0.005325398873537779,0.0018616006709635258,0.0028534370940178633,0.001632715342566371,0.0026703288313001394,0.001541161211207509,0.0011107323977595195,0.00013048862516741933,0.0017196042259496824,0.00012716959896542695,0.00680552376434207,0.0019531548023223877,622.3131024708841,620.2730771186872,187.87447391923533,190.24152779425975,0.0,0.0,620.2432432432432,190.27338877338877,629.0,610.0,180.0,209.0,0.0,0.0,5
8,6,1655,4416,455,242,359,196,405.9419939577039,218.13836858006042,2.7306860983130115,1920,0.9841030700820559,45.90437284765684,1,0.3747735507246377,0.3662083315316943,112.04661948883906,100.56838469419701,9.0,4.3191317134486695,4.123105625617661,19.776258561329637,19.899286395086982,-71.43530855092492,238.3086578651014,0.8619791666666666,0.20834600025081024,0.002755101062343587,0.07488527812884535,0.06260716578325304,0.0030932223651043717,0.0024852596474060867,0.03471752513275651,0.04202877418129514,0.03310675605292245,0.0018707920603499065,0.0025884716230965043,0.001905449622567925,0.026759649238663787,0.021614726940667836,0.026643428977661407,0.02039777016365929,0.0016432032295263937,0.0015488054192059942,0.0024240084430804617,0.001370358184071584,0.01494373686993705,0.016443949995114445,0.014502402446121903,0.017245159634540097,0.013431432086801306,0.001672346541925769,0.0012787582887882846,0.0016056295814568793,0.001986279882314607,0.0009648809437687908,1,0.9793850779533386,0.38738078880123794,9.857419842388481,3.134798198705539,0.003982604946941137,0.0018005645833909512,0.0018005645833909512,9.155413135886192e-05,0.6250604526140908,0.007042260622790931,0.0077668423764407635,0.00221255817450583,0.010360876098275185,0.002426184481009841,0.0047542964949191194,0.001880489266025427,0.005956144919872194,0.001894137884414223,0.005615320056676865,0.001892118714749813,0.002914473181590438,0.0016021972987800837,0.002868696115911007,0.0014496070798486471,0.0012709747666030536,0.00011853651089261237,0.00202715246178776,0.00012468121213608715,0.007801175117492676,0.0019684138242155313,405.3460230885857,405.93509995667813,217.94990295299647,218.13693115718047,0.0,0.0,405.9419939577039,218.13836858006042,408.0,383.0,212.0,230.0,0.0,0.0,6
8,7,1137,3124,608,255,537,211,571.0888302550571,230.17062445030783,2.349951038891953,1322,0.9752793235440061,38.0483030155601,1,0.3639564660691421,0.42554078082899943,84.1459914013445,75.64390259630977,8.246211251235321,3.9484278432145086,3.605551275463989,18.72275377406747,18.59421574924376,-62.71746876017222,183.23759005323595,0.8600605143721634,0.25300128667666555,0.01821815407403057,0.08619882556777173,0.07314638904607115,0.024118285798703863,0.008770117259472125,0.02966589712098291,0.046236755055996774,0.036628668589243345,0.021390635867976408,0.014179320270993815,0.005093388686048652,0.018925167357919815,0.016823748136475268,0.026775225890304198,0.02122021077540366,0.016154868462173753,0.013396704473981906,0.007971592419325576,0.0031787192729469662,0.00572403803200131,0.009390584615296405,0.009463985886925059,0.015377771149034162,0.013044793719745805,0.010492593634875081,0.009814458084957463,0.006930633197851799,0.004293897450251082,0.001991098135788042,1,0.9035019571892917,0.28636606386862695,9.047806640621275,2.166063934797421,0.005462729837745428,0.0018158236052840948,0.0024567022919654846,9.155413135886192e-05,1.0825213081568346,0.03812982069824061,0.01097123697400093,0.002197299152612686,0.01412985473871231,0.0024109254591166973,0.005905241550256808,0.0018716736200563853,0.007957613580141843,0.0019050694237444338,0.0078202486038208,0.0019073777366429567,0.002944991225376725,0.0014343480579555035,0.002944991225376725,0.0014190890360623598,0.002244323902291284,0.00013039255522547072,0.002777655766215856,0.00013028906321187173,0.01038757897913456,0.001983672846108675,570.9850340909209,571.078561213923,229.09309081328104,230.13390347509386,0.0,0.0,571.0888302550571,230.17062445030783,574.0,577.0,224.0,219.0,0.0,0.0,7
8,8,1767,3040,510,248,415,216,461.5659309564233,229.2207130730051,2.4131337830534356,2168,0.9707164583782674,47.43220715449612,1,0.58125,0.4143989061123083,103.42973194215415,94.76286192385707,10.295630140987,4.83445213724042,5.0,26.83714635867957,24.846731734589376,-82.69666075422876,231.4802307403552,0.8150369003690037,0.2505361108626985,0.020114897184563475,0.08946465492588834,0.06869437951338529,0.030149989705537134,0.005881029263110707,0.025525033867323525,0.0457481010318786,0.0340024266804179,0.027382824090552895,0.013935777579410715,0.002360549955937629,0.013952054699007205,0.013421369411454541,0.027030105047919743,0.019799578274219035,0.019123403517773852,0.016075180592621304,0.005412736386497997,0.0015831556347445088,0.0014319943235595023,0.005390223235794343,0.007973001354504915,0.016398656756338646,0.012346078253860335,0.010839794246916747,0.012008822225116478,0.006821591661629012,0.0018626297284924118,0.0012127517816356403,1,0.7829404240474105,0.375173571286723,8.103685160400346,3.3548332944046706,0.003402761882171035,0.0018158236052840948,0.0008773938752710819,7.629510946571827e-05,1.6275965538553827,0.16249387797215636,0.006271458230912685,0.0023193713277578354,0.008392462506890297,0.0024567025247961283,0.003914702120237052,0.001875867856433615,0.004586126293378803,0.0018986040149432204,0.004036011407151818,0.001892118714749813,0.0026245517656207085,0.0015716792549937963,0.0025329976342618465,0.001541161211207509,0.0008228529740778146,0.00012640216293611942,0.0014368232195183961,0.00012944748283631648,0.005756466183811426,0.001983672846108675,460.1679084348874,461.40457293083296,228.38728426896702,229.20153371024156,0.0,0.0,461.5659309564233,229.2207130730051,463.0,483.0,225.0,224.0,0.0,0.0,8
8,9,337,925,400,254,363,229,378.9940652818991,240.43026706231453,2.310231303468337,385,0.9754047861826373,20.71428798138497,1,0.3643243243243243,0.4328570903262828,45.48079283403406,41.88078318274385,5.0,2.346393902804921,2.23606797749979,11.05811462726772,10.024930694344109,-61.47652558846131,98.91168824543142,0.8753246753246753,0.24463040283680149,0.017611521780617177,0.0908392612396944,0.06921687635146875,0.01114550100989336,0.008481474040411894,0.04074073632766057,0.04578099243189823,0.034246048686387795,0.008124540057561244,0.01170166834818675,0.00370009872768677,0.030334334043475467,0.020715402136090955,0.026644100491673237,0.019495679150489803,0.006523462898075244,0.005677571726445881,0.009027750237437918,0.002231050754935788,0.014980672392242498,0.01396801062853766,0.013250887780797726,0.014351866915465058,0.012365067095787444,0.0046361047991529585,0.0028207523601344276,0.005327446802314454,0.0056609045365712705,0.0024575860403294528,0,0.490379196126014,0.15870908671058714,1.8433966955635697,0.6364843212068081,0.004379339516162872,0.0018005645833909512,0.0006866559851914644,7.629510946571827e-05,1.3701242606514037,0.10583474411228044,0.01335164438933134,0.002197299152612686,0.01335164438933134,0.00238040741533041,0.005837847572928738,0.0018893938894117518,0.005470019868141157,0.0018886775109994306,0.0050049591809511185,0.0018768596928566694,0.003433279925957322,0.001678492408245802,0.0033264667727053165,0.0016174563206732273,0.0021758566236598667,0.00011761191270703019,0.0016370536318652783,0.00012232903452268404,0.005916685797274113,0.0019531548023223877,380.33076725224345,378.9056866129651,240.1294875216155,240.4884925201381,0.0,0.0,378.9940652818991,240.43026706231453,388.0,368.0,240.0,248.0,0.0,0.0,9
8,10,813,1820,417,264,365,229,391.02952029520293,246.9520295202952,1.8266934577700253,876,0.9576688081939645,32.173649930800316,1,0.4467032967032967,0.5474372263974554,60.6415002551791,56.938563381947034,8.246211251235321,3.8502923000588103,3.605551275463989,17.269555971471203,17.45700738555439,-59.33991218720483,136.61017305526642,0.928082191780822,0.3192917180350671,0.017334022460556694,0.12131710599601693,0.08216323069961834,0.020832739131952698,0.007875935473205004,0.04181246309015369,0.054030850271506906,0.03843487310421272,0.015629204013360737,0.011555744985113584,0.00422847421886864,0.021266206739899117,0.01955109078597906,0.02622938637709977,0.021402285127082726,0.00860938302302128,0.008306879092334208,0.005615133435679868,0.002468176772151594,0.005911263085310648,0.007623037427511232,0.007000154370410038,0.012645091372208858,0.012890152422115749,0.002071190481820554,0.0038317414705223794,0.0019636961813127864,0.002738875647558293,0.001405677717786816,0,0.6617837930098176,0.2154573891311884,6.639292065985501,1.5421988246962428,0.00440985755994916,0.0018158236052840948,0.0018539712764322758,9.155413135886192e-05,0.7014177611471802,0.012285394996170538,0.014496071264147758,0.002426184481009841,0.02249179780483246,0.002426184481009841,0.005856493743449713,0.0019067025586830832,0.008166410905271218,0.0018969235236116148,0.005851835012435913,0.001892118714749813,0.0033722438383847475,0.001632715342566371,0.0031586175318807364,0.0015716792549937963,0.002548184175790203,0.00013097060228057256,0.00491055093675673,0.0001235267584482014,0.011337453499436378,0.001983672846108675,390.3445504968621,391.0396960462263,247.10303697379882,246.94514584240312,0.0,0.0,391.02952029520293,246.9520295202952,390.0,415.0,246.0,237.0,0.0,0.0,10
8,11,922,1500,347,290,322,230,333.7255965292842,259.6041214750542,1.902502124275836,1005,0.9590035132605537,34.262616074167774,1,0.6146666666666667,0.525623591816297,64.90394108951791,60.41522986797286,8.94427190999916,4.065560834719418,4.0,17.462565002615975,18.39339919773261,-12.756009654635541,148.46803743153546,0.9174129353233831,0.3216237973276219,0.008319352327759225,0.12069230936117442,0.08518223741543561,0.00799298515201586,0.006000660525454615,0.04169824653879971,0.05790217724076636,0.039043172116912016,0.004950012598279734,0.00667759998252306,0.003930187470043795,0.02510903423979249,0.021302126509053613,0.027800803138735848,0.020967661647035864,0.0027044903382732475,0.0041957446309372655,0.003696044650796374,0.002526982938124369,0.00865406055593442,0.009690251134329404,0.007603258499472372,0.012277749690307227,0.012151888861381927,0.0011264759693274658,0.0015010695981991847,0.001496317046688209,0.001609073183722139,0.001676826821301031,1,0.7386434860527515,0.24246585788205266,7.497734138742089,1.7661097119562328,0.005180438049137592,0.0018310826271772385,0.0027618827298283577,7.629510946571827e-05,1.886049292261448,0.005875374960037173,0.009201190434396267,0.002197299152612686,0.016174564138054848,0.0024109254591166973,0.005725918496532958,0.001879580293659323,0.008132032688440444,0.0019155202949633762,0.0077821011655032635,0.0019073777366429567,0.002777141984552145,0.0013885709922760725,0.002777141984552145,0.0013885709922760725,0.001776098472498592,0.00011964458750311115,0.0033581310989418984,0.0001307285424391988,0.010849164798855782,0.0019989318680018187,334.1103479307142,333.7289143094123,257.7577335710813,259.59927251991496,0.0,0.0,333.7255965292842,259.6041214750542,334.0,332.0,254.0,263.0,0.0,0.0,11
8,12,933,1680,941,268,885,238,912.6988210075027,252.93890675241158,1.7513761984412288,1010,0.9470007368617144,34.46639660942099,1,0.5553571428571429,0.5709795536161941,61.564763257433114,57.0087712549569,9.055385138137417,4.269506929293518,4.123105625617661,18.77339519033457,19.776534328829108,-72.44571781130145,143.29646455628165,0.9237623762376238,0.3647341588149035,0.018626709291902955,0.12927193563734296,0.09389616573086085,0.021120326687261992,0.008619889742880079,0.03702971056525991,0.058460194204445454,0.04041171174295147,0.014271113711254352,0.011114256276924745,0.003905288660664565,0.020894347091946586,0.014701983693216389,0.02487760929503275,0.019691757747355505,0.00729078561569934,0.004342493350727101,0.005200833473657891,0.0012406622753098255,0.002454228581764797,0.005199631842169611,0.0023248459888892035,0.007901056677669134,0.010135817336399672,0.0008602401525194374,0.0010889956726683264,0.0004089670647929653,0.0013015058850872508,0.00028749360970673784,1,0.534081031801179,0.2273746852297336,5.491416877834126,1.7368429079651833,0.0036049439222551882,0.0017853055614978075,0.0017090106848627329,7.629510946571827e-05,0.4331752526864802,0.07261601623998673,0.009933623485267162,0.0022278171963989735,0.012771801091730595,0.002517738612368703,0.0043421222097656835,0.0018485746766645007,0.005885762998750404,0.0018615679613774741,0.00508125452324748,0.0018463416490703821,0.0026703288313001394,0.0016174563206732273,0.002609292743727565,0.0014801251236349344,0.0016645425102563228,0.00011014928224955696,0.0026221156494484386,0.0001239165508802981,0.0079041738063097,0.001937895780429244,912.5789151866502,912.7462573798144,252.52265755581695,252.8839260612876,0.0,0.0,912.6988210075027,252.93890675241158,915.0,927.0,251.0,249.0,0.0,0.0,12
8,13,784,1071,364,291,343,240,353.4744897959184,264.9438775510204,1.643700361989942,845,0.9384346386915647,31.594616678674353,1,0.7320261437908496,0.6083833909906501,54.21518228538029,50.99019513592785,9.0,4.102536644847001,4.0,17.843152809685318,18.729005599494887,-7.406137129974478,127.25483399593904,0.927810650887574,0.38393069348937214,0.022988200256899714,0.13826326701171415,0.09420589856611314,0.017331265791499937,0.018968002536068028,0.040611642603028596,0.05684383741644589,0.03808255605222049,0.006731961169382788,0.016345474367041004,0.011955182074919767,0.018398986945860937,0.014881708687991798,0.019851839685775755,0.017708653174081556,0.0026804694857472406,0.002074792891277559,0.00985812954140307,0.006331673704630256,0.0002935126926136825,0.003465355575925497,0.0006659368157158924,0.004833248410595426,0.009046069934593028,0.0016936739021644067,0.002911152840141308,0.0025443037231504106,0.0033496550650159353,0.002658220458022137,1,0.6678874006029218,0.21754787513054907,7.245792418718338,1.4988326844759285,0.005142290610820055,0.0018158236052840948,0.0032196538522839546,9.155413135886192e-05,1.7511287580681116,0.03196273299359264,0.011444266885519028,0.0025024795904755592,0.022568093612790108,0.0025024795904755592,0.00585866140879756,0.0019083146941276234,0.009242082166732574,0.001911776383260113,0.0079194325953722,0.0019073777366429567,0.0031433585099875927,0.001632715342566371,0.0031433585099875927,0.0013885709922760725,0.0019226111285457087,0.00013362688172760466,0.004833135681243004,0.00013500276535437442,0.012619211338460445,0.0019989318680018187,353.76824827506096,353.47539348034127,263.217564171803,264.91192759554497,0.0,0.0,353.4744897959184,264.9438775510204,354.0,360.0,262.0,280.0,0.0,0.0,13
8,14,262,693,423,262,390,241,407.2977099236641,251.06870229007635,2.087951283066387,316,0.9621596131048488,18.26441241104166,1,0.37806637806637805,0.47893837759058705,37.624437132401674,33.83784863137726,5.385164807134504,2.257899578648711,2.23606797749979,11.538461538461538,10.252150237849602,-61.74973293061001,82.91168824543144,0.8291139240506329,0.29134389582586256,0.04745745960648031,0.08241228144935184,0.08663843568984024,0.027392013442632812,0.02180826860024448,0.027400713477786554,0.04678231957008169,0.037208815369911476,0.019886959631028347,0.0206261488399345,0.00919730119987034,0.01707197700485873,0.01755754142707942,0.020624618017321465,0.01766461771572887,0.015955644234120454,0.012610502545229102,0.012218855516323504,0.004248997536439612,0.0065649363802855595,0.007732380285759267,0.009458039058034926,0.005973039292753323,0.011121328484357337,0.009585082439686055,0.00860726681426171,0.005998535962029161,0.00764222734149412,0.003112126310625971,0,0.42763409623876214,0.12861829553730786,1.497230519540608,0.4965590904466808,0.004623483866453171,0.0018158236052840948,0.0009918366558849812,9.155413135886192e-05,1.313566919409929,0.04780421491024781,0.008941787295043468,0.0024109254591166973,0.008941787295043468,0.0024109254591166973,0.006288736709393561,0.0018914455226074684,0.005714620303590106,0.0018952637039949649,0.0056916153989732265,0.001892118714749813,0.0033722438383847475,0.0016479743644595146,0.003265430685132742,0.00158693827688694,0.0015113907626641248,0.00013978840194016698,0.0012507238825394515,0.00012296750774759706,0.006637674756348133,0.001983672846108675,406.3590057168238,407.25812795771617,251.98755617608236,251.09550734435498,0.0,0.0,407.2977099236641,251.06870229007635,396.0,392.0,261.0,261.0,0.0,0.0,14
8,15,1314,3311,440,292,363,249,400.2488584474886,268.6392694063927,2.314197695255165,1562,0.9754110910643629,40.90277205498429,1,0.3968589549984899,0.4321152000325276,90.97740943740266,81.34494452638098,9.219544457292887,4.2193076076226435,4.123105625617661,21.113318120250074,20.050810819275075,-65.27995724396578,195.4802307403552,0.8412291933418694,0.2528391660544059,0.004749030851465188,0.08684756359303601,0.07530406579718436,0.007593772586520426,0.005954423184896456,0.03255860443596866,0.0506936077304835,0.03733001513133781,0.010488195107908807,0.0020093464316593775,0.006188615176333626,0.02250794023549122,0.023768591136268745,0.028520384349637558,0.02135340981392521,0.008111027811977208,0.004084392667554274,0.004607168140442061,0.005158932462914,0.011231030309308696,0.015249860014249531,0.013492091195667305,0.015522903584669859,0.012967016215804737,0.005506317246265485,0.005207309115980909,0.000661135854003371,0.004052968847512297,0.003984634227808259,1,0.9195239341352135,0.3101853970438242,10.184252831386402,2.509452963480726,0.00553902518004179,0.0018158236052840948,0.0020447084680199623,9.155413135886192e-05,0.9167879355507647,0.03254332832029207,0.009597924537956715,0.002334630349650979,0.01278706081211567,0.002334630349650979,0.005606853256922033,0.0018913743722184402,0.00775057293103988,0.0019097815551603699,0.007980468682944775,0.0019073777366429567,0.0031128404662013054,0.001632715342566371,0.0030670634005218744,0.0014190890360623598,0.0018431934031059205,0.0001285505627110241,0.002389457439509483,0.00012580263355492272,0.009781032800674438,0.0019989318680018187,399.87271526637863,400.2197838948783,267.8031973843301,268.6246496044559,0.0,0.0,400.2488584474886,268.6392694063927,414.0,419.0,258.0,267.0,0.0,0.0,15
8,16,242,460,384,281,361,261,369.89669421487605,268.6776859504132,1.7529339807924913,292,0.8134406255030017,17.55346033766304,1,0.5260869565217391,0.5704721403985253,25.61300026490223,27.018512172212592,6.0,2.4276932740115984,2.23606797749979,14.976905298081187,14.89774934055016,-60.76582563694554,73.01219330881975,0.8287671232876712,0.42208762989850596,0.07583699332442519,0.14101444535610674,0.05062954619365744,0.0608866816403864,0.019521696501746812,0.018655620088352174,0.02611102337040895,0.04771270311360146,0.013948499657594173,0.01363592638263115,0.0033389249495910365,0.004095155205796107,0.014631214845740655,0.03299386355713912,0.020812808851990723,0.006422770117273592,0.005005541515516293,0.009789751672672653,0.006501159067655675,0.006024312697494049,0.008059148060483367,0.010497969223514484,0.010676448215169264,0.015064728282593089,0.005071715958341394,0.0035084089209898887,0.004473483592946378,0.0039442957481977126,0.003977649109964712,0,0.3488822840154171,0.11435111006721854,1.2780651831999421,0.45732814515940845,0.004676890326663852,0.0018158236052840948,0.0004425118677318096,7.629510946571827e-05,0.21389757378545715,0.022003452138391034,0.00939955748617649,0.002197299152612686,0.00939955748617649,0.00221255817450583,0.005719381705170772,0.001874608361757681,0.005281261087603067,0.0018897857237992084,0.005020218435674906,0.001892118714749813,0.004043641034513712,0.0016632333863526583,0.0038147554732859135,0.0016021972987800837,0.001204949694089953,0.00011870618291259708,0.0008707035882332111,0.00011558389326151961,0.0056992447935044765,0.0019684138242155313,370.0993218629785,369.91508458176236,268.6091716577746,268.68976677454873,0.0,0.0,369.89669421487605,268.6776859504132,362.0,372.0,263.0,271.0,0.0,0.0,16
8,17,1150,2376,738,308,672,272,704.2104347826087,288.3295652173913,2.0256725305422494,1309,0.9606640055019287,38.26519928662906,1,0.484006734006734,0.49366320810615494,74.49480297431651,68.62215385719105,9.433981132056603,4.3649451207645855,4.123105625617661,20.862757218744097,20.688196431653964,-68.91395256315033,171.09545442950497,0.878533231474408,0.3109419147261493,0.006618251347408349,0.11330955688350623,0.08440411988615,0.015008619354666363,0.00391276820666366,0.03935789944532229,0.05596592033436631,0.03933562410709952,0.014412589226760461,0.0026047315895292443,0.005048633729767447,0.0251274608808472,0.019815032097202662,0.028772264621290483,0.02090189177843847,0.008823852457900653,0.006793429360886421,0.0024060436533668594,0.00420922212013975,0.008500735784031979,0.009710906137725944,0.009197749642370776,0.013027495182681715,0.01176807091056336,0.003681092907542917,0.004016458483032379,0.001774142799833636,0.0027405158825020877,0.0030462211214600577,1,0.7891203314065933,0.2749828335363418,8.483283865265548,2.184527351288125,0.005119401961565018,0.0018005645833909512,0.0022278171963989735,9.155413135886192e-05,3.6095830069924033,0.13714514639106573,0.010635538026690483,0.0024872205685824156,0.015274280682206154,0.0024872205685824156,0.005442209182114436,0.0018964333347333917,0.007376768578491781,0.0018995890011201087,0.007354848552495241,0.001892118714749813,0.0028839551378041506,0.0016632333863526583,0.002731364918872714,0.0013427939265966415,0.001951908376070462,0.00013178443730465055,0.0026633369765623996,0.00012929821629423436,0.009582665748894215,0.0019684138242155313,700.6252302242966,704.0760671402527,288.7483703742683,288.35702660603647,0.0,0.0,704.2104347826087,288.3295652173913,698.0,710.0,287.0,276.0,0.0,0.0,17
8,18,676,1120,639,306,599,278,618.4866863905326,291.4230769230769,1.4391518146447533,719,0.8893166849513464,29.33785834448333,1,0.6035714285714285,0.6948537255236303,43.71144158871948,41.10960958218893,9.219544457292887,4.197737730031939,4.0,18.783904054971952,19.9888858846828,-65.84396593495576,110.5685424949238,0.9401947148817803,0.5092958178940651,0.0019342947680963387,0.16117507018722366,0.11384185560671226,0.0065507811250637565,0.008982526812032633,0.026422215233422176,0.049860661121651745,0.038197163249341054,0.0025310310903922093,0.0009845618494727147,0.007611277970370214,0.001848206585965021,0.0034147102977891927,0.0034030952070803876,0.013914696254499318,0.0016795398549726305,0.0031353823449124935,0.00016440925257295668,0.004802004237060023,0.00901298273244679,0.01259618664427314,0.01276609391233699,0.010990146952752957,0.005899539464613692,0.00104553012097054,0.002506781827515552,0.0017816435924677453,0.0019654088657084373,0.002519705255912261,0,0.48192569613456726,0.17790493625216186,5.111696103587747,1.2769665061496198,0.004562447778880596,0.0018005645833909512,0.0017853057943284512,7.629510946571827e-05,0.7812484892703786,0.02934248799774026,0.012161440216004848,0.002197299152612686,0.01884489133954048,0.0024109254591166973,0.0051268691078145455,0.0018926057048102326,0.007561680626609093,0.0018890037073219228,0.005935759749263525,0.0018768596928566694,0.0032959487289190292,0.0016479743644595146,0.0032959487289190292,0.0014038300141692162,0.0018018758161593472,0.00010656826734240215,0.003825726589847852,0.0001208440173477937,0.009842068888247013,0.0019684138242155313,618.7665965123418,618.5145544057549,290.693693947065,291.4138924073322,0.0,0.0,618.4866863905326,291.4230769230769,620.0,629.0,291.0,287.0,0.0,0.0,18
8,19,749,1000,383,347,363,297,372.38851802403207,321.1348464619493,1.7020012561176905,814,0.9398519407345711,30.881327999401787,1,0.749,0.5875436321833429,53.47650665423885,49.49747468305833,8.54400374531753,3.9492940964424315,4.0,17.69226868091717,18.266617322840354,5.217945550417571,126.56854249492379,0.9201474201474201,0.3892475179618926,0.015108693963684833,0.13439597553498595,0.09984898751748661,0.017952623927321148,0.0059573123166934035,0.039090340620029036,0.05748016418080955,0.042833891025959886,0.012392767939781113,0.006436040485962822,0.0026117943886925904,0.0184460321643892,0.013989326436081747,0.021887486100197993,0.0208197194079817,0.004825195957606171,0.0037529450905192936,0.0018787181957010657,0.0012810380953382381,0.002549451950329144,0.0010595229592439968,0.0016908231398315883,0.004125819156209135,0.010748059283204247,0.0016690677043172072,0.0015885386114234588,0.0014792667475889835,0.0017066421413285148,0.0009471558644310192,1,0.4991073573473841,0.207766842097044,4.409384381491691,1.4293583577964455,0.004779888782650232,0.0018158236052840948,0.0010681315325200558,7.629510946571827e-05,0.6656111867232058,0.01490725532849213,0.0061799040995538235,0.0021820401307195425,0.009002823382616043,0.002471961546689272,0.0045373396122489465,0.001888789473609491,0.005887028546717878,0.001908355617885775,0.005912871100008488,0.0019073777366429567,0.003219653619453311,0.001632715342566371,0.0031433585099875927,0.0016021972987800837,0.000704814855384361,0.00011021469989035062,0.0012923623813207395,0.00012471108243607325,0.006912337150424719,0.001983672846108675,372.2711744178002,372.40342467947005,320.47966043495575,321.1349801970685,0.0,0.0,372.38851802403207,321.1348464619493,372.0,374.0,318.0,340.0,0.0,0.0,19
8,20,1173,1625,674,322,609,297,641.9130434782609,309.7314578005115,1.7543838406694627,1253,0.9487492516920917,38.64595691627193,1,0.7218461538461538,0.5700006901673272,69.15747606219195,64.4980619863884,11.0,4.776085761962792,4.47213595499958,22.169222432683775,21.85582583687431,-83.45167991526772,160.81118318204307,0.9361532322426177,0.3584046891550182,0.013024135853262616,0.13169070936552363,0.09226955565777847,0.009418947145108228,0.006708893559007663,0.045294534344860624,0.05637609007973568,0.041791601868280265,0.006512830610628716,0.005823821420039763,0.0044203150972526375,0.021012114664394555,0.01866872621814288,0.024645031102643034,0.021815235814042513,0.0038964201647131605,0.001705053614520677,0.004422808516100418,0.00268486319392704,0.0029683996648868266,0.005361533403838846,0.003916822945844234,0.00949590039408622,0.011818400676013394,0.0019102237322453299,0.0016404037572411176,0.0024617116439988027,0.0023657257015776353,0.0014926583890297845,1,0.70859847497195,0.27057297620922327,7.322957334108651,2.2386663609649986,0.0047341116005554795,0.0018158236052840948,0.0014343480579555035,9.155413135886192e-05,2.0319331035869737,0.033743335155467416,0.00758373411372304,0.0021820401307195425,0.010498207062482834,0.0024567025247961283,0.004955234090712937,0.001892118714749813,0.0062429303786092506,0.001908496471410911,0.006134126801043749,0.0019073777366429567,0.0034485389478504658,0.001495384145528078,0.0034485389478504658,0.001495384145528078,0.0010372489347798143,0.00012028509952008152,0.0016752452385404234,0.00013018321393051452,0.007629510946571827,0.0019989318680018187,643.8176511917295,641.940542972238,309.0234877480034,309.7119029929589,0.0,0.0,641.9130434782609,309.7314578005115,655.0,648.0,306.0,306.0,0.0,0.0,20
8,21,1161,2898,926,373,884,304,907.43669250646,339.91559000861326,2.3729688604837516,1432,0.9657362300975196,38.44777121547521,1,0.40062111801242234,0.42141303101471833,81.45230980346362,73.53910524340094,8.54400374531753,4.020786418816972,4.0,21.783528729152337,21.138959074369197,-26.71068989667224,186.06601717798213,0.8107541899441341,0.27287067905844187,0.035924885699201346,0.08541009258503937,0.07303468812512517,0.04455995039702735,0.01564502148187956,0.014128563007140818,0.03912125264611116,0.035671081472544705,0.034304049435340364,0.023355120875414588,0.008680748701260272,0.0011655096603230442,0.0055148485667696565,0.02093538120514193,0.020598160442091243,0.019619557066724844,0.018518714305242597,0.011776391350562153,0.005434337605918079,0.009381280559628037,0.0028702244362412885,0.0024108368197358486,0.011516578316262812,0.012739757995997353,0.008024759932258695,0.009413324236778476,0.007838923890627377,0.005743768410990192,0.0035828006570392,1,0.7583733950741589,0.2870832378976047,7.800732539733872,2.1898985269945115,0.004058899823576212,0.0018005645833909512,0.0020294501446187496,9.155413135886192e-05,3.7452286753825623,0.09298920872975895,0.012054627761244774,0.002197299152612686,0.015533684752881527,0.0023498893715441227,0.004892731581123606,0.0018521499219200303,0.006718977209073103,0.0018862175081778738,0.0057831695303320885,0.0018768596928566694,0.0024872205685824156,0.0014648661017417908,0.0024872205685824156,0.0014648661017417908,0.0019374703708423834,0.0001226524963353522,0.003123293848390086,0.0001243842750346624,0.008934157667681575,0.0019684138242155313,909.2882060886834,907.4003692993764,336.6600354804645,340.00119151308223,0.0,0.0,907.43669250646,339.91559000861326,913.0,894.0,331.0,359.0,0.0,0.0,21
8,22,984,1798,622,370,593,308,608.015243902439,338.2205284552846,1.9799139158011305,1104,0.961351335432784,35.39587139793849,1,0.5472747497219133,0.5050724640194122,68.6002818176276,63.06346010171025,8.94427190999916,4.0979930616523985,4.0,19.154317237961237,18.887341974073443,13.955763494630375,156.46803743153546,0.8913043478260869,0.31502834096540105,0.010520423869201224,0.11380976891943236,0.08577825136010253,0.01448103874198917,0.0034356347118492427,0.043629765777783464,0.05296310553122443,0.041588284231433265,0.012757206884084117,0.0057256986340541135,0.0015867107084249186,0.0222294759038355,0.02277996459220975,0.026390822098340674,0.02341196244017163,0.008295186792480124,0.005333596246952306,0.0021881645960906385,0.0008679085130063027,0.006655884969973873,0.010227661518975428,0.009283341425025163,0.012868533659159716,0.013765365916306125,0.003788895453835541,0.0024001739523608367,0.001723625587248976,0.0005699545035002132,0.0005264761104318808,1,0.7293507398571819,0.25532921333797276,8.048645856324583,1.8763103680685163,0.004943923093378544,0.0018158236052840948,0.0030212863348424435,9.155413135886192e-05,2.1252445478182804,0.04834092834845227,0.009155413135886192,0.00221255817450583,0.0158999003469944,0.00238040741533041,0.005323728028154612,0.0018637168856786334,0.008179518146671325,0.001906819479744427,0.007705806288868189,0.0019073777366429567,0.0027008468750864267,0.00158693827688694,0.0027008468750864267,0.0013275349047034979,0.0015337196110027256,0.00012330756398576937,0.0035543306301517776,0.00013232119174658722,0.011169604025781155,0.001983672846108675,607.5821566393507,608.0252268956768,336.13987956357266,338.17322956312415,0.0,0.0,608.015243902439,338.2205284552846,608.0,607.0,340.0,342.0,0.0,0.0,22
8,23,1419,2730,598,411,568,320,582.8618745595489,365.2600422832981,2.70393478358212,1576,0.9828606827841295,42.505610382385946,1,0.5197802197802198,0.3698314049850047,100.42583823856678,91.41115905621152,8.54400374531753,4.1251595784061355,4.0,17.691699364817794,18.513491223031327,-10.647508944113593,219.58073580374355,0.9003807106598984,0.2162191136882714,0.004258806496704148,0.08113307151330955,0.06294269915579101,0.00466718207079258,0.0033345235582225028,0.03401441404512852,0.04548934064526708,0.03219286660425667,0.004067055060799912,0.003940634590660133,0.002677941831074303,0.027161409428949533,0.021246884586368812,0.028308075151841156,0.019240701889481602,0.003537063760605433,0.003117759080928923,0.0032616116691979247,0.002137258134059491,0.014301468442831571,0.016476287734062074,0.013619362971785273,0.017963193285763023,0.012345849795595448,0.0025407705624959703,0.0030390974057004226,0.0020014157343643296,0.0026662842989342325,0.001671027607281394,1,0.8527199367526919,0.3575188829563558,7.688151500886306,2.6702067591249943,0.00428778538480401,0.0018005645833909512,0.0010528722777962685,8.39246204122901e-05,2.1576630991882984,0.02827536089640154,0.007309071719646454,0.0022735942620784044,0.010009918361902237,0.00238040741533041,0.004464502286663308,0.0018718266123369414,0.005418006695480131,0.0018817524729563032,0.005249103531241417,0.0018768596928566694,0.00254825665615499,0.0015716792549937963,0.002426184481009841,0.0013122758828103542,0.0009307607550240146,0.00011505071679370763,0.0015227375062617497,0.00012626333354896202,0.006408789195120335,0.0019684138242155313,583.202831059125,582.8535133034653,363.1294886662784,365.28705312242846,0.0,0.0,582.8618745595489,365.2600422832981,583.0,579.0,359.0,375.0,0.0,0.0,23
8,24,977,1512,944,436,881,412,912.1709314227227,423.9303991811668,1.8406160638858773,1060,0.9602964023160643,35.269746741453275,1,0.6461640211640212,0.5432963558346965,67.61334568001658,62.51399843235114,9.0,4.206074227052778,4.0,17.738493685062725,18.862889848435454,-81.20311642497495,150.32590180780448,0.9216981132075471,0.31830988618379064,0.009633418749726813,0.11705744696878259,0.08555313107310877,0.013006237478410941,0.0034556953940937116,0.04120284900697056,0.05647963701515287,0.03971191568838227,0.010330082869763248,0.007906240465614018,0.0009225917448384903,0.02666370288030497,0.019213426423765913,0.028739913673105983,0.021041756010501133,0.005620577958880296,0.0059409974806106085,0.003715376182410687,0.0010177363387518688,0.006787166279565771,0.011052607264494349,0.007089225552106483,0.013538762785174241,0.011653551937391694,0.0021216243456794416,0.0024593328456168663,0.0024529209663299977,0.0012314675460028826,0.0012918641656536473,1,0.8506904819514602,0.2534523536451161,9.42079813964665,1.856092164060101,0.0045166704803705215,0.0018005645833909512,0.00398260448127985,9.155413135886192e-05,1.656940038552075,0.02142030841822202,0.0160677507519722,0.002243076218292117,0.024704355746507645,0.0025787746999412775,0.006301410977418224,0.0018774248418156748,0.009642577420313868,0.001899787271300001,0.007888914085924625,0.001892118714749813,0.0027618829626590014,0.0016174563206732273,0.0027618829626590014,0.0013885709922760725,0.0035148733503874404,0.00012230377118288395,0.005652387440832553,0.00013084139801426578,0.01433966588228941,0.001983672846108675,910.5397024774219,912.1659747284999,423.63963738971233,423.9095602561678,0.0,0.0,912.1709314227227,423.9303991811668,908.0,914.0,424.0,419.0,0.0,0.0,24
8,25,1409,2700,697,537,667,447,680.6898509581264,491.04542228530875,2.676215931460845,1634,0.9824464753162312,42.35557246138747,1,0.5218518518518519,0.3736619262460402,100.60265682276922,91.00549433962765,9.0,4.108975910376302,4.0,19.206833133663398,18.76689190786541,-11.99601451076235,217.6812408671319,0.8623011015911872,0.21661368250807103,0.00888469430091616,0.07892428484302434,0.06351104613557132,0.011035332315466493,0.00551198807904313,0.032441570033990744,0.04411369011571865,0.03270791294162237,0.010066341036546805,0.008152118217652812,0.0038451556067740727,0.02311236903230305,0.021756061446841155,0.026549968574978627,0.019867854134538825,0.008396790861830346,0.0076434365606004055,0.005822138446266595,0.0028218979076913998,0.011858966563039032,0.015227866247856115,0.013223753445921268,0.016602900500719244,0.013002450444216244,0.006756147945446,0.005857057790275469,0.005322648298847158,0.004020364271640026,0.002128046158677834,1,1.0659647688735276,0.3584191652480513,10.994659481337294,2.6681315321475267,0.004932479001581669,0.0018005645833909512,0.002563515678048134,9.155413135886192e-05,3.50607471264552,0.047400454150959476,0.011535820551216602,0.002243076218292117,0.016189822927117348,0.0023956664372235537,0.0055518998378829565,0.0018667664856669337,0.0078031649974004925,0.0018936348702253561,0.007202258333563805,0.001892118714749813,0.0029297322034835815,0.001495384145528078,0.0029297322034835815,0.001495384145528078,0.0019234626605773837,0.0001171912231911263,0.003311092954558543,0.00012896946899949646,0.010326542891561985,0.0019684138242155313,680.880667831112,680.7104302969301,487.5445439938458,491.00272224001463,0.0,0.0,680.6898509581264,491.04542228530875,682.0,687.0,480.0,475.0,0.0,0.0,25
8,26,1143,2808,675,559,621,507,649.8941382327209,529.4943132108486,2.021760893724052,1383,0.9499176352106365,38.14856222234714,1,0.40705128205128205,0.4946183315268382,73.18325171001271,67.88225099390856,9.433981132056603,4.3220583276608195,4.123105625617661,24.18568678486254,22.869793830339873,46.37005634815664,170.40916292848974,0.8264642082429501,0.3152704688677997,0.042300407230244856,0.10358339969369715,0.07665091595851381,0.05316715594818271,0.013311247887028517,0.011048720125091354,0.042435703873352916,0.03564852628127457,0.03744763534046698,0.02196412599280984,0.005434670363624485,0.0021637938809644795,0.002365335911083929,0.022630522630035933,0.019514026050788943,0.016383444103585793,0.016357483550688324,0.007823071201225914,0.0026904502267360675,0.008394945991160014,0.003029517435775637,0.001065227296756405,0.012136578036924401,0.011319101407225713,0.003487585286444025,0.005039095638149126,0.004593318562892338,0.002077623130708438,0.0014974982838568175,1,0.7230792825575918,0.2620279239490628,7.29195097903721,2.144274051534012,0.0041199359111487865,0.0017853055614978075,0.002059968188405037,9.155413135886192e-05,5.398562505759498,0.02556369914931733,0.00941481627523899,0.0021362630650401115,0.012497139163315296,0.00238040741533041,0.0051282218621105805,0.0018583540705607293,0.006379659649201409,0.0018760052944304566,0.0061799040995538235,0.0018616006709635258,0.0030975814443081617,0.0015564202331006527,0.0030518043786287308,0.001541161211207509,0.0014908365214414724,0.00011743631770209459,0.002374870978245476,0.00012958750646082997,0.008213168941438198,0.0019684138242155313,653.8535923494352,649.8825404732254,533.1640816267336,529.4715317559153,0.0,0.0,649.8941382327209,529.4943132108486,662.0,627.0,545.0,510.0,0.0,0.0,26
8,27,1081,2881,445,570,378,527,411.7160037002775,548.68177613321,2.30614276557843,1237,0.974123213665423,37.09948716436268,1,0.375216938562999,0.4336244984161588,80.28303883453802,72.069410986909,8.54400374531753,3.9167232348063763,3.605551275463989,18.398072512221177,18.145381372218772,-60.4186515001616,176.99494936611666,0.8738884397736459,0.264992673827245,0.018368083416203357,0.0896290990113649,0.0767364358540741,0.020134865406116444,0.012895434870827976,0.031746683471045416,0.048993305217799675,0.03722271363781084,0.016541361096272123,0.014551976280400735,0.009391464579692633,0.02010175755630675,0.020756272608964527,0.026116101769452563,0.02078696297694246,0.012950600934131746,0.010749548097075,0.009871336264734552,0.006766527077792136,0.007669206976933231,0.012019572828133958,0.010211729690653171,0.013562406856114104,0.012230587352330523,0.0085603289219546,0.007967214233608888,0.005393388365664325,0.006340161992761464,0.004667679892932403,1,0.7446707943454385,0.27479972527362406,7.533867487683892,2.0374456392601132,0.0038490882725454867,0.0017853055614978075,0.002067597582936287,9.155413135886192e-05,1.2745343769697322,0.14066890293916715,0.01257343403995037,0.0021057450212538242,0.0156404972076416,0.002426184481009841,0.005031559421252963,0.00185675490049746,0.0069693501273671524,0.0018847785747087079,0.005592431640252471,0.0018768596928566694,0.0024414435029029846,0.0016174563206732273,0.0024414435029029846,0.0013885709922760725,0.002410429592792654,0.00011271870535691497,0.0036016974253211547,0.00013107411491841144,0.00974670029245317,0.0019684138242155313,410.4903125477768,411.8320002396573,549.0312315334531,548.6021988556364,0.0,0.0,411.7160037002775,548.68177613321,405.0,392.0,550.0,564.0,0.0,0.0,27
8,28,1118,1935,664,574,621,529,642.160107334526,549.6994633273703,1.4525327410268993,1181,0.86427649805892,37.72905791315113,1,0.5777777777777777,0.6884526398303618,53.70354139837864,51.73973328110612,12.806248474865697,5.3627005932121055,5.0,26.026597622120793,27.013796024570897,37.95108601934694,142.8528137423857,0.9466553767993227,0.5317451666096047,0.024195451353110728,0.17062865263056018,0.10709042825563769,0.02000433950562026,0.0066616230925161685,0.018867800227215802,0.04369785372424022,0.033972595567614026,0.005248437582505176,0.0015824132516100394,0.005936424752796249,0.0043548772926240535,0.012345887119029023,0.004572648788407197,0.010681035470930475,0.009496032829872346,0.002759158629907268,0.006045773469787302,0.006636096623286421,0.014446524244182175,0.01077905162958819,0.013177984017537541,0.008760964442080745,0.004104269752919304,0.008540932691845898,0.0063427033641281745,0.002035815073131535,0.0060417149501009754,0.004445608153187755,1,0.6979781915433705,0.22076752875000238,9.132387405261397,2.100312809459865,0.0050049591809511185,0.0017853055614978075,0.001510642934590578,9.155413135886192e-05,1.4616440657417116,0.03243158081813419,0.010559243150055408,0.0023498893715441227,0.024246586486697197,0.0023498893715441227,0.005915069419859072,0.0018709112605932406,0.008168503940305364,0.0018786339977279651,0.006073090713471174,0.0018768596928566694,0.0035858701448887587,0.00158693827688694,0.003479056991636753,0.0013580529484897852,0.0017512762604315376,0.0001334106786444429,0.004385424309022488,0.0001275705745134583,0.010330358054488897,0.0019684138242155313,640.698468331885,642.1300746854204,549.6956161366069,549.6872221092093,0.0,0.0,642.160107334526,549.6994633273703,638.0,659.0,550.0,568.0,0.0,0.0,28
8,29,1070,1728,679,622,652,558,664.6102803738318,589.1579439252337,1.968967140631132,1192,0.9571694320630901,36.910246719124274,1,0.6192129629629629,0.5078804919413029,69.50395857292484,63.788713735268246,9.486832980505138,4.3108890215509765,4.0,19.824558013652695,20.123367988904384,-10.105089706031592,162.71067811865476,0.8976510067114094,0.33400953453653576,0.006351775126081162,0.11983715738318837,0.09021521832707344,0.007026258458240413,0.0037297304760890095,0.04744886644062269,0.05357312788690491,0.042771778042580456,0.004217999615689232,0.00795867434511024,0.0012257990894181078,0.025657279429364663,0.020847494151391786,0.0263078307380865,0.02275301733591292,0.0004079393375300857,0.005100428841632452,0.0044186335844013215,0.0007687004542021546,0.004896362741180286,0.010404467437816908,0.006728058516305865,0.012230466210383798,0.012062651981881714,0.0008526956591448299,0.0013925037651123307,0.0025216794364877402,0.001768068997835331,0.001013112085129142,0,0.7082627716008574,0.263004501350224,6.826031987089664,1.9992370484396815,0.0036926832981407642,0.0017853055614978075,0.0023346305824816227,7.629510946571827e-05,6.167826902961598,0.010785758845809769,0.010254062712192535,0.0022735942620784044,0.01278706081211567,0.00238040741533041,0.004987765997189137,0.0018521443757058029,0.00637946914681277,0.0018684458396632537,0.00588998245075345,0.0018616006709635258,0.002594033721834421,0.0015716792549937963,0.002563515678048134,0.0014496070798486471,0.0018714264349904948,0.00012228331380901889,0.002797313251054521,0.00012995241053912124,0.008812085259705782,0.001937895780429244,665.2960629972025,664.6182872843841,583.0283606687325,589.1507174477179,0.0,0.0,664.6102803738318,589.1579439252337,667.0,672.0,565.0,560.0,0.0,0.0,29
8,30,1389,3360,717,656,677,572,696.2620590352772,613.7386609071274,2.4966086144367514,1512,0.9816905749139317,42.0538907550436,1,0.4133928571428571,0.4005433587857765,97.80210586525527,88.25531145489205,8.94427190999916,4.177726143206164,4.0,17.755266963650392,18.6295979274511,20.257852575548164,208.75230867899734,0.9186507936507936,0.22705478593364245,0.0018237837429339904,0.08255005441406464,0.06718760594868166,0.0018392559226633508,0.001264565838186793,0.03584164589336874,0.04605475124155328,0.03480796387692473,0.0008913341232039773,0.0008633210038838503,0.0012508478719705429,0.025083501855658382,0.024040763744667626,0.027564501816297826,0.02118097559689145,0.0005348804832217443,0.0005450040681605586,0.0007112391806020883,0.0011807285325795185,0.013210277544949365,0.017261612281690233,0.014329726649379086,0.01710438130497365,0.013803831068043188,0.0003974608345319507,0.00065461446251501,0.00036016969940193684,0.0006894343140733963,0.001050716776901513,1,0.913099886616692,0.33646143274381757,8.940215288894251,2.587838558945805,0.004173342720605433,0.0017853055614978075,0.0019760432187467813,7.629510946571827e-05,3.229808117865936,0.011559629626004393,0.008285649120807648,0.0023193713277578354,0.013260089792311192,0.002334630349650979,0.005044750754788353,0.0018589029433360087,0.006436440092796437,0.0018630947148637904,0.005775539902970195,0.0018616006709635258,0.0029297322034835815,0.0015564202331006527,0.002609292743727565,0.0014343480579555035,0.0012628513314163806,0.00013275568304120847,0.00255977145619773,0.00012298106735381952,0.008438238874077797,0.001937895780429244,697.2248450102448,696.2732938665283,616.8216308461048,613.7359399507058,0.0,0.0,696.2620590352772,613.7386609071274,699.0,705.0,620.0,645.0,0.0,0.0,30
8,31,1002,1961,428,650,391,597,409.10878243512974,623.6497005988024,1.7014215003987778,1091,0.9413271846484653,35.71814698195629,1,0.5109637939826619,0.5877438364130351,62.331452170493016,57.14017850864661,9.848857801796104,4.4884362504372115,4.123105625617661,20.12461179749811,21.03657712888635,-28.273139307935,146.36753236814712,0.918423464711274,0.39074610224337913,0.010372374034659532,0.13122905061687992,0.1032764007618852,0.0049828847684160954,0.005508512673548576,0.04023097880314493,0.0594164967616152,0.04319191513477533,0.003109239542113492,0.0011789091534568292,0.0013204092619308533,0.022083593857880238,0.01570731984958673,0.021941881565969167,0.019665235245613536,0.0019996538714838327,0.0026309252105333565,0.003223735000478912,0.0013901655681054625,0.0025750875779468572,0.004150463719302308,0.0015395686745984336,0.003260277921562707,0.009175289783504617,0.0013607456686964617,0.0010660957744085993,0.0013750261736541918,0.004317882305363414,0.001974279262713435,1,0.7080033686943352,0.23442435334436595,8.00247206701897,1.9117112988606095,0.006317235063761473,0.0018158236052840948,0.0017242692410945892,9.155413135886192e-05,0.4632439335204314,0.05022620004298664,0.008514534682035446,0.0023041123058646917,0.01283283717930317,0.0024414435029029846,0.005709704586244639,0.0018905189785835964,0.007986499068881209,0.0019078955078449197,0.008133058436214924,0.0019073777366429567,0.003479056991636753,0.001632715342566371,0.003479056991636753,0.001541161211207509,0.001233465999851349,0.0001234764580346646,0.0020898527262194527,0.0001310724895862406,0.009765774011611938,0.001983672846108675,408.69312527199975,409.0670955588902,623.4451912721637,623.6777162287283,0.0,0.0,409.10878243512974,623.6497005988024,405.0,404.0,627.0,615.0,0.0,0.0,31
8,32,2450,6063,400,740,357,599,374.86857142857144,668.9779591836734,3.8632518417201305,3124,0.9903710306146806,55.85191925620058,1,0.4040903842982022,0.25884929095244935,162.12815268811752,142.772546380598,10.0,4.50298512308687,4.123105625617661,24.17760208162364,22.44478027846412,-10.583412454971937,344.8772003600252,0.7842509603072984,0.1530335991268224,0.00885683413343869,0.05144758873102398,0.04790976969369661,0.011977240280421957,0.004821394913795089,0.01885326006006121,0.033045090491076075,0.02573695249445328,0.01138624952228578,0.009113812682410067,0.0028982678133088672,0.013117172503877754,0.01614634837772708,0.021589357585958376,0.01641428190379888,0.010200728319456521,0.009417916220950479,0.006621658535359839,0.0017935578814082774,0.004611911663608699,0.011972306293935683,0.011111449919544646,0.014963854140476652,0.01136016548025794,0.008983094227819795,0.00826539295532415,0.007387258700707154,0.004736003245502377,0.0011035641222171403,1,1.5858091393020004,0.5590600441209972,17.893202360952273,4.654596779262647,0.004959182348102331,0.0018005645833909512,0.0021515218541026115,9.155413135886192e-05,1.0409197442080893,0.04461599650552917,0.008758679032325745,0.002334630349650979,0.014557107351720333,0.002563515678048134,0.005357463308452704,0.0018887163652736392,0.007303347902429499,0.0018998354201072028,0.007232776377350092,0.001892118714749813,0.0026550698094069958,0.0016021972987800837,0.0026550698094069958,0.0013885709922760725,0.0014384408146796937,0.00013014149851547452,0.002564019724283525,0.0001325005145013361,0.009277485311031342,0.001983672846108675,374.21798502674386,374.85551355728285,668.1654007256907,668.9352967981143,0.0,0.0,374.86857142857144,668.9779591836734,377.0,377.0,651.0,636.0,0.0,0.0,32
8,33,890,1855,130,648,77,613,102.26516853932584,629.4842696629213,1.7825620950372754,963,0.9491114316533505,33.66278649806482,1,0.4797843665768194,0.5609902750563587,60.74437367475252,55.71355310873648,9.219544457292887,4.142375120427744,4.0,18.422164552217822,19.1308606943592,-61.89867681408246,141.19595949289334,0.9241952232606438,0.3644483906248378,0.01983500028064756,0.12490682409372823,0.09625146666336168,0.022179125020291793,0.00934036409865998,0.04094582967047225,0.05398111456946452,0.04368649491156226,0.017094907792568108,0.008918481227487866,0.005864385457503868,0.01618874218197939,0.01792446681816889,0.022683035212681606,0.02239978725684151,0.008244778733560297,0.005482065119252501,0.002789674548781132,0.0038655819022610457,0.002495809674885142,0.0043384474921117095,0.003504418365873434,0.00799513373586877,0.011445773490896961,0.0007422656408911185,0.0016733122440149577,0.0009911279507333393,0.0009418150788418872,0.0024204447185894,1,0.5983215186279267,0.21844815742224455,6.106889536837116,1.6598458834923804,0.0048981462605297565,0.0017853055614978075,0.0017242697067558765,7.629510946571827e-05,0.9792040001493634,0.06579839824808119,0.00862134713679552,0.0025024795904755592,0.01336690317839384,0.0025024795904755592,0.005070521344304464,0.0018512555713749539,0.006861673636895636,0.0018649953747105397,0.00633249431848526,0.0018616006709635258,0.0029755092691630125,0.00158693827688694,0.0029755092691630125,0.0015564202331006527,0.0013668516836090835,0.00012571743676303084,0.0023673795064312934,0.00012016484564496455,0.008529793471097946,0.001937895780429244,102.67441749547217,102.2015940723308,628.5946878702784,629.5012318667377,0.0,0.0,102.26516853932584,629.4842696629213,103.0,104.0,630.0,637.0,0.0,0.0,33
8,34,833,1786,444,666,406,619,424.421368547419,641.343337334934,1.6357286711530032,891,0.9427422293145387,32.56698544176895,1,0.4664053751399776,0.6113483352316087,56.88312650442009,52.69724850502159,8.94427190999916,4.146284585654718,4.123105625617661,18.134631644035807,18.97178815305617,-35.21073918948645,130.8528137423857,0.9349046015712682,0.3819260139590891,0.018304345792599326,0.1329153928845334,0.09800804653759713,0.017860082618283105,0.011243339614417789,0.04126172994427839,0.05609779745930552,0.04232304336804037,0.010124596152028459,0.01147664916884902,0.006395695183871096,0.02006101863085711,0.01440107928061527,0.02206777474760123,0.020593744474998957,0.004113525181742702,0.0036278040628175867,0.005460747457212241,0.0030859882161226667,0.0020379378164973334,0.0039603747882330795,0.0030734316059425858,0.005238770728943717,0.010612263668772031,0.0018385607051748893,0.0009232696333575748,0.0018062331499913808,0.0014013580158066146,0.0009328369430721626,1,0.579507143702358,0.19719233992509544,7.2633250339422375,1.5546349275391549,0.004943923093378544,0.0017853055614978075,0.0031662469264119864,7.629510946571827e-05,0.8973166980339686,0.0270436748273698,0.011337453499436378,0.0022735942620784044,0.019363699480891228,0.0023651483934372663,0.005467048525493944,0.0018603050936329758,0.00871947783186343,0.0018663084364215544,0.007705806056037545,0.0018616006709635258,0.002960250247269869,0.00158693827688694,0.002960250247269869,0.0015259021893143654,0.0022948260808455983,0.00011784444354131973,0.0042468495025937344,0.00013135642251935743,0.011959258466959,0.001937895780429244,423.53143473865583,424.39657253908894,641.2284675278004,641.3541317000874,0.0,0.0,424.421368547419,641.343337334934,424.0,430.0,642.0,626.0,0.0,0.0,34
8,35,782,1127,175,646,126,623,150.34143222506393,634.2046035805627,1.5667863556280244,850,0.9286552924791988,31.554291688816235,1,0.6938775510204082,0.6382491118893897,52.43403509186252,48.662100242385755,9.0,4.189668064336451,4.0,18.519853899333437,19.450083406181967,-79.86605947148496,124.08326112068522,0.92,0.4204701537089939,0.038552426963249294,0.1357238390590434,0.1017208156931176,0.036983060789355565,0.019594280264801547,0.03041524537339896,0.050509145082389156,0.0404009757918451,0.019387288596849482,0.015992394556052524,0.010271387566720493,0.010797110205575186,0.006471414298267808,0.01560010658926122,0.017645142311701344,0.003907217986037648,0.002834852066708179,0.003341342368750092,0.005050342016762709,0.0011598745745947075,0.0005616928376752189,0.0028739636685616594,0.001573323754340636,0.007728915838820708,0.006358359780457163,0.004869641223895095,0.00681627732072703,0.002432423527560494,0.0022014109025229817,1,0.599130243761465,0.20216678106226027,5.482764996122569,1.45098039181903,0.0036469062324613333,0.0017700465396046638,0.002670329064130783,7.629510946571827e-05,5.041242839168068,0.011169475986225535,0.010727092623710632,0.0022583352401852608,0.01597619615495205,0.0023498893715441227,0.005446638579649682,0.0018378798278387298,0.007011208434939346,0.0018554736468274042,0.006027313880622387,0.0018463416490703821,0.002639810787513852,0.0015716792549937963,0.0026245517656207085,0.0015716792549937963,0.0023762385468647476,0.00011658361824061337,0.003554571589868032,0.00011470048691091272,0.010093843098729849,0.001937895780429244,145.30276386083446,150.3525396992323,634.3656951035441,634.2034283310547,0.0,0.0,150.34143222506393,634.2046035805627,138.0,164.0,634.0,631.0,0.0,0.0,35
8,36,773,1540,128,669,84,634,106.56791720569211,652.0310478654593,1.5562922466531912,836,0.9244293441825944,31.372187811504013,1,0.5019480519480519,0.6425528380999787,51.646308069664066,47.20169488482379,8.94427190999916,4.1730232161711,4.123105625617661,18.617122481974516,19.69549327856523,-58.44186300568498,122.95331880577403,0.9246411483253588,0.4417478312748118,0.04802594302872023,0.12842113961282353,0.10788880467931215,0.04328698964501012,0.024115804777673954,0.026022345905157337,0.04557347999295796,0.04074683756903427,0.020638235835082543,0.01788325257731518,0.011254383346975027,0.00815764232850093,0.004582465540009763,0.010717035333974237,0.016164515085712323,0.0030868009210943017,0.0009690458813762789,0.0019916496409788506,0.004214087270701257,0.00025001344913807194,0.0005205561015726387,0.0025143976013899632,0.001989442233437527,0.005975085655745,0.006831969587315233,0.006694677389785423,0.008666808479425631,0.005909561286634018,0.0009060075306712591,0,0.5222858104389161,0.1881284809205681,5.261661771219224,1.438757915282622,0.003830014495179057,0.0017700465396046638,0.0026474404148757458,9.155413135886192e-05,4.497657974102427,0.05574703722485917,0.00962844304740429,0.002288853283971548,0.013107500039041042,0.00238040741533041,0.00517114663800907,0.001862658226936318,0.006806806948537159,0.0018612650909218913,0.006202792515978217,0.0018616006709635258,0.0027924010064452887,0.001541161211207509,0.0025787746999412775,0.001541161211207509,0.002038210044448659,0.00013459726909265313,0.003074155281173246,0.00012762675970282012,0.009765774011611938,0.0019531548023223877,110.12540347853101,106.60348503006713,649.2790997063237,651.9881216260645,0.0,0.0,106.56791720569211,652.0310478654593,118.0,112.0,644.0,647.0,0.0,0.0,36
8,37,1090,2752,362,726,298,683,330.3697247706422,706.2385321100918,2.178769856407636,1307,0.965399933355137,37.253605245148115,1,0.3960755813953488,0.4589745892890238,77.12142181206639,70.49113419430843,8.602325267042627,4.018659741006801,4.0,21.372912903378317,20.111245327020484,-57.68971551087831,172.75230867899737,0.8339709257842387,0.2787853943795245,0.006544785922184345,0.1009818598729818,0.07723120778257377,0.017634626061785865,0.006240789186742162,0.036423900199619295,0.05176253581103208,0.03696415313974867,0.018993814055339796,0.0022015340052314093,0.00801832182549012,0.02208770717907797,0.021167908222358485,0.028294499583462373,0.020168629822584654,0.013251029553243192,0.008902770434605899,0.003899010081704268,0.0070866296319627405,0.0073313602644801724,0.0110979861165006,0.012077990294066036,0.014513867139089082,0.011541540116221709,0.007800726370765748,0.006267780674781006,0.002753911550898414,0.004881649731224247,0.0055045633336037614,1,0.7963683647103608,0.2708018615376204,8.360494495602325,2.0519264510367066,0.004760815063491464,0.0018005645833909512,0.002594033721834421,7.629510946571827e-05,4.0646742106367615,0.09046497318880953,0.010818646289408207,0.0022583352401852608,0.01731899008154869,0.0024109254591166973,0.005492195618692144,0.0018675990450870374,0.007670178436332408,0.0018825013312263363,0.007049668114632368,0.0018768596928566694,0.0030975814443081617,0.0015716792549937963,0.002868696115911007,0.0015259021893143654,0.0020592188545386827,0.00012555184235963645,0.0033053980380954562,0.00012919962962586526,0.010139619931578636,0.0019531548023223877,333.6433305022095,330.44788173090507,703.829158342312,706.1929755415586,0.0,0.0,330.3697247706422,706.2385321100918,340.0,314.0,699.0,720.0,0.0,0.0,37
8,38,2017,7739,811,851,740,742,776.8101140307388,795.0014873574615,3.28456904148036,2347,0.9895028961705579,50.67666289063264,1,0.2606279881121592,0.3044539442986708,137.04698858986168,122.3315167894194,9.433981132056603,4.316968599365963,4.123105625617661,19.910387475178997,19.80507682069986,28.81299866452654,288.5340546095176,0.8593949723050703,0.17146661496173998,0.004953864799405667,0.061490345936951886,0.052512039612466144,0.006047086039444704,0.002777165703618759,0.029354546601839785,0.03529707427009794,0.02850524364949924,0.005400132929621968,0.005629757246955197,0.0016060391345383235,0.022116926120699036,0.019460319953904688,0.022960487451092484,0.018245465623284808,0.003932968733294474,0.005974538957417856,0.004038726093780905,0.0010779746719288858,0.012687315315200802,0.015746854848417053,0.012879282212501373,0.015858908925804622,0.012580672413028359,0.0033272622688971434,0.004392360592473996,0.0051967182805046,0.002615335082542658,0.0008679810117044685,1,1.1083543319255114,0.44313725479878485,11.89736798289232,3.7782101158518344,0.003738460363820195,0.0017853055614978075,0.0020141908898949623,7.629510946571827e-05,0.07227151930368897,0.09191789095261617,0.007995727472007275,0.0024109254591166973,0.011444266885519028,0.0024109254591166973,0.004656950974476938,0.0018619212386503565,0.005898546347492473,0.0018731830024054706,0.005737392231822014,0.0018616006709635258,0.0025787746999412775,0.001541161211207509,0.0025787746999412775,0.0012970168609172106,0.0013209418251544508,0.0001271474256261053,0.0022191881735354694,0.00012577630843622656,0.00781261920928955,0.0019531548023223877,776.8822307365953,776.7783728115345,795.0062152786612,794.9152238444296,0.0,0.0,776.8101140307388,795.0014873574615,774.0,786.0,791.0,795.0,0.0,0.0,38
8,39,1108,1518,281,779,212,757,245.8086642599278,768.2066787003611,2.0870665522337095,1232,0.9666389020927135,37.55994429663814,1,0.7299077733860343,0.47914140492057483,75.41667650911418,68.73136110975832,9.0,4.190512290003655,4.0,19.258471181317937,19.317453257583782,86.03004341594912,170.46803743153546,0.8993506493506493,0.29809545649388025,0.010616926554300537,0.10684629787754493,0.08308692357943698,0.013400798672830994,0.0051485121045683835,0.04025688216081527,0.0534685337240208,0.04003445659900177,0.012250467904427288,0.006050790738597023,0.0035303853233280913,0.027071970509446527,0.019566654681529547,0.02930300555995327,0.021836515729813277,0.009279515552097333,0.0043799816618365715,0.0036778948777916112,0.0024546110868690026,0.00950748407649402,0.010921822407599997,0.010462605596666166,0.014359198036350352,0.012519628584882349,0.005216105367354663,0.0024694945332271808,0.0019406930194654304,0.0019641961319748088,0.0016804097595279719,1,0.8060425859875977,0.28300907905213535,7.805508612189442,2.099778743693605,0.004470893647521734,0.0018005645833909512,0.002304112073034048,9.155413135886192e-05,1.629136912980393,0.14398866001292152,0.01043717097491026,0.0023498893715441227,0.013992522843182087,0.0023498893715441227,0.005338030370778793,0.0018742323116035452,0.007044682862986861,0.0018951071693985605,0.006408789195120335,0.001892118714749813,0.002731364918872714,0.0015716792549937963,0.002731364918872714,0.0014801251236349344,0.0020197440581935515,0.00012153746362555208,0.002885867837742593,0.0001269700261385631,0.00962844304740429,0.001983672846108675,244.30449194839142,245.6648547696735,767.5809369497622,768.2138595586044,0.0,0.0,245.8086642599278,768.2066787003611,236.0,258.0,765.0,760.0,0.0,0.0,39
8,40,2008,3321,298,804,175,777,235.73655378486055,789.6030876494024,3.372619811685127,2450,0.9889799453917686,50.56347501733051,1,0.604637157482686,0.2965054040586777,138.33995265011475,122.494897852931,9.0,4.282163643144498,4.0,22.5646575299051,20.481166969570847,86.45644528312276,291.7228714274745,0.8195918367346938,0.1703875378759218,0.005327771174610143,0.059013342851623046,0.052985416329961815,0.00902556446911415,0.0010399341621859818,0.027699346148918107,0.03425452717541271,0.029198795252199202,0.009672014118738912,0.004492303510026625,0.0003851697997376312,0.019863002447726277,0.018454786259562,0.022725855619881278,0.018894968136023454,0.008795554339503816,0.0066186785464838315,0.0018880221209496152,0.0007654631868202887,0.011627511914844698,0.013185721340624956,0.013279784550644824,0.015720485225161306,0.013162581793217814,0.007700720033385045,0.006329295938897549,0.004183569496846268,0.000467496861221365,0.0008649414359500605,0,1.072419329546392,0.4863508048001677,9.42752740625292,3.7706569000147283,0.003402761882171035,0.0017853055614978075,0.0010376134887337685,7.629510946571827e-05,2.0049058359679206,0.135275279614493,0.007568474858999252,0.0023956664372235537,0.008453498594462872,0.0023956664372235537,0.004140615171993791,0.0018778023351357827,0.004694983768054243,0.0018778171812822353,0.0042114900425076485,0.0018616006709635258,0.0024414435029029846,0.0015564202331006527,0.0024414435029029846,0.0013733119703829288,0.0012101862421265979,0.00011674570278243608,0.0014836368389339217,0.00012783681940765754,0.006042572669684887,0.0019531548023223877,233.99619635261922,235.8717332362106,788.6076965608645,789.6081785439683,0.0,0.0,235.73655378486055,789.6030876494024,244.0,231.0,785.0,794.0,0.0,0.0,40
8,41,1034,1452,177,852,155,786,165.51547388781432,818.8568665377176,1.9902246084190327,1141,0.9642326290449281,36.2840142384516,1,0.7121212121212122,0.5024558513495451,71.59043049955636,65.49045732013177,8.94427190999916,4.171809482886899,4.0,18.607195456926796,18.975574965344276,-5.816367637922104,160.81118318204307,0.9062226117440841,0.3069549287144224,0.005877057042686702,0.11044540147009872,0.08519743789294787,0.009107370747876976,0.001728498199790434,0.04374391177378211,0.05338952252277835,0.04150122125291193,0.009603548804278004,0.0012891298314010023,0.001222171231102413,0.024948281445815578,0.022954738176686956,0.027425398062355767,0.0234236922921994,0.006747546727631199,0.0035205494207042973,0.0011301981047115628,0.0006064982657633081,0.010093535439262044,0.0102388069145447,0.01129872831760295,0.01284387147653748,0.014077509514576588,0.0035659980691111967,0.0017417386905622272,0.0010476002216411868,0.0016007775179370765,0.00023452250495581642,1,0.8544136814307421,0.26602578768506646,9.354940206045285,1.9505912866443396,0.00555428396910429,0.0018005645833909512,0.00317387655377388,7.629510946571827e-05,0.7958598642674135,0.027397170180449952,0.012497139163315296,0.002121004043146968,0.02037079446017742,0.0024414435029029846,0.005974920849166029,0.0018603201936018634,0.009047330953622132,0.0018864519213194772,0.008468757383525372,0.0018768596928566694,0.002990768291056156,0.0015259021893143654,0.002944991225376725,0.0015259021893143654,0.0022448220875445645,0.00011637021737443044,0.004106119477919526,0.00012309297743025757,0.01190203707665205,0.0019684138242155313,165.61634936897042,165.52361693472682,818.0674255577493,818.8307074910821,0.0,0.0,165.51547388781432,818.8568665377176,165.0,168.0,820.0,816.0,0.0,0.0,41
8,42,248,406,189,826,175,797,180.45564516129033,808.8709677419355,1.7986836652494262,289,0.9382753542795487,17.769732893161912,1,0.6108374384236454,0.5559621290391429,32.113662522078876,29.410882339705484,5.0990195135927845,2.34045028960264,2.0,12.123845465279546,11.107770007886371,-11.64227636476556,74.8700576850888,0.8581314878892734,0.3650444012651103,0.07327075749948708,0.09198601601149917,0.09156276167679218,0.04664916930971129,0.041143400450776565,0.025448398699445776,0.03529214974236228,0.025380861748156115,0.029621828704911167,0.027154319409980397,0.018809078306160274,0.011140400499169738,0.007014759523121564,0.009177914695664282,0.015438926891382673,0.015991843551532867,0.009369086677028883,0.009879071492887793,0.0037162099828540037,0.00032738518178091,0.0017090239783099143,0.007867483334584572,0.010307309555716578,0.016364223896960885,0.0023351834490050213,0.0047924837706889555,0.0010771991085596875,0.0017683454543616578,0.0031294711167646765,0,0.32410163315944374,0.12446784158237278,1.0972610283643007,0.46204318292438984,0.003830014495179057,0.0017700465396046638,0.0005493247881531715,7.629510946571827e-05,0.9204208133120287,0.012204993459194107,0.006729228887706995,0.002121004043146968,0.006729228887706995,0.0025329976342618465,0.004837337808349907,0.0018577289788413848,0.0044244396305012125,0.0018630773505015719,0.00440985755994916,0.0018463416490703821,0.0031891355756670237,0.0016479743644595146,0.0030518043786287308,0.00158693827688694,0.0008506226719584636,0.0001129131698214746,0.0007338420921480529,0.00012683861603262096,0.004928664304316044,0.001937895780429244,180.14316704687022,180.46588507265523,809.7367228467928,808.8776089828269,0.0,0.0,180.45564516129033,808.8709677419355,176.0,185.0,813.0,804.0,0.0,0.0,42
8,43,933,1682,484,855,455,797,468.09003215434086,825.128617363344,1.8566189672553384,1043,0.9497882639845324,34.46639660942099,1,0.5546967895362663,0.5386134783909441,62.57184853249224,58.249463516842795,9.055385138137417,4.207112180878187,4.0,19.55242816840914,19.57831581527079,-14.963376474151687,147.53910524340094,0.8945349952061361,0.35011273069198556,0.02339002391939235,0.1252109038604143,0.08956455100818547,0.027547135841807534,0.010606253792999133,0.03593158782326019,0.05572537629133951,0.039419609564020956,0.01899975271395185,0.01457773377252718,0.005229724622828494,0.020547827454863016,0.01322671216482211,0.025217032045220147,0.019924009462819758,0.008798053494691335,0.009163171649824785,0.005811753325905083,0.0028117456550034482,0.0031892909365666923,0.004809060495465722,0.003297954557591737,0.009409386083744293,0.010752838706822672,0.0007680768746284995,0.001663023679636974,0.0011997363586454305,0.0013223811005018348,0.0016369172938301157,1,0.658152140211314,0.2362249179277569,7.576134979259223,1.7633020519278944,0.004013122990727425,0.0018005645833909512,0.0030212863348424435,9.155413135886192e-05,1.04946924095199,0.13519725081365386,0.011306934989988804,0.0021362630650401115,0.01876859739422798,0.002471961546689272,0.005223429684216778,0.0018748009359345786,0.008120187544758009,0.0018899271724843454,0.006622415501624346,0.0018768596928566694,0.0027008468750864267,0.0016021972987800837,0.0027008468750864267,0.0013427939265966415,0.0022449082039678846,0.00012007816843966823,0.004463353848111853,0.000126756620286535,0.011715114116668701,0.0019684138242155313,467.42920270498513,468.1206666782049,824.3133320595585,824.9969366032642,0.0,0.0,468.09003215434086,825.128617363344,467.0,474.0,825.0,805.0,0.0,0.0,43
8,44,1040,1820,203,863,175,798,187.82115384615383,829.8076923076923,2.0257642696877998,1160,0.9636207425090031,36.38913473173784,1,0.5714285714285714,0.4936408519803318,71.52835257753296,65.73431371817918,9.055385138137417,4.149515402244054,4.0,18.975065606055182,19.117625221564108,-13.522673962984754,162.71067811865476,0.896551724137931,0.30644969371084685,0.01575573409000472,0.11044256456589213,0.08344741803754016,0.019302272607477546,0.00831270341118427,0.03886327942230976,0.053639508946653244,0.03960580457622841,0.015778056033503955,0.009660116318322233,0.005611574732513235,0.02236035070712354,0.020241522611224694,0.02709948878188058,0.02184687516430238,0.010238744284798703,0.0083086813188518,0.004614799116045589,0.00410270114232138,0.008759554750068734,0.008421117944341172,0.009169387824080298,0.01271057733393871,0.012847886713897137,0.004456619312082975,0.004996980765902085,0.0026889471159515454,0.001963272422514117,0.0030305393515286327,0,0.5949187553487718,0.263111314503476,5.1833219768013805,1.9543297470081598,0.003997863736003637,0.0018005645833909512,0.0009155413135886192,7.629510946571827e-05,1.0469050901296493,0.04142284143175718,0.006118868011981249,0.002288853283971548,0.00781261920928955,0.002471961546689272,0.004189568699639238,0.0018528965810103945,0.004983963439232097,0.0018791632182770766,0.00509651331230998,0.0018616006709635258,0.0027618829626590014,0.0015564202331006527,0.0027008468750864267,0.0015564202331006527,0.0008030218690962151,0.000118906767816472,0.0011547434001646958,0.00012597430980244118,0.00588998245075345,0.0019531548023223877,187.83224066895414,187.81568119178306,828.7608459244537,829.766632572593,0.0,0.0,187.82115384615383,829.8076923076923,186.0,186.0,833.0,849.0,0.0,0.0,44
8,45,828,1344,683,880,659,824,669.2173913043479,850.8200483091788,1.845393969650739,933,0.9547963250257693,32.46909827883606,1,0.6160714285714286,0.5418897083473514,61.22454636160882,55.90169943749474,8.06225774829855,3.883494076620364,3.605551275463989,17.97070276497901,18.19965706475882,-10.576574919552922,138.5685424949238,0.887459807073955,0.33735754977302873,0.023027552681692876,0.11400455688955961,0.0907563325317203,0.0296991793546838,0.007940184784193756,0.03352397081770602,0.05326161325327514,0.041883185641718744,0.02363214259673422,0.012629926322006239,0.0030909080296258867,0.016255626690527627,0.015402407624748565,0.025047152054572048,0.02209883258401061,0.013606676620242572,0.009210039263422948,0.00467637350343084,0.0009319836792518816,0.002784567660392867,0.004823416696970108,0.005687511159184668,0.00954562357586976,0.01237424356607519,0.004504581184095318,0.0031152563728484104,0.001644495147564145,0.0010106029442360361,0.0003694091911562985,1,0.6501716773491353,0.22963302046991885,6.173357839463279,1.572396429022774,0.0053101396188139915,0.0018158236052840948,0.0020599677227437496,7.629510946571827e-05,2.0011057030179,0.04102542194512632,0.00941481627523899,0.002197299152612686,0.013031205162405968,0.0023498893715441227,0.005329276043845371,0.0018822378727042528,0.007455746182926665,0.0018990295036506934,0.00747692072764039,0.001892118714749813,0.002639810787513852,0.0016479743644595146,0.002639810787513852,0.0014190890360623598,0.0016253939090636507,0.00011483675458743074,0.002516070030128469,0.00012924141092931634,0.009445334784686565,0.001983672846108675,668.8736513575624,669.2403369336322,848.848686626576,850.8540568866633,0.0,0.0,669.2173913043479,850.8200483091788,669.0,666.0,847.0,847.0,0.0,0.0,45
9,1,858,1377,850,128,823,77,835.1072261072261,102.48484848484848,1.6419410807060253,933,0.9345746526107236,33.05207299675423,1,0.6230936819172114,0.6090352520871247,56.29119162670328,52.20153254455275,9.433981132056603,4.270445541852449,4.061552812808831,19.534338816891154,20.026553150524254,17.14751848383091,133.0538238691624,0.9196141479099679,0.400895240140466,0.009584012870108821,0.13784980146315404,0.10170513263038264,0.015214429377669121,0.0035607826545096507,0.03651348400255103,0.059441916311739625,0.04210614746868306,0.012123222417119942,0.002305396342391202,0.0045360510403888304,0.015806350469254583,0.014345817158471429,0.020195647810881633,0.01983494131082703,0.004703157063333749,0.0027855435180143095,0.0025963323544633005,0.003484072611372609,0.000977138045931857,0.001917230563991602,0.0023728918355115296,0.0029047502997064318,0.009770996013405513,0.0012139304678208975,0.0021709506374877167,0.0011900376391326647,0.0018561301524688668,0.0021822590333134538,1,0.6213168606627733,0.21149004343897104,7.7739834655076265,1.6267490650061518,0.00508125452324748,0.0018005645833909512,0.0034485389478504658,9.155413135886192e-05,2.3126226413649746,0.06539427663297658,0.010376134887337685,0.0021820401307195425,0.02088960073888302,0.002471961546689272,0.0054501479005506425,0.0018551758196400968,0.009060586789635929,0.0018959779312426011,0.008117799647152424,0.001892118714749813,0.0030060273129493,0.0016174563206732273,0.0028381780721247196,0.0012970168609172106,0.001927139136658262,0.0001246368374149274,0.004500602147248307,0.00013145738260898738,0.012306401040405035,0.001983672846108675,835.3474938621848,835.1042125899314,104.78495606652396,102.4195236799895,0.0,0.0,835.1072261072261,102.48484848484848,835.0,831.0,108.0,83.0,0.0,0.0,1
9,2,1552,4884,749,214,675,148,707.5444587628866,176.55992268041237,2.5830969654051215,2082,0.9702859278338989,44.45298385293132,1,0.3177723177723178,0.3871321957296963,102.47174376847873,91.54780172128658,9.433981132056603,4.3216735610831325,4.123105625617661,27.092761009447603,24.794185229037055,-49.86029789670326,224.45079348883237,0.7454370797310279,0.2357794742189443,0.030636756352347742,0.07146772656899049,0.06572567940129197,0.040158972285733015,0.011938328421640616,0.008297384338843514,0.03709238358976793,0.03276685646563942,0.03228149949619029,0.022493877444814892,0.005311125637615726,0.0011008012489941803,0.0035029796291394686,0.021610412609110844,0.019505085337375383,0.019709010834924292,0.020963894129902606,0.01098260534430105,0.0027059887870855928,0.009359336898230044,0.004356613406024927,0.0016235860235254485,0.013726059753762072,0.012442125558969555,0.00926152745887916,0.012188504114638047,0.010511734284086935,0.005243398456896394,0.0014950749137597667,1,0.8448004992678761,0.3526970320381224,9.511162070324644,2.9172808416187763,0.0033722438383847475,0.0018005645833909512,0.0011291676200926304,7.629510946571827e-05,2.5823410030848946,0.0263525261784075,0.010467689484357834,0.002243076218292117,0.016815442591905594,0.0024567025247961283,0.004493619676956788,0.0018760480427559704,0.006128326076240106,0.001879691263929624,0.004150453954935074,0.0018768596928566694,0.002639810787513852,0.0016021972987800837,0.002426184481009841,0.0015106431674212217,0.0018652924068364425,0.00011587555288628113,0.0035158171404858387,0.00012258148168205234,0.008758679032325745,0.0019531548023223877,705.1656853444906,707.5618618712863,175.55497388562426,176.54013411164115,0.0,0.0,707.5444587628866,176.55992268041237,701.0,720.0,175.0,163.0,0.0,0.0,2
9,3,937,2208,895,219,849,171,872.9594450373532,196.059765208111,1.8522568546817137,1022,0.9478721923351824,34.54020054106298,1,0.42436594202898553,0.5398819269975583,62.47289298195074,58.728187440104094,9.848857801796104,4.162200178705444,4.0,19.596359286798588,19.907034842714836,-42.47332935553981,147.6812408671319,0.9168297455968689,0.34590474149517175,0.02950210879285625,0.12528846894015128,0.08542807446975961,0.03615374419761229,0.010839360861272396,0.03927955375046988,0.04743185354175283,0.04042674173975792,0.025055837508527395,0.016432455608220542,0.00472940493687374,0.014353271691409649,0.012604270464174078,0.0226935189383556,0.022320865433595703,0.009973008842184005,0.010980785307825825,0.006546603344603906,0.002176065809664784,3.2842738312097935e-07,0.0029711400062784822,0.0038258594609705127,0.010886880018380778,0.012788315002473993,0.001559783864029381,0.0019716748329186963,0.002400642165914712,0.002164022432408296,0.001008142418970054,1,0.513115135487169,0.22813763632439077,5.558877018978819,1.7657587544526905,0.003830014495179057,0.0017891203169710934,0.0018692302983254194,9.155413135886192e-05,1.3422570463984878,0.010721725256460151,0.0073701078072190285,0.002288853283971548,0.011841000989079475,0.0025024795904755592,0.004205861766288271,0.0018699806256097604,0.005932632891119337,0.0018844810613155715,0.005592431640252471,0.0018768596928566694,0.0027924010064452887,0.0015564202331006527,0.002426184481009841,0.0015259021893143654,0.0012754353001186104,0.00012684280764534698,0.002273148753310604,0.000126449908893232,0.007797360420227051,0.0019684138242155313,873.6134954540732,872.9701086252041,194.88764233443487,196.06088023574347,0.0,0.0,872.9594450373532,196.059765208111,872.0,879.0,197.0,195.0,0.0,0.0,3
9,4,1174,2701,730,341,657,304,692.6422487223168,320.3977853492334,2.299023514037285,1395,0.973436747191556,38.66242653428625,1,0.4346538319141059,0.4349672780179238,83.62213394734947,75.8946638440411,8.48528137423857,4.070569003319503,4.0,19.874694212277728,19.145798299576928,-70.29602006668439,184.16652224137044,0.8415770609318997,0.25951097665261824,0.004790266849012307,0.0935529579743546,0.07455108919927066,0.011496104194795057,0.0031405285107276642,0.03543042433131366,0.051373660085997856,0.03650407810589427,0.011682524609648805,0.003318182898930381,0.004593775162934674,0.027750389843343694,0.02027284521496878,0.03009970923829057,0.02036358545820889,0.00828295015274187,0.007518485188177302,0.0011917074289937105,0.004322274491035953,0.013060766883817592,0.013285815715704231,0.012761680647936294,0.0163566967075541,0.012086421664426791,0.005674432358442747,0.004951102799749903,0.0036448027813313797,0.002626548971064226,0.0035364874122530243,0,0.6306401232723147,0.28880750737152994,5.40445571183227,2.193652246380225,0.0032806897070258856,0.0017853055614978075,0.001174944918602705,7.629510946571827e-05,5.304248941538927,0.00917267268967917,0.006454566493630409,0.0021362630650401115,0.009185931645333767,0.0023041123058646917,0.004042564892771248,0.0018513301754585253,0.004603454609737879,0.001868528318892866,0.004348821472376585,0.0018616006709635258,0.0023956664372235537,0.00158693827688694,0.0023956664372235537,0.0014496070798486471,0.0010809454024146752,0.0001174886689582287,0.001419546455441478,0.00012346070621008728,0.005859464406967163,0.0019531548023223877,697.5183678502666,692.6335584755253,318.31007869267,320.3948497854077,0.0,0.0,692.6422487223168,320.3977853492334,704.0,692.0,312.0,324.0,0.0,0.0,4
9,5,782,1175,795,331,748,306,771.0191815856778,317.1304347826087,1.549502822920563,838,0.9201606062603772,31.554291688816235,1,0.6655319148936171,0.6453682982746435,50.882093009956264,47.29693436154187,9.433981132056603,4.24089278115802,4.0,19.10644340988874,19.922432337147754,-76.19298384814856,123.39696961966999,0.9331742243436754,0.4450931265010715,0.011871045953437747,0.14741041102265984,0.10875019269567784,0.006841029728023112,0.011560846464520389,0.03743602196384005,0.05588420054961334,0.04163847705555425,0.0015482348573813813,0.007084219922776409,0.006595855223336071,0.014695626465022236,0.006542059948342561,0.014875032760773507,0.01700199013489674,0.002406790773167144,0.002478372170259767,0.0031552415262884447,0.002958610813814153,0.0061975943732985265,0.003843772737707035,0.005725004135196917,0.003158488418071067,0.007352588825722575,0.0005308605229392869,0.003388354390160808,0.0027016761545069342,0.0027822345113310554,0.0015059925846845907,0,0.5265278182923794,0.1973907072097063,5.608789267018437,1.4834058133419603,0.004257267341017723,0.0018005645833909512,0.0018310826271772385,7.629510946571827e-05,1.2589222564700069,0.04084208561259922,0.012512397952377796,0.0021362630650401115,0.01889066956937313,0.0024414435029029846,0.004967243568796032,0.0018621764831104367,0.007172364791583679,0.0018969383802326858,0.0057068741880357265,0.001892118714749813,0.0027924010064452887,0.00158693827688694,0.0027924010064452887,0.0015716792549937963,0.0020937767075444,0.00011383982352652991,0.0037236001606946664,0.00012725849271234734,0.00951400026679039,0.0019684138242155313,770.0698312126519,771.0513192408579,316.30362215748056,317.1052306742787,0.0,0.0,771.0191815856778,317.1304347826087,770.0,784.0,314.0,322.0,0.0,0.0,5
9,6,1631,4464,788,381,726,309,754.3077866339669,346.4003678724709,2.1538720281747046,1905,0.9689908359970629,45.57031596843553,1,0.36536738351254483,0.46428013685077124,95.43091851262275,87.45856161634491,10.63014581273465,4.8389518767134225,4.47213595499958,24.809498905763014,23.58066129675754,40.63973523909863,210.10764773832474,0.8561679790026246,0.27116057241124075,0.02479673763056803,0.09580570735860498,0.07329973832860351,0.03108377601450791,0.01213930734813423,0.02552295205098353,0.04954492600481507,0.033953614820919104,0.02440129733380805,0.02026469872432,0.0061616661188764995,0.018460063576462314,0.012641202375155793,0.026460009854957296,0.018472484655621874,0.01583167857124135,0.01720291589932521,0.010624232556298742,0.0032459431817452034,0.00434097693470125,0.007165566351988505,0.00438589900487793,0.014500764426226494,0.010803939449811029,0.00862920847296404,0.010382858017058415,0.007851137834768344,0.005031219639475677,0.0016531082336600528,1,0.7178606959059834,0.3164110779762268,8.261570280883461,3.055664911167696,0.0034485389478504658,0.0017853055614978075,0.001525902422145009,7.629510946571827e-05,5.935869110947564,0.03943109494815931,0.0064850845374166965,0.002121004043146968,0.00883497390896082,0.0025329976342618465,0.004173608697127811,0.0018395992905594581,0.005065340454251049,0.0018734916684044734,0.00508125452324748,0.0018616006709635258,0.0024872205685824156,0.0014801251236349344,0.0024872205685824156,0.0013275349047034979,0.0009265855518634301,0.00011773926698014182,0.0016070325217622152,0.0001245316326219875,0.006443122052587569,0.0019531548023223877,750.3614758073376,754.288515028489,341.96627574871775,346.3659670516796,0.0,0.0,754.3077866339669,346.4003678724709,742.0,760.0,331.0,362.0,0.0,0.0,6
9,7,384,736,991,385,959,362,975.4114583333334,373.8619791666667,1.6598944542085292,429,0.9241801187323897,22.111625566165472,1,0.5217391304347826,0.6024479432801165,36.48702309828802,34.132096331752024,6.708203932499369,2.98421802173689,2.8284271247461903,12.96919426949878,13.936471889384622,-63.21954853437084,89.49747468305833,0.8951048951048951,0.419677240496397,0.05098021307409541,0.13251503997576694,0.09621377932976043,0.049350631792203475,0.023108599345982927,0.026011790791202725,0.04318342526017133,0.03784657939667229,0.02068404003649616,0.02438157797376442,0.008304112350812205,0.010150384860292457,0.001825349028961859,0.012839122673915938,0.017681850463928166,0.0020203269157522507,0.002991773639305157,0.00830918336456856,0.0012801955806433438,0.0023468005197393458,0.0019942974627511646,0.0036294396458280338,0.0014107423647755257,0.010722774579113109,0.007811426076623407,0.007895260569099007,0.003261763252030551,0.003788709709752744,0.002624552646446275,1,2.033066305331886,0.18065156019292772,18.595315503887832,0.9647211411502212,0.018493935465812683,0.0023041123058646917,0.02319371234625578,0.0001983672846108675,4.346862442193334,0.6783790868086678,0.08111695945262909,0.0029755092691630125,0.1293354630470276,0.0035400930792093277,0.027107550737758477,0.002408687469239036,0.04842530079137456,0.0025122946384120346,0.03839169815182686,0.0025024795904755592,0.009918364696204662,0.001983672846108675,0.009918364696204662,0.0019073777366429567,0.017554759785294253,0.0002410692806826172,0.033563511200453665,0.00028785201544345604,0.07479972392320633,0.0027008468750864267,979.2606511614008,976.0567356816349,371.84234363922485,373.6526580516584,0.0,0.0,975.4114583333334,373.8619791666667,981.0,985.0,372.0,372.0,0.0,0.0,7
9,8,1936,8280,729,472,637,382,683.8631198347107,428.03512396694214,3.3585698038625402,2321,0.989715618084472,49.64868335220255,1,0.23381642512077294,0.29774578418764586,136.95095168230625,120.28299963003916,8.94427190999916,4.19207735632872,4.123105625617661,20.895964161529193,19.59068659587437,-46.60424399686381,285.84776310850236,0.8341232227488151,0.1703754325827533,0.0038180827331978128,0.057511591593018885,0.054001672709721574,0.005571299063638533,0.0017405730675716976,0.025442362324234916,0.03602331015594559,0.029350088433872094,0.004333476518505371,0.005648966509167404,0.0002662285219526088,0.018508244549608404,0.02018490941034899,0.023190155131546326,0.01883044292418046,0.0030034377622255924,0.0061288547732476625,0.0036788900982409147,0.0005386443755084767,0.01116977524592365,0.015255496247254793,0.013606405307820615,0.015816002609819323,0.013009752595912975,0.0020043393586921623,0.005002334330510446,0.004948517338545944,0.0021190996335658067,0.0009033651980154562,1,1.185442907968536,0.4328374150209129,12.395254590315744,3.6600900273770094,0.00379949645139277,0.0018005645833909512,0.0012970170937478542,7.629510946571827e-05,3.7385399739242686,0.038611649498253846,0.012069886550307274,0.002243076218292117,0.01577782817184925,0.002471961546689272,0.005109667706760931,0.0018656785130211763,0.006402507536320116,0.0018905423695129181,0.004806592129170895,0.0018768596928566694,0.002777141984552145,0.001541161211207509,0.0027008468750864267,0.0014801251236349344,0.0021514291982459386,0.00012946713751269657,0.0033001316452688093,0.0001288482727410321,0.008926527574658394,0.0019684138242155313,680.9200391975304,683.8969916285895,430.340543126159,428.0165885668545,0.0,0.0,683.8631198347107,428.03512396694214,675.0,653.0,434.0,455.0,0.0,0.0,8
9,9,679,1292,738,443,704,405,720.9896907216495,423.7967599410898,1.5134909668104999,723,0.9232336957384648,29.40288507740653,1,0.5255417956656346,0.6607241284745687,47.74292672168343,45.34313619501854,8.94427190999916,3.9960696831821814,3.605551275463989,17.78588872780435,18.344690316038083,-37.64114199756203,113.63961030678928,0.9391424619640387,0.42049107532839275,0.02356509782254157,0.1503476739886405,0.09801845009146146,0.02265601434875035,0.012095042626496999,0.03368990573125424,0.05743508469446842,0.03855312378003584,0.011676148218304401,0.00982827368682599,0.006880326767116028,0.0122612499831397,0.007747839163060876,0.01821200416062764,0.017740754879208433,0.002154337458087992,0.0006703050492339057,0.0023720967623032775,0.004294768022445231,0.0030156992456384243,0.0032397110527846045,0.005151336079376382,0.0024165739216800305,0.008925764192063501,0.005122750538021522,0.004555793304587959,0.005323926546752231,0.0011853892654602135,0.0027526564722647725,0,0.5298085077665746,0.17680628667585552,6.245151526294649,1.2758831155952066,0.005012588924728334,0.0017967498279176652,0.003128099488094449,8.39246204122901e-05,1.178337108701229,0.030375187825274246,0.013290608301758766,0.002151522086933255,0.022552834823727608,0.00238040741533041,0.005576931660700785,0.0018611188071142686,0.009197572203674004,0.0018790620259134117,0.007614252157509327,0.0018768596928566694,0.0031891355756670237,0.0016021972987800837,0.0031586175318807364,0.0015716792549937963,0.0024295071463895533,0.00011240231026283287,0.004898141083645686,0.00012637821883070477,0.01269550621509552,0.0019569695577956736,719.8866192986143,720.961753273934,424.2111411392944,423.8086826526341,0.0,0.0,720.9896907216495,423.7967599410898,719.0,723.0,424.0,427.0,0.0,0.0,9
9,10,975,2120,790,456,737,416,762.2789743589743,436.4215384615385,1.7883481119770606,1090,0.951444088960602,35.233628199729644,1,0.45990566037735847,0.5591752485451373,64.71681634698778,59.64059020499378,9.219544457292887,4.26429962830986,4.123105625617661,19.893835876531025,19.921234812133772,59.606210548163254,148.0243866176395,0.8944954128440367,0.34900437338115936,0.005570550275108391,0.12388592314150754,0.09291253797930822,0.012206376167462724,0.0033851521070912137,0.03994641083226324,0.05860531261722498,0.041453416665566685,0.0124041238828843,0.00101537943390889,0.0033487317877537153,0.024515492000516812,0.017362179253858245,0.0273140357147901,0.02065141610921673,0.0074440571602303884,0.0027025776159841385,0.002410964741791468,0.002228031194628614,0.004478035708247309,0.007695184624505617,0.005295755240194397,0.009726608795264872,0.01073099666380145,0.0018831935850207608,0.001527892151367102,0.0010274255117049401,0.0011442560867011512,0.0012463344519929817,1,0.6026550782844424,0.2303807125426829,6.839078437304124,1.8189669637940824,0.0038605325389653444,0.0017853055614978075,0.0013885712251067162,7.629510946571827e-05,1.4997536325048846,0.016501454510972707,0.010727092623710632,0.002243076218292117,0.01915007270872593,0.0023498893715441227,0.0048601215990680844,0.0018579089721184104,0.007014439422876025,0.001865607142352905,0.004928664304316044,0.0018616006709635258,0.0031433585099875927,0.001541161211207509,0.0028076600283384323,0.0014190890360623598,0.001779138418970083,0.00011775612751004678,0.00412325414477649,0.00012203772361857897,0.009544518077746034,0.001937895780429244,760.8883062822873,762.264793718437,435.8600197541963,436.41310001174435,0.0,0.0,762.2789743589743,436.4215384615385,760.0,766.0,437.0,441.0,0.0,0.0,10
9,11,317,672,711,445,683,421,696.5331230283912,433.57413249211356,1.789317817600145,378,0.9071299545049261,20.090219901261573,1,0.47172619047619047,0.5588722082593535,32.32602367064278,33.301651610693426,6.708203932499369,2.732431358396028,2.23606797749979,14.588235294117647,13.604427153295306,-52.0587097685996,84.42640687119285,0.8386243386243386,0.36394674092069124,0.0344143416247915,0.1556018210642567,0.06969292385886965,0.034523907896950014,0.006375039230134917,0.04956123502181147,0.036415323277351884,0.037155584156999544,0.019424834429788644,0.0011133412112688936,0.006177396668883951,0.005350836083539479,0.009887919729836402,0.025489278249953604,0.021072308648571337,0.0027954101139341034,0.007851886467313426,0.008439623010264958,0.003951377462776896,0.008712217960143343,0.005513090112776928,0.010297068641785789,0.011534556733511786,0.01342622655107711,0.01018820064434232,0.007125469395042729,0.0075112342847662985,0.004944943827740218,0.0027076424139388824,0,0.45972382090985775,0.13373006787151098,1.7522698142565787,0.5890592811629176,0.0045014116913080215,0.0017853055614978075,0.0006561377085745335,7.629510946571827e-05,0.838783485534463,0.028413047075283058,0.012191958725452423,0.002166781108826399,0.012191958725452423,0.002288853283971548,0.006385053068192469,0.001857362053770986,0.005527665029200564,0.0018582311708609388,0.005065995268523693,0.0018616006709635258,0.004013122990727425,0.001632715342566371,0.0035400930792093277,0.0016021972987800837,0.0021665272194700777,0.00012039762104683534,0.0015802765441966587,0.00011969195205789766,0.0059739070711657405,0.001937895780429244,696.195724315954,696.5092736503989,434.34206467951753,433.5895762097192,0.0,0.0,696.5331230283912,433.57413249211356,689.0,689.0,444.0,436.0,0.0,0.0,11
9,12,2369,11424,744,550,648,431,694.8201772899957,490.1802448290418,3.7217584169187825,2986,0.9920975815082645,54.9208929413716,1,0.20737044817927172,0.2686901964012734,163.7145175929605,144.80676779764127,8.94427190999916,4.29432342647621,4.242640687119285,22.504492618285866,20.541043834997158,-39.52936405919951,332.8599564173221,0.7933690555927663,0.1438458906708761,0.002116984093901087,0.050404904391827834,0.04521096140313731,0.003752622036007296,0.0004973644272746188,0.025059313694170422,0.029739790491554712,0.025227182705032263,0.005615304542269335,0.0005039350326217717,0.0007660951363871458,0.019382721170029604,0.01661797114003195,0.020485526452355695,0.01649766519082394,0.006239707051560981,0.0014805332559619509,0.0012697805817151297,0.0011094773795729395,0.010232439985155287,0.014590558975052615,0.01180057401541019,0.014960773645909581,0.011573238516790298,0.005447456977386153,0.0036862444805666004,0.0014111384967432329,0.0009398912248059098,0.0013180386352346384,0,1.1394064410123974,0.5037766078021377,11.092836082912982,4.467231249436736,0.003784237429499626,0.0018005645833909512,0.0008163577876985073,9.155413135886192e-05,0.3536057831275287,0.0438775667619043,0.0065766386687755585,0.0023041123058646917,0.007537956815212965,0.002471961546689272,0.0042674398539790164,0.0018868037745398416,0.004682497291225404,0.0018857033556085843,0.004448004998266697,0.0018768596928566694,0.0027924010064452887,0.001541161211207509,0.002594033721834421,0.0013580529484897852,0.0008026085248616392,0.00013401327395316323,0.0010363353328918807,0.00012736370443075108,0.005584802012890577,0.0019684138242155313,694.9877064764693,694.8540408525755,489.86884312458153,490.1523432162864,0.0,0.0,694.8201772899957,490.1802448290418,709.0,690.0,474.0,494.0,0.0,0.0,12
9,13,2466,8658,821,508,704,434,764.9890510948906,474.38280616382804,3.1069665705525193,3252,0.9839819342534276,56.033996085563196,1,0.28482328482328484,0.32185734133025046,148.40146735049674,131.36970731489052,10.44030650891055,4.834488085267516,5.0,29.369597348408494,26.455263265941444,-63.94708166135407,310.2914139223983,0.7583025830258303,0.1819335216894722,0.01662228975802392,0.059124067890616534,0.05476316777820512,0.021834158301871184,0.00861675008522935,0.017161027380338017,0.0358088731850453,0.028274944523571086,0.020151228046058355,0.015280386880608341,0.0050893659165635015,0.011163284083916954,0.01237788878752604,0.022475910692851715,0.017316171972592005,0.016152312774597256,0.015339380166295605,0.010196200947939561,0.00321027622027772,0.0006648063024002989,0.006582009251771637,0.008696765388105904,0.014566882365528921,0.01156402819674661,0.012236289371832245,0.012164213304641123,0.01082376002533534,0.006666493892482935,0.002100110059304039,1,1.1614099491853267,0.4880750742740929,12.72523100906983,4.63694209093228,0.004058899823576212,0.0018005645833909512,0.001083390787243843,7.629510946571827e-05,2.545914636686159,0.10538585758278837,0.007446402683854103,0.0023956664372235537,0.008636606857180595,0.0023956664372235537,0.004449846548602784,0.0018700194416631912,0.005160272104245673,0.0018803495908078993,0.005172808654606342,0.0018768596928566694,0.0028534370940178633,0.001541161211207509,0.002777141984552145,0.001495384145528078,0.0011625405446674098,0.00012782867898090863,0.001263845600433668,0.00012216070821192477,0.006225680932402611,0.0019531548023223877,762.7765831179427,764.892162089232,475.6424357872781,474.42426336538523,0.0,0.0,764.9890510948906,474.38280616382804,752.0,742.0,479.0,495.0,0.0,0.0,13
9,14,1361,2904,783,483,717,439,748.7641440117561,461.07567964731817,1.7905359274714416,1532,0.8588784239396783,41.62786350972815,1,0.46866391184573003,0.5584920049117248,62.35290609199941,68.9492567037528,14.866068747318506,5.4382667218191765,5.0,35.69153783346904,31.935881037011466,-70.53719456228035,174.99494936611666,0.8883812010443864,0.3639740305627022,0.07888400322711941,0.14275202043359095,0.04009938646797595,0.07546621979905435,0.009031139461831294,0.008993851696144849,0.019494472537293757,0.027189686549766477,0.023462172033507006,0.014263729986991484,0.007733812703217487,0.0072941141815946854,0.009043070964712118,0.022228756555105863,0.014624911694738306,0.004955118641658338,0.009162643885439695,0.01500256110354971,0.003981205808076806,0.007595271370013739,0.012009487593833246,0.007093308865370041,0.01028423569763181,0.009686182098625784,0.004658896447874208,0.006219396434798375,0.006932915209609345,0.00834517022230144,0.001250247728441191,0,0.6780041300226003,0.27049668109975755,5.255832814378664,2.524971388746053,0.0033760585938580334,0.0017700465396046638,0.0003662165254354477,7.629510946571827e-05,0.6602636059882174,0.05355398986094244,0.0065003433264791965,0.002121004043146968,0.0065003433264791965,0.0024109254591166973,0.004643863904264385,0.0018527169938339558,0.0038617434345177546,0.0018552324678516186,0.003662165254354477,0.0018463416490703821,0.002822919050231576,0.0015716792549937963,0.0026550698094069958,0.001495384145528078,0.0009921520103594453,0.00011555909601086318,0.0007055944486939685,0.00012539666547986154,0.004165713209658861,0.001937895780429244,749.2737972788619,748.7213822111027,461.495443362664,461.10792027750585,0.0,0.0,748.7641440117561,461.07567964731817,758.0,746.0,472.0,440.0,0.0,0.0,14
9,15,784,1610,709,475,663,440,684.8864795918367,456.2895408163265,1.6878704928361308,852,0.9326338266196491,31.594616678674353,1,0.48695652173913045,0.592462516670754,53.2272922707955,50.24937810560445,9.219544457292887,4.096510161683126,4.0,18.777894154716993,19.205698259872218,-57.636397321835204,128.95331880577402,0.92018779342723,0.395334575474205,0.010674728510194877,0.1440922234657258,0.09673662303622596,0.008540155597552267,0.005430810498257862,0.0396987320114439,0.059490327935140655,0.039978806123064134,0.00830399939886143,0.0042699399520137035,0.0037067785079664102,0.017854948466384687,0.013012147443745615,0.021786995937232635,0.01916354759678161,0.0027088269778736706,0.004627100799933924,0.005514216968606207,0.0018532360460725783,1.0083841314149686e-05,0.001160638307430455,0.0004450976344513722,0.004006266118891984,0.010349986244524826,0.0014144921681323083,0.0029547780230869316,0.0027177931051779528,0.003564730272787982,0.0012313931084389168,0,0.6139620156027377,0.2028076599817723,5.672816126840189,1.4839246200863272,0.0041962312534451485,0.0018005645833909512,0.001266499049961567,7.629510946571827e-05,4.6817467457056585,0.06602062551841742,0.013046463951468468,0.0024872205685824156,0.02070649340748787,0.0024872205685824156,0.005737962762642408,0.0018953986914184327,0.007235734855663507,0.0018927609950080704,0.005172808654606342,0.001892118714749813,0.003479056991636753,0.001632715342566371,0.0033264667727053165,0.0015564202331006527,0.002542796205828773,0.00012499675117702615,0.0040915131060333286,0.00012449274728572446,0.009552148170769215,0.0019684138242155313,688.4203185432801,684.8418184248682,453.21859066105094,456.3381628602865,0.0,0.0,684.8864795918367,456.2895408163265,694.0,707.0,448.0,448.0,0.0,0.0,15
9,16,1295,4958,720,509,646,442,680.7243243243244,479.3166023166023,3.067395210591484,1578,0.9825663445911856,40.605975058260036,1,0.26119402985074625,0.3260095068764127,98.15221444356074,94.847245611035,8.94427190999916,3.8565201871859083,3.605551275463989,19.566994062378825,18.247702666370607,-48.73647378444304,223.42135623730948,0.820659062103929,0.18328648404091105,0.022351210713600137,0.07630191054003825,0.049130962847879905,0.01632784311906564,0.010031941103315256,0.037364349427484005,0.03454185626063588,0.025846533287628343,0.014015861419742889,0.01019221169071471,0.005325589303425897,0.02485831902854337,0.018069150193648735,0.021170609193044778,0.016286956419120115,0.0118910472964112,0.009625833776622333,0.005858132611906654,0.0029961305898795645,0.010716953592069466,0.014003584978901997,0.010443657263199903,0.014290432677382977,0.011116111926155265,0.009332226748623813,0.007770264558485196,0.006761554773116228,0.002959107799113863,0.0016999605015261435,1,0.8595407193060964,0.34340428770519793,7.784130743006244,2.4704051264561713,0.004180971998721361,0.0018158236052840948,0.0010681317653506994,9.155413135886192e-05,3.603715932588424,0.016640945557578196,0.008957046084105968,0.002288853283971548,0.013092241249978542,0.002426184481009841,0.004722751204978552,0.0018868367456329556,0.006010911770661193,0.0019076487462982017,0.004959182348102331,0.001892118714749813,0.0031891355756670237,0.00158693827688694,0.0031586175318807364,0.001541161211207509,0.0011385839985077555,0.00012745147055879023,0.0023767670827401174,0.00013149202313764865,0.007629510946571827,0.0019989318680018187,677.8530285496137,680.73353593003,481.4943142114406,479.3304611545541,0.0,0.0,680.7243243243244,479.3166023166023,670.0,689.0,487.0,481.0,0.0,0.0,16
9,17,1071,2451,584,501,541,444,562.8832866479926,472.64799253034545,1.812076561066838,1164,0.9560843984658215,36.92749046999213,1,0.4369645042839657,0.5518530626604773,69.47241925820596,63.51377803280167,9.433981132056603,4.3958612132323465,4.123105625617661,20.099527637135033,20.36177505204683,-30.697505474758177,156.16652224137044,0.9201030927835051,0.3380365771966682,0.019134583261979796,0.11627985550453142,0.09139448982236455,0.022539856447701817,0.009037963264844448,0.03776743959953472,0.05492545764852949,0.04184783411318716,0.017936740059680625,0.01023829114254498,0.0056110303758834185,0.02182475267049024,0.016889450996606634,0.026301565109385656,0.021443706719346867,0.010356669085282216,0.007679331907710704,0.004121799882303188,0.0037459184787340814,0.004275362701598352,0.007617755149909758,0.005534348859175058,0.010509488653032913,0.01125877770030009,0.0029818948666531795,0.0033514442942532206,0.0014960163139647823,0.0011174109741795405,0.0024587945180248694,0,0.49518578429706395,0.23910887306556106,5.36847495730035,2.030212862882763,0.004089417867362499,0.0018005645833909512,0.0008926528971642256,9.155413135886192e-05,0.20507532418954724,0.040216716999258696,0.006134126801043749,0.0021362630650401115,0.007507438771426678,0.00254825665615499,0.003868638939820812,0.0018680380708246958,0.005012581659477451,0.0018956235881258292,0.005043106852099299,0.001892118714749813,0.002685587853193283,0.0015564202331006527,0.002685587853193283,0.0015564202331006527,0.0006279994568434655,0.00011427738779708797,0.0010410370805021966,0.00012643023395396486,0.00588998245075345,0.001983672846108675,562.7232926731823,562.9155279969937,472.5197045082395,472.6239534009771,0.0,0.0,562.8832866479926,472.64799253034545,565.0,561.0,464.0,477.0,0.0,0.0,17
9,18,1570,2523,392,474,305,445,348.7044585987261,458.85350318471336,2.375992534102289,1813,0.9736789480126966,44.710022201226934,1,0.6222750693618708,0.42087674335972847,96.95366875342962,86.83317338436964,10.44030650891055,4.641235410082142,4.47213595499958,22.70832520851402,22.098058728174905,-82.6412311938394,216.50966799187808,0.8659680088251517,0.265117517935571,0.004393711892611012,0.09112761280296798,0.07840900108128254,0.004188649069418767,0.0032087652599398168,0.03180516130376519,0.0542856807489203,0.03796970292961801,0.004125356046607225,0.00019745466558198198,0.0034524035836420827,0.02408665663709703,0.024082919704735896,0.029876465155854025,0.021201226283618656,0.0025708003344716533,0.0028670286179482965,0.0021158537607702545,0.0029398900041580785,0.011782256647686012,0.01622552742532836,0.012632018473973734,0.015690708697324602,0.012582999438432628,0.0020407691519807435,0.001835912341588125,0.001421311403756182,0.002346310316809392,0.0022514224358888713,1,1.0198672625701874,0.35693904012441635,12.467445045011118,2.987869076896459,0.005813687574118376,0.0018158236052840948,0.0020447084680199623,7.629510946571827e-05,1.0233351605355507,0.019932535249382984,0.008957046084105968,0.0023956664372235537,0.013656824827194214,0.0024109254591166973,0.005367722434579934,0.0018786265269706123,0.00794104779937014,0.0019031013228639866,0.008102540858089924,0.0019073777366429567,0.003036545356735587,0.00158693827688694,0.003036545356735587,0.0015564202331006527,0.0016472541265556788,0.0001320702578805911,0.0024858200193455166,0.00012645264535071865,0.010009918361902237,0.001983672846108675,348.24031334128665,348.6854450743067,457.94148123827523,458.8475205556407,0.0,0.0,348.7044585987261,458.85350318471336,356.0,353.0,455.0,450.0,0.0,0.0,18
9,19,980,1340,891,477,824,457,857.584693877551,466.03061224489795,2.1679639480598296,1090,0.9717497019558441,35.32385530828224,1,0.7313432835820896,0.4612622829336841,74.11267866467024,66.48308055437865,8.06225774829855,3.8719202561867276,4.0,17.241786097074133,17.49161538430624,85.24694812600316,163.39696961967,0.8990825688073395,0.2823019805068913,0.0049722820033380145,0.0969493145614823,0.08290556272104076,0.0022435194210077393,0.0033385252480884857,0.04101539905743394,0.05140230766329071,0.041370070991948664,0.0030169416249958446,0.0008800013348990222,0.002920858452883235,0.026509075245800085,0.024385261614231827,0.027840876735475667,0.023639651603139446,0.001456178491704724,0.0022832296877527245,0.0017660112101105362,0.0024040994113756755,0.01250752413757817,0.014536226650216031,0.012628979186324272,0.014179369449858854,0.014186636477537748,0.0001988019117722703,0.00242993711093037,0.0002624348440269175,0.0020300683076384936,0.0018394968740758218,1,0.7261310855392367,0.2702067596837878,6.486930722836405,1.848874646704644,0.0038910505827516317,0.0018005645833909512,0.002166781108826399,7.629510946571827e-05,0.5241533492057493,0.028090890740140317,0.011520561762154102,0.002288853283971548,0.014053558930754662,0.0023651483934372663,0.004973500585885183,0.0018507312307108755,0.006619317064118781,0.0018866067823516775,0.0057984283193945885,0.001892118714749813,0.00254825665615499,0.001495384145528078,0.00254825665615499,0.001495384145528078,0.0020709061012693644,0.00011791163279353594,0.002950649592454513,0.0001198686576191031,0.009109635837376118,0.0019531548023223877,858.0097807271453,857.5606110625093,465.7239562425344,466.016151395606,0.0,0.0,857.584693877551,466.03061224489795,863.0,876.0,464.0,470.0,0.0,0.0,19
9,20,1061,1943,759,526,692,497,725.9802073515551,512.8510838831291,2.120014284378672,1208,0.965204476279481,36.754688911266925,1,0.546062789500772,0.4716949349674204,73.96823921076201,67.91170738539859,9.055385138137417,4.114104884314601,4.0,19.646837661275047,19.342421444831402,-75.48065250623526,168.12489168102783,0.8783112582781457,0.29291135233391313,0.02600705685375577,0.10266944758624193,0.0786507705153988,0.03142704098658173,0.013089612200017569,0.03166748675707307,0.04827995404630995,0.03738260442888196,0.02620781965214165,0.01622520693764368,0.00860618682485364,0.018048728249604813,0.012594533723514432,0.026675733990949805,0.020000408470905066,0.0172509455292308,0.012189049004068756,0.009198006154303403,0.005859469810903197,0.001633029817943588,0.005948517625790382,0.00647520666927023,0.013702276792984209,0.011076695108521366,0.007642917218835072,0.007692270339950647,0.0045821488328470165,0.004992374692786406,0.0038348486781842922,1,0.8316014462616295,0.27420462341979146,8.506050296593457,1.998535133432597,0.004364080261439085,0.0018005645833909512,0.002609292510896921,7.629510946571827e-05,0.4614306977137108,0.02514317103498573,0.013305867090821266,0.0022735942620784044,0.01773098297417164,0.0023193713277578354,0.005657152695657343,0.0018653375742842956,0.008017012532133324,0.0018836334905114015,0.006561379414051771,0.0018768596928566694,0.0032349126413464546,0.0015716792549937963,0.0030670634005218744,0.0015564202331006527,0.002566114442379995,0.00011944350477894574,0.004082428796930792,0.00012464625449427454,0.011562524130567908,0.0019645990687422454,725.5356483890665,725.9780414433399,512.7274488651786,512.8260341747217,0.0,0.0,725.9802073515551,512.8510838831291,720.0,703.0,514.0,521.0,0.0,0.0,20
9,21,1508,2090,650,606,628,511,638.6379310344828,558.5225464190981,2.7955876022160795,1814,0.9829191543486469,43.818320751263684,1,0.7215311004784689,0.35770655128363493,105.77658049996195,94.13288479590966,9.055385138137417,4.179467866050409,4.0,20.38485476010248,19.466896117156665,0.560010710562158,230.16652224137044,0.8313120176405733,0.21668493775653147,0.010132360328690406,0.07430102442644736,0.06566902102385419,0.013669552779000652,0.0049418655023450945,0.031193796942427122,0.042370991856527804,0.03444901344105465,0.012594195699180634,0.009010667624978982,0.0028301090339567575,0.022516175730777653,0.01983647245461236,0.02623240238173283,0.021034436824884265,0.010298279661986454,0.009270294215791038,0.00568129245093738,0.0017213437498645038,0.010393585991716777,0.014559193244741508,0.012328895185852447,0.01654881393283988,0.01371259362700454,0.007819156405218516,0.00802331304770181,0.00581790523542797,0.0036101426877218137,0.0010430314401617235,1,0.9420157317072153,0.37486839084886014,9.154100991785526,2.8176699467003345,0.0038605325389653444,0.0017853055614978075,0.0018768596928566694,7.629510946571827e-05,0.28631425638345726,0.009095905023633737,0.007568474858999252,0.0024109254591166973,0.012878614477813244,0.0024109254591166973,0.004663444216372353,0.001855784113113169,0.006070358747868386,0.001868481397016137,0.005584802012890577,0.0018616006709635258,0.0029297322034835815,0.001495384145528078,0.0024872205685824156,0.001495384145528078,0.0011597083915356075,0.00012591908131844197,0.002368243181920539,0.00012510142552905285,0.0079194325953722,0.001937895780429244,638.8507886211088,638.6467647950784,558.7140340198042,558.5203784334113,0.0,0.0,638.6379310344828,558.5225464190981,640.0,631.0,560.0,573.0,0.0,0.0,21
9,22,1482,3267,697,617,664,518,683.2044534412955,566.8920377867746,3.0159220599127705,1949,0.9834470744887535,43.4389342099632,1,0.45362718089990817,0.3315735553288546,111.74280480375639,99.46356116689167,9.0,3.9471931954181345,4.0,23.498127595811443,20.247306480074432,-10.793820205089975,236.99494936611666,0.7603899435608004,0.1907349646515224,0.010380579242970263,0.06528503831070291,0.057701554429652614,0.01700457094731077,0.0021251810781565687,0.02366091217886154,0.03857334644375701,0.030550662025162868,0.017082649018467743,0.00887236645657181,0.0008345591478819646,0.014997532095526582,0.017192567390323633,0.024790787026172146,0.018983535121861354,0.013804749249718473,0.012182960878992493,0.0037469210170567708,0.0016269728810235748,0.003403615819731221,0.012077787430454559,0.011031066180636515,0.01686958279072831,0.012598490990268234,0.010734971852295739,0.010495142822086674,0.007239263270150447,0.0010523042247238465,0.0018171873207714375,1,1.07888915669173,0.38791485456749797,10.157976776128635,2.778820476960391,0.0038605325389653444,0.0017853055614978075,0.0026550698094069958,7.629510946571827e-05,5.495250237552967,0.05440280592362823,0.009109635837376118,0.002334630349650979,0.014450293965637684,0.0023956664372235537,0.005186967099479471,0.0018649752623437403,0.006854235341517297,0.0018750475553039074,0.006469825282692909,0.0018616006709635258,0.0027924010064452887,0.0015716792549937963,0.0024872205685824156,0.0013122758828103542,0.0016805732496769804,0.00012495346491678803,0.0030924059633518587,0.00012778489833410495,0.009246967732906342,0.0019531548023223877,684.6760687681073,683.1962495195212,561.5975006490053,566.9458184613695,0.0,0.0,683.2044534412955,566.8920377867746,688.0,688.0,552.0,574.0,0.0,0.0,22
9,23,247,336,681,543,665,522,673.5506072874493,533.5263157894736,1.2401082288472824,261,0.7326365721993369,17.733870630789692,1,0.7351190476190477,0.8063812308781547,22.15210955980412,23.430749027719962,7.0710678118654755,2.9422503890585725,2.8284271247461903,15.0,15.077169926191328,-30.280839278217734,62.04163056034261,0.946360153256705,0.5728418352451462,0.09060282443230255,0.16957179493503408,0.060579194505614234,0.03490634545980027,0.02447255066223828,0.002019334292729017,0.023508492732186713,0.038755934855011887,0.019394900234997924,0.009999844438603545,0.0094177417671842,0.008435975575878238,0.014145874430965278,0.01419598935143923,0.028589571488273548,0.015909406328859163,0.008387639316031517,0.0028735123333422136,0.005306464243695142,0.002231882971351392,0.009435909149324555,0.0038425020185261114,0.002864903861354811,0.010199939899357312,0.004230853234904657,0.004613549812561641,0.005593551295428097,0.0024136376600013823,0.0038131417663198066,0,0.24521248741075397,0.1031509879976511,1.02081332472153,0.4589608605019748,0.0036469062324613333,0.0017700465396046638,0.000389105174690485,9.155413135886192e-05,0.5202241495667349,0.025293829934135866,0.00679026497527957,0.002166781108826399,0.00679026497527957,0.002288853283971548,0.004458408862013708,0.0018754725090482018,0.004132847468508219,0.0018581411356355256,0.004005493363365531,0.0018463416490703821,0.0033722438383847475,0.0016632333863526583,0.0029755092691630125,0.00158693827688694,0.0008760041524547615,0.00011567150113981493,0.0006628824299203121,0.00012984534311861117,0.004448005114682019,0.001937895780429244,673.7499514333317,673.5300551898398,534.0068312182528,533.5410599108983,0.0,0.0,673.5506072874493,533.5263157894736,679.0,676.0,541.0,530.0,0.0,0.0,23
9,24,380,594,714,558,696,525,702.4289473684211,538.2789473684211,1.6758069054400584,417,0.9028462105632408,21.996159369293583,1,0.6397306397306397,0.5967274611136687,35.79273002147801,34.92849839314596,7.280109889280518,2.9949056050367395,3.0,16.61984290185054,15.389572000645446,-13.152620731368343,89.4558441227157,0.9112709832134293,0.39443070025510074,0.08023473858467726,0.11941418965493612,0.07907195897335006,0.0513406849989395,0.03364038760226182,0.021112817824019577,0.04129607542035359,0.01944141299779781,0.02431056770344753,0.025781149361858595,0.008580856714373206,0.01611333650067819,0.004799711460035044,0.013866534055191976,0.02315393497229621,0.006648872870357452,0.007149283680365265,0.006331731407418169,0.004544045302801677,0.0014155376003347313,0.006368711916910015,0.010531147770159543,0.013414556943402689,0.015857076529630948,0.00311854851065397,0.00346876654190433,0.002338116190186288,0.0026022646152307786,0.0070675991928328295,0,0.5689631598070264,0.15515373460948467,2.2778363125398755,0.7100938428193331,0.004715037997812033,0.0017700465396046638,0.0009918366558849812,7.629510946571827e-05,1.5034295689172312,0.0022563253428215047,0.012359808199107647,0.0021820401307195425,0.012359808199107647,0.0022583352401852608,0.006938575119597883,0.001892118714749813,0.005994306085631252,0.0018686680074192976,0.00555428396910429,0.0018616006709635258,0.003707942320033908,0.0016021972987800837,0.0034637979697436094,0.00158693827688694,0.0023664282073058347,0.00011948610505262143,0.001735043641264404,0.00012666991959367233,0.006759746931493282,0.001937895780429244,702.8256943444227,702.4267663744198,539.7290826399486,538.279525528623,0.0,0.0,702.4289473684211,538.2789473684211,704.0,699.0,551.0,555.0,0.0,0.0,24
9,25,808,1716,729,577,696,525,712.2042079207921,550.7537128712871,1.8222683306189764,887,0.9549791400881743,32.07456238432586,1,0.47086247086247085,0.5487666021503685,59.81714344984177,54.42425929675111,8.06225774829855,3.888517578638846,3.605551275463989,17.214202482929252,17.7461286835367,-25.112873963674115,136.0243866176395,0.910935738444194,0.34646558847283637,0.009553798399031078,0.11941114141709769,0.09455363238750639,0.012533487017602372,0.0033918411476432228,0.03991314409376862,0.05781028133944838,0.04285986957222936,0.010965445092676461,0.004108675014754629,0.00216351936470792,0.023159849091944493,0.01955973534730187,0.026213812886563125,0.021906308646797792,0.006362808609724209,0.0043271962196077315,0.0006611746192094418,0.0018866189639301719,0.006061002466961917,0.008416286969016598,0.005821825832518107,0.009574123551120915,0.01148119349498079,0.0015989920524815174,0.0025007456940357004,0.0009242263825580934,0.00036829977613982883,0.0015634857436646991,1,0.8884413072373718,0.20997940027154982,9.609979494707659,1.5445334550458938,0.008972304873168468,0.0018158236052840948,0.0030823219567537308,9.155413135886192e-05,1.4690558948965728,0.033634458544652523,0.013031205162405968,0.0022735942620784044,0.019699396565556526,0.0024414435029029846,0.007932511671762248,0.0018748160738531233,0.011893538978598588,0.0019115513057498686,0.012191958725452423,0.0019073777366429567,0.003738460363820195,0.001495384145528078,0.003738460363820195,0.001495384145528078,0.0024852889440470137,0.0001269884816604272,0.003732878346344365,0.00013133610234578649,0.015121690928936005,0.0019989318680018187,712.5229425654678,712.1992570711611,549.3196510007202,550.7869809624485,0.0,0.0,712.2042079207921,550.7537128712871,716.0,716.0,541.0,543.0,0.0,0.0,25
9,26,1128,2881,751,594,708,527,729.5576241134752,560.7136524822695,2.302319755795659,1243,0.9717563244832126,37.89741688375691,1,0.3915307185005207,0.4343445333701746,78.88812434068848,72.56031973468694,9.219544457292887,4.065543387736514,4.0,18.675233096542357,18.616535303942232,-28.061164371185836,180.65180361560903,0.9074818986323411,0.2723015626537119,0.003693768992309938,0.10297181525215501,0.0756526657026733,0.003286533264660167,0.001838229784125315,0.04448068416302206,0.05008346293457311,0.03796825330916526,0.003746029704008725,0.00045861724340097595,0.0020864915862355473,0.02907338779340454,0.022544858588130434,0.02874246945972624,0.022015789523822122,0.002938360128198833,0.0008720051839187268,0.0004136161078871393,0.002035947580779516,0.012461257298201746,0.013810704824684758,0.012591913055831285,0.016327025677731487,0.013472470832000413,0.0020402724329821936,0.0002676373710257765,0.0012501899006476145,0.0006122279556254092,0.0017891960855059273,1,0.7467460215557367,0.2792858777102083,8.374929532175884,2.117204546695575,0.004058899823576212,0.0017853055614978075,0.0024414437357336283,7.629510946571827e-05,0.9870299727157787,0.01571660198655437,0.010009918361902237,0.002197299152612686,0.018677042797207832,0.0024567025247961283,0.004978306810371578,0.0018619058514013887,0.007424582918595641,0.0018769543853684176,0.006210422143340111,0.0018768596928566694,0.002777141984552145,0.0014801251236349344,0.002731364918872714,0.0014801251236349344,0.0016598647768779533,0.00012540242597935565,0.0038033537359707607,0.00012809787769706718,0.01042191218584776,0.0019531548023223877,729.72088963795,729.5640031423197,559.7402191072729,560.6992886537755,0.0,0.0,729.5576241134752,560.7136524822695,733.0,744.0,554.0,541.0,0.0,0.0,26
9,27,952,1682,679,600,650,542,662.7899159663865,569.6218487394958,1.8717434613412998,1059,0.9554176383674441,34.815571898044055,1,0.5659928656361475,0.5342612492864783,65.32751391297754,59.481089431852205,8.94427190999916,4.148437237295863,4.0,19.163183091722956,19.28845447912696,-14.441949142700553,149.63961030678928,0.898961284230406,0.34244645962933934,0.029321376015303963,0.11298496121893233,0.09187176260740733,0.031210132858213318,0.016745810763871265,0.03472613929833796,0.051255332412904,0.041144832422562075,0.02226956608925823,0.017609873704864942,0.010461250965405781,0.017682991324994395,0.014460951861515914,0.02287858742959776,0.020437766421862714,0.01202933728866618,0.010143323212370976,0.008162807669727825,0.006334707262590898,0.003995552122369657,0.00461879675285396,0.004504440719344636,0.008090022691510082,0.010386411354975936,0.003183981478870437,0.003279276273641398,0.0014137194903334597,0.0023298260733297196,0.003535744748551143,1,0.7046158656012267,0.24295414658263326,6.967498379293829,1.784725718665868,0.005828946363180876,0.0017853055614978075,0.0015106434002518654,9.155413135886192e-05,1.8078137464989603,0.018391409181648683,0.007980468682944775,0.002243076218292117,0.012375066988170147,0.0023956664372235537,0.005378747065658219,0.0018546118059742996,0.007318800818585955,0.0018747118893549033,0.007324330508708954,0.0018616006709635258,0.0027618829626590014,0.00158693827688694,0.0027618829626590014,0.0015259021893143654,0.0010729353617208387,0.00012100842944964069,0.0019450662564854365,0.0001292475126458206,0.00885023269802332,0.0019684138242155313,662.9066062211745,662.7857680272225,567.8178049688328,569.6039311913271,0.0,0.0,662.7899159663865,569.6218487394958,663.0,659.0,560.0,588.0,0.0,0.0,27
9,28,207,336,681,586,669,558,674.3236714975845,571.6908212560387,1.6767000038389026,235,0.9408967972086066,16.23454913941803,1,0.6160714285714286,0.5964096127574651,28.509219746769787,27.459060435491963,5.0,2.2619535041763155,2.0,9.6534053729302,9.655884474748076,-12.773612543824118,66.04163056034261,0.8808510638297873,0.34954984848830056,0.02152584152053309,0.13688787554493217,0.082068006763243,0.029105139966440378,0.005029335010657218,0.0515394658788706,0.043580466639130955,0.04204106483979404,0.02203530479885836,0.0063470167523418195,0.0020554936454963237,0.009441162312543239,0.017771947043114612,0.021998709109224437,0.025344303200630736,0.008298460902389174,0.004356313178143337,0.0015512221009661876,0.0014014764795356497,0.0015077368797650993,0.0006854101633484382,0.00940604620092901,0.011149339098673815,0.01606831372570338,0.00473516975885398,0.0034113456667267087,0.0016474702278942088,0.0013642184777748285,0.0011132741291504668,0,0.33401999552734196,0.10827801935374737,1.0670023853890598,0.38364232843741775,0.004623483866453171,0.0017700465396046638,0.00045014102943241596,7.629510946571827e-05,0.4327860369850474,0.013950248639694181,0.007354848552495241,0.0022278171963989735,0.007354848552495241,0.0022278171963989735,0.005661355856395626,0.0018352206670126674,0.005154600895599323,0.001853344581823274,0.004974441137164831,0.0018463416490703821,0.003738460363820195,0.0015564202331006527,0.003738460363820195,0.0015564202331006527,0.0008869274486469469,0.0001227115898446762,0.0007663772471991956,0.0001225384583872577,0.005680170957930386,0.001937895780429244,674.6122329202002,674.3233235223928,571.3682750435555,571.6768753480233,0.0,0.0,674.3236714975845,571.6908212560387,677.0,674.0,577.0,559.0,0.0,0.0,28
9,29,790,1620,962,741,932,687,946.1189873417721,713.4759493670886,1.9449161958209642,880,0.9587546652997455,31.71528401797434,1,0.4876543209876543,0.5141609711249755,60.603418172902884,55.65968020030299,8.0,3.7349363905075497,3.605551275463989,17.36921184390226,17.225607931296903,-21.97732763566271,138.95331880577405,0.8977272727272727,0.3246801937833371,0.01611419420222527,0.11507280983647729,0.087862156187622,0.01603063312536023,0.00962248576352642,0.038138982319305376,0.05696896555328492,0.03961455103819315,0.01150351504437734,0.012050730502754355,0.0056963040722364435,0.025289779366587054,0.019621549222677996,0.026541144437349142,0.020633354982297875,0.005520589247563801,0.008682601148928812,0.0059374803486523485,0.003629322105004095,0.009075884645640147,0.009584904513880157,0.006588061222729702,0.01078583251469855,0.011531483002461138,0.001540813442300893,0.003572117573792767,0.0030602926621479715,0.002530773795630483,0.0023423673184597444,1,0.5499198965262622,0.21435873955488205,5.0059510809369385,1.4717174025718123,0.0037613488966599107,0.0017700465396046638,0.001983672846108675,9.155413135886192e-05,1.4697582967580742,0.02873162572066283,0.009811551310122013,0.00221255817450583,0.013778897002339363,0.00238040741533041,0.004700170055780019,0.001832125979101556,0.006336646937894859,0.0018629334209769777,0.005416953004896641,0.0018616006709635258,0.0027618829626590014,0.0015716792549937963,0.0024872205685824156,0.0015106431674212217,0.001996854043085106,0.000126046024183493,0.002921689613881972,0.00012806602350222773,0.008667124435305595,0.001937895780429244,945.9979455333458,946.1463467739427,712.0111837436859,713.4847224958268,0.0,0.0,946.1189873417721,713.4759493670886,945.0,953.0,712.0,713.0,0.0,0.0,29
9,30,1055,2048,376,743,312,711,344.4881516587678,727.8208530805687,1.9885479020551622,1195,0.9632604005091442,36.6506169074355,1,0.51513671875,0.502879512717044,72.48457126584813,65.25335240430181,8.94427190999916,4.195147049777782,4.0,19.377493743086397,19.467121377004627,-72.1481135928456,162.36753236814712,0.8828451882845189,0.31546916855227725,0.02438980439931904,0.10302806926941221,0.08844239817602663,0.02723424572835481,0.014197737223810163,0.03227142194232907,0.05186037822898795,0.041021446395167936,0.021424829292517166,0.016030158450078467,0.009150026783026614,0.018060449486263654,0.017290119254988058,0.024679068764217504,0.02156679357096633,0.0140353623628964,0.010928063743088948,0.008088848713774296,0.006051209001579426,0.004924730209463868,0.007422539884872147,0.006689382816150796,0.009965002639186244,0.011862885264109377,0.006854499666383966,0.00559735276962818,0.003273411832319166,0.0029399367274962874,0.003969607176247127,1,0.7157396888360381,0.2622720682993531,7.136797232087702,1.9784390015993267,0.0041962312534451485,0.0017853055614978075,0.0023498893715441227,7.629510946571827e-05,0.7935709051220016,0.07280460496814352,0.010635538026690483,0.0025787746999412775,0.01283283717930317,0.0025787746999412775,0.005112426348828844,0.0018733719164239508,0.006764736712879338,0.001875297631847703,0.006256198976188898,0.0018616006709635258,0.002777141984552145,0.0016021972987800837,0.002777141984552145,0.0013275349047034979,0.002055321140557006,0.00013990288192673066,0.002713027116438851,0.00012592637618777163,0.009277485311031342,0.0019531548023223877,345.06237839065676,344.4245663558466,727.2731136883024,727.8563131955852,0.0,0.0,344.4881516587678,727.8208530805687,346.0,343.0,726.0,738.0,0.0,0.0,30
9,31,2638,11178,186,859,105,721,136.7827899924185,785.7426080363912,3.919819596379692,4094,0.9856192875957926,57.9552061424283,1,0.23599928430846306,0.2551137814922887,174.36869585771723,152.2005256232711,9.486832980505138,4.440756833343765,4.242640687119285,32.98300485192595,29.465018036314778,-28.14399031966913,360.47518010647184,0.6443575964826576,0.14499485944361576,0.01896480536427041,0.04216265033720761,0.04379455317336883,0.025211176033093103,0.009237703734670949,0.00895218840305527,0.022761573828336747,0.02399488855473413,0.021627818042376633,0.017116486021461194,0.005370687202940178,8.025792307324057e-05,0.003870306727174288,0.014742897963480165,0.015671701754080922,0.015467159204070475,0.01620893575983383,0.011749572193003719,0.0033685852919383705,0.007961683520046755,0.002033018819472322,0.0018603300434286746,0.01042414883248972,0.011110813728794031,0.009212111788707818,0.011410075612426167,0.011893038647797304,0.008217797335585792,0.0021843708476479446,1,1.5964446710422635,0.54757000063546,19.54027639119886,4.894575416576117,0.0036850537871941924,0.0017700465396046638,0.0028686963487416506,7.629510946571827e-05,2.9912070882902175,0.11698711292801327,0.01098649576306343,0.00221255817450583,0.018051423132419586,0.00254825665615499,0.005321482236807545,0.0018252333354515334,0.007407231384078415,0.0018554114543503097,0.00633249431848526,0.0018463416490703821,0.0027161058969795704,0.0015564202331006527,0.0025329976342618465,0.0014190890360623598,0.002212567574761557,0.00011377582365752101,0.003973169503153679,0.0001232794640154069,0.010864423587918282,0.001937895780429244,135.02992880810882,136.84156674959317,783.3188098778024,785.6414582592918,0.0,0.0,136.7827899924185,785.7426080363912,126.0,170.0,793.0,733.0,0.0,0.0,31
9,32,867,1428,372,764,321,736,346.8062283737024,750.0011534025375,1.6476647581006412,957,0.9316263064571262,33.224970809398556,1,0.6071428571428571,0.6069195781991223,56.16961516255781,51.419840528729765,9.848857801796104,4.289214336564027,4.0,20.473221696958362,20.413032386555745,-72.41261719164513,133.9827560572969,0.9059561128526645,0.41751084920022163,0.03503556379975396,0.12962800222138113,0.10519659195898858,0.03349065764453394,0.018933338863929727,0.027339782006494843,0.05374491791133938,0.04087871251540572,0.020244150764846487,0.013130915353212253,0.01098424940381005,0.01015212098385702,0.009227508988099454,0.01544791103294406,0.017127998849758345,0.00838996492246334,0.0015778742639822045,0.002595578582601966,0.005968025639867685,0.001562251501225657,0.0016477310257389474,0.0038334033648913723,0.0011431262093935144,0.007027860278642996,0.00211999194770738,0.005856968276362376,0.0057329535969536955,0.003957402053871908,0.0030368457289853897,0,0.5527275567874312,0.2180514228530228,5.7374075597617775,1.640695811016485,0.0037689784076064825,0.0018005645833909512,0.0014572367072105408,9.155413135886192e-05,2.042965360435425,0.040390015364286304,0.011581597849726677,0.0022278171963989735,0.018020905554294586,0.0024414435029029846,0.004724167152029327,0.0018636873748121608,0.006617540438018198,0.0018923827116683796,0.00492103467695415,0.0018768596928566694,0.0027161058969795704,0.0016021972987800837,0.002685587853193283,0.001541161211207509,0.002194358316621937,0.00011721366415539904,0.0037072019816817054,0.00012643458946060183,0.008789196610450745,0.0019684138242155313,344.7664633645887,346.84593063809604,749.8868460469814,749.9937315737099,0.0,0.0,346.8062283737024,750.0011534025375,342.0,333.0,748.0,757.0,0.0,0.0,32
10,1,844,1012,991,103,969,57,979.4454976303317,79.1824644549763,1.3463722269063305,883,0.8749516722138463,32.78130832893156,1,0.83399209486166,0.7427366518825049,47.42695655243816,45.09988913511872,11.0,4.800495634113611,4.47213595499958,21.0,22.964618738031984,1.3910453627551498,119.49747468305833,0.9558323895809739,0.526187773223561,0.014289820736800204,0.16887318113769084,0.10963894690545778,0.010548615808729301,0.005411367013972858,0.014906513946380798,0.051251665683119375,0.03241517577024052,0.001422289287292088,0.003073172652996676,0.0009564098737936246,0.0009977140131949233,0.00970900504235935,0.0014576114145917617,0.010824094357866788,0.003062085174336154,0.0036941862403430357,0.0028435982660053247,0.001522609616121776,0.011430788557006154,0.008607633527763413,0.02053019325923021,0.008849257943666776,0.004089159699204274,0.0029422987316150184,0.0040931032881960676,0.00504929017384235,0.003363626780276863,0.0011305774587958561,1,0.4859388177283108,0.19542229338549078,5.689799407264218,1.6311741813551635,0.003906309604644775,0.0018463416490703821,0.0019531550351530313,9.155413135886192e-05,2.3997402456184873,0.03175402895599764,0.00962844304740429,0.002166781108826399,0.018661784008145332,0.0024567025247961283,0.004627988740269627,0.001861164698909436,0.006741468492019215,0.00193267083098953,0.005416953004896641,0.001937895780429244,0.0026703288313001394,0.001632715342566371,0.0026703288313001394,0.0016174563206732273,0.001610683118286833,0.00010854215786790483,0.0035407721073046792,0.00013129673586129498,0.009018082171678543,0.0020141908898949623,978.792303713771,979.467871542297,81.49159653301108,79.20499724038578,0.0,0.0,979.4454976303317,79.1824644549763,976.0,973.0,83.0,94.0,0.0,0.0,1
10,2,1149,3478,621,109,547,62,583.0739773716275,84.72671888598782,2.5302301356647185,1256,0.9831871331231579,38.24855862513909,1,0.3303622771707878,0.39522096662455936,90.86745240808898,81.6333265278342,7.810249675906654,3.784001462160926,3.605551275463989,15.362792214157706,16.59247176799672,60.586977448449105,191.1370849898476,0.9148089171974523,0.21953064779422302,0.006331149833357744,0.0786282379769101,0.06560473006680732,0.005361911268876122,0.005767389763580513,0.03465793222872398,0.04425932625928265,0.034069907456427066,0.004109842904720876,0.005663680290909151,0.004970508248750675,0.02530510778098948,0.0226875418072853,0.02683139633764367,0.020639027137411555,0.003346439348199287,0.004138846505127383,0.004923592943855994,0.004194171033083912,0.014462527904213643,0.016028422924636836,0.01430144648839339,0.016485766050769804,0.01338286846418336,0.00240480233316824,0.0033482023787157434,0.0032920000457287908,0.003925061154320422,0.003477932070704448,1,0.8739757491275668,0.29495689319446683,8.762508683372289,2.166567482519895,0.0040321965934708714,0.0018005645833909512,0.003227283130399883,7.629510946571827e-05,2.3993483865372633,0.015340884315020795,0.01045242976397276,0.0023956664372235537,0.016601815819740295,0.0023956664372235537,0.005531492083085866,0.0018668157797118155,0.0076262042501064305,0.0018856113860051303,0.007095445180311799,0.0018768596928566694,0.002563515678048134,0.0015564202331006527,0.002563515678048134,0.0014343480579555035,0.002122617990890151,0.00012246716189730092,0.0037882744106992844,0.0001237382977731232,0.010696574114263058,0.0019684138242155313,581.0395436367126,583.0864099277394,83.45473144178133,84.73570633724452,0.0,0.0,583.0739773716275,84.72671888598782,587.0,585.0,85.0,78.0,0.0,0.0,2
10,3,1189,3330,585,113,511,68,548.6030277544155,89.37594617325483,2.358536809114995,1298,0.9800655964568453,38.90863424344407,1,0.35705705705705704,0.4239916867675408,88.7793754348674,79.7057087039567,8.06225774829855,3.976679745734989,3.605551275463989,16.5160650987356,17.638168910070718,62.55748507781645,187.7228714274745,0.9160246533127889,0.2382864850554756,0.00868605896023792,0.08400995019365509,0.07080861448551501,0.009386205774109469,0.005608120127187129,0.036025173360859544,0.04636952902529514,0.03646244547289638,0.007857281921345834,0.007357795287931773,0.003648018417849207,0.02530410887592637,0.022683431323692518,0.02732919455252326,0.021869110671604762,0.005899074805127558,0.0069665362525303965,0.004774146019023622,0.002483203613431906,0.013588924414520519,0.015156932321200899,0.01345732712211508,0.016206344680496282,0.013995427152764766,0.0040820224303851965,0.005389636448171976,0.004370025341716503,0.0030187637923922484,0.0017307622997359356,1,0.8156557709444314,0.28987563890405,8.166247174609452,2.259952696505934,0.0049019609577953815,0.0018158236052840948,0.0019760436844080687,9.155413135886192e-05,1.7839324888639152,0.020003748154646974,0.008667124435305595,0.0022278171963989735,0.012268253602087498,0.002426184481009841,0.0052622952964156864,0.0018701654122841936,0.006868164150218211,0.0019007171543363617,0.006599527085199952,0.001892118714749813,0.0029755092691630125,0.00158693827688694,0.0029755092691630125,0.0014343480579555035,0.0013848137490732153,0.00011364852506660209,0.002306277314960009,0.0001307282330032319,0.008773937821388245,0.001983672846108675,550.3018339737417,548.6171728356718,89.9204391061775,89.36180168257869,0.0,0.0,548.6030277544155,89.37594617325483,562.0,537.0,96.0,82.0,0.0,0.0,3
10,4,997,1830,553,116,492,86,522.1013039117352,101.21263791374122,1.8554642791580556,1104,0.9594251855801105,35.6289183964509,1,0.5448087431693989,0.5389486670440052,68.24933499566177,62.0966987850401,9.0,4.199418329196845,4.0,19.264972828483092,19.243809016502034,74.23780046451334,152.46803743153546,0.9030797101449275,0.3292063864369702,0.008417235223912545,0.11413032454292169,0.0913086440517529,0.0033540986757841927,0.011024133974527124,0.04395646990066797,0.05498668309103884,0.04231701241475224,0.001054377204685686,0.008565011429917644,0.008578682444655648,0.027562381175099935,0.021160014721731926,0.02636716899487893,0.02185791856509419,0.0009629767134995808,0.002485510948154923,0.006827971787143804,0.005812174494730251,0.009193889638410982,0.010416963752203256,0.008642457937785735,0.01003437920791392,0.011731925446955699,0.0006590645274676878,0.0002701482937212003,0.002123104311650445,0.0031276312875653228,0.0036315873598729686,1,0.8159456930588931,0.2501716639380902,8.444129209266976,1.8845349808689207,0.004806592129170895,0.0018005645833909512,0.00253299786709249,7.629510946571827e-05,1.1712047480530678,0.04162121999321869,0.011322194710373878,0.0021820401307195425,0.02201876789331436,0.002563515678048134,0.0061349300229991965,0.001880989954421731,0.008469537822735181,0.0018902055976619063,0.006988632259890437,0.0018768596928566694,0.003387502860277891,0.00158693827688694,0.003387502860277891,0.0015106431674212217,0.0018903269453279256,0.00012633076419298918,0.0043642004245068155,0.00012477170149776122,0.011409933678805828,0.0019684138242155313,520.9384155087788,522.0650429544222,101.07331410338682,101.19220585734759,0.0,0.0,522.1013039117352,101.21263791374122,520.0,507.0,100.0,98.0,0.0,0.0,4
10,5,857,1113,593,224,540,203,566.4072345390898,212.65227537922988,1.672933611104469,919,0.9354295913830736,33.032806266468405,1,0.7699910152740341,0.5977523515352179,55.983037706928044,52.46903848937962,9.486832980505138,4.282333581957879,4.0,19.20421777105279,19.790734649115123,-85.03249693999405,134.22539674441617,0.9325353645266594,0.3963553541002668,0.018463993926508295,0.14082845900267518,0.0979568459385713,0.019138916224775555,0.008818125053255167,0.039672642202735205,0.05655487571385198,0.04165046628367012,0.011438816112399004,0.009292439456087284,0.004426574391814269,0.016002815501748036,0.012751831786024886,0.020691159601997057,0.020491685041527385,0.002642582954935085,0.004045023443157775,0.002233500928457384,0.002336990230614388,0.0007872999708208565,0.0011138036942453485,0.0006769709006802846,0.004456487912952124,0.010704984020249803,0.0031887784338796416,0.0019082689470444677,0.001856658068212058,0.001339707668521755,0.0015225369400984885,1,0.46253147698007524,0.21593041880987585,4.345632188953459,1.6254215301014483,0.004135195165872574,0.0018158236052840948,0.0009613181464374065,9.155413135886192e-05,0.5975128488571044,0.014555996305990736,0.0060120546258986,0.0021362630650401115,0.0079194325953722,0.002426184481009841,0.0039873403187937525,0.0018614691276713435,0.005070749345336592,0.0018966412253225767,0.004974441137164831,0.001892118714749813,0.002822919050231576,0.00158693827688694,0.002822919050231576,0.0013275349047034979,0.0007841364896827267,0.00010648370595947071,0.001168553877831328,0.00012813635083966423,0.006038757972419262,0.001983672846108675,565.9013241304773,566.4209552956197,212.33435044625537,212.64741555734966,0.0,0.0,566.4072345390898,212.65227537922988,559.0,554.0,216.0,210.0,0.0,0.0,5
10,6,979,2491,277,432,224,385,249.59754851889684,408.17364657814096,2.063700578608307,1089,0.9642994813582554,35.30582833323309,1,0.393014853472501,0.4845664193564203,69.55854129416718,64.03124237432849,8.94427190999916,4.00600742496256,3.605551275463989,18.0,18.420082863863133,51.4366391123168,159.33809511662426,0.898989898989899,0.304024759584323,0.004162302899757106,0.1119417665078412,0.08337289022233157,0.006902346101393759,0.00259457223136087,0.04218380748434753,0.055467037657068126,0.03951141094957753,0.0032686987363810065,0.005299305420681471,0.0009424654710803692,0.029109579162181667,0.020494243605578385,0.02934749665575946,0.02142958414909111,0.0008589151677697331,0.004428207787027848,0.002764398734407822,0.00033460279583023914,0.010606074046195853,0.011861960202501881,0.009469910210277979,0.014231525142811497,0.012293900804070139,0.0006889508543476736,0.002464276705230992,0.0033109414411610152,0.000647746503617287,0.0005978965634422214,1,0.589639131911099,0.24628061335533857,6.188342188950628,1.8552223998121917,0.003997863736003637,0.0018005645833909512,0.0021438924595713615,9.155413135886192e-05,1.2800257504110355,0.012322134164210637,0.00712596345692873,0.002197299152612686,0.01266498863697052,0.0024567025247961283,0.004466963120538629,0.0018657622223889286,0.006321084973391857,0.001895017773046161,0.006065461318939924,0.001892118714749813,0.002563515678048134,0.0015716792549937963,0.002563515678048134,0.0015716792549937963,0.0011525339889537785,0.00012611044583237435,0.0024355725375885423,0.00012345605608615995,0.008453498594462872,0.0019684138242155313,248.7571562628347,249.59351713247025,407.2081380190561,408.1852905857775,0.0,0.0,249.59754851889684,408.17364657814096,242.0,253.0,401.0,417.0,0.0,0.0,6
10,7,926,1197,507,409,450,388,478.01187904967605,398.3725701943844,1.8021185340118657,1032,0.9450393490755672,34.3368580162012,1,0.7736006683375104,0.5549024557079527,61.28582335800349,56.32051136131489,9.0,4.249106424741442,4.0,19.830596429369578,20.037805409469502,-89.65938417781791,144.81118318204307,0.8972868217054264,0.37049183473851044,0.018168253034250195,0.1275473816933439,0.09620769621949472,0.025287500518082047,0.0035156097843015493,0.037331221512179,0.05524001870529641,0.04310214589265292,0.01994521443787985,0.0075967434547901955,0.0015329363899052244,0.0148096335151147,0.015877264398182708,0.02288882093406782,0.022117035165294084,0.009687336254767483,0.00475316553169858,0.0015523489122333351,0.0015498745483839334,0.0010686137427204049,0.003239807880726913,0.003163287890182076,0.007147224105106863,0.011756229921660194,0.0007663002785709116,0.0011643226922249553,0.002190968266508477,0.0001711701817864986,0.001432163770269821,1,0.7362935959827155,0.23880369262769818,7.824506093747914,1.754756999667734,0.005676356144249439,0.0018158236052840948,0.0027313651517033577,7.629510946571827e-05,1.0848931117679133,0.026440161718176168,0.011062790639698505,0.002197299152612686,0.015152208507061005,0.0022735942620784044,0.0057975873699426415,0.0018803440364385685,0.008449790597999907,0.0018949859607642915,0.008163576945662498,0.001892118714749813,0.002944991225376725,0.0015564202331006527,0.002944991225376725,0.001495384145528078,0.0019213368958386377,0.00013062165401277922,0.0030808218892174172,0.00012082924931356433,0.011192492675036192,0.0019684138242155313,476.9640293387236,478.0101653941808,398.0914936083472,398.3989547644307,0.0,0.0,478.01187904967605,398.3725701943844,478.0,454.0,399.0,402.0,0.0,0.0,7
10,8,1125,2346,418,430,349,396,384.0817777777778,414.94755555555554,2.168639465706988,1330,0.9672722654797454,37.8469878303024,1,0.479539641943734,0.4611186026138258,78.49323495348843,71.16881339463234,9.0,4.119133781964504,4.0,21.027917545735377,19.916931722846094,-72.14970676777763,175.09545442950497,0.8458646616541353,0.28280246551373317,0.02871617412787625,0.09389247822849354,0.07754920983279245,0.03586417205654787,0.013470232779464153,0.027320172533379924,0.043921499827841506,0.0380402510871456,0.029738507793238386,0.018543347851511,0.008311235989835363,0.011643462425685059,0.011445361927469061,0.024131794498553034,0.02138234349692598,0.018875187688823392,0.015846337638802284,0.009559336631686698,0.005666129811424196,0.002320934824809401,0.004259222318431302,0.0054084071781186115,0.012961612033758183,0.012545375969524614,0.008855148083632872,0.009055780842970606,0.006881596836818647,0.004579796584502324,0.003950088458652772,1,0.857221347745508,0.2812085144687444,9.066025914857164,2.129625390516594,0.005680170957930386,0.0018158236052840948,0.0022888535168021917,7.629510946571827e-05,0.44798251831942687,0.03411301054665751,0.010650797747075558,0.0022583352401852608,0.01412985473871231,0.0023041123058646917,0.005753163407687973,0.001887305466233184,0.008058689702095258,0.0018930003471258614,0.00794232077896595,0.001892118714749813,0.0035095750354230404,0.0016174563206732273,0.0035095750354230404,0.0015259021893143654,0.0019782901726572775,0.00012389032282639304,0.0025760453458879475,0.00012148689785593766,0.01026550680398941,0.0019684138242155313,384.29155826230374,384.1157955074696,414.55172669729495,414.9450077025042,0.0,0.0,384.0817777777778,414.94755555555554,390.0,376.0,411.0,417.0,0.0,0.0,8
10,9,1206,2448,468,442,396,408,430.78192371475956,422.67744610281926,2.2286792735839414,1322,0.9716824228688341,39.1857996084118,1,0.49264705882352944,0.44869623541295783,82.05944750851643,75.96051605933177,9.055385138137417,4.224013211790362,4.0,18.98382715446643,19.389879810211873,-73.29847193169923,183.78174593052023,0.9122541603630863,0.2661225114299145,0.005182809712749994,0.10196425692511009,0.07340850035358888,0.004333980313039333,0.0048162577999426035,0.04125355243279798,0.05199723140885649,0.035747646585781286,0.004712756452651987,0.0011660559356447124,0.005121373311521722,0.02690546345298035,0.024011162885606098,0.029139469535631797,0.020258199446354888,0.003229740046841943,0.0028567867042403744,0.0020386847278534405,0.0045774886322080335,0.011988633116362644,0.014940043659699165,0.0126314028499687,0.016614689569630674,0.012211862338141288,0.0021542689099841544,0.0014715670960198308,0.0012163993562041265,0.002569707412258309,0.0036548120579802507,1,0.8368658134713769,0.29964141291566193,7.84486165153794,2.2733806357719004,0.0045014116913080215,0.0018005645833909512,0.0014190892688930035,7.629510946571827e-05,0.7065047924359767,0.06565331385620163,0.009185931645333767,0.00221255817450583,0.01266498863697052,0.002334630349650979,0.0051979243072756325,0.0018611267882960368,0.0065048604075770644,0.0018850585702917914,0.005615320056676865,0.0018768596928566694,0.002868696115911007,0.00158693827688694,0.002868696115911007,0.0015106431674212217,0.0013789778352337,0.00011661203927145236,0.002376669269024257,0.00012460629793399232,0.008339055813848972,0.0019684138242155313,430.69544247469685,430.84336783321925,421.97625424829425,422.654316512961,0.0,0.0,430.78192371475956,422.67744610281926,429.0,454.0,419.0,412.0,0.0,0.0,9
10,10,180,260,487,422,467,409,475.0833333333333,413.6388888888889,1.3645360964717625,193,0.8516798571211814,15.138795132120961,1,0.6923076923076923,0.732849796048392,21.640222218500227,21.095023109728988,5.656854249492381,2.401441096215088,2.0,11.813008499587255,11.340827244114198,-72.21281200243796,55.55634918610404,0.9326424870466321,0.509065367297734,0.07393507792467477,0.1552670293648731,0.08740679042613395,0.04432288791844916,0.019339379832490934,0.011916716330552819,0.03910216258034542,0.030787450873670037,0.00883032572963104,0.019694482660072222,0.008192418279246001,0.005153333690207424,0.013942368877739949,0.011800190342024362,0.023823535557549607,0.00843772685069822,0.012065952370949174,0.003920889425060651,0.002768935170569724,0.004648133211790471,0.0070669610417970815,0.0017840519006296798,0.009075660699771664,0.007695542896647784,0.010579448259434143,0.009526618037346913,0.0078048883252244475,0.003526003846607807,0.004536643028656088,0,0.24028382450342178,0.09558251313865185,0.8084535163361579,0.3382925153709948,0.0041962312534451485,0.0018005645833909512,0.00024414435029029846,7.629510946571827e-05,0.034606955353290635,0.025031036744881937,0.005844205617904663,0.002197299152612686,0.005844205617904663,0.002197299152612686,0.0047114475392827804,0.001874166924287291,0.0044914084240897665,0.0018794028631721933,0.004455634392797947,0.001892118714749813,0.003784237429499626,0.0015716792549937963,0.003784237429499626,0.0015716792549937963,0.0005113577622345193,0.0001457563048846165,0.00042174730090373334,0.00012927212643362314,0.004684519954025745,0.0019684138242155313,475.05290475199166,475.06905728461885,413.6553735119164,413.659449706811,0.0,0.0,475.0833333333333,413.6388888888889,474.0,476.0,419.0,413.0,0.0,0.0,10
10,11,2144,6960,505,469,389,409,445.88339552238807,439.4235074626866,3.1911965886296163,2492,0.988357173578328,52.247732811215734,1,0.3080459770114943,0.31336207978005715,138.5991105381983,123.4908903522847,10.295630140987,4.526727761020671,4.47213595499958,20.98357321400686,21.08807098585464,-68.11138371397676,293.22034611053283,0.8603531300160514,0.17900495632211072,0.003219240981123126,0.06353707999952485,0.055087050565225906,0.00422476276628377,0.0007812411287244665,0.029163735220476137,0.03754458143001011,0.029741859270329372,0.004392875591732053,0.0013962070540888662,0.0004147651577210651,0.02190125078958609,0.020520942603626625,0.024437462700764776,0.0188809496833667,0.00432369809992848,0.001936479180670636,0.0004662904563713589,0.00036235699940619895,0.011571668797104907,0.016697113073269362,0.013822491301179898,0.01675308308942005,0.01287911734411443,0.0038875938478582905,0.002294420233884816,0.0007594134546426602,0.0001582859807037715,0.00034291162337919315,1,1.2578774935100228,0.4605172807350755,12.63340221857652,4.041046767961234,0.00440985755994916,0.0018005645833909512,0.0013733119703829288,7.629510946571827e-05,0.06419468357823714,0.08956866967926431,0.007568474858999252,0.002288853283971548,0.010574501939117908,0.0024567025247961283,0.005113323144349686,0.0018720214664027458,0.005892445064634572,0.0018848165895341575,0.0057831695303320885,0.0018768596928566694,0.003219653619453311,0.0015716792549937963,0.002960250247269869,0.001495384145528078,0.0011014341055706539,0.00012455622060921992,0.0016374902020130386,0.00012726186681741238,0.007156481500715017,0.0019531548023223877,445.9248765076953,445.9679152663973,439.3745147565187,439.3938602122116,0.0,0.0,445.88339552238807,439.4235074626866,457.0,401.0,437.0,458.0,0.0,0.0,11
10,12,1127,2133,876,498,849,419,863.6557231588288,458.4170363797693,2.5654193801133967,1427,0.977254723567935,37.88061465864207,1,0.5283638068448195,0.3897998150913626,87.8698310444978,78.77182237323191,8.0,3.7772203036200453,3.605551275463989,20.09513377966711,18.634455702339494,-8.41580269840301,190.6101730552664,0.7897687456201822,0.23125559499057668,0.007214138982614143,0.08045488380265924,0.06849723809539673,0.01524156955183799,0.002329373677798774,0.02923352989121288,0.046631151351565085,0.034623218744309424,0.01652409102803267,0.004411470445107234,0.004331242420855321,0.021350437552682833,0.019479583167853823,0.02847857932940649,0.020129211186848617,0.012970798965945026,0.009969534094017261,0.0012738511902005876,0.004256188736845867,0.008302746167867296,0.013303067186944045,0.012530868890568743,0.01724950741319327,0.012372323548642723,0.00943392402300366,0.008925431372875511,0.003947885135076008,0.002948165804270634,0.0036003584584493515,1,0.959884048672393,0.3135118638165295,8.541176598984748,2.1309681844431907,0.005718318629078567,0.0018158236052840948,0.0018463414162397385,7.629510946571827e-05,0.7284713723528295,0.09303810823971766,0.009933623485267162,0.0022583352401852608,0.01269550621509552,0.002471961546689272,0.005747808674684988,0.001877316549799578,0.0075786837612996875,0.0018908324617952002,0.007492179982364178,0.001892118714749813,0.0030670634005218744,0.0016021972987800837,0.0030670634005218744,0.0013427939265966415,0.0017592698089856048,0.00012219118718138382,0.002236847452871788,0.0001252473527631883,0.009430075995624065,0.0019684138242155313,863.8626555645715,863.6624920338267,457.7185741261069,458.5098279306567,0.0,0.0,863.6557231588288,458.4170363797693,866.0,852.0,464.0,486.0,0.0,0.0,12
10,13,1166,1944,582,447,510,420,545.9622641509434,432.0180102915952,2.1890753574670723,1287,0.9669574391904927,38.530472475187736,1,0.5997942386831275,0.4568138765022126,77.5355341180434,72.18032973047436,9.055385138137417,4.241947933311284,4.061552812808831,19.46472437361,19.766742888481723,79.70376071967112,179.09545442950497,0.905982905982906,0.284951498879309,0.012257134362852971,0.10881092081106364,0.07634673044686043,0.016378827976442075,0.005033259761358962,0.03837314614592949,0.05390860821394644,0.03636137562589625,0.014330009982776129,0.008425988549816566,0.002667894131854894,0.024748203751953555,0.020329310476031585,0.02923371368158863,0.020321514158179947,0.010318039356952772,0.00697707090932453,0.004516659370850075,0.0015256610420303072,0.00887537757132323,0.01101744860126665,0.01025215599306161,0.01546797228665812,0.012281424990104343,0.005630840295167785,0.004249080613261395,0.0029657368039351403,0.002255940210592783,0.0009202595282226889,1,0.8351720578502864,0.2868696115911007,8.913191535044461,2.1996643010061234,0.004165713209658861,0.0018005645833909512,0.00253299786709249,7.629510946571827e-05,1.5652688788571318,0.055816431498716096,0.011520561762154102,0.0023651483934372663,0.01893644593656063,0.0023651483934372663,0.0054586409009822635,0.001874964781641181,0.007644246599523552,0.00188650454631743,0.006240940187126398,0.0018768596928566694,0.0028381780721247196,0.0014648661017417908,0.0027161058969795704,0.0014648661017417908,0.0020756662329224286,0.00012609877705324903,0.004061165777371289,0.00012476543480607175,0.010597391054034233,0.0019684138242155313,544.7390117516765,546.0151434220111,431.0414242837053,432.0358780479345,0.0,0.0,545.9622641509434,432.0180102915952,549.0,528.0,429.0,432.0,0.0,0.0,13
10,14,904,1485,836,476,781,449,807.7632743362832,462.01769911504425,1.7369076774050995,967,0.9460462217607746,33.92651689225682,1,0.6087542087542087,0.5757358396238867,60.119045637523854,55.54277630799526,9.0,4.250764610625363,4.0,18.090235962201863,19.48047690236257,-75.12996085597446,140.46803743153546,0.9348500517063082,0.3730983949564302,0.020166519908746867,0.1294149103418958,0.09673656016158233,0.017739743541749557,0.014830677743413128,0.04007462644063037,0.056842074372743176,0.04129278180120756,0.011688313206881224,0.010159623908193343,0.010965892706008125,0.01961032543269169,0.016517793201245152,0.022307502374472613,0.01962526188974694,0.005316334666620247,0.004039621091107551,0.004269397963884186,0.007825753419729022,0.00437285316657738,0.0031983338909202983,0.002953187791560659,0.005592662653054074,0.009589247487044317,0.0009314944349124094,0.0006001291272876086,0.0020311930965513795,0.0005814596258086851,0.005260845278226409,1,0.579018855234608,0.22569619282148778,5.9158465845976025,1.702494849683717,0.004730296786874533,0.0017853055614978075,0.0017090104520320892,9.155413135886192e-05,1.451751658213896,0.013238409754624906,0.00860608834773302,0.00221255817450583,0.012130922637879848,0.0024414435029029846,0.0047852797953273395,0.0018652577919131223,0.006544078080307082,0.0018832907629244655,0.006454566493630409,0.0018768596928566694,0.002944991225376725,0.001632715342566371,0.002822919050231576,0.0015106431674212217,0.0014703932562976836,0.0001276514367346996,0.002049745087183759,0.00012539485227904232,0.008117799647152424,0.0019531548023223877,806.3570977072445,807.7505937816496,461.65679723769773,462.0215016177749,0.0,0.0,807.7632743362832,462.01769911504425,804.0,804.0,459.0,460.0,0.0,0.0,14
10,15,971,2100,459,488,399,453,427.9145211122554,469.6045314109166,2.016301780715438,1084,0.9635200295393348,35.16127981086358,1,0.4623809523809524,0.4959575047566407,69.06646763603017,62.96824596572466,8.54400374531753,4.0509170656372335,4.0,17.848923519261888,18.484689155316612,-66.60275907762289,156.8528137423857,0.8957564575645757,0.311807212594664,0.006997188132957695,0.11049505587694208,0.08699814895992018,0.005395620848130131,0.005269567614889351,0.03908980354547457,0.05740754654760742,0.04032022629345324,0.004690016735714434,0.003265702720118691,0.0041790715015628,0.02808048743655075,0.020981317351009863,0.029273720060473702,0.021106043597002577,0.004048649671517736,0.0009311396140490793,0.00266167525936377,0.0031744655768056636,0.011095631947823311,0.011800476368531553,0.009633021136037563,0.012452290404500218,0.011747600528213076,0.0019691278734187685,0.001480276033257113,0.0005198293916419892,0.0019849226213202323,0.00229487165278982,1,0.8703135892283171,0.2478980696760118,8.816449344391003,1.8546883340459317,0.005477989092469215,0.0018158236052840948,0.0028458074666559696,7.629510946571827e-05,1.0473392531631895,0.029302307334457184,0.013855191878974438,0.0022735942620784044,0.019516289234161377,0.00238040741533041,0.00659328476688119,0.0018780156793637257,0.009079762455603504,0.0019100806735797443,0.007896543946117163,0.0019073777366429567,0.003616388188675046,0.0016174563206732273,0.0035858701448887587,0.0013275349047034979,0.002526319937871408,0.00012333178816527425,0.004082255784355608,0.0001280127073960679,0.012279697926715016,0.001983672846108675,426.8748169778774,427.9431084271928,469.47829819748307,469.5980978551507,0.0,0.0,427.9145211122554,469.6045314109166,425.0,405.0,469.0,480.0,0.0,0.0,15
10,16,1088,1608,539,486,472,462,504.97242647058823,473.5836397058824,2.0878278910834585,1208,0.9644108262213322,37.219411933450225,1,0.6766169154228856,0.47896668315943397,73.58954638396749,66.91038783328041,9.0,4.211074503881826,4.0,19.20421777105279,19.457688131600793,82.53874105615247,168.95331880577402,0.9006622516556292,0.30885372918972237,0.010025679733053652,0.10911812590123288,0.0861433109473636,0.010297410585446932,0.007194165726681696,0.04136315255236806,0.054131072686913806,0.04108993453646233,0.009352658577077465,0.004910673509387755,0.006193951632433889,0.025718920690670596,0.021634004496214207,0.02813876602500888,0.022083057948828116,0.007851652600023911,0.00181260986527639,0.004060810721961483,0.004809140468105198,0.008264501390041994,0.011955250183934717,0.009932836461832056,0.0130055536909984,0.012309778946081654,0.004709713688314293,0.0008168854189280207,0.0005641625936412748,0.0026350257520848974,0.0034283756027342766,1,0.8447547261603177,0.2773937589954585,8.543053449364379,2.0601815818808973,0.005813687574118376,0.0018005645833909512,0.0018463418819010258,9.155413135886192e-05,0.5981886159767202,0.11044349252511765,0.009597924537956715,0.002426184481009841,0.01429770328104496,0.0024567025247961283,0.005746630790206242,0.0018870323741187651,0.007852071185077554,0.0018935492480522953,0.007858396507799625,0.001892118714749813,0.0031586175318807364,0.0016174563206732273,0.0031586175318807364,0.001495384145528078,0.001598805834755353,0.00012123019823282163,0.002334889104281332,0.00012787251998255393,0.009597924537956715,0.001983672846108675,505.0935075636733,504.86416964166676,472.99783343314243,473.56177137185773,0.0,0.0,504.97242647058823,473.5836397058824,514.0,500.0,474.0,479.0,0.0,0.0,16
10,17,1522,2769,472,507,401,468,437.28580814717475,488.1149802890933,1.964209437391231,1650,0.938892979542865,44.02125153930676,1,0.5496569158540989,0.5091106788124143,75.91806657861825,75.02666192761077,13.92838827718412,5.19560756365982,5.0,28.17445651649735,26.131696918514425,-67.67058156811083,193.8233764908628,0.9224242424242424,0.3442655155599428,0.013080268680140061,0.146142440008625,0.07763429426546271,0.013221053651904168,0.003116195913414932,0.05405545390795442,0.04950923807926155,0.03744976045997835,0.008673833300192902,0.0052350941603819,0.0016853294349700944,0.018782820380563923,0.015197100159553383,0.02570753461815406,0.02157167845745673,0.0021715519316715197,0.005232877449952427,0.002724215888789675,0.0007096284413581271,0.0038651442513186547,0.002635091541085993,0.006155360161741124,0.014033592991790071,0.01328662284148311,0.0030599208101868103,0.0058282948399063055,0.0010407832175154794,0.0017653449463018289,0.00012779976279706282,2,1.0608682562597096,0.31219958793371916,12.660837894771248,2.9040360106155276,0.005920500494539738,0.0018158236052840948,0.0022583352401852608,9.155413135886192e-05,1.1667211365276435,0.021185630540059317,0.013138017617166042,0.0024109254591166973,0.016708629205822945,0.00254825665615499,0.006468708879632376,0.0019036560239860925,0.008318553150309623,0.001908039428788126,0.007614252157509327,0.0019073777366429567,0.003387502860277891,0.0016021972987800837,0.0032043945975601673,0.0012664988171309233,0.002283162902524748,0.0001288849566090592,0.0031033873408909582,0.00013008247761606704,0.010635538026690483,0.001983672846108675,438.306524544391,437.2869017844007,487.5498464581521,488.0938229050632,0.0,0.0,437.28580814717475,488.1149802890933,444.0,429.0,483.0,491.0,0.0,0.0,17
10,18,1461,3280,422,561,382,479,394.1218343600274,521.0766598220397,2.935885484959618,2152,0.9412874364575566,43.130070424914365,1,0.4454268292682927,0.3406127402185629,87.55128063515029,81.05553651663777,9.899494936611665,4.115874473845086,4.0,37.652963175694744,29.557857194641514,5.0110725892687125,232.16652224137047,0.6789033457249071,0.2831359170255819,0.011840631826068806,0.09815261648354963,0.07358667983894723,0.015498116486397174,0.006554315303291312,0.023866828628378082,0.05230825585673246,0.035039917083600956,0.00954306006140108,0.008373194487394639,0.0050681041022310695,0.012828644669685493,0.026845872451276093,0.023059816381859992,0.021932559359489925,0.013241759132228938,0.006318560949383278,0.008938782499350548,0.0023210087292707803,0.0086549200660476,0.01738222402363557,0.004212012386459992,0.018332926899840833,0.012833032040528774,0.010327354151451255,0.0008558150988568665,0.009330985540071807,0.0020862965647329445,0.0019583429603721838,1,1.0022278355900198,0.38144502928480506,9.312626979779452,2.7351491563022137,0.003982604946941137,0.0017853055614978075,0.0010452429996803403,7.629510946571827e-05,1.0303993620371408,0.1415947494815566,0.009826810099184513,0.002288853283971548,0.0158846415579319,0.002426184481009841,0.004912881547009901,0.001869828574925515,0.006374145776714204,0.0018721075676264296,0.004730296786874533,0.0018616006709635258,0.0028076600283384323,0.00158693827688694,0.0028076600283384323,0.0014648661017417908,0.0015588525496255934,0.00012072152714224562,0.0032404735771140052,0.00012487386985770486,0.008224613033235073,0.0019531548023223877,393.0952313931965,394.12865415513704,521.1650294649077,520.9352294028386,0.0,0.0,394.1218343600274,521.0766598220397,392.0,385.0,520.0,490.0,0.0,0.0,18
10,19,1903,3610,505,588,467,493,488.9816079873883,539.1991592222806,2.400242583678315,2275,0.9610648151196367,49.223722468247104,1,0.5271468144044321,0.41662455570116735,96.50404062747866,94.26027795418386,13.0,5.233493998433384,5.0,29.373799393437384,26.666289652196465,8.53685601984756,239.58073580374355,0.8364835164835165,0.27270397902431226,0.02655175258439094,0.11370027533726677,0.06396323094548419,0.026985914072269114,0.016421223417701636,0.04119840525771814,0.04699691961572103,0.02653282301588954,0.017713313969084158,0.023297523258470756,0.009182310453365716,0.026793839454556503,0.015918337056941678,0.022358221378062114,0.013449456016001391,0.011564889650810472,0.011663662611428885,0.016358034707256837,0.004262561244576741,0.007835636879921363,0.008296479258012763,0.00759274515590146,0.009068935218728832,0.00949115131674131,0.0065201612841669235,0.00415108979335124,0.00997540283295392,0.008582380805506322,0.0013713103471763356,1,1.0652170807588845,0.3974975203163922,10.83630139939487,3.5759517806582153,0.004242008086293936,0.0018005645833909512,0.0010528725106269121,7.629510946571827e-05,0.7487515746048493,0.049036206048474376,0.007614252157509327,0.002288853283971548,0.010742351412773132,0.0023498893715441227,0.005048422183691396,0.0018838745038691573,0.005694325485756631,0.0018791128642449896,0.005050736479461193,0.0018768596928566694,0.0030518043786287308,0.00158693827688694,0.0028534370940178633,0.0014190890360623598,0.0012106967839632591,0.0001242334536095047,0.0018470043912155445,0.0001234899682540951,0.006900892709381878,0.0019531548023223877,488.2623983269257,488.9749733304886,538.9909132504818,539.1505739278856,0.0,0.0,488.9816079873883,539.1991592222806,485.0,490.0,531.0,535.0,0.0,0.0,19
10,20,610,880,515,538,495,494,505.14426229508194,515.188524590164,1.5739330525898676,657,0.9320199706851917,27.868909599918855,1,0.6931818181818182,0.635351038822474,46.88032279597932,43.73785545725808,8.0,3.7116903404237895,3.605551275463989,16.419087467347076,16.989753301257988,10.83171367023484,109.84062043356595,0.928462709284627,0.40599901844665404,0.022016317846544124,0.1397631954789108,0.10011381800064154,0.026142240806096593,0.0073733317972310055,0.03621364830013808,0.05517325227523138,0.04214052985501745,0.01652943084346824,0.009049586887986632,0.002582978013407814,0.014529574623895517,0.009811573206337191,0.02056987818368023,0.01976017007033207,0.004699843982922542,0.002455932620262881,0.00250103911884865,0.0009777129879703108,0.0019206922055300252,0.002610553475390902,0.001337320130252291,0.003399774921480182,0.009735376260274054,0.00411335593966173,0.004109710163019636,0.002591100687697769,0.0011278548186034584,0.0012095691755085898,1,0.5853055720217526,0.18381017772480845,5.066270009614527,1.1597009229008108,0.006782635347917676,0.0018158236052840948,0.001510642934590578,9.155413135886192e-05,0.32714656922018065,0.006503429261014312,0.008682383224368095,0.0022735942620784044,0.012619211338460445,0.002334630349650979,0.006034078062079924,0.0018949502858227676,0.008305360671499225,0.0019011490539357554,0.008255130611360073,0.001892118714749813,0.004715037997812033,0.001632715342566371,0.004715037997812033,0.0015716792549937963,0.0007779740116911462,0.00013532092344793422,0.0018193613514546757,0.0001250949330909935,0.009796292521059513,0.001983672846108675,505.049964159494,505.1493269825397,515.5017860454648,515.1844449415139,0.0,0.0,505.14426229508194,515.188524590164,505.0,504.0,525.0,529.0,0.0,0.0,20
10,21,195,323,415,522,398,503,404.4923076923077,511.57948717948716,1.3863033284701383,223,0.5241450086149685,15.756957549709801,1,0.6037151702786377,0.7213428543835027,18.308583491128008,19.1049731745428,5.830951894845301,2.4572910122846654,2.23606797749979,15.531605494306415,15.59212125517565,-54.49514562102499,58.2842712474619,0.874439461883408,0.6169271729180762,0.02615891778025323,0.17144716411867217,0.035275429305570774,0.013226679275172692,0.08275438855963285,0.005426317432814219,0.008814834651322108,0.029712744329381337,0.004542122422249718,0.02861984336228526,0.023285331340753966,0.02833870745059661,0.0040923094762114936,0.005269156030296927,0.018244558926820607,0.007407389263606629,0.005770398773736754,0.0015951179317447181,0.014795376318481924,0.0014634124332063758,0.005740189665046545,0.0035990721722757454,0.009586014195153404,0.01402733917627552,0.0012871488363447737,0.018837988546552983,0.0044643862079577976,0.005312226006979604,0.009344388874503994,0,0.24739452847279608,0.09381246659904718,0.8729839215520769,0.3638361180201173,0.004058899823576212,0.0017700465396046638,0.0003356984816491604,9.155413135886192e-05,0.2749260725961051,0.0056332871210211695,0.006927595939487219,0.00221255817450583,0.006927595939487219,0.0023193713277578354,0.004947890569455922,0.0018762493319809436,0.004476840623343984,0.0018658262462570116,0.004348821472376585,0.0018616006709635258,0.003738460363820195,0.0016174563206732273,0.003402761882171035,0.00158693827688694,0.0007871337277920959,0.00013340818941697026,0.0006514510690584404,0.00013240898987438608,0.0047341116005554795,0.00194171053590253,404.2940343594104,404.48741821841975,511.7699393542054,511.58228485153495,0.0,0.0,404.4923076923077,511.57948717948716,398.0,409.0,517.0,514.0,0.0,0.0,21
10,22,1302,3256,477,555,403,511,439.84178187403995,533.9193548387096,2.260355900139213,1451,0.9724185197801561,40.715573031030544,1,0.3998771498771499,0.44240820657419966,85.87852118098331,77.47257579298626,9.219544457292887,4.318476989468101,4.123105625617661,19.66886765731466,20.03055017107452,-64.83068699647664,192.3086578651014,0.8973121984838043,0.2762009142361182,0.0104096915576417,0.0964898030237051,0.07987116823093966,0.012419742205401532,0.005923365354047853,0.03954004545285239,0.050139518494520086,0.03975364012646305,0.009604372495322701,0.009608824642594015,0.003244112867074912,0.02633551745405721,0.022205013103585833,0.027604901488342947,0.022745778186965337,0.006091716071272486,0.008657849929176096,0.005455347088014003,0.0018629119596769686,0.011467474745632337,0.013968764434083082,0.010881784477366988,0.014945121356241521,0.01365970713215587,0.003313879164029154,0.005284680653532435,0.004734101852385003,0.002703325796344464,0.0011028129054199472,1,0.869687965605408,0.2981002517044544,9.571526788640767,2.4315403976943344,0.00430304417386651,0.0017853055614978075,0.0023041125386953354,7.629510946571827e-05,0.8810656340198104,0.01766084889888314,0.011291676200926304,0.0022278171963989735,0.016708629205822945,0.002426184481009841,0.0054355497850338,0.0018631265731528402,0.007351403063472171,0.0018675425481523306,0.006286717019975185,0.0018616006709635258,0.0030670634005218744,0.0015106431674212217,0.0030670634005218744,0.0014038300141692162,0.0020566179083904334,0.00012036989255758864,0.0034279846473696967,0.0001287343584723161,0.010231174528598785,0.001937895780429244,440.3869211337908,439.825046595252,533.2271844558348,533.9137124963132,0.0,0.0,439.84178187403995,533.9193548387096,442.0,433.0,531.0,532.0,0.0,0.0,22
10,23,1046,3102,492,592,445,526,469.58604206500956,553.7992351816443,2.6201384241288905,1516,0.9077689607333546,36.493952427669164,1,0.3372018052869117,0.38165922486803994,68.17969788812604,65.92419889539804,12.041594578792296,4.047110410268875,3.605551275463989,34.76982787736147,28.599373064890937,28.28169078174071,185.58073580374355,0.6899736147757256,0.30024048822282146,0.06844714835586678,0.08403378452907444,0.07863149687745247,0.035407083697706364,0.0121888612845969,0.02628026649065874,0.05066961232981338,0.014476941028955291,0.011030762102589249,0.01276213695696517,0.02182911887957006,0.029569812674229715,0.013598404573576986,0.0186964679411425,0.01189697501903874,0.008484926535777355,0.004957639056536399,0.008939126233716876,0.01817601653525362,0.013954073215894171,0.00933021730691222,0.007083782071678249,0.006798185642454294,0.010223997789764131,0.0059211356405767055,0.0072871514794196615,0.004880252431540902,0.012619769571186025,0.0062980817402380545,1,0.7488822906743735,0.29378194850869477,4.380422743968666,1.9320057979784906,0.003662165254354477,0.0017547875177115202,0.00041199359111487865,7.629510946571827e-05,0.2701932304307655,0.09666820614442033,0.007248035632073879,0.0023651483934372663,0.007248035632073879,0.0023651483934372663,0.004769950896015118,0.0018712226019662087,0.004187784650065646,0.0018470418718723619,0.004028381779789925,0.0018310826271772385,0.0028839551378041506,0.0016021972987800837,0.0027466239407658577,0.0014801251236349344,0.0010163667489043549,0.00011532900619326295,0.0007454915245593217,0.0001208698554259908,0.004524300107732415,0.0019226367585361004,469.6827579173799,469.65217906392655,553.546944821799,553.8697379436713,0.0,0.0,469.58604206500956,553.7992351816443,476.0,474.0,537.0,569.0,0.0,0.0,23
10,24,621,880,522,581,502,537,510.85668276972626,558.864734299517,1.6921035874489385,687,0.9315465281952587,28.11906394744562,1,0.7056818181818182,0.5909803675244417,47.21974978084447,43.41658669218482,8.246211251235321,3.6997254520111795,3.605551275463989,17.071804385971255,17.170146797312725,9.949235735934625,114.9116882454314,0.9039301310043668,0.4173402755431182,0.0036879748819712036,0.13964722327970658,0.10625797042317026,0.00639220130367047,0.005949080954362344,0.03848921292253032,0.058659156833976774,0.04272210985359216,0.003948706819762127,0.0025855510363469265,0.004360172326573009,0.016898236249159385,0.013141083028433195,0.017856508379893034,0.018880233946052618,0.0017779264274100737,0.0036621614095033875,0.003724033990542281,0.0016803580879381562,5.1128097848170534e-05,0.0004123103293456613,0.004005428118370296,0.001774630304741878,0.00836179267313596,0.0008127613148412026,0.0016669048058375205,0.004591278447281412,0.0018575487788030506,0.0005296489400472511,1,0.6010986627079546,0.18493934534490108,5.280033645685762,1.1648737313225865,0.0067177844466641545,0.0017853055614978075,0.0017929347231984138,7.629510946571827e-05,1.2476439525576992,0.02825339012044479,0.00939955748617649,0.002121004043146968,0.014312963001430035,0.0022278171963989735,0.0060109866270795466,0.001849393453449011,0.008502469638785447,0.0018758031100202682,0.008552681654691696,0.0018768596928566694,0.0033264667727053165,0.0015564202331006527,0.0033264667727053165,0.0015259021893143654,0.0014388865640599959,0.00012178573241528483,0.0024011040628261877,0.00012365602343877868,0.010311284102499485,0.0019531548023223877,510.4468697583219,510.8537463976945,557.6863164075799,558.8928346869269,0.0,0.0,510.85668276972626,558.864734299517,508.0,513.0,558.0,560.0,0.0,0.0,24
10,25,1877,5665,539,690,484,587,509.898241875333,638.8716036228024,3.031922091144008,2203,0.984742315765846,48.886303045616984,1,0.33133274492497794,0.32982377842785493,121.80679196325326,107.91200118615167,9.848857801796104,4.427844985665865,4.123105625617661,22.516169554616578,21.196681844103473,22.615846880939184,267.4213562373095,0.8520199727644122,0.20522718982120228,0.0014654682902182374,0.070507136114197,0.06339297670453604,0.004958946493659929,0.0028987654966665015,0.031984908813349845,0.04125835707587913,0.033809616173410155,0.006137386497000731,0.0007130051273507435,0.0034162223959177543,0.02230397162856658,0.022428362070245542,0.025926716633044404,0.02091668117975145,0.006049737846900598,0.001769282655315489,0.002028549951190067,0.0032435964489367663,0.011229808147912017,0.016926125096176102,0.014390239349283055,0.016843865551167545,0.013701422243683644,0.005563459215555605,0.0023127231996383246,0.00014737054233823494,0.002328305062407232,0.00284278285153421,1,0.9683528018649668,0.4137636376544833,10.255420901579782,3.475455862469971,0.0034943160135298967,0.0017700465396046638,0.0017090104520320892,7.629510946571827e-05,1.3885018519727392,0.04529007464628662,0.006759746931493282,0.0022278171963989735,0.011017014272511005,0.002288853283971548,0.004284746910906932,0.001830812555993289,0.005463729835684487,0.001851601418470949,0.005065995268523693,0.0018463416490703821,0.002471961546689272,0.0015564202331006527,0.002471961546689272,0.0012664988171309233,0.0010994876704372995,0.00011795125137174912,0.0021209969528737434,0.00012140167424094412,0.007232776377350092,0.0019226367585361004,509.89846434867707,509.9140689485608,640.2601054569521,638.9140382149944,0.0,0.0,509.898241875333,638.8716036228024,507.0,503.0,642.0,642.0,0.0,0.0,25
10,26,1273,2430,321,620,240,590,280.2827965435978,603.3267871170464,2.45131479140586,1456,0.9788347254468565,40.25958197060499,1,0.5238683127572017,0.40794434215708686,91.34722682404431,82.0,8.48528137423857,4.077980380826999,4.0,19.0830168119928,18.694423720244053,-77.41922202700121,198.0243866176395,0.8743131868131868,0.24105204349313836,0.0025408159154963208,0.08516433322589372,0.07163795955448045,0.0020010321378808736,0.005858282157261697,0.036628634951428235,0.04744134823196013,0.03655054153155261,0.004133604783662181,0.004122283583428897,0.005429192251349312,0.026028367434209693,0.0236213250113529,0.027792027614711362,0.021571046669416095,0.004044270288197066,0.0004934207059212734,0.005029199494403796,0.004426193412697399,0.013982453068727163,0.01599399918731558,0.014210067007601865,0.016074955432372,0.013536316799348457,0.003555619087736166,0.0004727343661197277,0.0017278759556611078,0.004324712870778661,0.0033921227785546383,1,0.7898527649231255,0.3216449224855751,7.475181334419176,2.394842450041324,0.0045929658226668835,0.0018005645833909512,0.0011673150584101677,7.629510946571827e-05,0.7586288812162929,0.03185415265782336,0.007095445413142443,0.0021820401307195425,0.009140154346823692,0.0024872205685824156,0.004539383706454745,0.00184853403727342,0.005872098455945936,0.0018812587981471515,0.006042572669684887,0.0018768596928566694,0.002685587853193283,0.00158693827688694,0.002685587853193283,0.0014190890360623598,0.0010795830405006836,0.0001126270427643757,0.0014202648263619483,0.0001272192145684174,0.007034409325569868,0.0019531548023223877,279.81466299104085,280.31464325309344,602.7298208228673,603.3274756922764,0.0,0.0,280.2827965435978,603.3267871170464,276.0,308.0,599.0,593.0,0.0,0.0,26
10,27,864,1113,804,681,751,660,777.1319444444445,670.1909722222222,1.627056905377306,944,0.9336449601049397,33.16743834924821,1,0.7762803234501348,0.6146066537040419,56.402482686556176,52.23983154643591,9.055385138137417,4.2863626517923645,4.0,19.8283958167392,20.20335736834912,-88.4753882598419,132.9116882454314,0.9152542372881356,0.40310698668053513,0.020304507185290668,0.13596100637846809,0.10141439670133368,0.026439872933862758,0.004515214711925436,0.03517021227103871,0.05528510327829342,0.04319547842681971,0.01887859501054701,0.005861144234958805,0.0010867167231026038,0.013527069430425356,0.0105511883619315,0.020898806394828606,0.02030633269876485,0.007408941567167001,0.002119061244390964,0.0023005053666182006,0.0007221589599307925,0.001505907318986166,0.0004965097875865101,0.0019842684270057957,0.002803929300170433,0.010007584171589272,0.0035782978410397056,0.0032855478763124104,0.0029367282560109945,0.002026151139743814,0.001265419605596376,1,0.6434424484614283,0.2202792400494218,6.6111697014421225,1.626657510874793,0.004531929735094309,0.0018005645833909512,0.002075226977467537,7.629510946571827e-05,1.3981968581841484,0.03213013805938259,0.010223545134067535,0.002166781108826399,0.018722819164395332,0.0024109254591166973,0.005452902105605325,0.0018667732207578117,0.007651816784076531,0.0018827054524013806,0.006210422143340111,0.0018768596928566694,0.0032349126413464546,0.0015716792549937963,0.0030670634005218744,0.0015716792549937963,0.0018582180417047929,0.00012438153984807885,0.003886559665125594,0.00012421917627816683,0.009872587397694588,0.0019684138242155313,776.1237539305167,777.1625282590546,669.2222068523507,670.2008198643565,0.0,0.0,777.1319444444445,670.1909722222222,776.0,797.0,668.0,670.0,0.0,0.0,27
10,28,794,1040,751,681,699,661,725.0793450881612,671.015113350126,1.7458383114965377,870,0.9441182466552233,31.79547449747714,1,0.7634615384615384,0.5727907294821576,56.148252299859216,51.478150704935004,8.54400374531753,4.001671685632111,4.0,18.107149208503706,18.506853749258106,84.6749912476587,131.9827560572969,0.9126436781609195,0.38149139566781853,0.011197394271557463,0.12925634138242154,0.10113325490269938,0.004787422975212649,0.013725250937340188,0.04564934374598427,0.05553169576025308,0.043735089243167935,0.002273551275752567,0.005856940436389906,0.010577438113527236,0.022160105117604585,0.017000283948866376,0.02212988535791413,0.02024165999805953,0.00046990853172140194,0.001651344404936074,0.005336915166772688,0.0067196876616334705,0.002774758117596495,0.0033886660587335044,0.004152409901199887,0.004520882333294227,0.009378338275067712,0.0014726638408244289,0.0005596590323348084,0.0016077168246720988,0.0029067843081326196,0.003718457393954876,1,0.6240634871646762,0.2119325550738722,6.511253620730713,1.4811017010360956,0.004135195165872574,0.0017853055614978075,0.0022430764511227608,7.629510946571827e-05,2.206038488327244,0.015561138657303408,0.013824674300849438,0.0023041123058646917,0.022858014330267906,0.0023041123058646917,0.0054266390188232715,0.0018428917832510627,0.00820057131074397,0.0018653673816575512,0.0059967958368361,0.0018616006709635258,0.0028381780721247196,0.0015716792549937963,0.0028381780721247196,0.001541161211207509,0.002542280215091374,0.00013355763827710966,0.005046899432672925,0.0001234381533621355,0.011345082893967628,0.001937895780429244,722.9733662963004,725.0948240336273,670.3582578559618,671.0167106239182,0.0,0.0,725.0793450881612,671.015113350126,724.0,716.0,669.0,663.0,0.0,0.0,28
10,29,1189,1480,830,702,756,682,793.354079058032,691.2607232968882,2.157378738498944,1305,0.9693912331615323,38.90863424344407,1,0.8033783783783783,0.4635254729059663,79.57031626581514,73.06161783043132,9.055385138137417,4.299129747044201,4.0,18.776927136800897,19.536195875035915,88.84114840521329,179.5391052434009,0.9111111111111111,0.2835514777688508,0.006778337738392819,0.10496290577523841,0.0791341212923384,0.003293023792587878,0.0038463844578772626,0.04135261102607718,0.05365658496644389,0.03847625042164997,0.002983896192879109,0.0015940754428629743,0.0022726001347480296,0.0279586463472161,0.022816174113115577,0.029361008730229076,0.021667604880656163,0.002706429240309741,0.0006221184871839246,0.0013422924426226026,0.0011899434798879568,0.011879162879924791,0.013580326930582058,0.012003374062224693,0.015273106872249226,0.01304397830844126,0.002291611473104598,0.0013398255300911066,0.0005882961789246012,0.0016150602186756626,0.0005454694366536839,1,0.8765392694622278,0.2959639886394143,8.975768820848316,2.2263218122534454,0.005985351395793259,0.0017853055614978075,0.0014343475922942162,7.629510946571827e-05,1.4933696081667764,0.06983613280853264,0.008972304873168468,0.0022278171963989735,0.012314030900597572,0.0024414435029029846,0.005547716895330556,0.0018731898015152805,0.007549006577668895,0.001872432138144193,0.007980468682944775,0.0018616006709635258,0.0031128404662013054,0.0015716792549937963,0.0031128404662013054,0.0014038300141692162,0.001649839002814443,0.00012660473167163232,0.002015372488198866,0.00012551817225708463,0.009121080627664924,0.0019531548023223877,792.0498922910801,793.2876931090732,690.5332278237037,691.2390440158463,0.0,0.0,793.354079058032,691.2607232968882,773.0,799.0,690.0,686.0,0.0,0.0,29
10,30,1692,5980,523,814,431,749,479.2098108747045,777.5567375886525,2.976356893519,2144,0.9838481551216334,46.414666967370295,1,0.282943143812709,0.33598121319976587,118.75194100144986,106.50821564555478,8.94427190999916,4.162314885376366,4.123105625617661,22.66605463089914,21.25719704974109,58.71302891855019,251.56349186104046,0.789179104477612,0.1899084370320782,0.01459015997751787,0.0658441794127294,0.05600932078232743,0.02112731333900674,0.0059489151075030975,0.024501882919452076,0.03583382534083872,0.029800240236761363,0.020328819468177037,0.012631962965385251,0.002920503217678254,0.014594643993540294,0.014377232972394415,0.023106326020772065,0.018664246878908768,0.016873519559954316,0.013451503499867868,0.007917371306781378,0.0014678448324379335,0.0023378963670389018,0.00885605840218346,0.009547997500740037,0.015659998363715875,0.012568370269345314,0.012883435218469371,0.01108922716016175,0.009063396098700065,0.00498287100113842,0.0007176435309841341,1,0.9116502727847546,0.3808346684090793,9.56864281045273,3.1557793538086116,0.00334172579459846,0.0017700465396046638,0.0013427939265966415,7.629510946571827e-05,1.8931459563891717,0.10794974338796354,0.008331426419317722,0.0023041123058646917,0.012420844286680222,0.002334630349650979,0.004425486761091042,0.0018487119825683462,0.0056552262473124875,0.0018651178213998888,0.004394598305225372,0.0018616006709635258,0.0026703288313001394,0.0015259021893143654,0.0023956664372235537,0.001495384145528078,0.0015063847003089102,0.00012346709605050234,0.002725828704551121,0.0001228229572616389,0.007843137718737125,0.001937895780429244,478.52533401832005,479.301734892222,775.7916616567825,777.6133337201543,0.0,0.0,479.2098108747045,777.5567375886525,486.0,507.0,777.0,791.0,0.0,0.0,30
10,31,844,1820,301,879,249,844,274.74289099526067,860.9324644549763,1.8577232638245356,917,0.9528223200093389,32.78130832893156,1,0.46373626373626375,0.5382933074441228,60.23199756090253,54.91812087098393,8.54400374531753,3.9656493436244666,3.605551275463989,17.07588864014634,18.282135430194863,-63.65070145375677,140.36753236814712,0.920392584514722,0.3558583644941808,0.0019274005086408002,0.12266402893199407,0.0968679636139618,0.0020736116644915563,0.0013201078114549371,0.04445568887959255,0.05669117648465252,0.04411743217329049,0.0016971303810254877,0.0006097669064226308,0.0003169652877158137,0.02439128975288946,0.019589305926677125,0.02549744750980004,0.022214900091408193,0.0023862216771871206,0.0011907272677657628,0.000831016738031802,0.0012963677711450457,0.0055049875642010256,0.0074585416290842525,0.005874659656653111,0.008972077248995531,0.01107067516491534,0.0008497731486072844,0.00029343151008709304,0.0009286926738992832,0.0003261737578243553,0.0017816856790574837,0,0.48882277170196176,0.21809719991870224,4.152254576096311,1.5681086438708007,0.0031891355756670237,0.0017700465396046638,0.0010833905544131994,7.629510946571827e-05,4.587319366838,0.03837551781459256,0.00804150477051735,0.002151522086933255,0.009826810099184513,0.00238040741533041,0.004142565861881032,0.0018482813552432394,0.0049197329100667195,0.001857948630178674,0.004058899823576212,0.0018616006709635258,0.002517738612368703,0.0015716792549937963,0.0024414435029029846,0.0014648661017417908,0.0013945686667129482,0.00011199921596532014,0.0020265416384652847,0.0001261090610101509,0.006607156712561846,0.001937895780429244,270.39603031608004,274.7764727633653,862.3981728874963,860.9138917540821,0.0,0.0,274.74289099526067,860.9324644549763,263.0,294.0,863.0,857.0,0.0,0.0,31
10,32,993,2300,254,921,208,871,229.0845921450151,894.992950654582,1.7454211335457064,1077,0.951039294747705,35.55737431141417,1,0.4317391304347826,0.5729276337846138,65.12207106851648,60.60528029800704,9.433981132056603,4.331341752764666,4.123105625617661,19.338544152568165,20.127277972676765,-41.80920344295842,147.58073580374355,0.9220055710306406,0.34422185350449674,0.01607847882173142,0.12501605762645712,0.0897813840245313,0.0187147542799573,0.005462340876217778,0.03865944373755244,0.0579259644886483,0.040117514942266744,0.015628361652818456,0.0062245974074394955,0.003245265933068263,0.020915101013313807,0.017922471941066408,0.026481422681805228,0.020573976468491427,0.008104686294478632,0.006762414710888457,0.002846293866846208,0.002219672447127589,0.004837434181488801,0.0062797415787891045,0.005230429336113732,0.010385837716044018,0.01111450110518903,0.001705309472966264,0.0018796684300456659,0.0014085675425862688,0.0031734410997465777,0.0012940143979696436,1,0.5230640198569745,0.21657129772938788,5.17143518733792,1.8334019985049963,0.003311207750812173,0.0017700465396046638,0.0012893874663859606,7.629510946571827e-05,5.3323843497978185,0.06054278028763035,0.008255130611360073,0.0021820401307195425,0.010727092623710632,0.002288853283971548,0.00439549596518466,0.0018199268716755283,0.005207890420279879,0.001846326282482373,0.004371709888800979,0.0018463416490703821,0.002563515678048134,0.0015716792549937963,0.0024567025247961283,0.001541161211207509,0.0014045689735528533,0.00010117238084498506,0.0022204345436276046,0.00011593956741881058,0.006969558424316347,0.0019226367585361004,232.2985424538494,229.02972068712964,890.7379716574173,895.0185348558492,0.0,0.0,229.0845921450151,894.992950654582,237.0,212.0,882.0,915.0,0.0,0.0,32
10,33,845,1980,272,926,228,881,250.65798816568048,903.0958579881657,1.8156945778059914,908,0.9536950286302867,32.80072278626208,1,0.42676767676767674,0.5507534208800456,60.38002229264703,55.90169943749474,8.602325267042627,3.9900361048212893,3.605551275463989,17.42222536450449,18.16082045087306,-43.11229324585651,138.8528137423857,0.9306167400881057,0.344283972896388,0.010934113255284532,0.12459386813014528,0.09098270577317913,0.014138767376911538,0.004500811173911774,0.044166846557044816,0.05555595337668461,0.04207945146574159,0.009767088718256718,0.00769910118573804,0.0018484556420392444,0.02381604935037794,0.018357472800185005,0.026011424359093163,0.022324200290427667,0.004209899895901595,0.006549873412407316,0.0024541793634605077,0.0007176535829658676,0.005553790170270017,0.006655217794826823,0.00572084157053286,0.010524790391175654,0.012415129360985811,0.0003203329396945611,0.0021854044006332307,0.001756404506367494,0.0003755775685449998,0.0005384521280649406,1,0.4955367411021143,0.20914015406742692,5.258091173833236,1.5673762108199298,0.0038147554732859135,0.0017700465396046638,0.0018158236052840948,7.629510946571827e-05,0.8858539235898821,0.015255327943149053,0.00860608834773302,0.002243076218292117,0.014724955894052982,0.002243076218292117,0.004346813518439599,0.0018345627549774292,0.0062225931051280905,0.0018548830897277275,0.0054016937501728535,0.0018616006709635258,0.002822919050231576,0.0016174563206732273,0.002563515678048134,0.0014496070798486471,0.001461565657509974,0.0001133268873059063,0.002792112558996438,0.00012197533669686364,0.008331426419317722,0.0019226367585361004,250.91665143874903,250.65984540197434,902.2486092141299,903.0807161354388,0.0,0.0,250.65798816568048,903.0958579881657,251.0,267.0,901.0,887.0,0.0,0.0,33
