ImageNumber,ObjectNumber,Location_Center_X,Location_Center_Y,Location_Center_Z,Number_Object_Number
1,1,496.9026548672566,48.9646017699115,0,1
1,2,573.2777777777778,50.682539682539684,0,2
1,3,488.944,69.96,0,3
1,4,584.088,74.328,0,4
1,5,881.0918367346939,81.12755102040816,0,5
1,6,669.5151515151515,105.77651515151516,0,6
1,7,621.5057471264367,95.6896551724138,0,7
1,8,901.4437869822485,106.56213017751479,0,8
1,9,79.96703296703296,112.1043956043956,0,9
1,10,650.3,110.63,0,10
1,11,633.0,112.5603448275862,0,11
1,12,57.36842105263158,134.04858299595142,0,12
1,13,706.4671814671815,133.96525096525096,0,13
1,14,951.1386138613861,126.86138613861387,0,14
1,15,657.0865384615385,127.25,0,15
1,16,78.03092783505154,143.61855670103094,0,16
1,17,735.0215827338129,143.94244604316546,0,17
1,18,947.0,158.1529411764706,0,18
1,19,61.3141592920354,173.82743362831857,0,19
1,20,756.7532467532468,165.78571428571428,0,20
1,21,934.0297619047619,172.98214285714286,0,21
1,22,940.5350318471337,196.7579617834395,0,22
1,23,444.7007299270073,199.1897810218978,0,23
1,24,478.6190476190476,200.89285714285714,0,24
1,25,705.5507246376811,203.54347826086956,0,25
1,26,466.68888888888887,209.57777777777778,0,26
1,27,458.9,220.05,0,27
1,28,504.7236363636364,232.94545454545454,0,28
1,29,975.5127551020408,240.36989795918367,0,29
1,30,479.45142857142855,228.2342857142857,0,30
1,31,950.0436046511628,242.15406976744185,0,31
1,32,705.9865771812081,228.45637583892616,0,32
1,33,235.87755102040816,244.2108843537415,0,33
1,34,490.3,250.95,0,34
1,35,528.4513888888889,249.94444444444446,0,35
1,36,220.35185185185185,261.25925925925924,0,36
1,37,549.9347826086956,262.3695652173913,0,37
1,38,859.9375,286.09375,0,38
1,39,218.97704918032787,298.78688524590166,0,39
1,40,839.4142857142857,288.84285714285716,0,40
1,41,858.3595505617977,310.79213483146066,0,41
1,42,819.3088235294117,308.3970588235294,0,42
1,43,839.0307692307692,308.17692307692306,0,43
1,44,240.17511520737327,319.7465437788018,0,44
1,45,807.9285714285714,323.0,0,45
1,46,259.92039800995025,340.39800995024876,0,46
1,47,849.4647435897435,349.9230769230769,0,47
1,48,303.5,357.0625,0,48
1,49,280.07971014492756,359.6449275362319,0,49
1,50,568.5760368663595,373.2396313364055,0,50
1,51,682.6480446927375,377.6536312849162,0,51
1,52,557.9655172413793,395.7758620689655,0,52
1,53,702.3421052631579,400.81052631578945,0,53
1,54,555.7203389830509,413.2457627118644,0,54
1,55,694.1767955801105,422.77348066298345,0,55
1,56,706.92,449.49142857142857,0,56
1,57,789.5405405405405,458.81081081081084,0,57
1,58,792.1696428571429,480.8392857142857,0,58
1,59,812.8497409326425,529.958549222798,0,59
1,60,100.02127659574468,529.6648936170212,0,60
1,61,39.737864077669904,528.495145631068,0,61
1,62,644.63,528.4,0,62
1,63,663.4893617021277,532.6170212765958,0,63
1,64,80.61829652996846,548.5299684542587,0,64
1,65,448.1898734177215,541.2405063291139,0,65
1,66,58.46206896551724,544.2965517241379,0,66
1,67,691.5,542.6106194690266,0,67
1,68,830.827027027027,556.5351351351351,0,68
1,69,100.68306010928961,556.5409836065573,0,69
1,70,121.37735849056604,556.0817610062893,0,70
1,71,759.95625,562.725,0,71
1,72,454.0729927007299,567.8832116788321,0,72
1,73,788.6410256410256,565.2179487179487,0,73
1,74,870.7,570.1583333333333,0,74
1,75,135.10588235294117,575.135294117647,0,75
1,76,892.5915492957746,582.0211267605633,0,76
1,77,671.2122641509434,611.3301886792453,0,77
1,78,941.2262443438914,624.2352941176471,0,78
1,79,682.8427947598253,644.5371179039302,0,79
1,80,975.9638554216867,646.3493975903615,0,80
1,81,317.14438502673795,654.2887700534759,0,81
1,82,958.8008298755186,661.7219917012449,0,82
1,83,843.75,664.9166666666666,0,83
1,84,307.45205479452056,691.013698630137,0,84
1,85,329.2450980392157,683.1911764705883,0,85
1,86,868.3894230769231,683.4230769230769,0,86
1,87,344.6044776119403,710.4365671641791,0,87
1,88,908.8520710059172,717.9526627218935,0,88
1,89,884.4301675977654,736.6480446927375,0,89
1,90,789.7091633466135,749.2629482071713,0,90
1,91,823.7482014388489,759.115107913669,0,91
1,92,248.12396694214877,770.4132231404959,0,92
1,93,227.76964769647697,782.1327913279133,0,93
1,94,269.6666666666667,772.7213114754098,0,94
1,95,845.2327044025158,769.7295597484276,0,95
1,96,787.2696245733788,779.716723549488,0,96
1,97,810.4791666666666,775.3958333333334,0,97
1,98,833.5026737967914,787.7807486631016,0,98
1,99,268.09502262443436,797.2669683257918,0,99
1,100,248.63768115942028,806.0652173913044,0,100
1,101,290.4767441860465,810.3895348837209,0,101
1,102,171.53424657534248,817.7739726027397,0,102
1,103,282.04245283018867,827.2830188679245,0,103
1,104,266.8918918918919,826.0067567567568,0,104
1,105,302.85185185185185,834.058201058201,0,105
1,106,152.5735294117647,830.5147058823529,0,106
1,107,79.55799373040752,839.6959247648903,0,107
1,108,268.86092715231786,847.2715231788079,0,108
1,109,723.9526627218935,846.2426035502958,0,109
1,110,117.44964028776978,848.7517985611511,0,110
1,111,293.9561128526646,858.5862068965517,0,111
1,112,942.1973684210526,858.6052631578947,0,112
1,113,325.08722741433024,868.0124610591901,0,113
1,114,796.1702127659574,861.8909574468086,0,114
1,115,349.08527131782944,865.1162790697674,0,115
1,116,911.1478260869566,867.9478260869565,0,116
1,117,186.83276450511946,875.1194539249146,0,117
1,118,725.2662337662338,873.512987012987,0,118
1,119,750.9566666666667,874.01,0,119
1,120,223.31541218637992,882.1720430107526,0,120
1,121,937.7077922077922,882.6753246753246,0,121
1,122,354.8943661971831,886.5,0,122
1,123,917.0940170940171,888.1367521367522,0,123
1,124,183.78006872852234,897.5498281786942,0,124
1,125,339.52941176470586,899.9084967320262,0,125
1,126,220.70322580645163,905.2451612903226,0,126
1,127,929.0211267605633,904.2253521126761,0,127
1,128,660.063829787234,910.3244680851063,0,128
1,129,637.7894736842105,921.2631578947369,0,129
1,130,349.81021897810217,918.1970802919708,0,130
1,131,45.97652582159625,927.2347417840375,0,131
1,132,918.2926829268292,921.520325203252,0,132
1,133,136.6084142394822,938.747572815534,0,133
1,134,670.8461538461538,938.7403846153846,0,134
1,135,118.76282051282051,962.8717948717949,0,135
1,136,185.20388349514562,962.6601941747573,0,136
1,137,473.8909090909091,975.7,0,137
1,138,194.816,983.08,0,138
2,1,765.5555555555555,43.56444444444445,0,1
2,2,286.42857142857144,45.744360902255636,0,2
2,3,676.4761904761905,49.75070028011204,0,3
2,4,801.2553191489362,53.12765957446808,0,4
2,5,123.7584541062802,53.31400966183575,0,5
2,6,96.32673267326733,51.99009900990099,0,6
2,7,239.62962962962962,56.06060606060606,0,7
2,8,401.92,59.56,0,8
2,9,202.08238636363637,69.76420454545455,0,9
2,10,281.62717770034845,65.25435540069687,0,10
2,11,786.1659192825113,69.09865470852019,0,11
2,12,133.93247588424438,71.91639871382637,0,12
2,13,424.7481481481482,69.22222222222223,0,13
2,14,94.66352201257861,73.33962264150944,0,14
2,15,818.4607329842931,76.61780104712042,0,15
2,16,232.5740072202166,84.37906137184116,0,16
2,17,102.48249027237354,92.6420233463035,0,17
2,18,71.09756097560975,97.09349593495935,0,18
2,19,213.98066298342542,109.11325966850829,0,19
2,20,128.62700964630224,102.55305466237942,0,20
2,21,80.44715447154472,110.58536585365853,0,21
2,22,232.11805555555554,124.55902777777777,0,22
2,23,90.24281150159744,120.4888178913738,0,23
2,24,60.42342342342342,121.48648648648648,0,24
2,25,160.67605633802816,120.89671361502347,0,25
2,26,203.21686746987953,137.49397590361446,0,26
2,27,192.90551181102362,154.8011811023622,0,27
2,28,163.74074074074073,147.1358024691358,0,28
2,29,61.17801047120419,152.14659685863873,0,29
2,30,220.35915492957747,153.93661971830986,0,30
2,31,180.5506329113924,170.9367088607595,0,31
2,32,805.7696793002915,189.66472303206996,0,32
2,33,504.03003003003005,192.55855855855856,0,33
2,34,227.5071770334928,189.66507177033492,0,34
2,35,481.7608695652174,194.26521739130436,0,35
2,36,832.1535087719299,194.87280701754386,0,36
2,37,561.7414965986394,189.10884353741497,0,37
2,38,537.5757575757576,192.66666666666666,0,38
2,39,768.1385542168674,210.72590361445782,0,39
2,40,812.3622641509434,213.6188679245283,0,40
2,41,851.625,212.79347826086956,0,41
2,42,552.5906976744186,210.10697674418606,0,42
2,43,871.0902777777778,213.875,0,43
2,44,518.5969581749049,218.20152091254752,0,44
2,45,467.7755905511811,225.3503937007874,0,45
2,46,488.80615384615385,227.6246153846154,0,46
2,47,441.2382271468144,230.6343490304709,0,47
2,48,780.8706293706293,225.85664335664336,0,48
2,49,832.0837438423646,226.55665024630542,0,49
2,50,288.3103448275862,227.85632183908046,0,50
2,51,308.2670807453416,229.83229813664596,0,51
2,52,818.065934065934,230.9120879120879,0,52
2,53,875.1643835616438,235.34931506849315,0,53
2,54,853.6263157894737,240.63684210526316,0,54
2,55,805.9786096256685,239.16042780748663,0,55
2,56,88.32793522267207,250.50202429149797,0,56
2,57,415.01503759398497,252.5639097744361,0,57
2,58,769.8860103626943,248.30051813471502,0,58
2,59,828.663101604278,251.01069518716577,0,59
2,60,449.632183908046,254.56896551724137,0,60
2,61,306.26011560693644,255.28901734104045,0,61
2,62,285.7315789473684,256.41052631578947,0,62
2,63,796.8076923076923,254.6043956043956,0,63
2,64,471.1497005988024,253.4131736526946,0,64
2,65,494.55263157894734,254.5065789473684,0,65
2,66,432.51838235294116,268.2720588235294,0,66
2,67,933.0301507537688,268.89447236180905,0,67
2,68,911.9554794520548,275.09589041095893,0,68
2,69,412.56774193548387,273.3032258064516,0,69
2,70,451.74050632911394,276.39240506329116,0,70
2,71,68.30672268907563,274.7436974789916,0,71
2,72,467.8379446640316,285.34387351778656,0,72
2,73,939.0531400966183,297.1835748792271,0,73
2,74,64.41447368421052,292.3618421052632,0,74
2,75,88.84049079754601,293.44171779141107,0,75
2,76,432.47736625514403,302.8065843621399,0,76
2,77,353.23636363636365,310.1545454545454,0,77
2,78,480.47210300429185,312.0386266094421,0,78
2,79,919.8188679245283,313.8452830188679,0,79
2,80,73.85620915032679,317.140522875817,0,80
2,81,324.84453781512605,326.87394957983196,0,81
2,82,110.61940298507463,326.2910447761194,0,82
2,83,52.06,330.06,0,83
2,84,357.4169014084507,346.6112676056338,0,84
2,85,70.54744525547446,334.6131386861314,0,85
2,86,41.329268292682926,339.3658536585366,0,86
2,87,98.10027855153203,343.5069637883008,0,87
2,88,140.55605381165918,349.45739910313904,0,88
2,89,334.72103004291847,353.21030042918454,0,89
2,90,887.6376306620209,356.0731707317073,0,90
2,91,79.44701986754967,355.27814569536423,0,91
2,92,130.83673469387756,367.8454810495627,0,92
2,93,90.75078864353313,375.58990536277605,0,93
2,94,871.9965635738831,381.2439862542955,0,94
2,95,374.5753604193971,387.1638269986894,0,95
2,96,313.3674033149171,382.3121546961326,0,96
2,97,890.3065476190476,390.88988095238096,0,97
2,98,115.45833333333333,386.97222222222223,0,98
2,99,837.9482200647249,396.8349514563107,0,99
2,100,134.71212121212122,393.8863636363636,0,100
2,101,93.26136363636364,397.6306818181818,0,101
2,102,351.14792899408286,401.73372781065086,0,102
2,103,119.69473684210526,407.9421052631579,0,103
2,104,376.62264150943395,409.38993710691824,0,104
2,105,425.3577235772358,419.06775067750675,0,105
2,106,580.9348837209302,417.09302325581393,0,106
2,107,234.0376712328767,426.527397260274,0,107
2,108,89.70560747663552,417.2102803738318,0,108
2,109,836.9563318777292,421.16157205240177,0,109
2,110,790.7802197802198,439.24615384615385,0,110
2,111,345.3743842364532,422.25615763546796,0,111
2,112,810.741935483871,426.8279569892473,0,112
2,113,769.9123505976096,435.8406374501992,0,113
2,114,371.03743315508024,429.60427807486633,0,114
2,115,123.32911392405063,428.28691983122366,0,115
2,116,588.7551020408164,446.869387755102,0,116
2,117,831.1627906976744,452.0558139534884,0,117
2,118,608.8936170212766,456.8468085106383,0,118
2,119,812.7610062893082,451.4842767295597,0,119
2,120,636.4009433962265,455.0188679245283,0,120
2,121,238.51986754966887,464.19867549668874,0,121
2,122,310.9259259259259,465.3888888888889,0,122
2,123,562.2487046632124,463.4818652849741,0,123
2,124,778.4675324675325,476.7694805194805,0,124
2,125,963.3762376237623,468.0742574257426,0,125
2,126,291.5814977973568,475.3700440528634,0,126
2,127,801.4194260485651,487.280353200883,0,127
2,128,586.8888888888889,474.0357142857143,0,128
2,129,270.10878661087867,478.7196652719665,0,129
2,130,517.6772727272727,477.48636363636365,0,130
2,131,547.253807106599,479.6040609137056,0,131
2,132,323.93142857142857,490.6857142857143,0,132
2,133,822.8786407766991,499.6747572815534,0,133
2,134,302.8898678414097,503.85022026431716,0,134
2,135,282.1837606837607,508.1709401709402,0,135
2,136,214.82303370786516,518.311797752809,0,136
2,137,710.1820652173913,522.3179347826087,0,137
2,138,664.137026239067,520.5072886297376,0,138
2,139,836.2461538461539,525.0358974358975,0,139
2,140,650.6935483870968,541.916129032258,0,140
2,141,713.8055555555555,543.2694444444444,0,141
2,142,675.7295774647887,550.5859154929577,0,142
2,143,939.6692913385826,543.9606299212599,0,143
2,144,203.32692307692307,560.5824175824176,0,144
2,145,851.7538461538461,571.6653846153846,0,145
2,146,924.5212121212121,562.1757575757575,0,146
2,147,944.2179487179487,570.3974358974359,0,147
2,148,959.6923076923077,584.7511312217194,0,148
2,149,923.3489932885906,584.503355704698,0,149
2,150,832.6376306620209,599.2996515679442,0,150
2,151,936.4642857142857,603.468253968254,0,151
2,152,910.4663677130045,601.9865470852018,0,152
2,153,430.6241134751773,602.1985815602837,0,153
2,154,412.90909090909093,604.4166666666666,0,154
2,155,383.3545454545455,609.8272727272728,0,155
2,156,400.6,620.0260869565218,0,156
2,157,922.6914893617021,629.8936170212766,0,157
2,158,229.3548387096774,638.1935483870968,0,158
2,159,257.8137931034483,640.1172413793104,0,159
2,160,776.1428571428571,643.952380952381,0,160
2,161,758.974025974026,654.8474025974026,0,161
2,162,274.77777777777777,652.7936507936508,0,162
2,163,243.5617529880478,663.5776892430279,0,163
2,164,883.4807692307693,668.1826923076923,0,164
2,165,304.0392749244713,673.570996978852,0,165
2,166,784.26,672.0,0,166
2,167,272.7566137566138,674.1216931216932,0,167
2,168,284.8201058201058,686.1269841269841,0,168
2,169,248.30769230769232,685.5961538461538,0,169
2,170,765.4639175257732,687.159793814433,0,170
2,171,893.9897435897436,696.625641025641,0,171
2,172,224.70666666666668,693.7666666666667,0,172
2,173,797.665,699.36,0,173
2,174,267.6666666666667,704.5757575757576,0,174
2,175,300.8845265588915,716.7782909930716,0,175
2,176,326.7246835443038,706.6677215189874,0,176
2,177,780.16,710.14,0,177
2,178,241.6927374301676,708.2513966480446,0,178
2,179,283.20588235294116,708.6274509803922,0,179
2,180,115.5830985915493,722.7774647887323,0,180
2,181,181.4100418410042,723.8075313807532,0,181
2,182,318.62573099415204,723.9707602339181,0,182
2,183,797.4896907216495,729.3247422680413,0,183
2,184,158.85377358490567,733.3915094339623,0,184
2,185,280.0391061452514,724.1843575418994,0,185
2,186,256.8588957055215,729.2944785276073,0,186
2,187,349.14657980456025,738.1302931596091,0,187
2,188,826.2417582417582,741.1648351648352,0,188
2,189,207.47083333333333,743.9458333333333,0,189
2,190,333.1822541966427,751.5827338129496,0,190
2,191,126.68666666666667,750.6466666666666,0,191
2,192,301.17261904761904,755.452380952381,0,192
2,193,151.57894736842104,753.6165413533835,0,193
2,194,821.2912621359224,756.2330097087379,0,194
2,195,840.0501792114695,764.1899641577061,0,195
2,196,246.57933579335793,756.3874538745388,0,196
2,197,81.25659472422062,772.956834532374,0,197
2,198,326.15346534653463,771.0297029702971,0,198
2,199,132.27692307692308,771.8813186813187,0,199
2,200,246.67368421052632,770.0736842105263,0,200
2,201,257.1437699680511,779.5015974440895,0,201
2,202,219.69520547945206,784.3424657534247,0,202
2,203,817.474358974359,785.1410256410256,0,203
2,204,93.5490909090909,790.4436363636364,0,204
2,205,837.841726618705,801.7194244604317,0,205
2,206,54.29390681003584,807.8243727598566,0,206
2,207,84.8176291793313,813.6960486322189,0,207
2,208,232.12182741116752,837.5406091370559,0,208
2,209,169.74025974025975,844.004329004329,0,209
2,210,197.63555555555556,852.6355555555556,0,210
2,211,224.88076923076923,858.3538461538461,0,211
2,212,261.9755434782609,876.5951086956521,0,212
2,213,242.203125,883.39453125,0,213
2,214,209.83061889250814,880.9478827361563,0,214
2,215,297.4266211604096,900.5392491467577,0,215
2,216,196.60487804878048,898.3024390243902,0,216
2,217,982.3088235294117,898.9264705882352,0,217
2,218,124.89162561576354,903.0689655172414,0,218
2,219,961.6271186440678,905.1694915254237,0,219
2,220,227.53768844221105,906.3668341708543,0,220
2,221,942.7480314960629,905.7086614173228,0,221
2,222,95.34299516908213,911.7826086956521,0,222
2,223,784.4592274678112,920.8068669527897,0,223
2,224,124.19886363636364,924.6335227272727,0,224
2,225,753.7715736040609,919.0710659898477,0,225
2,226,284.7881040892193,931.5130111524163,0,226
2,227,307.2512315270936,929.9014778325123,0,227
2,228,147.79150579150578,932.4015444015444,0,228
2,229,119.01840490797547,949.8282208588957,0,229
2,230,75.28994082840237,953.5147928994082,0,230
2,231,322.49,955.53,0,231
2,232,131.36094674556213,965.9733727810651,0,232
2,233,169.4046052631579,962.4605263157895,0,233
2,234,97.03763440860214,962.8709677419355,0,234
2,235,59.472972972972975,969.9391891891892,0,235
2,236,313.7871148459384,983.1848739495798,0,236
3,1,97.95988538681948,46.36962750716332,0,1
3,2,765.887537993921,54.19756838905775,0,2
3,3,883.6635802469136,52.333333333333336,0,3
3,4,855.2350427350427,54.0940170940171,0,4
3,5,119.62573099415205,64.90058479532163,0,5
3,6,423.55882352941177,60.73529411764706,0,6
3,7,106.32407407407408,57.092592592592595,0,7
3,8,500.6681614349776,67.87443946188341,0,8
3,9,523.9457013574661,65.84162895927602,0,9
3,10,906.0687830687831,66.78835978835978,0,10
3,11,482.68131868131866,78.24542124542124,0,11
3,12,65.95133819951339,80.37712895377129,0,12
3,13,91.60377358490567,82.44474393530997,0,13
3,14,829.9848024316109,73.89969604863222,0,14
3,15,890.1827956989247,76.70430107526882,0,15
3,16,560.5064935064935,77.21103896103897,0,16
3,17,465.76363636363635,91.30389610389611,0,17
3,18,516.156626506024,77.50602409638554,0,18
3,19,865.0769230769231,79.47596153846153,0,19
3,20,797.9971264367816,92.23275862068965,0,20
3,21,928.1494252873563,84.74137931034483,0,21
3,22,759.1985815602837,85.13475177304964,0,22
3,23,776.7009966777408,96.25913621262458,0,23
3,24,599.55625,93.6,0,24
3,25,513.3618421052631,93.24013157894737,0,25
3,26,887.2507462686567,101.00895522388059,0,26
3,27,909.4039735099337,94.1523178807947,0,27
3,28,550.5848214285714,95.12946428571429,0,28
3,29,840.6018957345972,95.5781990521327,0,29
3,30,744.5479452054794,98.65068493150685,0,30
3,31,854.0116279069767,112.74186046511628,0,31
3,32,425.9950738916256,101.42857142857143,0,32
3,33,580.126168224299,105.20093457943925,0,33
3,34,925.6550724637681,110.57101449275362,0,34
3,35,954.6870229007634,117.53435114503817,0,35
3,36,393.40625,111.5390625,0,36
3,37,528.4254032258065,115.67036290322581,0,37
3,38,366.8555133079848,125.69581749049429,0,38
3,39,453.3594470046083,117.33640552995392,0,39
3,40,974.4157303370787,121.17415730337079,0,40
3,41,611.0035842293906,121.9605734767025,0,41
3,42,875.789156626506,120.70481927710843,0,42
3,43,937.476821192053,136.70529801324503,0,43
3,44,609.700557103064,150.8816155988858,0,44
3,45,393.39473684210526,134.1184210526316,0,45
3,46,908.2540983606557,136.86885245901638,0,46
3,47,414.82935153583617,147.5358361774744,0,47
3,48,858.8333333333334,137.36805555555554,0,48
3,49,644.6301886792453,143.0679245283019,0,49
3,50,885.6315789473684,146.8987854251012,0,50
3,51,978.2272727272727,147.42045454545453,0,51
3,52,960.6430976430977,157.57912457912457,0,52
3,53,322.56756756756755,148.63513513513513,0,53
3,54,812.0285714285715,158.78367346938776,0,54
3,55,347.80128205128204,156.62179487179486,0,55
3,56,385.1383647798742,157.11320754716982,0,56
3,57,915.152,166.084,0,57
3,58,652.0787401574803,166.59448818897638,0,58
3,59,940.358064516129,171.5,0,59
3,60,781.2307692307693,165.81900452488688,0,60
3,61,379.23636363636365,176.36,0,61
3,62,741.3696498054475,181.1556420233463,0,62
3,63,112.44811320754717,182.0,0,63
3,64,143.64125560538116,181.74887892376682,0,64
3,65,417.63698630136986,180.9623287671233,0,65
3,66,705.9537366548043,191.7473309608541,0,66
3,67,675.5087719298245,195.5157894736842,0,67
3,68,654.0076335877862,198.30152671755727,0,68
3,69,381.06333333333333,198.13333333333333,0,69
3,70,130.34347826086957,201.99565217391304,0,70
3,71,450.7007299270073,202.03649635036496,0,71
3,72,161.61061946902655,202.79646017699116,0,72
3,73,420.04744525547443,202.55109489051094,0,73
3,74,471.4453125,213.703125,0,74
3,75,431.64527027027026,222.8918918918919,0,75
3,76,54.027027027027025,240.70945945945945,0,76
3,77,980.7627118644068,241.24858757062148,0,77
3,78,38.815331010452965,259.8292682926829,0,78
3,79,291.06293706293707,256.013986013986,0,79
3,80,443.43169398907105,257.40437158469945,0,80
3,81,463.425702811245,264.13654618473896,0,81
3,82,487.6019417475728,268.6084142394822,0,82
3,83,723.141935483871,274.2903225806452,0,83
3,84,760.2690582959641,269.76233183856505,0,84
3,85,790.4603174603175,270.4761904761905,0,85
3,86,406.2155172413793,279.8189655172414,0,86
3,87,297.88271604938274,279.69135802469134,0,87
3,88,430.66990291262135,280.07766990291265,0,88
3,89,446.7227722772277,277.8811881188119,0,89
3,90,777.9545454545455,279.47402597402595,0,90
3,91,802.3515625,289.5703125,0,91
3,92,762.4277777777778,292.10555555555555,0,92
3,93,735.3731343283582,291.3731343283582,0,93
3,94,745.4059405940594,297.76237623762376,0,94
3,95,443.6825396825397,298.33015873015876,0,95
3,96,378.40273037542664,304.56996587030716,0,96
3,97,463.7150684931507,306.35068493150686,0,97
3,98,786.3768115942029,301.80676328502415,0,98
3,99,701.534435261708,308.3168044077135,0,99
3,100,412.20093457943926,303.56542056074767,0,100
3,101,672.843076923077,310.08307692307693,0,101
3,102,770.2460317460317,304.76190476190476,0,102
3,103,747.9848484848485,313.5808080808081,0,103
3,104,254.08938547486034,314.2122905027933,0,104
3,105,809.9878048780488,320.8373983739837,0,105
3,106,725.4623655913979,314.505376344086,0,106
3,107,273.2994652406417,321.8449197860963,0,107
3,108,709.4845360824743,318.659793814433,0,108
3,109,766.0179372197309,323.30941704035877,0,109
3,110,390.48571428571427,327.05238095238093,0,110
3,111,412.8892405063291,328.9240506329114,0,111
3,112,110.42268041237114,340.9587628865979,0,112
3,113,710.0949720670391,334.3296089385475,0,113
3,114,654.2402402402403,348.02702702702703,0,114
3,115,682.954128440367,337.07339449541286,0,115
3,116,250.59354838709677,340.51612903225805,0,116
3,117,795.0054054054054,341.84864864864863,0,117
3,118,268.7471264367816,350.1896551724138,0,118
3,119,420.56293706293707,361.65034965034965,0,119
3,120,828.0288461538462,349.75,0,120
3,121,672.1666666666666,357.38271604938274,0,121
3,122,810.1990049751244,361.32338308457713,0,122
3,123,60.20900321543408,383.04501607717043,0,123
3,124,319.0061728395062,369.25925925925924,0,124
3,125,80.23772102161101,390.73280943025543,0,125
3,126,341.2857142857143,378.10084033613447,0,126
3,127,661.2346368715084,381.70949720670393,0,127
3,128,292.08024691358025,383.44444444444446,0,128
3,129,307.7951388888889,397.5486111111111,0,129
3,130,175.73498233215548,421.59363957597174,0,130
3,131,207.15771812080536,422.748322147651,0,131
3,132,149.08670520231215,426.64739884393066,0,132
3,133,61.58426966292135,424.1123595505618,0,133
3,134,192.13194444444446,437.9583333333333,0,134
3,135,440.4420432220039,458.0943025540275,0,135
3,136,129.49222797927462,443.08290155440415,0,136
3,137,206.69675090252707,449.60649819494586,0,137
3,138,181.63716814159292,449.17699115044246,0,138
3,139,415.7218045112782,454.7518796992481,0,139
3,140,152.25291828793775,451.32684824902725,0,140
3,141,905.7891891891892,454.43783783783783,0,141
3,142,845.06,458.024,0,142
3,143,219.9337748344371,461.5364238410596,0,143
3,144,123.60696517412936,469.8606965174129,0,144
3,145,165.18840579710144,486.0807453416149,0,145
3,146,237.009900990099,471.36138613861385,0,146
3,147,184.67961165048544,473.3883495145631,0,147
3,148,863.7551401869159,475.1476635514019,0,148
3,149,144.3156626506024,488.28915662650604,0,149
3,150,820.425855513308,481.6425855513308,0,150
3,151,206.96987951807228,480.49397590361446,0,151
3,152,403.9569230769231,494.8676923076923,0,152
3,153,436.16301703163015,494.2554744525547,0,153
3,154,242.59861591695503,497.70242214532874,0,154
3,155,705.0515873015873,497.80555555555554,0,155
3,156,220.12053571428572,497.83035714285717,0,156
3,157,124.69060773480663,497.43646408839777,0,157
3,158,355.9102564102564,494.4102564102564,0,158
3,159,190.37745098039215,498.55392156862746,0,159
3,160,831.524064171123,502.2513368983957,0,160
3,161,379.52,504.995,0,161
3,162,539.9351851851852,500.5740740740741,0,162
3,163,682.0,507.62085308056874,0,163
3,164,521.408,503.952,0,164
3,165,315.0925925925926,518.0123456790124,0,165
3,166,206.61142857142858,518.1771428571428,0,166
3,167,193.84669811320754,530.4811320754717,0,167
3,168,435.46062992125985,524.6023622047244,0,168
3,169,411.4078947368421,530.9526315789474,0,169
3,170,694.36,520.49,0,170
3,171,165.02985074626866,529.9353233830846,0,171
3,172,713.8167938931298,526.8015267175573,0,172
3,173,227.81597222222223,529.2222222222222,0,173
3,174,511.02597402597405,522.5909090909091,0,174
3,175,651.2135922330098,523.752427184466,0,175
3,176,956.0366972477065,530.440366972477,0,176
3,177,674.8577075098814,533.2450592885375,0,177
3,178,490.56081081081084,530.4662162162163,0,178
3,179,292.23828125,541.14453125,0,179
3,180,698.2567164179104,544.5164179104478,0,180
3,181,321.6723163841808,540.3785310734463,0,181
3,182,634.8832487309645,547.7106598984772,0,182
3,183,655.6146788990826,548.6100917431193,0,183
3,184,442.7136563876652,556.7885462555066,0,184
3,185,979.4181818181818,558.6181818181818,0,185
3,186,308.6974358974359,556.5846153846154,0,186
3,187,679.1055555555556,562.4611111111111,0,187
3,188,293.775,576.8321428571429,0,188
3,189,707.6618497109827,579.6849710982659,0,189
3,190,662.1843137254901,579.0,0,190
3,191,637.6869158878504,574.9766355140187,0,191
3,192,315.78977272727275,579.5227272727273,0,192
3,193,911.9620253164557,576.373417721519,0,193
3,194,228.54166666666666,586.4074074074074,0,194
3,195,612.1219512195122,582.4268292682926,0,195
3,196,936.9935897435897,581.2948717948718,0,196
3,197,248.80263157894737,586.9473684210526,0,197
3,198,686.9672131147541,587.5464480874317,0,198
3,199,442.71729957805906,591.042194092827,0,199
3,200,744.4511278195489,591.375939849624,0,200
3,201,897.9124087591241,590.6861313868613,0,201
3,202,631.6764705882352,597.4779411764706,0,202
3,203,919.525974025974,597.6818181818181,0,203
3,204,473.47349823321554,609.2120141342756,0,204
3,205,785.4873609706774,663.587462082912,0,205
3,206,608.4291845493563,605.0472103004291,0,206
3,207,139.34751773049646,612.3475177304964,0,207
3,208,758.3082191780821,612.3698630136986,0,208
3,209,584.3137254901961,613.3970588235294,0,209
3,210,226.28971962616822,618.1168224299065,0,210
3,211,246.4939024390244,616.5243902439024,0,211
3,212,642.0806451612904,617.0806451612904,0,212
3,213,574.7942583732057,632.4952153110048,0,213
3,214,627.3376623376623,629.5887445887446,0,214
3,215,607.5665399239543,636.1216730038022,0,215
3,216,138.59627329192546,639.4037267080745,0,216
3,217,679.2735042735043,643.2307692307693,0,217
3,218,159.23333333333332,646.62,0,218
3,219,613.1552106430155,670.0620842572062,0,219
3,220,764.6296296296297,663.75,0,220
3,221,688.0608695652174,662.4,0,221
3,222,174.1208053691275,666.4362416107383,0,222
3,223,294.7282051282051,682.4512820512821,0,223
3,224,770.5869565217391,698.0391304347826,0,224
3,225,326.7531914893617,694.0468085106382,0,225
3,226,308.3342857142857,708.6,0,226
3,227,343.72131147540983,727.5273224043716,0,227
3,228,530.795665634675,774.4829721362229,0,228
3,229,731.6217948717949,765.8910256410256,0,229
3,230,785.035294117647,770.8411764705883,0,230
3,231,433.609375,778.1510416666666,0,231
3,232,707.5988372093024,772.3779069767442,0,232
3,233,453.1453488372093,788.2848837209302,0,233
3,234,727.8827838827839,787.6446886446887,0,234
3,235,797.6057692307693,792.1346153846154,0,235
3,236,694.3116438356165,799.8013698630137,0,236
3,237,781.2453271028037,815.7056074766355,0,237
3,238,314.25321888412014,809.0343347639486,0,238
3,239,506.82474226804123,809.069587628866,0,239
3,240,428.69417475728153,808.3592233009708,0,240
3,241,453.2356687898089,810.0764331210191,0,241
3,242,469.6279069767442,822.8504983388705,0,242
3,243,691.3636363636364,823.834090909091,0,243
3,244,439.81447963800906,829.6923076923077,0,244
3,245,454.2892561983471,836.3305785123966,0,245
3,246,698.2651162790697,845.553488372093,0,246
3,247,361.6029411764706,850.6727941176471,0,247
3,248,654.2634989200864,853.2872570194385,0,248
3,249,442.8955223880597,855.497512437811,0,249
3,250,462.6996904024768,863.3343653250774,0,250
3,251,677.0714285714286,864.7704081632653,0,251
3,252,386.1625,869.3916666666667,0,252
3,253,627.8817204301075,876.4301075268817,0,253
3,254,655.6898148148148,879.0092592592592,0,254
3,255,876.5970873786408,942.5728155339806,0,255
3,256,848.7696629213483,944.4606741573034,0,256
3,257,491.05405405405406,978.6702702702703,0,257
4,1,120.39393939393939,43.621212121212125,0,1
4,2,85.89090909090909,42.6,0,2
4,3,503.7857142857143,48.37012987012987,0,3
4,4,525.4140127388536,56.254777070063696,0,4
4,5,99.0,60.810344827586206,0,5
4,6,701.8116883116883,64.50324675324676,0,6
4,7,534.5075757575758,77.03030303030303,0,7
4,8,87.76969696969697,93.54545454545455,0,8
4,9,815.1818181818181,122.17199017199017,0,9
4,10,839.3409836065574,124.65901639344263,0,10
4,11,150.8343195266272,118.02366863905326,0,11
4,12,88.45751633986929,120.0718954248366,0,12
4,13,132.075,125.07083333333334,0,13
4,14,793.9698275862069,123.57327586206897,0,14
4,15,250.7077922077922,127.49350649350649,0,15
4,16,762.292576419214,138.1528384279476,0,16
4,17,175.68075117370893,130.7981220657277,0,17
4,18,457.73720136518773,137.1467576791809,0,18
4,19,275.9488636363636,131.3181818181818,0,19
4,20,481.7395348837209,138.53953488372093,0,20
4,21,301.89850746268655,143.6179104477612,0,21
4,22,159.7806691449814,146.7732342007435,0,22
4,23,744.3425925925926,145.0462962962963,0,23
4,24,831.5199004975125,164.33582089552237,0,24
4,25,214.3483870967742,146.63870967741934,0,25
4,26,504.55445544554453,147.25742574257427,0,26
4,27,534.23,151.385,0,27
4,28,806.8546255506608,155.30837004405285,0,28
4,29,853.5181518151816,163.1881188118812,0,29
4,30,191.4453125,149.671875,0,30
4,31,256.8795518207283,151.45378151260505,0,31
4,32,467.296875,163.56770833333334,0,32
4,33,740.8283582089553,164.044776119403,0,33
4,34,446.87539936102235,176.17571884984025,0,34
4,35,233.46511627906978,169.0764119601329,0,35
4,36,541.2819672131147,200.01311475409835,0,36
4,37,130.948,204.992,0,37
4,38,565.0363636363636,205.4318181818182,0,38
4,39,91.09486166007905,212.8181818181818,0,39
4,40,54.97482014388489,213.24100719424462,0,40
4,41,519.5234657039712,226.96750902527077,0,41
4,42,102.65843621399176,228.5679012345679,0,42
4,43,556.1811023622047,235.70866141732284,0,43
4,44,537.217125382263,246.87461773700306,0,44
4,45,343.7586206896552,248.83333333333334,0,45
4,46,561.3526011560693,264.92774566473986,0,46
4,47,519.1296296296297,263.4537037037037,0,47
4,48,327.8618784530387,273.292817679558,0,48
4,49,538.0062111801242,293.8478260869565,0,49
4,50,415.1515151515151,284.64935064935065,0,50
4,51,444.5149253731343,290.15671641791045,0,51
4,52,112.0607476635514,291.25233644859816,0,52
4,53,384.3972602739726,293.73972602739724,0,53
4,54,427.3177083333333,305.1875,0,54
4,55,127.17777777777778,317.35,0,55
4,56,471.5113122171946,311.0678733031674,0,56
4,57,91.59633027522936,314.5045871559633,0,57
4,58,824.551724137931,319.5911330049261,0,58
4,59,308.9673913043478,322.8967391304348,0,59
4,60,106.88053097345133,327.1814159292035,0,60
4,61,331.4507772020725,324.4145077720207,0,61
4,62,453.1975806451613,323.73387096774195,0,62
4,63,852.7089552238806,325.4664179104478,0,63
4,64,317.34418604651165,350.8232558139535,0,64
4,65,829.7211538461538,351.52884615384613,0,65
4,66,336.54901960784315,353.0343137254902,0,66
4,67,129.55847953216374,363.1842105263158,0,67
4,68,104.62672811059907,356.036866359447,0,68
4,69,109.75744680851064,382.0553191489362,0,69
4,70,118.24537037037037,408.5925925925926,0,70
4,71,539.1338289962825,430.0520446096654,0,71
4,72,871.65,436.9714285714286,0,72
4,73,100.6214953271028,450.9859813084112,0,73
4,74,511.6425855513308,451.72623574144484,0,74
4,75,490.51149425287355,450.7183908045977,0,75
4,76,544.3933333333333,449.71,0,76
4,77,569.2666666666667,461.5529411764706,0,77
4,78,887.5526315789474,455.5921052631579,0,78
4,79,127.62666666666667,469.70222222222225,0,79
4,80,519.0748299319728,473.7755102040816,0,80
4,81,489.9581151832461,476.5183246073298,0,81
4,82,543.8559322033898,479.14830508474574,0,82
4,83,901.3551724137931,483.1965517241379,0,83
4,84,439.5608856088561,482.08856088560884,0,84
4,85,938.3181818181819,476.31168831168833,0,85
4,86,921.0666666666667,484.65185185185186,0,86
4,87,626.273381294964,493.02517985611513,0,87
4,88,472.6507177033493,493.00956937799043,0,88
4,89,560.5129310344828,492.7931034482759,0,89
4,90,511.9873417721519,495.38396624472574,0,90
4,91,403.05988023952096,497.73952095808386,0,91
4,92,535.9896907216495,499.21649484536084,0,92
4,93,654.866220735786,511.9130434782609,0,93
4,94,570.3890909090909,511.26181818181817,0,94
4,95,532.7811320754716,511.29811320754715,0,95
4,96,480.283185840708,521.9646017699115,0,96
4,97,500.2717391304348,524.3586956521739,0,97
4,98,597.8297872340426,533.8882978723404,0,98
4,99,622.0783132530121,545.1024096385543,0,99
4,100,492.97752808988764,549.2471910112359,0,100
4,101,581.5192307692307,548.625,0,101
4,102,119.01086956521739,548.679347826087,0,102
4,103,508.57587548638134,564.3463035019455,0,103
4,104,147.16374269005848,558.0,0,104
4,105,571.0722543352601,568.5751445086705,0,105
4,106,482.0990566037736,568.2924528301887,0,106
4,107,601.3015873015873,567.8465608465608,0,107
4,108,529.6071428571429,571.8571428571429,0,108
4,109,557.1424242424242,588.339393939394,0,109
4,110,734.71974522293,581.6687898089172,0,110
4,111,573.8834951456311,590.504854368932,0,111
4,112,516.9204545454545,595.8712121212121,0,112
4,113,496.7853881278539,597.1324200913242,0,113
4,114,536.0061349693251,593.8834355828221,0,114
4,115,384.3658536585366,603.094512195122,0,115
4,116,598.9751243781094,599.1069651741293,0,116
4,117,771.4028571428571,604.8685714285714,0,117
4,118,364.4894259818731,608.6858006042296,0,118
4,119,404.1007751937984,607.2480620155038,0,119
4,120,587.387573964497,619.0473372781065,0,120
4,121,76.6159169550173,621.9515570934255,0,121
4,122,101.80327868852459,624.9344262295082,0,122
4,123,625.1498257839721,631.0034843205575,0,123
4,124,393.40140845070425,629.6056338028169,0,124
4,125,574.6943907156673,637.3984526112185,0,125
4,126,50.97959183673469,642.2687074829932,0,126
4,127,355.60130718954247,645.2941176470588,0,127
4,128,403.875,641.5078125,0,128
4,129,799.175572519084,638.5114503816794,0,129
4,130,378.8753623188406,646.1246376811595,0,130
4,131,622.8365553602812,660.3005272407732,0,131
4,132,78.47686832740213,648.8362989323844,0,132
4,133,201.4678899082569,646.8348623853211,0,133
4,134,650.2542372881356,661.8101694915255,0,134
4,135,854.7101449275362,668.3739130434783,0,135
4,136,216.1654135338346,661.7744360902255,0,136
4,137,878.4615384615385,670.3076923076923,0,137
4,138,361.27464788732397,678.9859154929577,0,138
4,139,892.012987012987,693.0649350649351,0,139
4,140,878.3501326259947,707.2785145888594,0,140
4,141,356.37295081967216,709.766393442623,0,141
4,142,185.59241706161137,719.7535545023696,0,142
4,143,204.25666666666666,732.92,0,143
4,144,782.4131578947369,733.0052631578948,0,144
4,145,929.7365853658537,735.1365853658536,0,145
4,146,656.1170568561873,730.5384615384615,0,146
4,147,814.3353293413173,741.2874251497007,0,147
4,148,183.20283018867926,749.2169811320755,0,148
4,149,555.3976261127597,757.7507418397627,0,149
4,150,624.7675159235669,744.7388535031847,0,150
4,151,817.0890052356021,764.0523560209424,0,151
4,152,601.6106870229007,761.1412213740458,0,152
4,153,937.4894736842106,766.8210526315789,0,153
4,154,209.7721088435374,768.6190476190476,0,154
4,155,636.2599118942732,765.215859030837,0,155
4,156,533.2347266881029,781.3922829581993,0,156
4,157,247.4842105263158,777.5368421052632,0,157
4,158,198.0670731707317,789.6371951219512,0,158
4,159,545.9944903581268,799.8236914600551,0,159
4,160,224.1413043478261,800.7934782608696,0,160
4,161,498.7852348993289,794.3053691275168,0,161
4,162,246.2689075630252,804.0378151260504,0,162
4,163,274.7480916030534,796.5572519083969,0,163
4,164,188.11567164179104,810.5895522388059,0,164
4,165,473.38434163701066,810.8505338078292,0,165
4,166,505.09589041095893,821.8082191780821,0,166
4,167,274.896265560166,817.5228215767635,0,167
4,168,214.93460490463215,835.0871934604904,0,168
4,169,237.02693602693603,833.1616161616162,0,169
4,170,766.793427230047,833.1267605633802,0,170
4,171,790.8704318936877,838.8006644518273,0,171
4,172,191.95317725752508,844.4314381270902,0,172
4,173,342.09119496855345,848.8522012578617,0,173
4,174,817.8235294117648,848.8961937716263,0,174
4,175,292.7307692307692,862.527972027972,0,175
4,176,752.4560669456067,857.3305439330544,0,176
4,177,314.01510574018124,865.3836858006042,0,177
4,178,775.2310126582279,869.9778481012659,0,178
4,179,796.089605734767,870.0824372759856,0,179
4,180,526.1910828025477,872.1783439490446,0,180
4,181,174.72189349112426,878.1420118343195,0,181
4,182,342.8682634730539,879.3892215568862,0,182
4,183,737.6916299559472,882.9295154185022,0,183
4,184,758.1818181818181,884.3090909090909,0,184
4,185,303.23893805309734,899.7581120943953,0,185
4,186,333.42894056847547,899.0439276485788,0,186
4,187,541.6949152542373,896.0960451977401,0,187
4,188,771.6794871794872,901.6837606837607,0,188
4,189,785.8112449799197,908.0200803212851,0,189
4,190,169.88484848484848,907.2,0,190
4,191,731.5201793721973,910.5560538116592,0,191
4,192,807.3636363636364,918.4764890282132,0,192
4,193,759.5282051282052,911.8564102564103,0,193
4,194,152.96268656716418,917.6268656716418,0,194
4,195,319.0608695652174,926.9246376811594,0,195
4,196,793.604938271605,931.5,0,196
4,197,741.7857142857143,935.35960591133,0,197
4,198,778.4945054945055,939.7912087912088,0,198
4,199,336.60869565217394,939.25,0,199
4,200,156.79084967320262,941.0588235294117,0,200
4,201,355.45575221238937,947.066371681416,0,201
4,202,831.7295918367347,944.0969387755102,0,202
4,203,291.6556886227545,959.0419161676647,0,203
4,204,812.9026548672566,955.9793510324483,0,204
4,205,173.0223463687151,954.7597765363129,0,205
4,206,314.5763888888889,956.7708333333334,0,206
4,207,334.7826086956522,964.7478260869565,0,207
4,208,302.4479166666667,967.7708333333334,0,208
4,209,848.1545064377682,971.1931330472103,0,209
4,210,347.93975903614455,970.1084337349398,0,210
4,211,162.34810126582278,976.1772151898734,0,211
4,212,316.1297709923664,976.9770992366413,0,212
5,1,632.1910569105692,67.38617886178862,0,1
5,2,620.1934156378601,98.20987654320987,0,2
5,3,641.9221789883269,102.28015564202335,0,3
5,4,370.27946127946126,110.75757575757575,0,4
5,5,777.5148936170212,104.39148936170213,0,5
5,6,817.6677631578947,108.88486842105263,0,6
5,7,785.7154046997389,126.74412532637076,0,7
5,8,356.2068965517241,133.0287356321839,0,8
5,9,637.8193832599119,128.7444933920705,0,9
5,10,832.2878787878788,128.86363636363637,0,10
5,11,361.9310344827586,154.30344827586208,0,11
5,12,906.6736842105263,185.42105263157896,0,12
5,13,922.859375,185.7109375,0,13
5,14,608.6727272727272,209.26818181818183,0,14
5,15,939.5527426160338,204.69198312236287,0,15
5,16,585.5369127516778,215.30872483221478,0,16
5,17,636.6439790575917,226.9476439790576,0,17
5,18,696.0705882352942,237.79607843137254,0,18
5,19,574.2611464968153,236.36305732484075,0,19
5,20,770.5377777777778,243.5377777777778,0,20
5,21,589.3218390804598,248.6494252873563,0,21
5,22,721.5451505016722,262.58528428093643,0,22
5,23,81.4621513944223,262.82868525896413,0,23
5,24,747.9471365638766,269.19383259911893,0,24
5,25,578.2919254658385,270.7391304347826,0,25
5,26,80.04081632653062,290.18367346938777,0,26
5,27,738.4747081712062,297.591439688716,0,27
5,28,97.73831775700934,298.2803738317757,0,28
5,29,134.98979591836735,307.1530612244898,0,29
5,30,71.61878453038673,314.38950276243094,0,30
5,31,117.31067961165049,311.06796116504853,0,31
5,32,772.2701754385965,322.5649122807018,0,32
5,33,101.38461538461539,316.24615384615385,0,33
5,34,324.95979899497485,316.0100502512563,0,34
5,35,674.8522727272727,315.4431818181818,0,35
5,36,666.0380952380953,329.04761904761904,0,36
5,37,105.6265560165975,330.82572614107886,0,37
5,38,345.43646408839777,337.43093922651934,0,38
5,39,835.438596491228,334.5701754385965,0,39
5,40,649.8173076923077,350.13461538461536,0,40
5,41,670.0829493087558,354.6405529953917,0,41
5,42,832.5333333333333,353.3,0,42
5,43,848.6338028169014,363.23943661971833,0,43
5,44,650.6387665198238,380.9603524229075,0,44
5,45,78.66359447004608,383.073732718894,0,45
5,46,99.18636363636364,381.44545454545454,0,46
5,47,630.2417582417582,384.2857142857143,0,47
5,48,839.0076923076923,382.6461538461538,0,48
5,49,764.4129353233831,388.3482587064677,0,49
5,50,93.79039301310044,410.2008733624454,0,50
5,51,642.6073298429319,413.60732984293196,0,51
5,52,72.47773279352226,417.497975708502,0,52
5,53,771.2666666666667,420.5076923076923,0,53
5,54,463.7827160493827,451.8172839506173,0,54
5,55,118.73755656108597,441.20361990950227,0,55
5,56,507.0210843373494,445.4548192771084,0,56
5,57,144.47210300429185,453.83690987124464,0,57
5,58,487.95238095238096,453.6233766233766,0,58
5,59,163.59756097560975,455.5,0,59
5,60,227.18446601941747,456.00970873786406,0,60
5,61,368.34705882352944,465.0529411764706,0,61
5,62,511.18888888888887,463.3777777777778,0,62
5,63,546.6548672566372,465.22418879056045,0,63
5,64,591.1122112211222,472.980198019802,0,64
5,65,262.14159292035396,472.62831858407077,0,65
5,66,487.8134328358209,491.7412935323383,0,66
5,67,348.314465408805,476.49056603773585,0,67
5,68,516.9362416107383,477.1241610738255,0,68
5,69,203.33939393939394,477.8363636363636,0,69
5,70,166.34857142857143,481.5885714285714,0,70
5,71,569.0284810126582,494.30696202531647,0,71
5,72,500.97938144329896,486.07216494845363,0,72
5,73,545.1895161290323,489.875,0,73
5,74,184.7941176470588,489.8,0,74
5,75,585.3547008547008,501.7008547008547,0,75
5,76,220.80878552971575,499.3720930232558,0,76
5,77,516.1666666666666,497.81081081081084,0,77
5,78,609.804664723032,515.0116618075801,0,78
5,79,179.49846153846153,511.3630769230769,0,79
5,80,547.1011235955057,510.938202247191,0,80
5,81,212.85245901639345,517.8251366120219,0,81
5,82,522.271186440678,517.3446327683616,0,82
5,83,236.11640211640213,523.8730158730159,0,83
5,84,573.192,534.4666666666667,0,84
5,85,726.736559139785,528.0752688172043,0,85
5,86,596.3739495798319,531.8319327731092,0,86
5,87,551.0,537.5297297297298,0,87
5,88,206.19303797468353,541.8132911392405,0,88
5,89,641.3131868131868,539.6923076923077,0,89
5,90,457.86234817813767,553.8744939271255,0,90
5,91,305.7880434782609,550.0217391304348,0,91
5,92,711.7305699481865,549.7668393782384,0,92
5,93,687.5490196078431,556.5784313725491,0,93
5,94,662.5862068965517,559.6945812807882,0,94
5,95,569.2191011235955,559.3988764044943,0,95
5,96,706.5203619909503,575.393665158371,0,96
5,97,315.7755102040816,578.030612244898,0,97
5,98,429.5190476190476,587.5,0,98
5,99,462.5128205128205,592.0842490842491,0,99
5,100,603.5670103092783,613.4295532646048,0,100
5,101,446.93333333333334,606.3388888888888,0,101
5,102,439.75,624.7794117647059,0,102
5,103,316.42533936651586,634.7058823529412,0,103
5,104,462.55299539170505,640.0092165898618,0,104
5,105,622.4373088685015,648.9327217125382,0,105
5,106,433.8066666666667,656.7866666666666,0,106
5,107,334.28444444444443,663.0266666666666,0,107
5,108,109.65894039735099,685.9238410596026,0,108
5,109,256.16883116883116,673.461038961039,0,109
5,110,306.20527859237535,676.5014662756598,0,110
5,111,432.54744525547443,680.0656934306569,0,111
5,112,129.93522267206478,689.3117408906883,0,112
5,113,278.50314465408803,684.930817610063,0,113
5,114,81.87205387205387,705.3973063973064,0,114
5,115,147.672131147541,716.5040983606557,0,115
5,116,124.35231316725978,722.7153024911032,0,116
5,117,53.43115942028985,725.8333333333334,0,117
5,118,692.660465116279,738.6511627906976,0,118
5,119,729.9815950920246,725.5582822085889,0,119
5,120,712.4251012145749,735.9838056680162,0,120
5,121,827.7397260273973,733.8424657534247,0,121
5,122,734.264367816092,750.1206896551724,0,122
5,123,837.3563829787234,760.3776595744681,0,123
5,124,712.0398406374502,770.4621513944223,0,124
5,125,687.4034334763949,776.5751072961374,0,125
5,126,749.1458333333334,795.7743055555555,0,126
5,127,675.6192660550458,797.1743119266055,0,127
5,128,782.3249097472924,800.5884476534296,0,128
5,129,839.1212121212121,801.1818181818181,0,129
5,130,815.3356643356643,804.5594405594405,0,130
5,131,784.2882096069869,820.5240174672489,0,131
5,132,710.327380952381,816.0178571428571,0,132
5,133,756.3649122807018,822.0736842105263,0,133
5,134,845.1095890410959,820.2557077625571,0,134
5,135,813.5470852017937,824.2511210762332,0,135
5,136,931.4715909090909,839.1647727272727,0,136
5,137,731.0444444444445,832.6722222222222,0,137
5,138,706.0029673590504,858.0712166172107,0,138
5,139,834.4826086956522,839.6304347826087,0,139
5,140,751.8744769874477,849.1004184100418,0,140
5,141,800.2666666666667,849.2868217054264,0,141
5,142,460.7142857142857,856.5971428571429,0,142
5,143,863.078125,847.9583333333334,0,143
5,144,727.0813559322033,857.871186440678,0,144
5,145,488.7781954887218,863.4661654135339,0,145
5,146,936.6875,875.05625,0,146
5,147,745.5527272727272,881.7818181818182,0,147
5,148,829.1538461538462,889.2852564102565,0,148
5,149,465.2807486631016,893.9572192513369,0,149
5,150,774.3721682847896,891.2362459546925,0,150
5,151,724.3535714285714,890.9178571428571,0,151
5,152,486.6840148698885,901.5724907063197,0,152
5,153,506.89256198347107,905.8636363636364,0,153
5,154,527.6940789473684,908.8815789473684,0,154
5,155,322.2415730337079,917.8932584269663,0,155
5,156,802.2271293375394,925.0283911671925,0,156
5,157,505.01680672268907,942.6470588235294,0,157
5,158,328.1990740740741,940.7916666666666,0,158
5,159,525.3451612903226,948.0225806451613,0,159
5,160,304.636815920398,944.0597014925373,0,160
5,161,334.8181818181818,967.4829545454545,0,161
6,1,375.0982456140351,51.50526315789474,0,1
6,2,705.8023952095808,46.31137724550898,0,2
6,3,354.9244186046512,49.924418604651166,0,3
6,4,492.5183246073298,55.1151832460733,0,4
6,5,908.7609561752988,50.2390438247012,0,5
6,6,420.85714285714283,54.35880398671096,0,6
6,7,781.0062893081761,58.638364779874216,0,7
6,8,451.50354609929076,57.297872340425535,0,8
6,9,880.5546218487395,59.49579831932773,0,9
6,10,565.2522255192879,59.14243323442137,0,10
6,11,666.2473794549267,52.23060796645702,0,11
6,12,472.8089171974522,57.07006369426752,0,12
6,13,516.2739130434783,60.278260869565216,0,13
6,14,742.9458483754513,68.07942238267148,0,14
6,15,973.2413793103449,61.241379310344826,0,15
6,16,535.4436860068259,68.78498293515358,0,16
6,17,762.4048582995952,71.18218623481782,0,17
6,18,724.6865671641791,71.2139303482587,0,18
6,19,391.7683615819209,72.98870056497175,0,19
6,20,698.0520446096655,70.13754646840148,0,20
6,21,573.5096418732783,85.15151515151516,0,21
6,22,661.1618122977346,74.08090614886731,0,22
6,23,474.4259259259259,80.88271604938272,0,23
6,24,498.15,85.53333333333333,0,24
6,25,545.0911949685535,92.41509433962264,0,25
6,26,592.4414893617021,90.04255319148936,0,26
6,27,784.4143835616438,100.03424657534246,0,27
6,28,512.3474903474903,97.04633204633204,0,28
6,29,708.561320754717,89.38207547169812,0,29
6,30,759.8942307692307,99.88461538461539,0,30
6,31,735.77,97.43,0,31
6,32,484.8313725490196,108.7843137254902,0,32
6,33,552.3895348837209,110.08720930232558,0,33
6,34,587.6214689265537,115.64971751412429,0,34
6,35,522.991304347826,119.20434782608696,0,35
6,36,537.4285714285714,116.16326530612245,0,36
6,37,567.3333333333334,130.5909090909091,0,37
6,38,772.328125,122.44791666666667,0,38
6,39,509.30674846625766,125.33128834355828,0,39
6,40,542.6321839080459,132.01724137931035,0,40
6,41,499.844696969697,140.27272727272728,0,41
6,42,793.7209302325581,136.50581395348837,0,42
6,43,523.483870967742,148.94354838709677,0,43
6,44,779.4324324324324,150.65405405405406,0,44
6,45,352.7190476190476,154.66666666666666,0,45
6,46,545.8343949044586,153.79617834394904,0,46
6,47,588.5072463768116,161.7753623188406,0,47
6,48,556.8101694915255,169.99322033898306,0,48
6,49,510.1310861423221,174.8876404494382,0,49
6,50,947.1919431279621,171.00710900473933,0,50
6,51,532.4914285714286,172.85142857142858,0,51
6,52,791.398773006135,173.42944785276075,0,52
6,53,890.2205882352941,172.46848739495798,0,53
6,54,575.0843373493976,182.96385542168676,0,54
6,55,351.29,184.615,0,55
6,56,600.2913385826772,180.13385826771653,0,56
6,57,917.2967032967033,180.94505494505495,0,57
6,58,120.35636363636364,183.9709090909091,0,58
6,59,270.38917525773195,200.4458762886598,0,59
6,60,947.1578947368421,192.8421052631579,0,60
6,61,916.7962264150943,197.3622641509434,0,61
6,62,894.2476190476191,192.22380952380954,0,62
6,63,546.6339869281046,196.40849673202615,0,63
6,64,869.9102564102565,196.52564102564102,0,64
6,65,86.75072463768116,198.03478260869565,0,65
6,66,593.2737642585552,210.21292775665398,0,66
6,67,517.7377777777778,208.61777777777777,0,67
6,68,746.6734693877551,211.51020408163265,0,68
6,69,576.0906515580737,225.54390934844193,0,69
6,70,538.3715596330276,217.5091743119266,0,70
6,71,896.3426573426574,218.5944055944056,0,71
6,72,720.3333333333334,237.66666666666666,0,72
6,73,556.6935483870968,226.11290322580646,0,73
6,74,937.3076923076923,233.16722408026754,0,74
6,75,239.6890756302521,235.07563025210084,0,75
6,76,336.7939262472885,238.63774403470717,0,76
6,77,761.4645161290323,233.56774193548387,0,77
6,78,505.9945355191257,234.34972677595627,0,78
6,79,542.8761904761905,236.37142857142857,0,79
6,80,741.0201005025126,239.25125628140702,0,80
6,81,527.1298076923077,239.83653846153845,0,81
6,82,365.7664233576642,244.93065693430657,0,82
6,83,915.1827586206897,249.3310344827586,0,83
6,84,482.2215568862275,242.4550898203593,0,84
6,85,543.5454545454545,253.45454545454547,0,85
6,86,289.66136363636366,252.4568181818182,0,86
6,87,567.8972222222222,275.30833333333334,0,87
6,88,744.0362694300518,263.7150259067358,0,88
6,89,338.5445026178011,262.73298429319374,0,89
6,90,929.6931407942238,272.7328519855596,0,90
6,91,312.28248587570624,269.26553672316385,0,91
6,92,960.7012987012987,272.8831168831169,0,92
6,93,121.92134831460675,275.7752808988764,0,93
6,94,352.87896253602304,279.8299711815562,0,94
6,95,548.1173184357542,279.0,0,95
6,96,150.10486891385767,282.42322097378275,0,96
6,97,739.2707509881423,293.298418972332,0,97
6,98,323.74285714285713,285.57714285714286,0,98
6,99,300.2448979591837,292.14285714285717,0,99
6,100,954.2115384615385,291.87307692307695,0,100
6,101,135.84393063583815,301.90751445086704,0,101
6,102,532.1931818181819,301.33522727272725,0,102
6,103,338.9846153846154,305.825641025641,0,103
6,104,936.6086956521739,303.9673913043478,0,104
6,105,320.8666666666667,312.4888888888889,0,105
6,106,165.07407407407408,310.2962962962963,0,106
6,107,981.4237918215614,316.3345724907063,0,107
6,108,555.7096774193549,314.93548387096774,0,108
6,109,959.605,320.365,0,109
6,110,583.2,320.20588235294116,0,110
6,111,739.224043715847,326.46448087431696,0,111
6,112,582.9055118110236,340.0236220472441,0,112
6,113,758.3217821782179,345.94554455445547,0,113
6,114,602.8316831683169,351.5049504950495,0,114
6,115,699.4130434782609,354.17934782608694,0,115
6,116,734.864734299517,358.7391304347826,0,116
6,117,507.14285714285717,364.4149659863946,0,117
6,118,721.2849740932643,372.2849740932642,0,118
6,119,755.9888888888889,382.6666666666667,0,119
6,120,511.16,387.38666666666666,0,120
6,121,489.1511627906977,403.01453488372096,0,121
6,122,895.0333333333333,412.64,0,122
6,123,916.7310344827587,413.88965517241377,0,123
6,124,215.61940298507463,427.17164179104475,0,124
6,125,44.33018867924528,435.0817610062893,0,125
6,126,241.98909090909092,436.1490909090909,0,126
6,127,916.2230215827338,432.67625899280574,0,127
6,128,348.34507042253523,432.5669014084507,0,128
6,129,388.780487804878,435.70034843205576,0,129
6,130,227.7,440.675,0,130
6,131,81.29449838187702,443.15857605177996,0,131
6,132,933.8698630136986,445.2945205479452,0,132
6,133,213.3884892086331,448.2661870503597,0,133
6,134,230.74267100977198,467.66775244299674,0,134
6,135,112.44949494949495,462.3333333333333,0,135
6,136,75.14341085271317,469.29457364341084,0,136
6,137,252.34736842105264,473.3228070175439,0,137
6,138,95.65753424657534,470.76255707762556,0,138
6,139,54.69716088328076,474.58359621451103,0,139
6,140,613.2607003891051,474.3190661478599,0,140
6,141,392.37333333333333,482.74666666666667,0,141
6,142,212.0921052631579,478.0855263157895,0,142
6,143,596.1963190184049,485.5092024539877,0,143
6,144,735.5959595959596,491.06734006734007,0,144
6,145,578.9575163398692,493.937908496732,0,145
6,146,113.9438775510204,493.1734693877551,0,146
6,147,93.9623430962343,502.6234309623431,0,147
6,148,55.19269102990033,510.109634551495,0,148
6,149,74.71428571428571,506.1932773109244,0,149
6,150,241.49142857142857,501.39428571428573,0,150
6,151,221.2010582010582,503.4761904761905,0,151
6,152,626.9465648854962,506.6526717557252,0,152
6,153,355.21725239616615,511.8690095846645,0,153
6,154,606.7722222222222,508.4611111111111,0,154
6,155,385.8780487804878,518.6432926829268,0,155
6,156,253.71875,522.775,0,156
6,157,750.9005102040817,522.0433673469388,0,157
6,158,872.8537414965987,524.5612244897959,0,158
6,159,836.3214285714286,522.9196428571429,0,159
6,160,596.0032894736842,526.9802631578947,0,160
6,161,805.565,528.7,0,161
6,162,373.1328413284133,536.0959409594096,0,162
6,163,851.6439393939394,535.3712121212121,0,163
6,164,435.41284403669727,542.743119266055,0,164
6,165,351.11805555555554,548.4305555555555,0,165
6,166,460.6854460093897,542.056338028169,0,166
6,167,584.9419087136929,544.7219917012449,0,167
6,168,779.3768844221106,558.8316582914573,0,168
6,169,822.5843621399177,551.5555555555555,0,169
6,170,798.3842592592592,551.8611111111111,0,170
6,171,963.0310559006211,558.3167701863354,0,171
6,172,485.18367346938777,558.0,0,172
6,173,555.5665024630542,559.743842364532,0,173
6,174,375.79636363636365,568.0763636363637,0,174
6,175,573.704845814978,569.4933920704846,0,175
6,176,460.19924812030075,565.0075187969925,0,176
6,177,594.8387096774194,574.2540322580645,0,177
6,178,836.8520408163265,575.6887755102041,0,178
6,179,807.9431279620853,577.8199052132701,0,179
6,180,367.9095890410959,587.6191780821918,0,180
6,181,963.0235294117647,585.7764705882353,0,181
6,182,549.1237113402062,586.159793814433,0,182
6,183,823.0043859649123,594.8333333333334,0,183
6,184,781.9230769230769,590.6769230769231,0,184
6,185,566.6901960784314,602.8588235294118,0,185
6,186,845.7837837837837,600.7513513513513,0,186
6,187,592.2339449541284,601.545871559633,0,187
6,188,948.6410256410256,601.7051282051282,0,188
6,189,360.43589743589746,606.9800569800569,0,189
6,190,806.3963963963964,608.5675675675676,0,190
6,191,548.2352941176471,626.5546218487395,0,191
6,192,400.1516709511568,626.3239074550129,0,192
6,193,861.1134020618557,618.5463917525773,0,193
6,194,835.258064516129,622.0685483870968,0,194
6,195,629.4163090128756,622.5579399141631,0,195
6,196,579.6160714285714,624.1964285714286,0,196
6,197,957.038961038961,624.3766233766233,0,197
6,198,609.7183098591549,628.2769953051643,0,198
6,199,562.0843373493976,627.8795180722891,0,199
6,200,383.8348623853211,643.2110091743119,0,200
6,201,591.1271676300578,639.9826589595376,0,201
6,202,828.8167115902964,651.5309973045822,0,202
6,203,852.0867579908676,642.0045662100457,0,203
6,204,57.648989898989896,656.0075757575758,0,204
6,205,634.6071428571429,648.8333333333334,0,205
6,206,563.718875502008,652.2248995983936,0,206
6,207,621.2028169014085,666.0,0,207
6,208,535.8181818181819,658.3155080213904,0,208
6,209,580.3181818181819,659.7922077922078,0,209
6,210,603.6781002638522,675.3562005277045,0,210
6,211,857.0441176470588,664.7254901960785,0,211
6,212,668.5027932960894,669.3798882681564,0,212
6,213,648.907192575406,681.8863109048724,0,213
6,214,688.1245551601423,678.1316725978647,0,214
6,215,881.7242990654206,674.8785046728972,0,215
6,216,78.062893081761,686.1572327044025,0,216
6,217,551.7005988023952,680.9221556886228,0,217
6,218,859.5198863636364,687.9545454545455,0,218
6,219,669.0597826086956,695.4728260869565,0,219
6,220,474.77486910994764,703.6387434554974,0,220
6,221,627.8838709677419,699.1677419354838,0,221
6,222,454.55913978494624,707.8960573476703,0,222
6,223,589.5270655270655,716.7207977207977,0,223
6,224,688.689138576779,715.374531835206,0,224
6,225,618.2647887323943,718.4845070422535,0,225
6,226,308.66348448687353,722.9188544152745,0,226
6,227,640.7720588235294,714.3088235294117,0,227
6,228,920.9287410926365,721.7007125890736,0,228
6,229,435.3716216216216,721.6216216216217,0,229
6,230,274.8442367601246,726.6884735202492,0,230
6,231,482.6470588235294,729.7892156862745,0,231
6,232,460.66898954703834,742.184668989547,0,232
6,233,605.8290598290598,739.1282051282051,0,233
6,234,825.50826446281,738.9090909090909,0,234
6,235,440.18518518518516,742.4320987654321,0,235
6,236,858.9438943894389,748.5478547854785,0,236
6,237,340.5861111111111,747.3361111111111,0,237
6,238,278.77647058823527,747.2823529411764,0,238
6,239,300.57869249394673,756.9007263922518,0,239
6,240,628.1223628691984,750.1434599156119,0,240
6,241,698.1683501683501,756.040404040404,0,241
6,242,481.74074074074076,754.015873015873,0,242
6,243,890.5158227848101,752.4873417721519,0,243
6,244,821.0065217391304,768.3021739130435,0,244
6,245,844.2692307692307,766.9134615384615,0,245
6,246,600.7478991596639,768.6344537815127,0,246
6,247,446.6,774.2423076923077,0,247
6,248,639.1884816753927,770.0785340314136,0,248
6,249,503.9428571428571,769.7942857142857,0,249
6,250,273.312925170068,772.2108843537414,0,250
6,251,476.751497005988,774.5299401197605,0,251
6,252,871.603550295858,781.3284023668639,0,252
6,253,892.2441471571906,780.0936454849499,0,253
6,254,915.101226993865,782.7668711656441,0,254
6,255,617.7222222222222,781.5512820512821,0,255
6,256,707.3157894736842,787.1691729323309,0,256
6,257,798.5068965517241,794.5896551724138,0,257
6,258,854.504,784.864,0,258
6,259,590.514598540146,791.7554744525547,0,259
6,260,461.3333333333333,799.2417582417582,0,260
6,261,636.1538461538462,794.0989010989011,0,261
6,262,821.4029850746268,795.4676616915423,0,262
6,263,498.374251497006,806.6377245508982,0,263
6,264,858.1570438799076,803.1570438799076,0,264
6,265,478.7536231884058,816.4178743961353,0,265
6,266,579.1936936936937,808.3783783783783,0,266
6,267,907.4117647058823,810.5404411764706,0,267
6,268,616.2396694214876,810.4876033057851,0,268
6,269,839.414364640884,816.7734806629834,0,269
6,270,646.605,816.295,0,270
6,271,820.2474576271186,832.8610169491525,0,271
6,272,602.6101694915254,826.1737288135594,0,272
6,273,583.7905138339921,835.4861660079051,0,273
6,274,455.0138888888889,839.0208333333334,0,274
6,275,669.556886227545,834.4910179640718,0,275
6,276,630.5714285714286,832.0380952380953,0,276
6,277,654.4108108108109,845.9945945945946,0,277
6,278,624.4207119741101,850.84142394822,0,278
6,279,473.2575,866.7975,0,279
6,280,395.6420664206642,864.1881918819188,0,280
6,281,431.12048192771084,871.8072289156627,0,281
6,282,453.2684824902724,875.9571984435797,0,282
6,283,133.70348837209303,879.5290697674419,0,283
6,284,411.87593984962405,890.375939849624,0,284
6,285,798.704280155642,888.9105058365759,0,285
6,286,432.864406779661,901.6440677966102,0,286
6,287,898.3630363036303,900.5247524752475,0,287
6,288,148.0268817204301,904.5645161290323,0,288
6,289,725.7006369426751,914.343949044586,0,289
6,290,819.075,912.0214285714286,0,290
6,291,932.26,918.03,0,291
6,292,708.2043010752689,925.8924731182796,0,292
6,293,970.970802919708,934.1240875912408,0,293
6,294,736.7484662576687,952.0920245398773,0,294
6,295,713.1164383561644,957.2089041095891,0,295
6,296,287.18297872340423,961.7106382978724,0,296
6,297,316.2266666666667,967.4622222222222,0,297
6,298,750.8520179372198,980.6412556053812,0,298
7,1,58.575892857142854,49.736607142857146,0,1
7,2,965.5641025641025,50.38461538461539,0,2
7,3,183.1015037593985,47.462406015037594,0,3
7,4,239.68027210884352,47.08163265306123,0,4
7,5,490.2451361867704,60.39688715953307,0,5
7,6,508.7291666666667,55.81944444444444,0,6
7,7,926.1294117647059,85.16764705882353,0,7
7,8,822.0584795321637,54.461988304093566,0,8
7,9,260.5657894736842,56.921052631578945,0,9
7,10,944.1384083044983,67.40138408304499,0,10
7,11,787.3541666666666,57.90277777777778,0,11
7,12,932.1075268817204,65.52688172043011,0,12
7,13,531.3741721854304,72.87417218543047,0,13
7,14,400.3027027027027,61.497297297297294,0,14
7,15,428.54594594594596,63.57297297297297,0,15
7,16,292.0858895705521,76.63496932515338,0,16
7,17,807.1059602649007,67.47019867549669,0,17
7,18,841.136690647482,68.43165467625899,0,18
7,19,826.7149122807018,77.20614035087719,0,19
7,20,782.6208178438661,77.93680297397769,0,20
7,21,511.9935483870968,79.30322580645161,0,21
7,22,76.4980694980695,79.7992277992278,0,22
7,23,903.5367965367965,83.32034632034632,0,23
7,24,865.639175257732,91.72852233676976,0,24
7,25,887.7758112094396,94.25073746312684,0,25
7,26,819.8049645390071,92.76595744680851,0,26
7,27,849.3721682847896,102.55016181229773,0,27
7,28,499.50943396226415,99.69811320754717,0,28
7,29,768.8300970873786,94.4126213592233,0,29
7,30,956.159169550173,107.09342560553634,0,30
7,31,525.1158536585366,102.65243902439025,0,31
7,32,156.88202247191012,105.06179775280899,0,32
7,33,557.4895833333334,105.45138888888889,0,33
7,34,799.2707182320441,103.57458563535911,0,34
7,35,914.6088888888889,115.01333333333334,0,35
7,36,540.2517482517483,119.62237762237763,0,36
7,37,663.4384615384615,122.66153846153846,0,37
7,38,886.1195652173913,123.3623188405797,0,38
7,39,154.0392156862745,130.51633986928104,0,39
7,40,954.3510638297872,139.84751773049646,0,40
7,41,664.1468531468531,147.53146853146853,0,41
7,42,681.8835616438356,158.83561643835617,0,42
7,43,114.41353383458646,161.34586466165413,0,43
7,44,646.5824175824176,175.9084249084249,0,44
7,45,135.70253164556962,171.43037974683546,0,45
7,46,668.1658031088083,179.05699481865284,0,46
7,47,691.4566929133858,178.96062992125985,0,47
7,48,127.89285714285714,188.32857142857142,0,48
7,49,627.1659574468085,200.36170212765958,0,49
7,50,650.9205020920502,203.22175732217573,0,50
7,51,144.69655172413792,203.42068965517242,0,51
7,52,606.64039408867,217.88177339901478,0,52
7,53,660.0038910505837,223.02334630350194,0,53
7,54,938.8740157480315,226.74015748031496,0,54
7,55,970.9008620689655,232.47413793103448,0,55
7,56,630.816733067729,230.4621513944223,0,56
7,57,588.9308755760369,241.19354838709677,0,57
7,58,860.8353413654619,239.6265060240964,0,58
7,59,617.3702290076336,249.7290076335878,0,59
7,60,817.4435897435898,251.77179487179487,0,60
7,61,944.9557195571956,247.5719557195572,0,61
7,62,651.8928571428571,256.3809523809524,0,62
7,63,973.7777777777778,265.8,0,63
7,64,848.5645161290323,273.0443548387097,0,64
7,65,596.28,272.3666666666667,0,65
7,66,817.0394431554524,273.11136890951275,0,66
7,67,134.29896907216494,275.6701030927835,0,67
7,68,629.1028571428571,271.04571428571427,0,68
7,69,654.0535714285714,281.3392857142857,0,69
7,70,770.6119402985074,282.46268656716416,0,70
7,71,612.5405405405405,293.5328185328185,0,71
7,72,637.3203463203463,294.965367965368,0,72
7,73,786.9595141700405,295.95546558704456,0,73
7,74,816.5233644859813,295.29595015576325,0,74
7,75,145.46560846560845,298.031746031746,0,75
7,76,771.5630026809652,316.4745308310992,0,76
7,77,668.3611111111111,301.912037037037,0,77
7,78,167.17105263157896,319.2657894736842,0,78
7,79,416.8125,318.2013888888889,0,79
7,80,796.0278884462151,322.2988047808765,0,80
7,81,954.5410628019324,327.19323671497585,0,81
7,82,439.5854545454545,345.4290909090909,0,82
7,83,827.113712374582,350.8528428093646,0,83
7,84,923.7710280373832,341.9485981308411,0,84
7,85,146.82926829268294,346.2032520325203,0,85
7,86,789.2774869109948,363.1780104712042,0,86
7,87,122.88700564971751,356.0169491525424,0,87
7,88,808.9491525423729,363.3152542372881,0,88
7,89,183.55,353.4714285714286,0,89
7,90,147.45054945054946,375.76556776556777,0,90
7,91,168.72700296735906,379.02967359050444,0,91
7,92,198.38133333333334,378.432,0,92
7,93,132.2127659574468,385.65531914893614,0,93
7,94,825.7046153846154,395.73846153846154,0,94
7,95,114.35223880597015,404.15820895522387,0,95
7,96,194.77675840978594,408.08868501529054,0,96
7,97,168.5016077170418,408.59163987138265,0,97
7,98,864.0580551523948,434.7532656023222,0,98
7,99,873.3003802281369,414.37642585551333,0,99
7,100,225.31521739130434,411.05434782608694,0,100
7,101,138.6192468619247,411.5020920502092,0,101
7,102,162.35885167464116,428.0287081339713,0,102
7,103,840.8424657534247,433.98972602739724,0,103
7,104,892.7107438016529,438.8099173553719,0,104
7,105,825.030612244898,448.5,0,105
7,106,898.7535211267606,457.09859154929575,0,106
7,107,858.1304347826087,467.1268115942029,0,107
7,108,837.7142857142857,472.4948979591837,0,108
7,109,562.331081081081,487.1114864864865,0,109
7,110,595.6637168141593,505.6253687315634,0,110
7,111,634.3298969072165,511.49828178694156,0,111
7,112,162.8711111111111,508.71555555555557,0,112
7,113,80.36170212765957,518.0978723404255,0,113
7,114,123.8158640226629,513.5297450424929,0,114
7,115,731.8262910798122,523.5727699530516,0,115
7,116,614.9424083769634,523.0366492146596,0,116
7,117,345.8847736625514,527.0452674897119,0,117
7,118,145.82470119521912,536.4462151394422,0,118
7,119,87.8108108108108,541.2243243243244,0,119
7,120,125.53503184713375,534.0063694267516,0,120
7,121,980.4797687861271,534.4797687861271,0,121
7,122,640.8403041825095,543.9201520912547,0,122
7,123,60.996078431372545,545.7137254901961,0,123
7,124,617.8092485549133,546.1734104046243,0,124
7,125,103.60923076923076,552.5876923076924,0,125
7,126,757.2751091703057,546.7423580786026,0,126
7,127,499.3855421686747,555.2530120481928,0,127
7,128,127.78205128205128,555.1217948717949,0,128
7,129,545.5388888888889,558.4944444444444,0,129
7,130,522.9494382022472,564.6741573033707,0,130
7,131,756.5871212121212,571.1742424242424,0,131
7,132,735.0593607305937,575.4383561643835,0,132
7,133,72.24464831804282,572.7003058103976,0,133
7,134,505.85915492957747,581.413145539906,0,134
7,135,539.6929133858267,580.4251968503937,0,135
7,136,243.23717948717947,589.2564102564103,0,136
7,137,223.06626506024097,591.8373493975904,0,137
7,138,463.5072463768116,594.1207729468599,0,138
7,139,981.025,590.31875,0,139
7,140,760.2669104204754,620.6197440585009,0,140
7,141,773.685606060606,605.6325757575758,0,141
7,142,217.86813186813185,614.6043956043956,0,142
7,143,241.99444444444444,617.1277777777777,0,143
7,144,460.0085106382979,623.3617021276596,0,144
7,145,483.1061224489796,626.9714285714285,0,145
7,146,228.91812865497076,644.3011695906433,0,146
7,147,887.8544776119403,651.7089552238806,0,147
7,148,461.60833333333335,648.0083333333333,0,148
7,149,483.4892857142857,661.575,0,149
7,150,854.9116997792495,674.0264900662252,0,150
7,151,775.829694323144,668.9039301310044,0,151
7,152,441.1818181818182,667.8086124401914,0,152
7,153,247.59863945578232,664.5238095238095,0,153
7,154,461.7841530054645,680.5300546448087,0,154
7,155,670.3947368421053,677.2631578947369,0,155
7,156,876.8115942028985,679.2826086956521,0,156
7,157,253.1642857142857,681.7285714285714,0,157
7,158,864.0917431192661,688.2660550458716,0,158
7,159,958.3811475409836,690.8688524590164,0,159
7,160,679.0588235294117,696.6722689075631,0,160
7,161,877.776119402985,697.0671641791045,0,161
7,162,896.225,704.4214285714286,0,162
7,163,410.7289719626168,700.7803738317757,0,163
7,164,862.7894736842105,710.0263157894736,0,164
7,165,910.5308641975308,721.7654320987655,0,165
7,166,843.7751091703057,727.382096069869,0,166
7,167,474.2192192192192,720.3093093093094,0,167
7,168,962.0223880597015,720.1492537313433,0,168
7,169,877.4331210191083,716.891719745223,0,169
7,170,423.46188340807174,725.5022421524664,0,170
7,171,201.37377049180327,736.567213114754,0,171
7,172,884.1428571428571,737.1802721088435,0,172
7,173,687.2757575757576,740.8030303030303,0,173
7,174,665.4506578947369,745.4276315789474,0,174
7,175,863.9646464646464,738.530303030303,0,175
7,176,709.8862275449102,746.0119760479042,0,176
7,177,892.7333333333333,767.8857142857142,0,177
7,178,210.3501400560224,764.9103641456583,0,178
7,179,696.7653958944281,775.8123167155425,0,179
7,180,716.8121212121212,767.369696969697,0,180
7,181,670.8618618618618,779.7357357357357,0,181
7,182,204.45754716981133,791.3396226415094,0,182
7,183,818.0818713450292,806.2163742690059,0,183
7,184,187.60752688172042,821.6720430107526,0,184
7,185,801.9010416666666,828.2916666666666,0,185
7,186,743.12,831.4466666666667,0,186
7,187,707.5741239892184,835.0458221024259,0,187
7,188,424.47982062780267,849.2017937219731,0,188
7,189,730.5475285171103,851.3079847908746,0,189
7,190,395.82191780821915,852.4566210045662,0,190
7,191,697.9475655430712,856.5917602996254,0,191
7,192,747.8607242339833,865.3788300835655,0,192
7,193,431.7436823104693,869.028880866426,0,193
7,194,397.13229571984436,872.4085603112841,0,194
7,195,698.1246943765282,876.9462102689487,0,195
7,196,276.0794701986755,894.5165562913908,0,196
7,197,296.3673469387755,903.4367346938775,0,197
7,198,41.48571428571429,897.8857142857142,0,198
7,199,41.04326923076923,919.8701923076923,0,199
7,200,270.1744186046512,919.9302325581396,0,200
7,201,615.3139931740615,937.1262798634813,0,201
7,202,194.9453781512605,931.2563025210084,0,202
7,203,311.2,932.1428571428571,0,203
7,204,48.30882352941177,951.7573529411765,0,204
7,205,941.0742857142857,946.52,0,205
7,206,223.6498054474708,946.5447470817121,0,206
7,207,599.9411764705883,953.8487394957983,0,207
7,208,272.7081967213115,967.3868852459017,0,208
7,209,536.7188612099644,964.2740213523132,0,209
7,210,623.1137254901961,974.1921568627452,0,210
7,211,566.1066176470588,973.1911764705883,0,211
7,212,237.51212938005392,967.3908355795148,0,212
7,213,938.2931937172775,972.8638743455498,0,213
8,1,73.203125,43.21875,0,1
8,2,221.843537414966,48.605442176870746,0,2
8,3,831.0183486238532,50.64831804281346,0,3
8,4,454.925,52.50625,0,4
8,5,45.29710144927536,58.25,0,5
8,6,101.11659192825113,56.766816143497756,0,6
8,7,184.67796610169492,64.5819209039548,0,7
8,8,479.54430379746833,56.41772151898734,0,8
8,9,979.6287878787879,58.79545454545455,0,9
8,10,169.49544072948328,69.72644376899696,0,10
8,11,147.10526315789474,71.96284829721363,0,11
8,12,74.68787878787879,63.627272727272725,0,12
8,13,219.2074074074074,66.18518518518519,0,13
8,14,197.90196078431373,72.76143790849673,0,14
8,15,126.74727272727273,86.53818181818181,0,15
8,16,52.87873754152824,86.52491694352159,0,16
8,17,102.14601769911505,85.61504424778761,0,17
8,18,71.83524027459954,97.02517162471396,0,18
8,19,220.3397435897436,97.40705128205128,0,19
8,20,182.91534391534393,91.39153439153439,0,20
8,21,585.9803063457331,107.34792122538293,0,21
8,22,168.77894736842106,96.41052631578947,0,22
8,23,154.16355140186917,104.92990654205607,0,23
8,24,114.56593406593407,109.66483516483517,0,24
8,25,200.60416666666666,107.69270833333333,0,25
8,26,83.86086956521739,115.36521739130434,0,26
8,27,177.09677419354838,114.66532258064517,0,27
8,28,238.47058823529412,117.44919786096257,0,28
8,29,193.8673469387755,121.92857142857143,0,29
8,30,167.064,124.336,0,30
8,31,257.40425531914894,130.40425531914894,0,31
8,32,206.56756756756758,130.24324324324326,0,32
8,33,158.08597285067873,135.42533936651583,0,33
8,34,368.185667752443,143.48208469055373,0,34
8,35,181.3045267489712,143.35802469135803,0,35
8,36,284.29918032786884,139.75409836065575,0,36
8,37,626.1635802469136,146.2037037037037,0,37
8,38,660.3118279569892,135.16487455197134,0,38
8,39,215.19875776397515,142.69565217391303,0,39
8,40,388.60700389105057,147.05836575875486,0,40
8,41,581.1298701298701,145.4848484848485,0,41
8,42,599.7863247863248,161.0491452991453,0,42
8,43,258.21926910299004,155.04318936877075,0,43
8,44,160.05601659751036,159.6390041493776,0,44
8,45,297.55350553505536,155.60147601476015,0,45
8,46,233.6595744680851,155.2340425531915,0,46
8,47,631.5308641975308,171.34362139917695,0,47
8,48,269.40840840840843,170.96396396396398,0,48
8,49,203.0,159.5,0,49
8,50,611.6463414634146,173.7439024390244,0,50
8,51,574.847533632287,177.61883408071748,0,51
8,52,222.91780821917808,176.1164383561644,0,52
8,53,377.21276595744683,177.7063829787234,0,53
8,54,248.03807106598984,188.03299492385787,0,54
8,55,291.50847457627117,180.4915254237288,0,55
8,56,202.78012048192772,184.89457831325302,0,56
8,57,738.8733624454148,186.83406113537117,0,57
8,58,392.18888888888887,192.37037037037038,0,58
8,59,274.7087912087912,196.74725274725276,0,59
8,60,580.8661710037175,205.5724907063197,0,60
8,61,424.1098484848485,197.59469696969697,0,61
8,62,233.9208633093525,198.9640287769784,0,62
8,63,207.09203980099502,207.455223880597,0,63
8,64,767.1991341991342,206.6969696969697,0,64
8,65,413.6384615384615,216.80384615384617,0,65
8,66,280.80128205128204,218.28846153846155,0,66
8,67,448.7590361445783,220.88755020080322,0,67
8,68,247.90540540540542,222.53243243243244,0,68
8,69,214.5204918032787,233.52459016393442,0,69
8,70,49.068,237.672,0,70
8,71,286.86309523809524,238.32738095238096,0,71
8,72,408.9751552795031,239.0496894409938,0,72
8,73,880.7002398081535,252.82494004796163,0,73
8,74,252.70361990950227,243.26696832579185,0,74
8,75,203.26696832579185,251.28054298642533,0,75
8,76,428.0774647887324,245.82394366197184,0,76
8,77,231.89247311827958,261.98566308243727,0,77
8,78,421.8722741433022,265.7538940809969,0,78
8,79,274.6333333333333,276.76666666666665,0,79
8,80,252.3064182194617,278.51966873706004,0,80
8,81,200.7109144542773,281.8879056047198,0,81
8,82,223.70992366412213,281.39312977099235,0,82
8,83,943.8947368421053,288.0701754385965,0,83
8,84,875.4014598540145,298.45498783454985,0,84
8,85,292.04945054945057,292.1263736263736,0,85
8,86,465.07028112449797,293.93373493975906,0,86
8,87,961.622641509434,297.5990566037736,0,87
8,88,282.1483870967742,305.34193548387094,0,88
8,89,234.3783068783069,311.3095238095238,0,89
8,90,948.8396946564885,312.48091603053433,0,90
8,91,275.68058455114823,321.3778705636743,0,91
8,92,299.8235294117647,315.7379679144385,0,92
8,93,471.22802197802196,317.5164835164835,0,93
8,94,932.9642857142857,318.5,0,94
8,95,982.1544117647059,311.2720588235294,0,95
8,96,505.61538461538464,333.23981900452486,0,96
8,97,628.577519379845,326.20542635658916,0,97
8,98,965.3247863247864,324.7307692307692,0,98
8,99,449.328431372549,329.9019607843137,0,99
8,100,953.4653179190751,342.0086705202312,0,100
8,101,493.0405405405405,338.9054054054054,0,101
8,102,310.7831325301205,338.84939759036143,0,102
8,103,915.9957446808511,344.6127659574468,0,103
8,104,425.0,338.01666666666665,0,104
8,105,474.1959798994975,340.03015075376885,0,105
8,106,672.7953216374269,345.12865497076024,0,106
8,107,932.3406593406594,339.1208791208791,0,107
8,108,635.2592592592592,354.09053497942386,0,108
8,109,978.0191570881226,354.1570881226054,0,109
8,110,452.4704142011834,361.18934911242604,0,110
8,111,399.01845018450183,357.00738007380073,0,111
8,112,936.295652173913,356.4260869565217,0,112
8,113,426.2721893491124,361.4230769230769,0,113
8,114,490.78034682080926,360.73410404624275,0,114
8,115,318.1393939393939,362.5272727272727,0,115
8,116,373.7229299363057,372.9936305732484,0,116
8,117,669.6708860759494,373.2278481012658,0,117
8,118,346.6297577854671,375.44290657439444,0,118
8,119,954.8352941176471,381.1823529411765,0,119
8,120,687.5,375.8720930232558,0,120
8,121,910.7161572052402,370.5633187772926,0,121
8,122,400.42808219178085,387.1917808219178,0,122
8,123,934.6144067796611,384.6398305084746,0,123
8,124,426.2869822485207,388.37278106508876,0,124
8,125,977.0689655172414,382.9597701149425,0,125
8,126,327.95402298850576,389.1925287356322,0,126
8,127,906.1538461538462,390.4160839160839,0,127
8,128,377.31756756756755,401.4560810810811,0,128
8,129,686.4319248826291,399.7089201877934,0,129
8,130,788.4828660436137,404.1246105919003,0,130
8,131,839.5598802395209,404.4491017964072,0,131
8,132,976.716577540107,403.3155080213904,0,132
8,133,364.0483870967742,414.6209677419355,0,133
8,134,813.6,409.23243243243246,0,134
8,135,926.1962264150943,413.7396226415094,0,135
8,136,945.2300884955753,407.60176991150445,0,136
8,137,330.23985239852396,410.3985239852399,0,137
8,138,434.0453074433657,416.18446601941747,0,138
8,139,961.3852459016393,416.6475409836066,0,139
8,140,836.0163043478261,425.7282608695652,0,140
8,141,810.2542372881356,428.9491525423729,0,141
8,142,353.4736842105263,432.9894736842105,0,142
8,143,776.6051779935275,437.99029126213594,0,143
8,144,452.35504885993487,440.3061889250814,0,144
8,145,891.0884520884521,460.8918918918919,0,145
8,146,595.2178770949721,442.6815642458101,0,146
8,147,624.8090909090909,446.68636363636364,0,147
8,148,41.50592885375494,473.0513833992095,0,148
8,149,910.2114537444934,468.66079295154185,0,149
8,150,586.6521739130435,462.6141304347826,0,150
8,151,632.390306122449,465.46173469387753,0,151
8,152,931.5752895752896,470.8996138996139,0,152
8,153,63.53256704980843,476.08045977011494,0,153
8,154,871.1111111111111,476.2814814814815,0,154
8,155,97.92114695340501,483.8673835125448,0,155
8,156,892.4606481481482,507.75925925925924,0,156
8,157,916.5752895752896,499.7683397683398,0,157
8,158,936.883064516129,502.6653225806452,0,158
8,159,874.203821656051,501.4331210191083,0,159
8,160,793.736559139785,511.9301075268817,0,160
8,161,810.0928571428572,525.7535714285714,0,161
8,162,913.8524590163935,526.827868852459,0,162
8,163,769.0552995391705,528.8294930875576,0,163
8,164,780.6487252124646,546.4787535410765,0,164
8,165,886.8532818532818,543.7953667953668,0,165
8,166,150.09876543209876,547.5493827160494,0,166
8,167,746.6743119266055,547.440366972477,0,167
8,168,124.3063973063973,553.6228956228956,0,168
8,169,604.4,571.88,0,169
8,170,721.9903846153846,561.9807692307693,0,170
8,171,444.11538461538464,564.6043956043956,0,171
8,172,193.89795918367346,579.1913265306123,0,172
8,173,169.15976331360946,565.3076923076923,0,173
8,174,754.6219512195122,566.969512195122,0,174
8,175,148.7764350453172,577.7039274924472,0,175
8,176,765.172131147541,585.9819672131148,0,176
8,177,111.78365384615384,572.9951923076923,0,177
8,178,129.4471544715447,572.8861788617886,0,178
8,179,567.4698795180723,580.3831325301205,0,179
8,180,212.67857142857142,581.2232142857143,0,180
8,181,736.2631578947369,579.0263157894736,0,181
8,182,748.3076923076923,584.8269230769231,0,182
8,183,172.4,587.6681818181818,0,183
8,184,432.6994219653179,588.335260115607,0,184
8,185,131.24766355140187,590.803738317757,0,185
8,186,709.8069216757741,595.752276867031,0,186
8,187,958.062015503876,593.6899224806201,0,187
8,188,924.9043824701196,599.597609561753,0,188
8,189,169.84599156118142,619.1118143459915,0,189
8,190,154.4455958549223,607.5336787564767,0,190
8,191,210.12648221343875,607.9644268774704,0,191
8,192,679.6527777777778,608.8148148148148,0,192
8,193,444.02097902097904,609.6153846153846,0,193
8,194,192.8052805280528,624.0792079207921,0,194
8,195,241.64659685863873,620.4947643979058,0,195
8,196,957.6359832635983,612.581589958159,0,196
8,197,654.0462962962963,620.5972222222222,0,197
8,198,688.7296037296037,626.1258741258741,0,198
8,199,921.4826388888889,623.2013888888889,0,199
8,200,855.6776859504132,620.4876033057851,0,200
8,201,833.5785714285714,620.9214285714286,0,201
8,202,219.6086956521739,626.2360248447205,0,202
8,203,433.37089201877933,633.5164319248827,0,203
8,204,463.71746031746034,629.6920634920635,0,204
8,205,939.5709219858156,634.9432624113475,0,205
8,206,736.1489361702128,633.9202127659574,0,206
8,207,874.6901840490798,635.9785276073619,0,207
8,208,711.1515151515151,635.6313131313132,0,208
8,209,232.86666666666667,642.9533333333334,0,209
8,210,211.87924528301886,651.0,0,210
8,211,258.4078947368421,656.5315789473684,0,211
8,212,731.7107438016529,647.5867768595041,0,212
8,213,760.7184115523465,654.2166064981949,0,213
8,214,458.09282700421943,648.6244725738396,0,214
8,215,486.2276923076923,660.123076923077,0,215
8,216,902.430985915493,650.8056338028169,0,216
8,217,950.4148148148148,652.7703703703704,0,217
8,218,709.0839416058394,654.007299270073,0,218
8,219,442.92549019607844,667.2235294117647,0,219
8,220,744.3187919463087,666.6174496644295,0,220
8,221,240.1947194719472,670.8052805280528,0,221
8,222,467.3648068669528,670.6394849785407,0,222
8,223,798.1052631578947,687.8864265927978,0,223
8,224,777.8571428571429,683.5714285714286,0,224
8,225,364.6363636363636,691.6883116883117,0,225
8,226,452.25941422594144,701.0041841004185,0,226
8,227,472.31182795698925,697.4677419354839,0,227
8,228,147.510101010101,697.1616161616162,0,228
8,229,174.46153846153845,709.0410256410256,0,229
8,230,372.9156626506024,720.1004016064257,0,230
8,231,492.09375,720.7083333333334,0,231
8,232,158.36206896551724,723.7112068965517,0,232
8,233,77.87871287128714,738.7970297029703,0,233
8,234,516.2781954887218,744.6165413533835,0,234
8,235,182.76548672566372,749.2610619469026,0,235
8,236,966.2275862068966,771.2758620689655,0,236
8,237,76.19799498746868,787.6516290726817,0,237
8,238,102.43683083511777,792.8458244111349,0,238
8,239,964.5718085106383,797.593085106383,0,239
8,240,264.35081967213114,809.6262295081967,0,240
8,241,925.7272727272727,802.9811912225705,0,241
8,242,797.3642458100559,821.522905027933,0,242
8,243,684.7455621301775,821.6863905325444,0,243
8,244,193.29752066115702,819.4297520661157,0,244
8,245,240.3014705882353,816.2794117647059,0,245
8,246,755.9004149377594,825.3257261410788,0,246
8,247,972.4451219512196,815.6829268292682,0,247
8,248,565.311403508772,822.25,0,248
8,249,102.91545189504373,831.463556851312,0,249
8,250,133.60640732265446,828.4736842105264,0,250
8,251,663.1079365079365,839.8063492063492,0,251
8,252,232.45283018867926,835.4528301886793,0,252
8,253,970.8131313131313,837.439393939394,0,253
8,254,178.57692307692307,843.1410256410256,0,254
8,255,583.105527638191,846.6532663316583,0,255
8,256,141.07100591715977,853.792899408284,0,256
8,257,715.5015873015873,854.9873015873015,0,257
8,258,953.1176470588235,853.7764705882353,0,258
8,259,259.9625,852.46875,0,259
8,260,285.33862433862436,858.4708994708994,0,260
8,261,366.4761904761905,900.7482993197278,0,261
8,262,373.3880597014925,924.0671641791045,0,262
8,263,968.1034482758621,947.5609195402299,0,263
8,264,480.7848101265823,945.8438818565401,0,264
8,265,369.65909090909093,945.7159090909091,0,265
8,266,512.2530612244898,948.6,0,266
8,267,670.1158798283262,960.0557939914163,0,267
8,268,393.785,960.03,0,268
9,1,483.336,66.4,0,1
9,2,153.44401544401543,75.37837837837837,0,2
9,3,517.8867924528302,85.16037735849056,0,3
9,4,499.4831168831169,99.8,0,4
9,5,174.99624060150376,103.26691729323308,0,5
9,6,889.9656488549618,110.91221374045801,0,6
9,7,534.4642857142857,107.95918367346938,0,7
9,8,119.36546184738955,145.99196787148594,0,8
9,9,892.3969465648855,150.53053435114504,0,9
9,10,915.5185185185185,157.43771043771045,0,10
9,11,866.9277777777778,164.45,0,11
9,12,840.2165605095541,169.23566878980893,0,12
9,13,126.73188405797102,177.40942028985506,0,13
9,14,148.83566433566435,187.7027972027972,0,14
9,15,889.5744680851063,180.29787234042553,0,15
9,16,969.8152866242038,185.72292993630575,0,16
9,17,106.43956043956044,202.12820512820514,0,17
9,18,161.5587044534413,215.06477732793522,0,18
9,19,84.73356401384083,233.50865051903114,0,19
9,20,278.48471615720524,250.4890829694323,0,20
9,21,540.6813186813187,261.992673992674,0,21
9,22,518.4291845493563,263.3261802575107,0,22
9,23,89.53006681514476,273.9109131403118,0,23
9,24,894.7350746268656,282.21268656716416,0,24
9,25,874.4120603015075,280.643216080402,0,25
9,26,283.0816326530612,279.1938775510204,0,26
9,27,597.230179028133,282.1304347826087,0,27
9,28,548.5785440613026,292.4367816091954,0,28
9,29,526.0573476702509,296.19713261648747,0,29
9,30,282.73118279569894,295.81720430107526,0,30
9,31,908.8523489932886,310.4127516778523,0,31
9,32,106.37762237762237,304.38461538461536,0,32
9,33,576.9068493150685,305.2904109589041,0,33
9,34,881.8864628820961,310.1703056768559,0,34
9,35,430.1764705882353,314.1764705882353,0,35
9,36,107.18796992481202,326.6766917293233,0,36
9,37,441.1570247933884,333.27272727272725,0,37
9,38,118.23050847457627,351.6237288135593,0,38
9,39,427.1142857142857,346.5809523809524,0,39
9,40,468.1658536585366,369.3853658536585,0,40
9,41,444.35353535353534,367.83838383838383,0,41
9,42,927.3488372093024,372.5174418604651,0,42
9,43,663.9879518072289,382.90361445783134,0,43
9,44,689.95,387.2125,0,44
9,45,105.07179487179488,402.42820512820515,0,45
9,46,126.31330472103004,397.7038626609442,0,46
9,47,720.3260869565217,400.1123188405797,0,47
9,48,564.1965317919075,400.9884393063584,0,48
9,49,648.0052356020942,400.21465968586386,0,49
9,50,670.2873563218391,401.52298850574715,0,50
9,51,688.8100558659218,413.0391061452514,0,51
9,52,950.1283185840708,406.3362831858407,0,52
9,53,87.83505154639175,416.37113402061857,0,53
9,54,629.28125,418.25,0,54
9,55,657.9382716049382,420.94444444444446,0,55
9,56,711.7731092436975,425.75210084033614,0,56
9,57,131.87372013651878,429.64846416382255,0,57
9,58,575.2566844919786,425.16577540106954,0,58
9,59,736.53264604811,433.34364261168383,0,59
9,60,701.3420479302832,449.0108932461874,0,60
9,61,668.9512195121952,440.4573170731707,0,61
9,62,120.39716312056737,450.58628841607566,0,62
9,63,98.16279069767442,454.71760797342193,0,63
9,64,725.9915966386554,452.781512605042,0,64
9,65,686.2081447963801,460.47511312217193,0,65
9,66,674.3816425120773,474.7391304347826,0,66
9,67,521.7056074766355,479.3644859813084,0,67
9,68,543.7747440273038,488.2184300341297,0,68
9,69,702.9571428571429,485.64761904761906,0,69
9,70,658.2208588957055,487.5950920245399,0,70
9,71,633.8098159509202,490.7484662576687,0,71
9,72,483.8975409836066,501.45081967213116,0,72
9,73,688.2745098039215,497.8235294117647,0,73
9,74,502.87593984962405,505.3984962406015,0,74
9,75,522.8141263940521,508.71375464684013,0,75
9,76,555.8591065292096,524.319587628866,0,76
9,77,205.84730538922156,528.2904191616766,0,77
9,78,531.8146341463415,528.560975609756,0,78
9,79,184.21333333333334,535.07,0,79
9,80,479.3992248062016,532.5542635658915,0,80
9,81,501.9671641791045,537.6149253731344,0,81
9,82,245.38953488372093,537.7325581395348,0,82
9,83,930.4833333333333,545.8208333333333,0,83
9,84,541.6006289308176,551.0786163522013,0,84
9,85,519.2297297297297,551.6981981981982,0,85
9,86,234.69277108433735,555.4096385542168,0,86
9,87,914.4866310160428,557.6149732620321,0,87
9,88,197.13677811550153,559.0,0,88
9,89,264.203125,557.5364583333334,0,89
9,90,480.43783783783783,560.1189189189189,0,90
9,91,455.7370242214533,569.2595155709342,0,91
9,92,48.25096525096525,567.9073359073359,0,92
9,93,499.5189189189189,566.5513513513514,0,93
9,94,214.54285714285714,576.8285714285714,0,94
9,95,945.5783132530121,576.7269076305221,0,95
9,96,523.4021739130435,578.6739130434783,0,96
9,97,261.24817518248176,577.4233576642335,0,97
9,98,483.95588235294116,582.5784313725491,0,98
9,99,546.9779411764706,586.6029411764706,0,99
9,100,926.7142857142857,583.2116402116402,0,100
9,101,193.02139037433156,584.2085561497327,0,101
9,102,243.43065693430657,591.0024330900243,0,102
9,103,292.4887218045113,591.3195488721805,0,103
9,104,466.7628571428571,601.4057142857143,0,104
9,105,507.53614457831327,588.6626506024096,0,105
9,106,518.7191011235955,600.3370786516854,0,106
9,107,534.6858638743455,603.6649214659686,0,107
9,108,231.57089552238807,607.1082089552239,0,108
9,109,207.36036036036037,608.6666666666666,0,109
9,110,446.231884057971,609.0772946859903,0,110
9,111,496.76100628930817,605.2515723270441,0,111
9,112,518.0,615.5903614457832,0,112
9,113,428.08376963350787,618.5340314136125,0,113
9,114,452.3606557377049,636.4644808743169,0,114
9,115,614.0760869565217,635.1902173913044,0,115
9,116,432.2932692307692,645.6875,0,116
9,117,735.5308641975308,654.5308641975308,0,117
9,118,379.85135135135135,650.5675675675676,0,118
9,119,638.4670050761422,650.4263959390863,0,119
9,120,377.4339622641509,675.0503144654089,0,120
9,121,752.5764192139738,681.0131004366813,0,121
9,122,421.31715210355986,708.2362459546925,0,122
9,123,386.84615384615387,717.8461538461538,0,123
9,124,39.125984251968504,736.2755905511812,0,124
9,125,63.94186046511628,756.8798449612403,0,125
9,126,190.15,760.42,0,126
9,127,170.24444444444444,767.3888888888889,0,127
9,128,47.2318339100346,770.9584775086505,0,128
9,129,149.66914498141264,771.5836431226766,0,129
9,130,871.9525065963061,784.0633245382586,0,130
9,131,130.03649635036496,786.8576642335767,0,131
9,132,110.71367521367522,781.9957264957264,0,132
9,133,89.11979166666667,787.8489583333334,0,133
9,134,198.46724890829694,789.9606986899563,0,134
9,135,143.46067415730337,790.629213483146,0,135
9,136,290.8159340659341,800.6236263736264,0,136
9,137,70.43695014662757,801.5307917888563,0,137
9,138,181.5984251968504,799.9488188976378,0,138
9,139,162.05925925925925,803.4222222222222,0,139
9,140,49.377510040160644,804.0642570281125,0,140
9,141,267.72297297297297,803.581081081081,0,141
9,142,532.0560471976402,817.4926253687315,0,142
9,143,855.9682080924855,819.1040462427745,0,143
9,144,113.74237288135593,814.7423728813559,0,144
9,145,138.30514705882354,816.2536764705883,0,145
9,146,93.99479166666667,813.1354166666666,0,146
9,147,281.8562091503268,820.5555555555555,0,147
9,148,175.65116279069767,825.6201550387597,0,148
9,149,317.04237288135596,839.8446327683616,0,149
9,150,155.99159663865547,828.7983193277311,0,150
9,151,287.3941176470588,842.4294117647058,0,151
9,152,100.63861386138613,838.2128712871287,0,152
9,153,537.6909620991254,854.3644314868804,0,153
9,154,127.45614035087719,844.5964912280701,0,154
9,155,54.42603550295858,895.9763313609468,0,155
9,156,815.8415841584158,913.5247524752475,0,156
9,157,66.42696629213484,917.9775280898876,0,157
9,158,45.91724137931035,920.5379310344828,0,158
9,159,826.2102803738318,937.2757009345794,0,159
10,1,764.5742574257425,42.46534653465346,0,1
10,2,72.43654822335026,50.34517766497462,0,2
10,3,96.57692307692308,60.175824175824175,0,3
10,4,67.17727272727272,68.63181818181818,0,4
10,5,106.81681034482759,83.55172413793103,0,5
10,6,90.5965909090909,73.81818181818181,0,6
10,7,231.26404494382024,81.66292134831461,0,7
10,8,583.6983606557377,94.01311475409837,0,8
10,9,82.76363636363637,86.37575757575758,0,9
10,10,349.3109243697479,86.74789915966386,0,10
10,11,63.07017543859649,92.05701754385964,0,11
10,12,249.75675675675674,95.12432432432432,0,12
10,13,190.6951219512195,109.1310975609756,0,13
10,14,220.12918660287082,100.48803827751196,0,14
10,15,561.404833836858,108.1963746223565,0,15
10,16,356.36752136752136,103.52136752136752,0,16
10,17,268.5965417867435,120.19308357348703,0,17
10,18,50.265116279069765,114.96279069767442,0,18
10,19,239.53813559322035,117.03813559322033,0,19
10,20,95.62452107279694,124.16858237547893,0,20
10,21,584.7269938650306,129.75460122699386,0,21
10,22,204.13253012048193,143.0120481927711,0,22
10,23,557.1517857142857,156.43973214285714,0,23
10,24,70.29875518672199,147.1286307053942,0,24
10,25,546.4901256732495,189.64093357271096,0,25
10,26,308.434554973822,170.90575916230367,0,26
10,27,336.0183486238532,178.454128440367,0,27
10,28,532.6167979002624,205.81627296587928,0,28
10,29,624.2714285714286,195.62857142857143,0,29
10,30,593.2358974358974,203.81025641025641,0,30
10,31,279.8339222614841,205.2756183745583,0,31
10,32,158.2471264367816,218.51149425287358,0,32
10,33,957.1016483516484,212.69505494505495,0,33
10,34,137.6243093922652,217.707182320442,0,34
10,35,177.6139705882353,226.93014705882354,0,35
10,36,48.98936170212766,224.15425531914894,0,36
10,37,312.1341463414634,218.83739837398375,0,37
10,38,570.1319018404907,234.61963190184048,0,38
10,39,287.77666666666664,230.16666666666666,0,39
10,40,141.75115207373273,243.7741935483871,0,40
10,41,276.5947712418301,246.13725490196077,0,41
10,42,556.1640866873065,251.37151702786377,0,42
10,43,161.34293948126802,259.2593659942363,0,43
10,44,317.7278481012658,255.67088607594937,0,44
10,45,181.18823529411765,264.8156862745098,0,45
10,46,300.46153846153845,268.6072874493927,0,46
10,47,568.077738515901,283.0388692579505,0,47
10,48,606.5238095238095,294.4557823129252,0,48
10,49,85.2054054054054,321.072972972973,0,49
10,50,537.3811881188119,323.28712871287127,0,50
10,51,128.013698630137,324.9178082191781,0,51
10,52,516.4086538461538,326.53846153846155,0,52
10,53,622.1480144404333,324.21660649819495,0,53
10,54,977.61,348.52666666666664,0,54
10,55,499.98578199052133,347.60663507109007,0,55
10,56,551.4578947368421,349.91052631578947,0,56
10,57,928.2337662337662,354.012987012987,0,57
10,58,947.8632218844984,359.41641337386017,0,58
10,59,822.2401433691756,366.3440860215054,0,59
10,60,907.8967136150235,378.1455399061033,0,60
10,61,806.4539249146758,395.74402730375425,0,61
10,62,97.82022471910112,390.4325842696629,0,62
10,63,71.76923076923077,398.64497041420117,0,63
10,64,115.73431734317343,405.7859778597786,0,64
10,65,143.26470588235293,408.02100840336135,0,65
10,66,709.8593272171254,411.35168195718654,0,66
10,67,90.5085324232082,414.19453924914677,0,67
10,68,738.4967320261438,417.1764705882353,0,68
10,69,172.72692307692307,422.0076923076923,0,69
10,70,117.1732283464567,428.51443569553805,0,70
10,71,754.0197368421053,426.0855263157895,0,71
10,72,160.0498687664042,436.28871391076115,0,72
10,73,769.7699680511182,443.03514376996804,0,73
10,74,804.0,463.12666666666667,0,74
10,75,647.4553571428571,462.2202380952381,0,75
10,76,680.1740614334472,472.6655290102389,0,76
10,77,776.3010752688172,462.60752688172045,0,77
10,78,751.8051282051282,463.04102564102567,0,78
10,79,792.7261904761905,470.29761904761904,0,79
10,80,856.8692810457517,471.39869281045753,0,80
10,81,832.8653846153846,479.69871794871796,0,81
10,82,884.2655086848636,483.79156327543427,0,82
10,83,787.3586497890295,482.67932489451476,0,83
10,84,650.2382075471698,486.74764150943395,0,84
10,85,840.7512315270936,509.0344827586207,0,85
10,86,818.8525896414343,496.601593625498,0,86
10,87,609.0025380710659,500.84517766497464,0,87
10,88,208.04494382022472,498.67977528089887,0,88
10,89,902.7272727272727,499.8454545454546,0,89
10,90,800.8135593220339,509.06053268765135,0,90
10,91,874.0751633986928,507.5326797385621,0,91
10,92,636.0456273764258,510.4220532319392,0,92
10,93,928.25,510.54787234042556,0,93
10,94,184.84422110552765,513.070351758794,0,94
10,95,367.7473684210526,515.4736842105264,0,95
10,96,910.9760273972603,525.7260273972603,0,96
10,97,345.97512437810946,522.0597014925373,0,97
10,98,267.8308080808081,525.7323232323232,0,98
10,99,606.7800829875519,524.0373443983402,0,99
10,100,868.9653179190751,525.5895953757225,0,100
10,101,965.409691629956,527.295154185022,0,101
10,102,521.6689655172414,531.2620689655172,0,102
10,103,934.3617810760668,554.569573283859,0,103
10,104,408.7354497354497,530.978835978836,0,104
10,105,557.228013029316,534.4039087947883,0,105
10,106,827.2494331065759,546.6371882086167,0,106
10,107,289.0546218487395,539.7016806722689,0,107
10,108,905.7977528089888,546.7837078651686,0,108
10,109,862.9659863945578,543.0453514739229,0,109
10,110,336.08288770053474,544.6417112299465,0,110
10,111,432.9310344827586,542.8620689655172,0,111
10,112,956.0652173913044,545.1159420289855,0,112
10,113,407.090625,552.471875,0,113
10,114,256.66396761133603,548.5870445344129,0,114
10,115,280.4028268551237,565.8975265017668,0,115
10,116,302.23636363636365,561.4863636363636,0,116
10,117,541.6370370370371,556.9666666666667,0,117
10,118,897.8992443324937,566.4937027707808,0,118
10,119,972.9924242424242,560.4166666666666,0,119
10,120,860.1280487804878,562.1219512195122,0,120
10,121,820.3837837837838,566.9567567567567,0,121
10,122,326.57954545454544,568.3011363636364,0,122
10,123,250.34857142857143,569.0314285714286,0,123
10,124,709.6909090909091,573.5515151515151,0,124
10,125,216.56521739130434,577.8623188405797,0,125
10,126,520.3409090909091,589.280303030303,0,126
10,127,879.7816091954023,577.8103448275862,0,127
10,128,348.9240506329114,578.0949367088608,0,128
10,129,848.2766990291262,578.9854368932039,0,129
10,130,306.3310580204778,588.3412969283277,0,130
10,131,287.2238095238095,587.5380952380953,0,131
10,132,262.55202312138726,597.1849710982659,0,132
10,133,725.4387755102041,593.8571428571429,0,133
10,134,238.03321033210332,591.9372693726938,0,134
10,135,326.7708333333333,603.235119047619,0,135
10,136,372.40645161290325,591.9677419354839,0,136
10,137,353.74410774410774,602.6127946127946,0,137
10,138,448.52564102564105,596.1367521367522,0,138
10,139,394.92024539877303,599.0122699386503,0,139
10,140,209.22627737226279,601.1167883211679,0,140
10,141,416.03125,608.5669642857143,0,141
10,142,479.22857142857146,605.3551020408163,0,142
10,143,281.6875,613.1015625,0,143
10,144,161.65168539325842,611.0674157303371,0,144
10,145,387.4390243902439,617.5880758807588,0,145
10,146,237.10629921259843,614.2755905511812,0,146
10,147,310.7478632478632,619.474358974359,0,147
10,148,545.6591760299625,623.310861423221,0,148
10,149,498.5872641509434,624.8844339622641,0,149
10,150,782.1018518518518,618.1203703703703,0,150
10,151,349.6932773109244,625.1806722689075,0,151
10,152,145.80603448275863,624.7931034482758,0,152
10,153,210.07203389830508,621.8559322033898,0,153
10,154,257.98823529411766,631.6588235294117,0,154
10,155,518.5763097949886,637.7107061503417,0,155
10,156,186.00448430493273,630.1793721973094,0,156
10,157,294.96444444444444,631.0222222222222,0,157
10,158,434.9380530973451,633.6238938053098,0,158
10,159,813.4885496183206,630.4045801526718,0,159
10,160,333.7890625,628.53125,0,160
10,161,371.3099415204678,631.9824561403509,0,161
10,162,415.4029850746269,636.0796019900497,0,162
10,163,386.39830508474574,634.9237288135594,0,163
10,164,769.3719806763285,633.7342995169082,0,164
10,165,462.8530183727034,641.3727034120735,0,165
10,166,228.3939393939394,639.7045454545455,0,166
10,167,531.8619047619047,645.4142857142857,0,167
10,168,163.3854961832061,645.9389312977099,0,168
10,169,204.1340206185567,636.8453608247422,0,169
10,170,276.5695652173913,643.1130434782609,0,170
10,171,332.74311926605503,641.7935779816514,0,171
10,172,699.6342182890855,650.4690265486726,0,172
10,173,310.0367647058824,642.4264705882352,0,173
10,174,793.8019801980198,643.7425742574258,0,174
10,175,401.69009584664536,653.0543130990416,0,175
10,176,490.2233883058471,657.935532233883,0,176
10,177,380.0486111111111,652.3611111111111,0,177
10,178,544.140350877193,662.3391812865497,0,178
10,179,362.0284552845528,657.3089430894308,0,179
10,180,734.1047297297297,654.0067567567568,0,180
10,181,568.0276243093923,653.9779005524862,0,181
10,182,772.69375,656.56875,0,182
10,183,832.8389261744967,660.5469798657718,0,183
10,184,189.47471910112358,654.0449438202247,0,184
10,185,291.90557939914163,659.2017167381974,0,185
10,186,805.3882978723404,665.4281914893617,0,186
10,187,254.6313725490196,662.5529411764705,0,187
10,188,316.77777777777777,656.743961352657,0,188
10,189,427.93859649122805,661.1973684210526,0,189
10,190,442.8139534883721,659.1860465116279,0,190
10,191,222.85746606334843,666.6855203619909,0,191
10,192,342.45588235294116,664.0147058823529,0,192
10,193,525.7085561497327,678.7540106951872,0,193
10,194,676.9215686274509,671.4980392156863,0,194
10,195,269.1725352112676,673.7429577464789,0,195
10,196,446.22535211267603,674.687323943662,0,196
10,197,853.5172413793103,674.1724137931035,0,197
10,198,751.0566502463054,685.384236453202,0,198
10,199,816.2053231939163,678.4372623574144,0,199
10,200,581.620320855615,677.1122994652407,0,200
10,201,728.1157270029673,674.9525222551929,0,201
10,202,188.36075949367088,673.4145569620254,0,202
10,203,612.96,676.7,0,203
10,204,557.4408602150538,682.1039426523297,0,204
10,205,335.1815476190476,680.922619047619,0,205
10,206,292.47159090909093,682.7414772727273,0,206
10,207,650.925,679.453125,0,207
10,208,772.426735218509,689.5964010282777,0,208
10,209,240.13698630136986,684.1506849315068,0,209
10,210,710.6495327102804,693.3598130841121,0,210
10,211,831.8866571018651,712.2094691535151,0,211
10,212,875.4285714285714,693.7635467980296,0,212
10,213,567.2685185185185,690.4629629629629,0,213
10,214,725.344537815126,689.453781512605,0,214
10,215,209.47794117647058,694.1200980392157,0,215
10,216,326.00863930885527,701.2159827213823,0,216
10,217,633.2333333333333,695.0583333333333,0,217
10,218,670.0722891566265,693.5301204819277,0,218
10,219,690.7977528089888,702.9662921348314,0,219
10,220,798.3851851851852,700.3358024691358,0,220
10,221,853.2242990654206,700.6168224299065,0,221
10,222,364.81508515815085,712.2554744525547,0,222
10,223,604.7907801418439,700.5212765957447,0,223
10,224,658.8716981132076,704.4,0,224
10,225,269.7591463414634,706.9085365853658,0,225
10,226,571.6130136986301,703.9794520547945,0,226
10,227,301.8824884792627,714.6175115207374,0,227
10,228,545.7508896797153,711.0071174377224,0,228
10,229,866.68,712.1942857142857,0,229
10,230,980.8293838862559,709.4502369668246,0,230
10,231,247.1712846347607,712.896725440806,0,231
10,232,902.035,710.935,0,232
10,233,194.55232558139534,711.8604651162791,0,233
10,234,323.13675213675214,717.8162393162393,0,234
10,235,633.5276595744681,716.6297872340425,0,235
10,236,220.60732984293193,716.5445026178011,0,236
10,237,849.0031104199066,734.1026438569207,0,237
10,238,753.5697115384615,717.1850961538462,0,238
10,239,589.4074074074074,718.9938271604939,0,239
10,240,796.8638497652582,722.5399061032864,0,240
10,241,612.3313609467456,723.4023668639053,0,241
10,242,877.7881619937694,730.1401869158879,0,242
10,243,353.87735849056605,736.4740566037735,0,243
10,244,964.6724137931035,733.4885057471264,0,244
10,245,932.9712460063897,732.373801916933,0,245
10,246,199.23013698630137,733.0164383561644,0,246
10,247,656.030303030303,735.2020202020202,0,247
10,248,245.7941176470588,739.5857843137255,0,248
10,249,337.5827814569536,750.1125827814569,0,249
10,250,395.6076294277929,743.2670299727521,0,250
10,251,753.8775510204082,737.4821428571429,0,251
10,252,892.11051212938,745.0161725067386,0,252
10,253,802.295719844358,742.7470817120623,0,253
10,254,957.6446700507614,756.4923857868021,0,254
10,255,850.8853868194842,765.243553008596,0,255
10,256,869.890243902439,757.8048780487804,0,256
10,257,771.7868217054264,756.4341085271318,0,257
10,258,824.4496855345911,763.7924528301887,0,258
10,259,372.71153846153845,763.9505494505495,0,259
10,260,980.40625,763.1160714285714,0,260
10,261,318.49375,767.275,0,261
10,262,481.15860215053766,774.766129032258,0,262
10,263,525.2414634146342,774.9975609756098,0,263
10,264,864.6257668711656,780.4478527607362,0,264
10,265,899.9784172661871,780.1798561151079,0,265
10,266,387.14792899408286,780.7810650887574,0,266
10,267,974.6363636363636,787.53125,0,267
10,268,356.2849872773537,787.178117048346,0,268
10,269,64.07430340557275,795.1114551083591,0,269
10,270,322.2918660287081,791.4497607655502,0,270
10,271,506.405,795.615,0,271
10,272,567.778801843318,795.2350230414746,0,272
10,273,958.3952802359883,800.4660766961651,0,273
10,274,478.8705882352941,792.4,0,274
10,275,549.1590296495957,803.8625336927224,0,275
10,276,267.15384615384613,805.6790450928382,0,276
10,277,876.1347517730496,800.1985815602837,0,277
10,278,385.39869281045753,801.2026143790849,0,278
10,279,459.6322314049587,797.3223140495868,0,279
10,280,246.78692493946733,815.8474576271186,0,280
10,281,798.6827956989247,805.6397849462365,0,281
10,282,909.5679012345679,803.604938271605,0,282
10,283,349.188679245283,806.0047169811321,0,283
10,284,370.2857142857143,807.0625,0,284
10,285,488.45864661654133,810.4962406015038,0,285
10,286,415.2620320855615,823.572192513369,0,286
10,287,510.9504950495049,811.7722772277227,0,287
10,288,587.8091603053435,818.7748091603054,0,288
10,289,530.3564356435644,816.5990099009902,0,289
10,290,441.70059880239523,814.2994011976048,0,290
10,291,827.413145539906,815.131455399061,0,291
10,292,464.4756097560976,819.7926829268292,0,292
10,293,910.9124293785311,832.2062146892655,0,293
10,294,371.57971014492756,822.2028985507246,0,294
10,295,544.1511627906976,823.0232558139535,0,295
10,296,231.2860962566845,836.1256684491979,0,296
10,297,207.3403361344538,833.0042016806723,0,297
10,298,340.536,825.18,0,298
10,299,444.8454800280308,881.9817799579538,0,299
10,300,509.0673575129534,826.4559585492228,0,300
10,301,954.6701570680628,827.0680628272252,0,301
10,302,304.584,833.528,0,302
10,303,485.2732558139535,832.5290697674419,0,303
10,304,563.7560240963855,834.5180722891566,0,304
10,305,979.443820224719,836.2696629213483,0,305
10,306,275.5130890052356,838.738219895288,0,306
10,307,522.6639784946236,842.25,0,307
10,308,385.3949044585987,848.6050955414013,0,308
10,309,348.8114478114478,843.6161616161617,0,309
10,310,251.28481012658227,864.6476793248945,0,310
10,311,491.9268292682927,850.8048780487804,0,311
10,312,325.2046332046332,854.6640926640927,0,312
10,313,297.5427135678392,852.1809045226131,0,313
10,314,272.96370967741933,856.0403225806451,0,314
10,315,565.2626262626262,853.3636363636364,0,315
10,316,409.5806451612903,856.5483870967741,0,316
10,317,543.2391304347826,861.1434782608695,0,317
10,318,214.4327731092437,862.5378151260504,0,318
10,319,358.85164835164835,862.0851648351648,0,319
10,320,588.5828571428572,860.7428571428571,0,320
10,321,931.24064171123,874.7058823529412,0,321
10,322,196.87363834422658,876.9324618736383,0,322
10,323,911.3103448275862,867.8866995073892,0,323
10,324,310.46932515337426,874.5981595092024,0,324
10,325,512.6739811912225,868.5360501567399,0,325
10,326,227.68695652173912,881.7275362318841,0,326
10,327,280.1184668989547,871.1533101045296,0,327
10,328,327.18092909535454,886.4474327628362,0,328
10,329,570.2904761904762,873.8809523809524,0,329
10,330,533.0049833887043,905.9335548172758,0,330
10,331,371.91883116883116,878.7077922077922,0,331
10,332,422.97777777777776,883.6111111111111,0,332
10,333,346.8988764044944,876.943820224719,0,333
10,334,478.1518987341772,886.8544303797469,0,334
10,335,279.936231884058,895.5971014492753,0,335
10,336,344.08362369337976,899.4285714285714,0,336
10,337,379.87704918032784,889.9918032786885,0,337
10,338,250.42222222222222,898.6190476190476,0,338
10,339,911.0974358974358,897.3641025641026,0,339
10,340,402.0357142857143,895.9553571428571,0,340
10,341,950.9962686567164,899.9962686567164,0,341
10,342,586.5345911949686,903.1761006289308,0,342
10,343,382.3098591549296,913.2535211267606,0,343
10,344,362.59448818897636,908.6850393700787,0,344
10,345,631.4826388888889,908.3055555555555,0,345
10,346,299.0733590733591,907.6177606177606,0,346
10,347,406.109649122807,910.1666666666666,0,347
10,348,228.96153846153845,920.5016722408027,0,348
10,349,257.1095890410959,912.9794520547945,0,349
10,350,974.2167832167833,917.6118881118881,0,350
10,351,477.3231441048035,913.8471615720524,0,351
10,352,504.6607142857143,913.84375,0,352
10,353,317.6123076923077,922.5446153846154,0,353
10,354,622.243670886076,927.132911392405,0,354
10,355,755.9582089552239,929.3791044776119,0,355
10,356,270.96356275303646,922.8582995951417,0,356
10,357,784.4229691876751,926.2717086834734,0,357
10,358,581.0833333333334,924.406862745098,0,358
10,359,955.850144092219,929.4783861671469,0,359
10,360,671.2824427480916,926.5419847328244,0,360
10,361,363.4230769230769,930.1538461538462,0,361
10,362,339.48979591836735,934.2448979591836,0,362
10,363,287.10122699386505,936.4355828220858,0,363
10,364,493.3675,934.845,0,364
10,365,565.2271062271062,942.3516483516484,0,365
10,366,605.0849056603773,938.7216981132076,0,366
10,367,732.7564766839379,938.1709844559585,0,367
10,368,389.85714285714283,943.069264069264,0,368
10,369,435.4347826086956,938.7487922705315,0,369
10,370,185.18446601941747,941.8932038834952,0,370
10,371,546.6256983240223,951.0921787709498,0,371
10,372,351.8475935828877,950.4117647058823,0,372
10,373,305.89212827988337,949.5422740524781,0,373
10,374,257.6860465116279,945.5639534883721,0,374
10,375,233.44162436548223,946.269035532995,0,375
10,376,942.6728624535316,951.453531598513,0,376
10,377,706.6701570680628,948.2303664921466,0,377
10,378,790.6068111455108,955.5356037151703,0,378
10,379,408.2825112107623,954.4125560538116,0,379
10,380,495.037558685446,952.5962441314554,0,380
10,381,912.0322580645161,959.5089605734767,0,381
10,382,754.8979591836735,954.8857142857142,0,382
10,383,973.9446153846154,965.4430769230769,0,383
10,384,476.2733990147783,964.9137931034483,0,384
10,385,422.72323759791124,969.8825065274151,0,385
10,386,185.78616352201257,962.811320754717,0,386
10,387,271.24545454545455,961.1757575757575,0,387
10,388,367.8495575221239,963.8893805309734,0,388
10,389,859.5357142857143,961.4017857142857,0,389
10,390,209.34656084656083,968.8386243386243,0,390
10,391,167.0344827586207,966.4655172413793,0,391
10,392,307.11989100817436,968.7493188010899,0,392
10,393,579.5776173285199,972.0758122743682,0,393
10,394,948.9198717948718,973.0384615384615,0,394
10,395,513.0972222222222,973.0787037037037,0,395
10,396,445.5311004784689,972.3397129186603,0,396
10,397,779.6801619433198,975.2712550607288,0,397
10,398,923.9238095238095,978.4333333333333,0,398
10,399,464.43119266055044,974.7981651376147,0,399
10,400,336.97397769516726,977.4646840148699,0,400
10,401,868.8412698412699,979.436507936508,0,401
10,402,962.1392405063291,978.632911392405,0,402
