ImageNumber,ObjectNumber,AreaShape_Area,AreaShape_BoundingBoxArea,AreaShape_BoundingBoxMaximum_X,AreaShape_BoundingBoxMaximum_Y,AreaShape_BoundingBoxMinimum_X,AreaShape_BoundingBoxMinimum_Y,AreaShape_Center_X,AreaShape_Center_Y,AreaShape_Compactness,AreaShape_ConvexArea,AreaShape_Eccentricity,AreaShape_EquivalentDiameter,AreaShape_EulerNumber,AreaShape_Extent,AreaShape_FormFactor,AreaShape_MajorAxisLength,AreaShape_MaxFeretDiameter,AreaShape_MaximumRadius,AreaShape_MeanRadius,AreaShape_MedianRadius,AreaShape_MinFeretDiameter,AreaShape_MinorAxisLength,AreaShape_Orientation,AreaShape_Perimeter,AreaShape_Solidity,AreaShape_Zernike_0_0,AreaShape_Zernike_1_1,AreaShape_Zernike_2_0,AreaShape_Zernike_2_2,AreaShape_Zernike_3_1,AreaShape_Zernike_3_3,AreaShape_Zernike_4_0,AreaShape_Zernike_4_2,AreaShape_Zernike_4_4,AreaShape_Zernike_5_1,AreaShape_Zernike_5_3,AreaShape_Zernike_5_5,AreaShape_Zernike_6_0,AreaShape_Zernike_6_2,AreaShape_Zernike_6_4,AreaShape_Zernike_6_6,AreaShape_Zernike_7_1,AreaShape_Zernike_7_3,AreaShape_Zernike_7_5,AreaShape_Zernike_7_7,AreaShape_Zernike_8_0,AreaShape_Zernike_8_2,AreaShape_Zernike_8_4,AreaShape_Zernike_8_6,AreaShape_Zernike_8_8,AreaShape_Zernike_9_1,AreaShape_Zernike_9_3,AreaShape_Zernike_9_5,AreaShape_Zernike_9_7,AreaShape_Zernike_9_9,Intensity_IntegratedIntensityEdge_OriBlue,Intensity_IntegratedIntensityEdge_OriGreen,Intensity_IntegratedIntensity_OriBlue,Intensity_IntegratedIntensity_OriGreen,Intensity_LowerQuartileIntensity_OriBlue,Intensity_LowerQuartileIntensity_OriGreen,Intensity_MADIntensity_OriBlue,Intensity_MADIntensity_OriGreen,Intensity_MassDisplacement_OriBlue,Intensity_MassDisplacement_OriGreen,Intensity_MaxIntensityEdge_OriBlue,Intensity_MaxIntensityEdge_OriGreen,Intensity_MaxIntensity_OriBlue,Intensity_MaxIntensity_OriGreen,Intensity_MeanIntensityEdge_OriBlue,Intensity_MeanIntensityEdge_OriGreen,Intensity_MeanIntensity_OriBlue,Intensity_MeanIntensity_OriGreen,Intensity_MedianIntensity_OriBlue,Intensity_MedianIntensity_OriGreen,Intensity_MinIntensityEdge_OriBlue,Intensity_MinIntensityEdge_OriGreen,Intensity_MinIntensity_OriBlue,Intensity_MinIntensity_OriGreen,Intensity_StdIntensityEdge_OriBlue,Intensity_StdIntensityEdge_OriGreen,Intensity_StdIntensity_OriBlue,Intensity_StdIntensity_OriGreen,Intensity_UpperQuartileIntensity_OriBlue,Intensity_UpperQuartileIntensity_OriGreen,Location_CenterMassIntensity_X_OriBlue,Location_CenterMassIntensity_X_OriGreen,Location_CenterMassIntensity_Y_OriBlue,Location_CenterMassIntensity_Y_OriGreen,Location_CenterMassIntensity_Z_OriBlue,Location_CenterMassIntensity_Z_OriGreen,Location_Center_X,Location_Center_Y,Location_Center_Z,Location_MaxIntensity_X_OriBlue,Location_MaxIntensity_X_OriGreen,Location_MaxIntensity_Y_OriBlue,Location_MaxIntensity_Y_OriGreen,Location_MaxIntensity_Z_OriBlue,Location_MaxIntensity_Z_OriGreen,Number_Object_Number,Parent_Expanded_membrane
1,1,397,816,1002,43,968,19,982.0277078085643,30.670025188916878,2.098798720857268,512,0.8278172758778534,22.48279562821002,1,0.48651960784313725,0.47646303100067805,33.47484526986045,33.95585369269929,7.615773105863909,2.8913405458913215,2.23606797749979,19.200456615574936,18.77931533201919,-67.86380528913466,102.32590180780451,0.775390625,0.4384007799304939,0.1070934759408052,0.10599882099005216,0.05166538764012949,0.07672756228709011,0.0021483472168253165,0.015768480975933134,0.011909281518406015,0.04640266503814727,0.012675446984396379,0.004724593565877182,0.01239817585769626,0.004268231973080748,0.008108618977445258,0.030100576295277442,0.01738512658907404,0.006210388014475688,0.007812310101859969,0.011184785901105047,0.0046645704121530815,0.00960782962896333,0.012887088255799792,0.0010765643342485675,0.011735866946121557,0.010530222484495927,0.007384349667579947,0.007273612475829875,0.007114288141047318,0.003299560633659647,0.0010284007233585049,0.5736934547312558,0.16444647894240916,2.8894026537891477,0.7550926983822137,0.006107423570938408,0.0018158236052840948,0.0011444264091551304,7.629510946571827e-05,0.5148199662284485,0.03668747822110753,0.011017014272511005,0.0022583352401852608,0.011017014272511005,0.0023956664372235537,0.0065941776405891465,0.0018901894131311398,0.007278092326924806,0.0019019967213657776,0.007263294421136379,0.001892118714749813,0.003906309604644775,0.0016479743644595146,0.0037689784076064825,0.0014801251236349344,0.0019066367708875833,0.00011404276606260855,0.001537057688657043,0.00012200160032012752,0.008346685208380222,0.001983672846108675,982.3779052225005,982.0095382439123,30.29266412985034,30.638152975649188,0.0,0.0,982.0277078085643,30.670025188916878,0,993.0,979.0,25.0,30.0,0.0,0.0,1,0
1,2,416,936,847,60,821,24,832.0216346153846,43.69471153846154,2.1388304833330527,543,0.8952927676882466,23.014509567006368,1,0.4444444444444444,0.46754523455344027,37.202140944449326,36.40054944640259,7.0,2.897580940012756,2.8284271247461903,18.343409898251714,16.572744180788867,31.810154280578278,105.74011537017762,0.7661141804788214,0.39974917027156803,0.06489838209421511,0.1284709125881471,0.07497910298938046,0.0666036274442534,0.014835644113146857,0.00861803469320165,0.03513454440894928,0.030633627733924057,0.03096369527853059,0.017934723509704698,0.0030807131101776553,0.007229865095088604,0.0014464406775698642,0.01640084417636041,0.016530813134144857,0.0013581978958098714,0.005297868447257079,0.001959909186769454,0.00483830162862355,0.005369632903851224,0.0027721991745060745,0.005594749562415416,0.0035978945555898982,0.013794189102175019,0.006102573431211001,0.004481556202072301,0.0016769970670147624,0.007128881262409397,0.006116268874296264,0.4940108428709209,0.1718013274949044,2.778072829823941,0.7967498281504959,0.005859464406967163,0.0018158236052840948,0.0009002820588648319,9.155413135886192e-05,0.46606099664466216,0.06494627145758344,0.0072785536758601665,0.0023956664372235537,0.009567406959831715,0.002594033721834421,0.005489009365232454,0.0019089036388322711,0.006678059687076781,0.0019152640099771535,0.00679026497527957,0.001892118714749813,0.0034485389478504658,0.0016174563206732273,0.0032501716632395983,0.0016174563206732273,0.0008810946659150506,0.0001392032097650106,0.0012551765428707494,0.0001376444205070335,0.007660028990358114,0.0019989318680018187,832.0938366837013,832.0048070477832,44.15514580513184,43.63198314660538,0.0,0.0,832.0216346153846,43.69471153846154,0,837.0,828.0,47.0,28.0,0.0,0.0,2,0
1,3,981,4774,105,102,43,25,73.91845056065239,60.60754332313965,4.647175126009391,1237,0.9918027146469918,35.34187308823903,1,0.20548806032677,0.21518448797059153,103.17160762605319,94.40338976964757,6.4031242374328485,2.797521655010671,2.8284271247461903,14.863322746412,13.183125439645691,37.49453231587821,239.35028842544403,0.7930476960388035,0.14015350015543027,0.007107920887652356,0.054367170353768736,0.041284369190930974,0.0060466958013007666,0.0035737305482284264,0.025753128495961727,0.03032832326852425,0.022187665542950895,0.005341587116874746,0.005007178330790025,0.0021414543356571307,0.017392884436354745,0.018974885775820027,0.018970086287016755,0.01439757810747548,0.004160344830536656,0.005624054593253361,0.0034939645530354846,0.001398318466777304,0.011251002009555932,0.01401533583230395,0.01266609815312493,0.013068407470463663,0.010190329484228633,0.0031685846023730203,0.005591763421400228,0.0039014783694347687,0.0026175464610496864,0.0009156990590788128,1.3898680321872234,0.38329137093387544,7.894071979913861,1.8725413896609098,0.0072823683731257915,0.0018310826271772385,0.0007782094180583954,7.629510946571827e-05,0.2807762413250281,0.02233852316264857,0.00885023269802332,0.002288853283971548,0.011825742200016975,0.0023651483934372663,0.006880534812808037,0.001897482034326116,0.008046964301645117,0.0019088087560253921,0.008087282069027424,0.0019073777366429567,0.004058899823576212,0.0016479743644595146,0.004058899823576212,0.001541161211207509,0.000909168485189613,0.00012468824359410818,0.0011943483022802074,0.00012586435993870517,0.008831159211695194,0.001983672846108675,73.73279171949994,73.92835548457019,60.396910722636925,60.62756586292038,0.0,0.0,73.91845056065239,60.60754332313965,0,61.0,59.0,44.0,42.0,0.0,0.0,3,0
1,4,431,800,47,59,15,34,29.503480278422273,46.167053364269144,1.6752781138139496,499,0.7862711220375777,23.42576026046658,1,0.53875,0.5969158146066823,31.144274657502923,32.89376840679705,8.94427190999916,3.3847556484972836,3.0,20.634847299578524,19.243475542329396,69.37273845330098,95.25483399593904,0.8637274549098196,0.5048241817850139,0.05132164457273995,0.18502324270076845,0.0702630861907677,0.031206865010471166,0.017590263370020627,0.009311739557762948,0.03594151120074742,0.02868640448047442,0.012030385848737599,0.025569963615570523,0.006710296733822635,0.009746953034529857,0.00519670103840856,0.010730325286268638,0.013148593181921683,0.011431510499325928,0.01626588357992634,0.0054354937915899945,0.0032302296102454052,0.0017872539516413188,0.01382056551694091,0.007144024584788545,0.0008835091379454405,0.007712877272235955,0.007416197233685462,0.0023984684602901163,0.0011635708806231682,0.008875553088381031,0.004177208586175835,0.578789968509227,0.15426871133968234,3.810269373934716,0.8222934307996184,0.006710154935717583,0.0018158236052840948,0.0020370795391499996,7.629510946571827e-05,0.8353003269682867,0.06343708499230898,0.013748378492891788,0.0021820401307195425,0.01417563110589981,0.0024109254591166973,0.007058414250112525,0.0018813257480449065,0.008840532190103749,0.0019078733893262607,0.008636606391519308,0.0019073777366429567,0.004379339516162872,0.0016021972987800837,0.004379339516162872,0.0016021972987800837,0.002385333630897938,0.00013327005600552392,0.002469205274215813,0.00012443799746425713,0.010925459675490856,0.001983672846108675,29.21434406349971,29.558147302789067,45.383390882422795,46.13486982501067,0.0,0.0,29.503480278422273,46.167053364269144,0,26.0,26.0,42.0,45.0,0.0,0.0,4,0
1,5,624,1147,83,106,52,69,67.30288461538461,86.94871794871794,1.4390048906392683,659,0.9026332001362194,28.18690255978371,1,0.5440278988666085,0.69492467086457,43.24139298310269,41.036569057366385,8.94427190999916,3.9801551253897807,3.605551275463989,17.531563099107466,18.61155497465218,36.52938026823034,106.22539674441617,0.9468892261001517,0.4704787173870434,0.013615047359462151,0.16156643712217506,0.10601497741422446,0.012695977042105165,0.010978034303428131,0.033502083141766954,0.053830430403317135,0.03834627616599094,0.0064968204151213,0.005526952646132453,0.006348048366778224,0.005669447439498592,0.0010308745750763385,0.012968257923424646,0.013992298224807666,0.0015721985349043041,0.004509175377243445,0.004089582181308702,0.003014469081051651,0.009236083472655737,0.010371095250930466,0.009210713735039244,0.0033798820407705365,0.0048627081322941195,0.0034385558171476003,0.0009353539249923919,0.003520030561872239,0.003510975602418856,0.0019605667348884673,0.7307087923400104,0.16888685431331396,7.813595856074244,1.1990691993851215,0.009750515222549438,0.0018310826271772385,0.0028229188174009323,9.155413135886192e-05,0.20542645279883318,0.00969381991461618,0.01187151949852705,0.002288853283971548,0.01933318004012108,0.0023498893715441227,0.008303509003863755,0.0019191687990149314,0.012521788230888212,0.0019215852554248741,0.012405584566295147,0.0019226367585361004,0.005600061267614365,0.001632715342566371,0.005600061267614365,0.0015259021893143654,0.001306116357378881,0.0001347586777293962,0.0032875785782603855,0.00012407625625142555,0.015396352857351303,0.0020141908898949623,67.10554346365238,67.29336608085924,86.89165222045213,86.94688283427291,0.0,0.0,67.30288461538461,86.94871794871794,0,69.0,76.0,90.0,98.0,0.0,0.0,5,1
1,6,355,1160,222,169,193,129,207.0169014084507,147.20845070422536,3.6699901006733207,510,0.9688379603774799,21.260292528114064,1,0.30603448275862066,0.27248029901130616,48.31309099844303,42.5440947723653,5.0990195135927845,2.1516678665363944,2.0,12.576654244509557,11.966929946646887,31.999518866370547,127.95331880577403,0.696078431372549,0.24972377811104018,0.016331393960572378,0.07668818822570489,0.07525419624092594,0.022899314453346267,0.012710095896582467,0.024988421330087985,0.045680456892262876,0.03508119030734982,0.017825169926674652,0.014408533537004763,0.00944856214492717,0.021753232472045463,0.01406094077163119,0.025404510645832733,0.01733581508870484,0.009982100645461775,0.01079188474180662,0.010061582870932138,0.0066587200169264775,0.014501562155156572,0.006344860616153093,0.006765906148621069,0.013398007831917106,0.008096890463095722,0.006267741703769498,0.007391949810620755,0.006027378377839583,0.006479472903725198,0.004367627932472936,0.5680476203560829,0.20807202253490686,1.9533989853225648,0.6824902722146362,0.00521858548745513,0.0018463416490703821,0.0002899216488003731,8.39246204122901e-05,0.02066900146191124,0.013369809320534443,0.006210422143340111,0.00221255817450583,0.007309071719646454,0.002243076218292117,0.005259700188482249,0.0019265928012491375,0.005502532353021309,0.0019225078090553134,0.005508507136255503,0.0019150072475895286,0.0042114900425076485,0.0016937514301389456,0.0042114900425076485,0.0016021972987800837,0.0004383629877716417,0.00011853047919375296,0.00044646001909514146,0.00012179508846994184,0.005802243133075535,0.0019989318680018187,207.0220675699485,207.02640463254858,147.22846365994937,147.21785498692066,0.0,0.0,207.0169014084507,147.20845070422536,0,217.0,206.0,161.0,138.0,0.0,0.0,6,4
1,7,473,814,392,175,370,138,381.31501057082454,156.65116279069767,1.637913141054366,517,0.9264273289092636,24.54062559633988,1,0.581081081081081,0.6105329855014624,40.52597089379167,38.48376280978771,7.0710678118654755,3.30695442066555,3.0,14.489666142778393,15.256959918754356,-19.893049029908138,98.66904755831214,0.9148936170212766,0.4066457155028576,0.05463884338928621,0.13453076704287106,0.08962359342124027,0.047973498988513254,0.030794799830681212,0.022487437772331875,0.047031285584321784,0.030585341686228746,0.023033681302848753,0.022574980912315155,0.01690461141401073,0.006933343351071938,0.0035983211656343537,0.015068559537426997,0.010220140496081422,0.005013571285720608,0.0007425971597731558,0.00865857935529618,0.007225275800824809,0.001258075487347163,0.001285091314828128,0.0010455515171038652,0.0025153148932019445,0.005563228092100462,0.006798149459132556,0.004278155314246164,0.009448553888429885,0.0009314914545616946,0.0013235376846291785,0.6028229282237589,0.1623254748992622,4.084489263128489,0.902235446497798,0.0076066224137321115,0.0018158236052840948,0.0010681315325200558,9.155413135886192e-05,0.12715811646576428,0.00864346334371693,0.008560311049222946,0.0023498893715441227,0.01188677828758955,0.0024109254591166973,0.007092034449691281,0.0019097114694030847,0.00863528385439427,0.0019074745169086638,0.008560311049222946,0.0019073777366429567,0.005676356144249439,0.001541161211207509,0.005676356144249439,0.001541161211207509,0.0007024158262315033,0.000137091748414568,0.0013393493052351142,0.00013212461818285412,0.009689479134976864,0.0019951171125285327,381.2537760066571,381.31482546340146,156.7626056672504,156.64252130970098,0.0,0.0,381.31501057082454,156.65116279069767,0,378.0,384.0,163.0,150.0,0.0,0.0,7,5
1,8,939,2336,437,220,405,147,418.7678381256656,183.18104366347177,2.653639776779023,1186,0.9818286811472715,34.57704343211429,1,0.4019691780821918,0.37684089933781284,83.85703284843225,75.8946638440411,7.280109889280518,3.4075910284214896,3.1622776601683795,16.812146738713512,15.913502278311595,-16.6943137385272,176.95331880577405,0.7917369308600337,0.20756457161568018,0.006812050161711313,0.07585372481608346,0.060925904706128145,0.011019163009730855,0.0018688358887176439,0.024194060532234597,0.0472874739625299,0.030158282416628917,0.011888302430566607,0.004668759036324209,0.0014220568828416916,0.017725552828459515,0.021995661531851316,0.02810769004433988,0.017834652388897695,0.009326233161111475,0.009157200654760918,0.0002719418483278909,0.0012482457631560436,0.009397293717310642,0.014522090221712462,0.013929279433983815,0.017265700578236603,0.011561351007911023,0.006887752727297287,0.008637525475062564,0.0038934429219374947,0.0017272596244761278,0.0009069254430795925,1.3420920292846859,0.29663538560271263,10.647989727091044,1.8222323944792151,0.009704737924039364,0.0018463416490703821,0.0016556037589907646,9.155413135886192e-05,0.673209844854328,0.021485639335081994,0.011978331953287125,0.0022278171963989735,0.01715114153921604,0.002731364918872714,0.008658658253449586,0.0019137766813078234,0.011339712169426032,0.0019406095787851067,0.011467155069112778,0.001937895780429244,0.00430304417386651,0.0015716792549937963,0.00430304417386651,0.0015259021893143654,0.0014979025787997342,0.00012941757410947334,0.002335948456380259,0.00013654741107872254,0.013038834556937218,0.002029449911788106,418.31423470386136,418.7728939876068,183.67849258641388,183.20192597554848,0.0,0.0,418.7678381256656,183.18104366347177,0,421.0,417.0,167.0,173.0,0.0,0.0,8,7
1,9,422,750,550,173,520,148,534.4289099526067,159.94075829383885,1.3862635753542836,451,0.8908586780827156,23.179885415554555,1,0.5626666666666666,0.7213635399346281,34.68782226596418,33.12099032335839,7.615773105863909,3.391730186861129,3.1622776601683795,14.699555199968572,15.758002884754719,-56.48119761211883,85.74011537017762,0.9356984478935698,0.4897967984304818,0.027903400717363296,0.16256589077242883,0.10620912490013262,0.017732799900618122,0.01579686321005825,0.026688920292197806,0.051018445818643066,0.0352399534251677,0.006845277822005632,0.004581873536465484,0.008164302026182998,0.0014774603065206904,0.003990549602355304,0.0060574085276925765,0.013464634288373143,0.004353183193288418,0.006747735033208878,0.0031248429568988124,0.005004337015168534,0.007249857774052709,0.011186950769528678,0.010454940997727964,0.008347449429036277,0.007646098089849009,0.006541873230347659,0.006522642552807047,0.0072384320260673206,0.004613854284989065,0.003664031122747394,0.5058060651645064,0.1320210574194789,4.3894713297486305,0.8038452733308077,0.008201724383980036,0.0018158236052840948,0.002105744555592537,7.629510946571827e-05,0.7002184493606872,0.06870646737740116,0.009582665748894215,0.0021362630650401115,0.016922255977988243,0.00238040741533041,0.0072258009309215205,0.0018860151059925557,0.010401590828788224,0.0019048466192673169,0.010101472958922386,0.0019073777366429567,0.0049134050495922565,0.001632715342566371,0.0049134050495922565,0.0015716792549937963,0.0010771389871254275,0.00011888055401035625,0.002785194489025763,0.00012677791642266682,0.012466620653867722,0.001983672846108675,534.9989397260838,534.4718109339408,159.53409881199354,159.88709187547457,0.0,0.0,534.4289099526067,159.94075829383885,0,535.0,537.0,160.0,158.0,0.0,0.0,9,6
1,10,451,1287,969,188,936,149,951.9334811529933,166.84257206208426,2.4519433646183146,530,0.9656896838624063,23.96311821686732,1,0.3504273504273504,0.4078397627082494,48.435545097355394,45.34313619501854,6.708203932499369,2.7073802152414905,2.23606797749979,12.955094857183434,12.57864993266867,-38.39338251102221,117.88225099390857,0.8509433962264151,0.27779019113825176,0.02116862539821286,0.10707434894882413,0.0723211034635703,0.02501446039100446,0.008658981751169878,0.04369885626208192,0.04491921557069414,0.035944608316197384,0.019978538242076033,0.011772073997795326,0.005555892428181964,0.021120393315951294,0.018673017720668834,0.024675035847042993,0.02075443732760198,0.013454484261548832,0.010562517735712517,0.006015360138618966,0.0042563016273929905,0.0013351970294925208,0.012275602093854008,0.007502822098984168,0.014844165521962358,0.012376262549669578,0.0068656442082752275,0.005411115703044786,0.005916270093754971,0.0027851744834629577,0.0034823117074674038,0.5920653217472136,0.18558022426441312,3.040634833741933,0.8576638435479254,0.006221866235136986,0.0018158236052840948,0.0005188067443668842,9.155413135886192e-05,0.07775501939016391,0.07538855255225743,0.0079041738063097,0.0022735942620784044,0.009018082171678543,0.002563515678048134,0.006041482874971567,0.0018936757578001339,0.006741984110292535,0.0019016936664033822,0.006744487676769495,0.001892118714749813,0.0045929658226668835,0.0015564202331006527,0.0045929658226668835,0.0015564202331006527,0.0006439605730715548,0.0001315973140992504,0.0007802067005623859,0.00013496198201862642,0.007251850329339504,0.0019989318680018187,952.011190951341,951.8880744391269,166.84522352981583,166.90275232622272,0.0,0.0,951.9334811529933,166.84257206208426,0,957.0,963.0,167.0,151.0,0.0,0.0,10,9
1,11,586,1025,407,202,382,161,394.240614334471,181.90784982935153,1.569238822556094,629,0.9248053904662067,27.315167457198672,1,0.5717073170731707,0.637251631572003,44.586290240390106,42.95346318982906,8.48528137423857,3.699978161382365,3.605551275463989,16.099689437998485,16.962431473621148,-23.0719524745578,107.49747468305833,0.931637519872814,0.40440020228444734,0.035333476235698005,0.14882804192473695,0.09125844258162294,0.02834319033510293,0.020067182989745518,0.03610729535088977,0.054119857396969596,0.035551636235656506,0.012958164425495964,0.0166320755682502,0.01077879072604841,0.01012168796946053,0.011356190682723356,0.016095015362610366,0.017284259495264673,0.0018829598439171805,0.0030461379375995067,0.006253143598477655,0.005827002363397867,0.00022090141468787187,0.003691125965816632,0.004614650272071992,0.002176862181866656,0.009967770590557945,0.0053688774636382625,0.006040836577361595,0.004040076249466758,0.003257479137264979,0.003784313946798902,0.8157168026082218,0.17929350724443793,7.2504463866353035,1.1309681846760213,0.009735255967825651,0.0018463416490703821,0.0024567032232880592,7.629510946571827e-05,0.11068555989954836,0.02831608757516235,0.011581597849726677,0.0023956664372235537,0.019851988181471825,0.0025024795904755592,0.00877114841514217,0.0019278871746713755,0.01237277540381451,0.0019299798373310945,0.012176699936389923,0.0019226367585361004,0.006424048449844122,0.0016021972987800837,0.006424048449844122,0.0014038300141692162,0.00117201631238217,0.00011675721710606199,0.0031383112129787943,0.00013675465386795034,0.01462577236816287,0.0020141908898949623,394.2539828927074,394.2446774062981,181.79797455997323,181.8798267627297,0.0,0.0,394.240614334471,181.90784982935153,0,393.0,384.0,185.0,195.0,0.0,0.0,11,8
1,12,462,792,452,207,430,171,440.44805194805195,187.7792207792208,1.737176754527305,511,0.9295218711398715,24.253590861306396,1,0.5833333333333334,0.5756466619725782,40.6528090716657,38.58756276314948,7.0710678118654755,3.207625740197627,3.0,13.736056394868903,14.991413934925543,-17.124721861108146,100.42640687119285,0.9041095890410958,0.39505484866866697,0.01858866794726936,0.14425470427649384,0.09442845503208402,0.01382871083179968,0.010142304032039208,0.04033111251582426,0.05936767199488571,0.0358896567161923,0.009233467405003432,0.006103854820938624,0.006056420903138212,0.018388625926679402,0.011190720055654423,0.02557342998347096,0.014958053219403874,0.003485893695722092,0.002209184546213189,0.004108354437394628,0.003056704373791112,0.0018808001746859191,0.00281373420698192,0.002179523855466773,0.008160714923096892,0.009139031125930463,0.003123216988619412,0.002514109441213825,0.004992695674633425,0.003451522369565446,0.0008721379355059868,0.6856641573831439,0.16934462497010827,4.537590658292174,0.8866712441667914,0.008560311514884233,0.0018310826271772385,0.001297016628086567,9.155413135886192e-05,0.2443853136413091,0.03209650766070532,0.010376134887337685,0.002243076218292117,0.014221408404409885,0.0022735942620784044,0.007791638152081181,0.001924370738296685,0.009821624801498213,0.0019192018272008473,0.009842068888247013,0.0019073777366429567,0.005828946363180876,0.0016479743644595146,0.005828946363180876,0.0015564202331006527,0.0010444815552781627,0.00010645167111635701,0.0017434702802439591,0.00012309299595679863,0.011139085981994867,0.0019989318680018187,440.29684803933384,440.46346458318993,187.9712144236779,187.75106697872926,0.0,0.0,440.44805194805195,187.7792207792208,0,438.0,439.0,190.0,187.0,0.0,0.0,12,10
1,13,573,1258,980,210,946,173,961.82722513089,189.94066317626528,1.72778550648245,614,0.9427614603230813,27.010484244701136,1,0.45548489666136727,0.5787755460664049,47.21470583273494,46.69047011971501,7.615773105863909,3.4793389559522847,3.1622776601683795,15.148854903194788,15.744587996049146,-39.484810983072784,111.53910524340094,0.9332247557003257,0.3346634216207561,0.029625146737208893,0.13928046789882567,0.07615236722450808,0.021427880174222664,0.016156216157607935,0.04583811606942155,0.05387518747766893,0.03205674880497875,0.013049526522747653,0.01791017330008786,0.007104414305804184,0.01926229731572013,0.018106171616683268,0.022147589113197377,0.016746399844879828,0.003505224863707644,0.008556276858957032,0.01004073658881561,0.0025853079935655296,0.003765466121212032,0.003681317885291753,0.00494443572499706,0.009023164835446804,0.01036916148663965,0.0026414444460762937,0.0008199723071805834,0.0026638077567934936,0.00575934707001758,0.0008798696459556981,0.6695811511017382,0.17065690085291862,5.9604944619350135,1.0883039594627917,0.008113985182717443,0.0018158236052840948,0.0022125588729977608,7.629510946571827e-05,0.5862790132219116,0.01510955781954273,0.010620279237627983,0.002594033721834421,0.016617074608802795,0.002594033721834421,0.007439790567797091,0.0018961877872546514,0.010402259095872625,0.001899308829777996,0.01033035758882761,0.001892118714749813,0.004547188524156809,0.0016174563206732273,0.004547188524156809,0.00158693827688694,0.0013741934250011056,0.00014757051185120728,0.002735987967688686,0.00012911689520041618,0.012531472137197852,0.001983672846108675,962.0754874825224,961.8175878410589,189.40954276985403,189.92902610695157,0.0,0.0,961.82722513089,189.94066317626528,0,963.0,976.0,188.0,182.0,0.0,0.0,13,11
1,14,449,627,397,255,378,222,386.16258351893094,237.76391982182628,1.3889749876754844,479,0.8841189102258479,23.90992587997897,1,0.7161084529505582,0.7199553691557451,35.29872568793583,33.52610922848042,8.0,3.4981572513142685,3.1622776601683795,15.764815627361644,16.493752253493803,-14.489080978417872,88.52691193458118,0.9373695198329853,0.5086161526566618,0.03599445672684457,0.16005995403968315,0.108628105085387,0.01832227818273595,0.024767041417605242,0.03002839652203914,0.044489538505143346,0.033418015573381116,0.0035201090351674293,0.013461395635799043,0.007923879400081029,0.0017551116950685543,0.006105939660437782,0.007752603951387334,0.008486834080902825,0.005378626108692196,0.005346639689419997,0.0019219669157246203,0.0062418037536538865,0.014012787753195923,0.01055021067717691,0.008392162943051862,0.0063327463581505355,0.002142963205087437,0.005241790135048379,0.00685351368881743,0.008065608762980235,0.007042664301430596,0.009014916009627156,0.6494392389431596,0.14982833596877754,5.31081106280908,0.8552376590669155,0.009372854605317116,0.0018196383607573807,0.0024338141083717346,7.629510946571827e-05,0.10697490797750304,0.017368680715440177,0.011596856638789177,0.002166781108826399,0.018112458288669586,0.0024109254591166973,0.008220749860039995,0.0018965612147946523,0.011828086999574787,0.0019047609333338875,0.011917296331375837,0.0019073777366429567,0.006424048449844122,0.0016479743644595146,0.005905241705477238,0.001632715342566371,0.0010182698253558438,0.0001117394936502789,0.0028255072353595427,0.00011323447180592474,0.014278629794716835,0.001983672846108675,386.14128098305366,386.1724236368827,237.86875222570023,237.74960747930345,0.0,0.0,386.16258351893094,237.76391982182628,0,387.0,387.0,236.0,228.0,0.0,0.0,14,14
1,15,767,1620,838,261,778,234,808.5658409387223,248.59973924380705,2.3414316864638938,921,0.9693366451786843,31.25019569237719,1,0.4734567901234568,0.427089120635517,65.25315831000405,61.40032573203501,7.615773105863909,3.387565430632897,3.0,16.157799637428038,16.035088164903918,-73.9635350662783,150.22539674441617,0.8327904451682954,0.25903839013577445,0.03574222761786501,0.09405770581911528,0.0638002624478637,0.041339939135695614,0.020094476082868174,0.02601152854261772,0.03816268720866949,0.02852340989880813,0.028552267672592273,0.030536560458247253,0.011119497192405918,0.010032744770129413,0.00987801525985088,0.014969716423209,0.01616038554562845,0.017507142334481824,0.019571384355806794,0.018883670740655428,0.00607263904359178,0.0004278647012164494,0.003188408090612271,0.001314249103398885,0.006464975852825025,0.010519939842744313,0.009861734539061855,0.007701542259748478,0.01133895113782556,0.010622986239587665,0.003263334986044566,0.8413367052562535,0.2495765620842576,6.20755329914391,1.4537880518473685,0.0068818191066384315,0.0018005645833909512,0.0012283516116440296,9.155413135886192e-05,0.37520138487763866,0.01854409095609917,0.008346685208380222,0.0022278171963989735,0.011718928813934326,0.0023956664372235537,0.006373762918607981,0.0018907315309413455,0.00809328982939232,0.0018954211888492418,0.008201724383980036,0.001892118714749813,0.004013122990727425,0.0016632333863526583,0.004013122990727425,0.0014801251236349344,0.0008118427676801513,0.00011921309471863742,0.0015012638818930495,0.0001263660597984411,0.009330892004072666,0.0019684138242155313,808.2788044302462,808.5731574196528,248.8413714478195,248.61677897432668,0.0,0.0,808.5658409387223,248.59973924380705,0,816.0,825.0,249.0,249.0,0.0,0.0,15,16
1,16,437,899,738,269,709,238,722.670480549199,253.20823798627003,1.5488514383274767,468,0.9212650962274168,23.58825303088947,1,0.4860956618464961,0.6456397142129057,38.22669056537471,36.05551275463989,7.0710678118654755,3.262546126233804,2.8284271247461903,13.69994615281987,14.86770714607463,-39.92666569793057,92.22539674441619,0.9337606837606838,0.42732065698671784,0.02575743317184195,0.14815960689742727,0.10204118572611649,0.01513203163006427,0.012576769481748058,0.03830991044672472,0.056570191849859036,0.03817604361407448,0.008671116402428743,0.0063551242359753506,0.006655649396543584,0.013625556579109247,0.007930961165688501,0.01943938919129266,0.013098960912629267,0.000746626511286589,0.0025448375406400886,0.0033467884838375493,0.0054914506608581765,0.0037917223356650413,0.004574382289630667,0.0045910478600276645,0.003529612357168943,0.003452490180715339,0.003948993412693316,0.003625372941452028,0.0035608778684751313,0.002497977874496272,0.005998294021130028,0.49175250716507435,0.14378576329909265,3.7173724453896284,0.8382848857436329,0.007202258333563805,0.0018310826271772385,0.001281757839024067,9.155413135886192e-05,0.312770876866552,0.02523867547239313,0.008926527574658394,0.0022278171963989735,0.012100404128432274,0.0023498893715441227,0.006645304150879383,0.0019430508553931439,0.008506573101578097,0.001918272049756597,0.008545052260160446,0.0019226367585361004,0.0045166704803705215,0.0016632333863526583,0.0045166704803705215,0.00158693827688694,0.0008693490269253906,0.0001264596103561164,0.0016113948235647344,0.0001257894034483346,0.009792477590963244,0.0019989318680018187,722.5685827771886,722.6901905819393,253.5039447083363,253.22400203869887,0.0,0.0,722.670480549199,253.20823798627003,0,722.0,727.0,255.0,250.0,0.0,0.0,16,18
1,17,904,2829,746,329,705,260,721.6603982300885,293.43473451327435,2.8203516390091825,1145,0.9800250820991117,33.92651689225682,1,0.31954754330151997,0.35456571661798525,82.34056433395205,76.53757247260981,7.0710678118654755,3.2701894894423886,3.0,17.66108082807667,16.37539130104188,-28.699428955863496,178.99494936611666,0.7895196506550218,0.19648490072389677,0.01458332696767739,0.0761185534212914,0.053986459106918065,0.02105129008764702,0.005143925565031273,0.026736685610202114,0.03984541489778901,0.02745706159240348,0.020693723369955983,0.010722494007206419,0.002658493711610008,0.014936825008202918,0.017225071080886976,0.024407397373892616,0.016799246642540334,0.016671565960915666,0.013583366143407922,0.004745832061269855,0.002325670753612974,0.005356197484862557,0.008310844059657678,0.011907420922093202,0.01583545933836895,0.011242327895093534,0.012378230037474585,0.010910214695861831,0.008196785763004501,0.0015884914039847383,0.002244805048067769,1.0964675550349057,0.2876783397514373,8.037567812018096,1.7428244445472956,0.007888914085924625,0.0018310826271772385,0.0009765774011611938,9.155413135886192e-05,0.5193565711178064,0.01351592366418904,0.00941481627523899,0.0022583352401852608,0.012726024724543095,0.0024109254591166973,0.0073097837002327045,0.0019178555983429154,0.008891114836303204,0.0019279031466231146,0.008987563662230968,0.0019226367585361004,0.005371175706386566,0.0016479743644595146,0.005371175706386566,0.0015716792549937963,0.0008678585017914542,0.00012379116559171023,0.0013689792130276506,0.0001346897787715708,0.009872587397694588,0.0020141908898949623,721.2139415527483,721.6580689220424,293.7000789747233,293.4214208166982,0.0,0.0,721.6603982300885,293.43473451327435,0,722.0,716.0,290.0,290.0,0.0,0.0,17,19
1,18,1052,2916,351,321,297,267,323.03326996197717,295.8013307984791,3.8743614364640377,1459,0.9383223845213825,36.59846992787254,-2,0.3607681755829904,0.25810704974202325,69.67825985445525,70.178344238091,8.602325267042627,3.506670849019006,3.0,26.870057685088806,24.092068493847513,46.08930926864248,226.3147545195113,0.7210418094585332,0.27196913727134847,0.023463489874640718,0.11784093957143231,0.057004033582968634,0.02651130459822571,0.013995897412261992,0.02518070346117177,0.054426903737209695,0.01840389427550045,0.013852040891788465,0.01997181432875117,0.007534626915930089,0.008667453744914205,0.02814932208449699,0.013447602468351975,0.011890907565798371,0.005927582821483506,0.014658810407503975,0.009112230771455584,0.004312497705199207,0.012176253024180723,0.012041762060690901,0.005385522048860714,0.010710557765264339,0.009017042734148783,0.0062012579345060714,0.005853385380507114,0.0037611216835456043,0.0068342323518298595,0.002503024444874063,1.7211566539481282,0.3673456930555403,18.636957445181906,2.057495994027704,0.010147249326109886,0.0018463416490703821,0.0057984283193945885,9.155413135886192e-05,2.171098206012347,0.1447034240334741,0.019836729392409325,0.0023193713277578354,0.046723123639822006,0.002426184481009841,0.009011291381927373,0.0019232758798719389,0.01771573901633261,0.0019557946711289964,0.01521324459463358,0.001937895780429244,0.004257267341017723,0.001632715342566371,0.004257267341017723,0.0016021972987800837,0.002844877326319509,0.0001341914162113256,0.009649738874928525,0.00014123747015846333,0.0235751885920763,0.0020447089336812496,324.9180708831616,323.1339830018244,296.878917411078,295.9052344294635,0.0,0.0,323.03326996197717,295.8013307984791,0,339.0,338.0,309.0,311.0,0.0,0.0,18,23
1,19,442,1386,767,312,734,270,749.8619909502263,289.84615384615387,2.9125464785981743,533,0.9742850810926108,23.722813466638858,1,0.3189033189033189,0.343342160321955,51.364020367901325,50.0,5.656854249492381,2.4997333963412047,2.23606797749979,11.767417684399064,11.57328161257247,-36.82587791917369,127.18986283848345,0.8292682926829268,0.22510875150917678,0.001860986710490082,0.10026853088036627,0.056360266786569156,0.00853240899023478,0.003411711447904117,0.041060662882758156,0.04785638642512645,0.026690098934283375,0.005287529171216869,0.0030660983418205404,0.004161658710733528,0.02261640720534657,0.027466618606639483,0.02531876244006366,0.015629161773661335,0.004591446053984372,0.003956515804778794,0.0017792902125758207,0.0037568238425464513,0.01285307042343236,0.015353025498625291,0.01551208077528241,0.014477294150223398,0.01016426292192391,0.0025081217023721707,0.004385832624312758,0.0017104980276336332,0.003242692618940442,0.003032173276357187,0.6349126528948545,0.21167315170168877,2.7051347070373595,0.8504921032581478,0.00571450381539762,0.0018463416490703821,0.000396734569221735,7.629510946571827e-05,0.27068270322903154,0.042278694020494834,0.007614252157509327,0.00238040741533041,0.007797360420227051,0.00238040741533041,0.005719933809863555,0.0019069653306458447,0.006120214269315293,0.0019241902788645878,0.006134126801043749,0.0019226367585361004,0.00442511634901166,0.001495384145528078,0.00442511634901166,0.001495384145528078,0.0005891907676787822,0.00014659510522278886,0.0006026575373183476,0.00013407119006758655,0.00650797295384109,0.0019989318680018187,749.6510568043366,749.8333602454384,290.0157884886216,289.8772628595009,0.0,0.0,749.8619909502263,289.84615384615387,0,747.0,751.0,291.0,279.0,0.0,0.0,19,21
1,20,558,720,401,321,383,281,391.7885304659498,300.26881720430106,1.4720619304997364,591,0.9090661847453697,26.654599339742866,1,0.775,0.6793192455296493,41.46180808325968,39.6232255123179,8.246211251235321,3.812703656866403,3.605551275463989,16.10626476579478,17.275134446978708,6.120889580816531,101.59797974644667,0.9441624365482234,0.45252717577211515,0.017087441040714378,0.16047911428461267,0.10194139319037124,0.014165709692886505,0.010393086119665945,0.03504583528648691,0.05471585726051247,0.038813364372263105,0.004356970716625188,0.007536442293006477,0.004626957795118386,0.0068441813363408766,0.004070321164519295,0.014225019806492113,0.016932735830237012,0.0015500284461234177,0.0019332848453090328,0.0019546519636892304,0.0012570638413586942,0.007361381711541747,0.008198208255006646,0.008413060155524241,0.0022836117232968387,0.007865197732209912,0.0028495110900585608,0.006799269462270836,0.0018731224166762001,0.002910690312441591,0.0020700194309443256,0.6533302906900644,0.1709315632469952,5.5673610139638186,1.082719157449901,0.008079652208834887,0.0018616006709635258,0.0017700465396046638,7.629510946571827e-05,0.10625008574281873,0.016333530982489748,0.008957046084105968,0.0022583352401852608,0.015136949717998505,0.002639810787513852,0.007259225452111827,0.0018992395916332802,0.009977349487390355,0.0019403569129926542,0.00964370183646679,0.001937895780429244,0.005630579311400652,0.0016479743644595146,0.005630579311400652,0.00158693827688694,0.0007156963817045903,0.00011552153455526234,0.002234092575366173,0.00013364702692152594,0.0117647061124444,0.0020141908898949623,391.76003748715874,391.80376571396357,300.37117554973497,300.27470545126556,0.0,0.0,391.7885304659498,300.26881720430106,0,392.0,397.0,302.0,297.0,0.0,0.0,20,22
1,21,645,1062,699,344,681,285,689.5891472868217,314.02170542635656,2.3689708633656,744,0.9641303010029373,28.65727667372076,1,0.6073446327683616,0.42212422932855276,57.56856236288236,58.034472514187634,7.0,3.2502475338883547,3.0,15.104374597436843,15.280388565992032,-3.9508014245892444,138.5685424949238,0.8669354838709677,0.24383595794364013,0.02025955884054004,0.11204897348182906,0.054095840132693467,0.028097430037893632,0.00750837072851385,0.03442749510113001,0.04919674947509702,0.02334590382019855,0.023653741037378544,0.015050381515761003,0.0032206805564800934,0.012861801188344431,0.021807130087998474,0.02403586561923117,0.013186390428127488,0.015265088645739213,0.015534084542234797,0.006614798828911953,0.0017273259055518688,0.008371573860297236,0.004429536754381038,0.011648223625434672,0.013469313451408733,0.00866956381307801,0.008109567120875568,0.009886863348911394,0.006742371730792715,0.0031500626285763124,0.0011026661663534826,0.8262455314397812,0.23347829398699105,5.2553292834199965,1.2518654151353985,0.007263294421136379,0.0018463416490703821,0.0009308005683124065,9.918364230543375e-05,0.11461633551359386,0.0526326325738228,0.009002823382616043,0.0023498893715441227,0.011474784463644028,0.0025787746999412775,0.00677250435606378,0.0019137565080900906,0.008147797338635654,0.0019408766126130209,0.008224613033235073,0.0019302662694826722,0.004684519954025745,0.001541161211207509,0.00440985755994916,0.001541161211207509,0.0009559517378057376,0.0001453760190099001,0.0013449929755939985,0.00014493348204625063,0.009121080627664924,0.002029449911788106,689.5314801021283,689.5928621055326,314.12075793857156,314.07420679903953,0.0,0.0,689.5891472868217,314.02170542635656,0,688.0,693.0,316.0,306.0,0.0,0.0,21,25
1,22,529,918,447,355,429,304,437.29489603024575,329.4971644612476,2.2242683545050608,604,0.9685697598570586,25.95272084319679,1,0.5762527233115469,0.44958603937091834,52.7136968823551,50.635955604688654,6.324555320336759,2.991163906071909,3.0,12.770441593734565,13.112114387425873,8.743654922582087,121.59797974644667,0.8758278145695364,0.26269255817663845,0.018428398876066586,0.10895316182301473,0.06552181637339914,0.022314733019926352,0.010675101129620205,0.04057039434099504,0.048454030116529434,0.03108331240710315,0.01848928431822392,0.013265663746662805,0.007432173963390825,0.016141893785725978,0.0248821545244559,0.023382338299847386,0.018538348462217608,0.012133853167181111,0.012184025953132322,0.007158565480005146,0.005816258063093923,0.009938880002929562,0.007555899448933851,0.012301899713489816,0.012588952793491384,0.012288117169846886,0.005816384478054251,0.008239992552901478,0.004716165427979236,0.004664245271619492,0.004772967473191006,0.7876096884720027,0.2114747844170779,4.574136017821729,1.0202182037755847,0.007705806288868189,0.0018463416490703821,0.0009918366558849812,9.155413135886192e-05,0.25976427509921435,0.05541474433992434,0.009872587397694588,0.002243076218292117,0.012146181426942348,0.002471961546689272,0.007160088077018207,0.0019224980401552536,0.008646759958075102,0.0019285788351145268,0.00871290173381567,0.0019226367585361004,0.004867628216743469,0.00158693827688694,0.004867628216743469,0.0015716792549937963,0.001036946061762091,0.00011829424956544001,0.0014008350560839637,0.00013752461215229268,0.009670405415818095,0.00202563515631482,437.08252770969625,437.31202512713134,329.3475744380348,329.5498653903679,0.0,0.0,437.29489603024575,329.4971644612476,0,438.0,437.0,328.0,329.0,0.0,0.0,22,27
1,23,432,585,422,344,407,305,413.86574074074076,324.2824074074074,1.754640078760183,474,0.9382177738614957,23.452920571340155,1,0.7384615384615385,0.5699174503677092,40.154610139967254,38.8329756778952,7.0,3.101054406683744,3.0,14.0,13.895317544589947,-5.397349714002938,97.59797974644667,0.9113924050632911,0.364747667987792,0.0171067481850649,0.14479360835265442,0.0850996815457442,0.017696243727181014,0.010162631118499832,0.04581590803726454,0.054629828856803744,0.03768891571201997,0.010209153159417547,0.008322977922283743,0.007411293159588246,0.013223323457909874,0.01802902377096049,0.022030588309617447,0.020612858238351284,0.004803897718477793,0.0030887594172669323,0.0065446354612308175,0.004888281646482753,0.001633300924571305,0.0032007045923372946,0.005355103789044448,0.0073094798487178085,0.012872301137095475,0.001256544530922462,0.005125344419650023,0.0022373118837178633,0.003821027410072734,0.003042653741599227,0.6087281689979136,0.1628900587093085,3.7402762356214225,0.8243991758208722,0.007354848552495241,0.0018158236052840948,0.0012512393295764923,9.155413135886192e-05,0.06287864306393182,0.046756412963206706,0.009582665748894215,0.0023498893715441227,0.013076981529593468,0.0024414435029029846,0.007078234523231554,0.0018940704501082385,0.008658046841716257,0.0019083314255112782,0.008529793471097946,0.0019073777366429567,0.005371175706386566,0.001632715342566371,0.005371175706386566,0.001632715342566371,0.0009345502248726588,0.00011236674290840835,0.001650142301634781,0.00012707649857434387,0.009887846186757088,0.0019989318680018187,413.8127358551262,413.8860014437226,324.248581295385,324.24026875451165,0.0,0.0,413.86574074074076,324.2824074074074,0,413.0,411.0,329.0,327.0,0.0,0.0,23,26
1,24,336,540,437,385,419,355,427.5416666666667,369.7291666666667,1.5292564977147758,377,0.9091867508112237,20.683531783305643,1,0.6222222222222222,0.6539125395212227,32.29880310629526,31.016124838541646,6.4031242374328485,2.9785131658367177,2.8284271247461903,13.186614139074146,13.448852861772163,17.89120463152756,80.35533905932738,0.8912466843501327,0.4447073669761067,0.006679293887655017,0.16157568921911802,0.09975623707000848,0.0010182729280668057,0.0023770205481031424,0.035260765895311366,0.05670168294365897,0.038099710640142406,0.0028124588316133484,0.004691670138524889,0.0036390305233185106,0.007344871601132669,0.0050449076672310356,0.01626346817554164,0.016569871560215783,0.002664109290446577,0.003911469558680491,0.0022863693162563023,0.0035611400264855034,0.00816490029428477,0.006547808209586476,0.009813793236085208,0.0030470660885342777,0.007520731452498645,0.0020026981736309436,0.0022672803772106355,0.002106914624743897,0.001665320319757749,0.0030100560830909197,0.48714427882805467,0.1339131761342287,2.975341458339244,0.6502479589544237,0.007217517588287592,0.0018616006709635258,0.0015564202331006527,7.629510946571827e-05,0.16354247972793293,0.03079427094388448,0.009460593573749065,0.002288853283971548,0.013672083616256714,0.0023193713277578354,0.006959203983257924,0.0019130453733461244,0.00885518291172394,0.0019352617826024513,0.008773937821388245,0.001937895780429244,0.0050049591809511185,0.0016632333863526583,0.0050049591809511185,0.0014496070798486471,0.0010614098343013738,0.0001311406547574903,0.002009460188013448,0.00012978711087440744,0.01033035758882761,0.0020141908898949623,427.38662694577135,427.5261181771249,369.6771202679415,369.7025860045994,0.0,0.0,427.5416666666667,369.7291666666667,0,428.0,425.0,370.0,371.0,0.0,0.0,24,30
1,25,462,756,676,415,655,379,665.6861471861472,398.24891774891773,1.471432351096298,501,0.8796660037547103,24.253590861306396,1,0.6111111111111112,0.679609904767246,35.478209677483896,36.40054944640259,8.246211251235321,3.598856769269558,3.1622776601683795,16.321764610482532,16.873151629220914,-19.21624594304574,92.42640687119285,0.9221556886227545,0.44395220352275105,0.043342152969106554,0.1769238190936686,0.08561913688818026,0.007658785609298261,0.013738418022433464,0.04072059914796749,0.04718397318552045,0.03169088579306792,0.012496860502651964,0.007451362839938909,0.0036345647509565026,0.0033057168677314754,0.004809430217419141,0.010134073718034252,0.015189294221700107,0.003771320833403797,0.008665305909377924,0.00856457526475823,0.003913232366536664,0.012803552780980434,0.012727659005011936,0.0051863487110039505,0.0035180558657192133,0.00920543300622932,0.0022392162406674144,0.0038644758482775103,0.007512853799012163,0.009725407029765378,0.0031956484975169735,0.6420843922533095,0.15201037609949708,5.434256569016725,0.8822613868396729,0.009155413135886192,0.0018158236052840948,0.0024872208014130592,9.155413135886192e-05,0.5040439955302938,0.02320132826944494,0.010772869922220707,0.0022583352401852608,0.019760433584451675,0.0024567025247961283,0.00802605490316637,0.0019001297012437135,0.011762460106096807,0.0019096566814711534,0.011413748376071453,0.0019073777366429567,0.003875791560858488,0.0016479743644595146,0.003875791560858488,0.0015106431674212217,0.0014996240149865606,0.00011423839247576996,0.0033775158953331316,0.00012442483913933144,0.014198519755154848,0.001991302357055247,665.5413411843483,665.696829761843,398.73171332809505,398.2695134817275,0.0,0.0,665.6861471861472,398.24891774891773,0,665.0,669.0,400.0,409.0,0.0,0.0,25,32
1,26,521,940,700,428,680,381,689.8234165067179,402.8330134357006,2.0963755896014704,590,0.9584154727499875,25.75573339679963,1,0.5542553191489362,0.4770137588704246,48.897456930611554,48.104053883222775,6.708203932499369,3.0691206840490546,3.0,13.581995002034647,13.954188102665153,-15.694675968621244,117.1543289325507,0.8830508474576271,0.28537338584399546,0.0192871288413757,0.12473873341791733,0.06805197586791142,0.010093178708839457,0.010125685454887078,0.045244888368056416,0.05522062822476635,0.03027121403011556,0.009716791312325992,0.003507263532011952,0.005703943201188444,0.02259354526801891,0.025205039000964775,0.027073900410785227,0.016228983499037973,0.006077620516411658,0.007170337387685243,0.0012919589623233139,0.0029109993663012108,0.00831479613341922,0.010598189936847658,0.011408262540002767,0.014352195824501738,0.009379250999472441,0.00353236920765058,0.0028219448097616924,0.004508452774345714,0.0011416850526687699,0.0012174207706348247,0.6566109852865338,0.19671931024640799,3.910475385375321,0.9916533147916198,0.0065804533660411835,0.0018158236052840948,0.0009002820588648319,9.155413135886192e-05,0.1284224555895361,0.04513199858945883,0.008529793471097946,0.0022735942620784044,0.01033035758882761,0.0023193713277578354,0.006374863934820717,0.0019098962159845435,0.007505710912428639,0.0019033652875079074,0.007537956815212965,0.0019073777366429567,0.004486152436584234,0.001632715342566371,0.004486152436584234,0.0013427939265966415,0.0008330725769753347,0.00013202030797914837,0.0011603102314652768,0.00012940627365915137,0.008407721295952797,0.001983672846108675,689.7423684957454,689.8273065796762,402.93263043734714,402.8779774727642,0.0,0.0,689.8234165067179,402.8330134357006,0,694.0,689.0,398.0,403.0,0.0,0.0,26,31
1,27,478,703,701,481,682,444,690.6966527196653,462.12133891213387,1.698673226431039,529,0.9267828479591237,24.669991941291908,1,0.6799431009957326,0.5886947438978765,40.93892655351672,39.0,7.0710678118654755,3.3043847374546256,3.0,14.42497833620557,15.376562320448613,-10.991518192936454,101.01219330881975,0.9035916824196597,0.3984628687008136,0.016671541638520127,0.14886522933506643,0.09260137741955098,0.018026255872988912,0.008187045973854064,0.03576978125725358,0.06159631592849865,0.03443644045244481,0.009257454618068853,0.008067552785778967,0.005131245355434956,0.02042740813551511,0.007876928418021838,0.025070889931704966,0.013526804347959318,0.0036428200968471325,0.0020047541925529377,0.004377854807345847,0.0028084307329995675,0.0036626340914761176,0.0013228285248862797,0.005614978910661,0.006523926775693827,0.006678727514423469,0.003711569580240141,0.003941336329512722,0.002878433379954516,0.002472034109552253,0.001658628353080534,0.6240634862333536,0.16878004116006196,4.350148833356798,0.9087052717804909,0.00781261920928955,0.0018005645833909512,0.0013275351375341415,9.155413135886192e-05,0.3673777816025631,0.02455246326019865,0.00964370183646679,0.0023193713277578354,0.013305867090821266,0.0023193713277578354,0.0070119492835208274,0.0018964049568546287,0.009100729776897066,0.0019010570539340814,0.009155413135886192,0.001892118714749813,0.00509651331230998,0.001632715342566371,0.00509651331230998,0.0014343480579555035,0.0009607727872640416,0.00012778880038292955,0.0016896633099371683,0.0001318221983530973,0.01044480036944151,0.0019989318680018187,690.6448417531053,690.6736801450833,462.4850449172525,462.13000403009136,0.0,0.0,690.6966527196653,462.12133891213387,0,693.0,698.0,467.0,454.0,0.0,0.0,27,35
1,28,702,2240,491,535,435,495,457.5982905982906,518.5356125356126,3.7317487587396947,1240,0.9308733315017022,29.896724911001275,1,0.31339285714285714,0.26797088031663874,67.78144915533277,60.37383539249432,7.211102550927978,2.8562664220097584,2.53224755112299,26.20593102464204,24.7634161096375,63.682942148970795,181.4386001800126,0.5661290322580645,0.24521650491195726,0.04850974485979586,0.05085531121960321,0.0602108507745275,0.05436067167204938,0.00826186671710346,0.037448136953397305,0.029497135375016442,0.027666914956006712,0.02270171207258456,0.02627520701730744,0.005096848302217917,0.03641274848870824,0.009747672897310294,0.013801583654359307,0.016810021115656524,0.009477668797719654,0.02312901075702548,0.003798435455803672,0.00558927950848905,0.013775647363860862,0.010101790263051365,0.005442532197073166,0.01236113314415022,0.00975693611068447,0.012299737003887028,0.0018536698579084056,0.0075718204952050314,0.0011080982393487531,0.005079553203542562,0.9389639273285866,0.29846646822988987,4.741634321864694,1.3373311967588961,0.006073090713471174,0.0018158236052840948,0.0006256196647882462,7.629510946571827e-05,0.7515105948317301,0.018045369750917,0.00714122224599123,0.0022278171963989735,0.009857328608632088,0.0023956664372235537,0.005980661957506921,0.0019010603071967507,0.006754464845961103,0.0019050301948132424,0.00666819280013442,0.001892118714749813,0.0046082246117293835,0.0016479743644595146,0.0046082246117293835,0.0013122758828103542,0.0005244255594021763,0.00011855974733149938,0.0009029822185987198,0.00012779257703499436,0.007324330508708954,0.001983672846108675,456.84812529925813,457.61632550603593,518.4906659198125,518.5362269231647,0.0,0.0,457.5982905982906,518.5356125356126,0,450.0,468.0,514.0,527.0,0.0,0.0,28,37
1,29,601,864,720,547,702,499,711.0249584026623,521.9068219633943,1.6490291368076873,646,0.9438175661149563,27.66255531193445,1,0.6956018518518519,0.6064174232457008,48.2667905101304,47.095647357266465,8.0,3.6200449320211665,3.1622776601683795,15.38030708906185,15.950578816172277,7.091124335671214,111.59797974644665,0.9303405572755418,0.34500314084122313,0.01113416251587923,0.14330972960629204,0.08086284485100378,0.0047539045127567405,0.006452085142494573,0.047389661321292915,0.05761247955552251,0.03588317951819842,0.0025207400468471248,0.004228066919138204,0.004646987894687399,0.019527939936293717,0.019368708467411063,0.025765018816624134,0.01946067397285836,0.0028767127778529483,0.00012568070581578722,0.004488397972831474,0.0034207545966439706,0.002540598283216448,0.0033231936950370586,0.0048613830472778,0.011903756440169626,0.011551645693340853,0.0016513932100421834,0.001003763806911127,0.002950663480750987,0.003182988209053806,0.0023611069325910733,0.7197528113611042,0.1883726252708584,5.741771638859063,1.1258106352761388,0.007965209893882275,0.0017853055614978075,0.0015564202331006527,9.155413135886192e-05,0.21688584903767041,0.05785900748435273,0.009857328608632088,0.002151522086933255,0.015335316769778728,0.0022735942620784044,0.007197528113611042,0.0018837262527085842,0.00955369657048097,0.0018732290104428266,0.009552148170769215,0.0018768596928566694,0.00520332669839263,0.00158693827688694,0.00520332669839263,0.0015259021893143654,0.0010250262951249272,0.00011623679489712623,0.0020799934855242922,0.00012319206583312608,0.011104753240942955,0.0019684138242155313,711.0545009508706,711.0188940092166,522.1216863609993,521.8492816481431,0.0,0.0,711.0249584026623,521.9068219633943,0,712.0,715.0,517.0,541.0,0.0,0.0,29,38
1,30,885,2376,171,542,105,506,135.38983050847457,524.5954802259887,2.6759238105960206,1050,0.9777373069913596,33.568094927931476,1,0.37247474747474746,0.3737027175587878,76.11746226825181,69.85699678629192,8.246211251235321,3.4166957387447017,3.1622776601683795,17.02485960306344,15.971931995154868,67.32360100710366,172.50966799187808,0.8428571428571429,0.2303833028690879,0.020223566486925495,0.0847759912404892,0.06446587207912197,0.020835495531194556,0.011077917978420388,0.026981274608281876,0.04750760955205625,0.030740579827383135,0.01505085427029067,0.016647124596987452,0.006721112728794223,0.017801915464103837,0.020701967074401258,0.02494077014911352,0.017872035579385014,0.010131389746628673,0.014112188308320422,0.010569538197283894,0.00446012862109039,0.009363078202865242,0.012136365499041138,0.00952116286611568,0.014188274630841517,0.01146719003725538,0.007129232753378197,0.00902680145194063,0.009062741978141624,0.006271253709002487,0.0031864645279821783,0.9903105366975069,0.27902647433802485,7.066376834642142,1.7017318985890597,0.007232776377350092,0.0018310826271772385,0.0007248036563396454,9.155413135886192e-05,0.939937929468697,0.048486814953576915,0.008239871822297573,0.0023651483934372663,0.010849164798855782,0.0023956664372235537,0.006782948881489773,0.001911140235191951,0.00798460659281598,0.0019228609023605194,0.0079346913844347,0.0019073777366429567,0.0057068741880357265,0.0016021972987800837,0.005569543223828077,0.00158693827688694,0.000537507280271941,0.00015315940210266325,0.0010457495060071128,0.0001386560759832942,0.00867856852710247,0.0019989318680018187,134.50269383799423,135.34166943141773,524.284881064459,524.5898693543036,0.0,0.0,135.38983050847457,524.5954802259887,0,114.0,150.0,517.0,530.0,0.0,0.0,30,39
1,31,539,1190,146,567,111,533,128.30241187384044,550.1057513914657,1.8674956734028532,620,0.9460350869317897,26.196872229566885,1,0.45294117647058824,0.5354764748546122,47.305375332677066,43.41658669218482,7.211102550927978,3.2238351527126574,3.0,15.773549950749214,15.329979238557367,49.73499222870951,112.46803743153546,0.8693548387096774,0.36194856155803334,0.002279973871918278,0.12729662266816,0.09467681055379207,0.009100571365684757,0.003962429439710284,0.035545339125631924,0.0614328407545521,0.040018488437023124,0.011975915329665967,0.00596172096545862,0.0011350818043906496,0.020383761021816896,0.01860072449862083,0.0239148128643723,0.020280590959788486,0.0077907176894451745,0.0024446312096146777,0.004496494629396095,0.000926611320079648,0.008213455197871321,0.004738050021190914,0.004657711706588011,0.005612234479684886,0.011940151672274378,0.002556016725385495,0.0037050112016617487,0.003519562856791035,0.0015043886116799094,0.0013699946020022465,0.642282759770751,0.1743190661072731,4.407873718068004,1.0182955670170486,0.007244220818392932,0.0018005645833909512,0.0008850228041410446,9.155413135886192e-05,0.03844919968165431,0.03584437804241641,0.009048599749803543,0.002288853283971548,0.011474784463644028,0.0023193713277578354,0.006906266234094097,0.0018743985602932593,0.008177873317380341,0.0018892311076383092,0.008194094523787498,0.001892118714749813,0.005477989092469215,0.0015716792549937963,0.005477989092469215,0.0012970168609172106,0.0006587223209992884,0.00014106848890425405,0.0011270266384170308,0.0001317798801375963,0.009021896868944168,0.001983672846108675,128.3177277002711,128.2931489195912,550.1410184641668,550.1403782179998,0.0,0.0,128.30241187384044,550.1057513914657,0,130.0,140.0,552.0,563.0,0.0,0.0,31,41
1,32,398,1014,467,570,428,544,447.20100502512565,556.8492462311558,2.2914555278728255,463,0.9670596858548876,22.511093682995384,1,0.39250493096646943,0.43640384368633467,45.044916263231485,43.41658669218482,5.656854249492381,2.609312885533927,2.23606797749979,11.907334520564012,11.466171179878408,-61.27253051015907,107.05382386916237,0.8596112311015118,0.2688325404798911,0.016893280238845867,0.11264643521365385,0.06685279358510055,0.017106266523257155,0.011401790888305044,0.04563201603833635,0.048333960349182255,0.031770077357151275,0.013573542097624673,0.012001626099571148,0.008871862093503931,0.019624570506115956,0.02574682779919604,0.023310595465817516,0.018609277373876285,0.009322951420920584,0.00819116266795283,0.008892367005680515,0.007106165245127606,0.011246097192469363,0.008264541428715527,0.013358396215305436,0.011713899779561684,0.012101754228483388,0.005021495377431689,0.004076361461321044,0.005120477373389933,0.006389854920209758,0.005831812643251785,0.545311676338315,0.1676050964742899,2.7272602855227888,0.755123216426,0.00633249431848526,0.0018158236052840948,0.0005340655334293842,7.629510946571827e-05,0.0856360825780291,0.051509994525404126,0.007705806288868189,0.0021362630650401115,0.008636606857180595,0.0022583352401852608,0.00619672359475358,0.0019046033690260215,0.006852412777695449,0.0018972945136331658,0.006866559851914644,0.001892118714749813,0.0046082246117293835,0.00158693827688694,0.0046082246117293835,0.00158693827688694,0.0006100445061215868,0.00011396877949554497,0.00074906979942967,0.00011953264207732956,0.007408255245536566,0.001976043335162103,447.2851268138989,447.1572534200901,556.8332130376841,556.8764321943137,0.0,0.0,447.20100502512565,556.8492462311558,0,452.0,443.0,556.0,554.0,0.0,0.0,32,43
1,33,396,648,514,568,478,550,496.1666666666667,558.780303030303,2.2220266450359376,440,0.911066960653095,22.45446191105733,0,0.6111111111111112,0.45003960786610037,36.25586814211392,36.40054944640259,6.0,2.524015382223563,2.23606797749979,15.17893276880822,14.94678640351868,-75.01853564817986,105.15432893255071,0.9,0.38053046016235803,0.029062091180464548,0.15525526737129225,0.07826390793763588,0.023175141973332664,0.008333414543421222,0.04154221357824136,0.04528668626880439,0.036023354145791886,0.01164823311053956,0.010027635961608406,0.0020707723972509338,0.0008653095283930001,0.009312647646850903,0.018956129653429767,0.02116425166431858,0.009706783502042226,0.004462730371443071,0.004660309636143422,0.00012375057788659546,0.011121544474662194,0.00723124111755797,0.0038251857132611438,0.009727245853521587,0.013542583198749814,0.012865136931607181,0.004869496327913132,0.005242293648714493,0.0036491293506816552,0.0011588459525465281,0.5908293356187642,0.16726939799264073,3.071702185086906,0.7492179749533534,0.006775005720555782,0.0018005645833909512,0.0009460593573749065,7.629510946571827e-05,0.8620991816842976,0.024103621403143267,0.009155413135886192,0.002243076218292117,0.011490043252706528,0.0023956664372235537,0.0066385318608849905,0.0018794314381195588,0.007756823699714409,0.001891964583215539,0.007568474858999252,0.0018768596928566694,0.0041046771220862865,0.00158693827688694,0.0041046771220862865,0.00158693827688694,0.001154807919298185,0.00012899603525784909,0.0014758061850936401,0.00012880772411510107,0.00885023269802332,0.0019684138242155313,495.3545980409276,496.142566191446,559.0697154456396,558.7806924643585,0.0,0.0,496.1666666666667,558.780303030303,0,489.0,488.0,562.0,565.0,0.0,0.0,33,44
1,34,667,1540,210,595,166,560,185.8710644677661,577.8635682158921,2.0073160709850795,754,0.9490495786138324,29.14190756176324,1,0.4331168831168831,0.49817764848026913,53.27445850746714,49.24428900898052,7.810249675906654,3.5043398581758,3.1622776601683795,16.17472168606377,16.788209399131723,54.76586149275261,129.71067811865476,0.8846153846153846,0.35020650570653755,0.03520449207956667,0.11784030232451541,0.08883230944676548,0.03730152006133567,0.018793870886067196,0.02623242216181114,0.05355719129366223,0.03640591115758179,0.0234248850139785,0.022717448760049108,0.009619397662961132,0.013365209552203605,0.01180501895445821,0.020964840067727183,0.016901869979870664,0.010977319293146442,0.011328521148252014,0.009152218685255467,0.004879758386668334,0.001403152749550524,0.00527113154468594,0.0008166001757135947,0.008396975907486124,0.007688865941861052,0.0027539464858371276,0.002229189418441638,0.0010458970607655038,0.0028697067199538306,0.0023498815546131786,0.7797970678657293,0.20691233687102795,6.469474386423826,1.259998473804444,0.00809491123072803,0.0018005645833909512,0.0016250857152044773,7.629510946571827e-05,0.42730377092148064,0.04907194656620053,0.010070954449474812,0.00221255817450583,0.014709697104990482,0.0023651483934372663,0.007154101540052563,0.0018982783199176876,0.009699361898686396,0.0018890531841146089,0.009834439493715763,0.0018768596928566694,0.004776074085384607,0.0016174563206732273,0.004776074085384607,0.001541161211207509,0.0009407159703774753,0.0001209668284524617,0.0019791522980074755,0.0001264725972209158,0.011375600704923272,0.0019684138242155313,185.4438094655417,185.90325041780704,577.8571125425774,577.900610361615,0.0,0.0,185.8710644677661,577.8635682158921,0,195.0,178.0,585.0,569.0,0.0,0.0,34,0
1,35,448,1110,473,595,436,565,454.375,578.2053571428571,2.075286184234307,503,0.9453094733186529,23.883285285767386,1,0.4036036036036036,0.4818612524850194,43.171599008715916,41.036569057366385,6.708203932499369,2.9687401814644163,2.8284271247461903,13.035454611292884,14.081487639190694,-55.97251109557944,108.08935777509511,0.8906560636182903,0.33581873898770964,0.026201867579651112,0.12840469692549908,0.08130101128453779,0.01789743358354824,0.019157500821520783,0.04419997642920994,0.054629274519782174,0.030246313682807554,0.011656852708578315,0.013419060115664268,0.015531465555806102,0.020202753162111946,0.0201314774257062,0.022795554225194792,0.009290514873249072,0.007603693845476524,0.007552211516602606,0.009569133934438763,0.013077357687541896,0.007479361068978833,0.004340996825861825,0.00741520884960706,0.007723279140358743,0.0006192685499287052,0.0007174399321681325,0.002320872232448726,0.002795943070122188,0.006700799285015277,0.011001010575278462,0.6219882601872087,0.1666285190731287,3.9455558573827147,0.8535439076367766,0.007721065077930689,0.0018158236052840948,0.0010833903215825558,7.629510946571827e-05,0.24183611947485525,0.027938177977811018,0.008789196610450745,0.002121004043146968,0.012893873266875744,0.002334630349650979,0.00706804841121828,0.0018935058985582807,0.008807044324514988,0.0019052319366892334,0.00862134713679552,0.001892118714749813,0.004013122990727425,0.0016021972987800837,0.004013122990727425,0.0016021972987800837,0.0010031498776081897,0.0001154929452093803,0.0015814222292437714,0.00012893837348357977,0.009903104975819588,0.001983672846108675,454.58092908953347,454.40150526485155,578.0785584095568,578.1965246616729,0.0,0.0,454.375,578.2053571428571,0,456.0,457.0,579.0,575.0,0.0,0.0,35,45
1,36,511,910,496,604,461,578,478.1839530332681,590.3757338551859,1.4876985183783211,541,0.9118791719537424,25.507359866510456,1,0.5615384615384615,0.6721792000505982,39.93946923000512,38.01315561749642,8.06225774829855,3.599389867519305,3.1622776601683795,15.652475842498529,16.393504144147165,-59.76603030281364,97.74011537017762,0.944547134935305,0.4502597974807393,0.036396137969679145,0.1539802589135134,0.10041172100297363,0.026476609791630194,0.024952943230481802,0.03715844369810041,0.04741455491009751,0.03802133933026277,0.0075732937919979985,0.015446150919528117,0.014794873754145309,0.00498643659887581,0.0052961695517515705,0.010982475542661702,0.016294314657822082,0.0037292661817734216,0.002219617574603669,0.00425258147201981,0.008045708430435875,0.006946149158076936,0.005389626326407823,0.006009627579820108,0.000991941892397595,0.006897705928537242,0.0077412284798250314,0.008557376545181244,0.00766769817363427,0.0021659795080528864,0.003877532683016711,0.6913099940866232,0.15748836495913565,5.985183545853943,0.9796597235836089,0.009597924537956715,0.0018310826271772385,0.0020218207500874996,7.629510946571827e-05,0.22114824705229782,0.05007046513467627,0.011154345236718655,0.0022735942620784044,0.01890592835843563,0.0023041123058646917,0.008430609683983209,0.001920589816574825,0.011712687956661336,0.0019171423162105848,0.011505302507430315,0.0019226367585361004,0.005767910275608301,0.0016479743644595146,0.005767910275608301,0.001541161211207509,0.001246734409920784,0.00012801623125483375,0.0028031548215870276,0.0001275335576765281,0.013752193422988057,0.0019989318680018187,478.15825810540434,478.14438802529514,590.1560834104871,590.4064203607364,0.0,0.0,478.1839530332681,590.3757338551859,0,480.0,489.0,587.0,589.0,0.0,0.0,36,47
1,37,678,969,707,640,688,589,697.6076696165192,614.5457227138643,1.8586693774396819,738,0.9531292822879375,29.381225490616288,1,0.6996904024767802,0.5380193014087856,54.09369837805268,50.08991914547278,8.0,3.6241097392741324,3.1622776601683795,15.460413650478516,16.36676974432201,-5.765091421923923,125.84062043356593,0.9186991869918699,0.3440639343684497,0.007641580642047837,0.12472490047027121,0.09127395521084959,0.005622023973342717,0.0011636130794671993,0.04487397555987505,0.05685022474033575,0.04127185901392196,0.004121167307078295,0.0016852112217600813,0.0009431350258718858,0.025363547684010904,0.019170153464717687,0.02726612916342346,0.020439999794837387,0.001326078278912391,0.0030927034082096905,0.0021170572500637183,0.0014472064765413762,0.006415439021714672,0.006913963617723569,0.006995339184178948,0.011164132429765317,0.010018243853402152,0.00027551603687991086,0.0036331720690809858,0.002124228219385076,0.0025153157511216685,0.002072436982910439,0.8443122114986181,0.21286335540935397,7.054703667294234,1.2922102690208703,0.008201724383980036,0.0018158236052840948,0.0022735949605703354,9.155413135886192e-05,0.37653983999265206,0.052293861383328206,0.00962844304740429,0.002243076218292117,0.016449226066470146,0.002334630349650979,0.007471789482288656,0.0018837465080473804,0.010405167650876452,0.0019059148510632306,0.010223545134067535,0.0019073777366429567,0.004531929735094309,0.0015716792549937963,0.004531929735094309,0.0015716792549937963,0.0012226404833111976,0.00013031767201835927,0.0026935621404503333,0.00013003126843139713,0.012718394864350557,0.001983672846108675,697.7060238360275,697.603223711401,614.1822551106221,614.5978272421326,0.0,0.0,697.6076696165192,614.5457227138643,0,700.0,691.0,607.0,629.0,0.0,0.0,37,48
1,38,1044,1794,948,729,925,651,935.6293103448276,690.4961685823755,2.89701606139519,1199,0.9786013453263646,36.45904667847899,1,0.5819397993311036,0.34518276005636106,82.05390823056119,78.26237921249263,8.06225774829855,3.625964786146924,3.1622776601683795,16.37802168915323,16.88385666193373,-7.211090918921131,194.95331880577402,0.8707256046705588,0.21660662948800652,0.015593714229005731,0.09086716409084913,0.05570658826398271,0.01845726284586849,0.010913920239295095,0.03460990721649619,0.04450827041681157,0.026139685413211117,0.013903884577835967,0.015678957268338848,0.007587527536847241,0.019067579640173176,0.023589219444726306,0.02257371049511509,0.015208668567968193,0.010864139118111888,0.01212697475912952,0.011512225854349733,0.005208509770515481,0.010071836856033158,0.013128082336601314,0.011958360349533582,0.012295650762342009,0.009948949336352642,0.008803346237870071,0.0072052262830615,0.009389468009509986,0.007990187438070465,0.003477619267145091,1.0910658645443618,0.31984435790218413,8.390325897373259,1.9297474627383053,0.006820783019065857,0.0017547875177115202,0.0011749444529414177,7.629510946571827e-05,0.6110885052244981,0.08651827600916788,0.008377202786505222,0.0023498893715441227,0.012283512391149998,0.0023498893715441227,0.006306739101412496,0.0018488113173536654,0.008036710629667872,0.0018484171099025914,0.007995727472007275,0.0018463416490703821,0.004089417867362499,0.0015564202331006527,0.004089417867362499,0.0014648661017417908,0.0008077424606166799,0.0001241572692162186,0.0015747606723427354,0.00012275964115652266,0.009170671924948692,0.0019226367585361004,935.6977157835524,935.6556940205272,689.888920809905,690.4137712903073,0.0,0.0,935.6293103448276,690.4961685823755,0,935.0,942.0,670.0,670.0,0.0,0.0,38,49
1,39,893,3060,526,741,481,673,507.21276595744683,707.5128779395296,3.2919614120967413,1196,0.9794648238428351,33.71947380147709,1,0.29183006535947714,0.3037702678790127,81.9712994050997,76.53757247260981,7.280109889280518,3.1738132710191485,3.0,18.491800492988684,16.526653821865278,29.63479373601161,192.2020561473032,0.7466555183946488,0.1940940446310175,0.014686543496592416,0.07603091565954553,0.05360374059399453,0.01843986950453042,0.004130291092850757,0.028592218334487576,0.04015009586704427,0.027065444234410457,0.01810970014515832,0.009433799978654987,0.0028081460825208873,0.01594776565055366,0.0200292875572143,0.023850616214462255,0.016380275807107932,0.01446436071402567,0.011493495511016477,0.004444589189956179,0.003124637906570703,0.0068142170567124,0.011198272436324198,0.013285138217468318,0.014833501119113218,0.010823155677841655,0.011309478252795912,0.009475709577888937,0.0066742396125776355,0.0023907818313810415,0.0031046230512438108,1.037949203979224,0.3101243609562516,6.952834472991526,1.7102159147616476,0.00679026497527957,0.0018310826271772385,0.0010070954449474812,9.155413135886192e-05,0.8863289634372427,0.03177996341595633,0.009109635837376118,0.0022583352401852608,0.011139086447656155,0.0023041123058646917,0.006367786527479902,0.0019026034414493965,0.007785928861132728,0.0019151354028685862,0.0077821011655032635,0.0019073777366429567,0.004882887005805969,0.00158693827688694,0.004882887005805969,0.00158693827688694,0.0008102175865921577,0.00012750403390894135,0.001331705429234608,0.00013023125529443332,0.00880064070224762,0.0019989318680018187,507.69825130107586,507.2113152330053,708.2544189111213,707.5446247735972,0.0,0.0,507.21276595744683,707.5128779395296,0,512.0,510.0,718.0,710.0,0.0,0.0,39,50
1,40,603,1394,134,718,100,677,117.70978441127694,696.1260364842454,1.952643068547542,671,0.9468426934207076,27.70854462932514,1,0.43256814921090386,0.512126366619498,49.33901616698288,47.80167361086848,7.615773105863909,3.4052244292332414,3.1622776601683795,15.799999999999999,15.872209964526215,39.05356285523506,121.63961030678928,0.8986587183308494,0.3360015078666535,0.016563892950276247,0.13686527993776657,0.08104098090000607,0.006774017163143351,0.012230434981690064,0.05168893164298064,0.05343080353056356,0.037213549305544186,0.004495649263134133,0.0013441696150571383,0.008869362435363301,0.01693185536625571,0.024161362344758,0.02286629821251938,0.02050779612029039,0.003108089574480879,0.001984422861605733,0.001968634956156699,0.006668793561946594,0.0051368692873882665,0.0034947579182467853,0.008628731960431419,0.00997618374464544,0.011925313397316218,0.0015920419537375481,0.001326209535093006,0.0014155240702777654,0.0020588548795504895,0.005400988301195747,0.7333791232667863,0.19444571598432958,5.733318149577826,1.1491111617069691,0.0076752882450819016,0.0018158236052840948,0.0018158238381147385,9.155413135886192e-05,0.23031640024258707,0.038145575594958465,0.010131990537047386,0.0023956664372235537,0.014709697104990482,0.0023956664372235537,0.007120185662784334,0.0018878224852847533,0.00950799029780734,0.0019056569845886718,0.009315633215010166,0.0019073777366429567,0.00509651331230998,0.0014343480579555035,0.00509651331230998,0.0014343480579555035,0.0010141327659203,0.0001361893065005313,0.002210802904906271,0.00013065912628783255,0.011406118981540203,0.001983672846108675,117.54627886727839,117.68636381744061,695.9638280340881,696.0959273374322,0.0,0.0,117.70978441127694,696.1260364842454,0,114.0,124.0,691.0,712.0,0.0,0.0,40,51
1,41,688,1344,426,754,402,698,415.61046511627904,725.3677325581396,2.1912330336446053,806,0.9650303936172888,29.597108081327676,1,0.5119047619047619,0.45636405833875787,60.92892441078676,56.753854494650845,7.0710678118654755,3.304194314063934,3.0,16.018856812672546,15.971787357693072,14.292587747688385,137.63961030678928,0.8535980148883374,0.27196175311325427,0.015486511505841898,0.1027050641256054,0.07214476886296854,0.02522492369415344,0.003369798109005792,0.029951785353488893,0.052193919871476806,0.03412603057671499,0.023583390309093625,0.009824090920550478,0.003746720495573554,0.013120355948882133,0.02088262997638536,0.027152497595060776,0.019492359365971938,0.016005904349311102,0.012977465083511493,0.0014507432909848276,0.003810704825954184,0.0024012938484019863,0.008930593017654673,0.009623370480280046,0.015145597108543444,0.012045822953521017,0.009477568247365046,0.007945042592961776,0.0045569533838185055,0.0015992418222407004,0.003237924083556566,0.8603189289569855,0.22540627140551805,6.397985893767327,1.3123216598760337,0.00782787799835205,0.0018158236052840948,0.0015106434002518654,9.155413135886192e-05,0.25237232246900004,0.07306044984930653,0.010238803923130035,0.00221255817450583,0.013916227966547012,0.0024414435029029846,0.007229570831571307,0.00189417034794553,0.009299398101405999,0.0019074442730756304,0.009338521398603916,0.001892118714749813,0.005355916917324066,0.0016174563206732273,0.005355916917324066,0.00158693827688694,0.001052047760991219,0.00011481902217447642,0.001839287519273906,0.00012797721808278107,0.010864423587918282,0.0019989318680018187,415.5992244003901,415.6167808099718,725.619854424416,725.440519516761,0.0,0.0,415.61046511627904,725.3677325581396,0,415.0,419.0,736.0,741.0,0.0,0.0,41,0
1,42,550,1066,98,746,72,705,84.23272727272727,724.4981818181818,1.7610935181666545,598,0.943736510017414,26.462837142006137,1,0.5159474671669794,0.5678290162813311,46.48190055463018,43.382023926967726,7.211102550927978,3.3788696419871527,3.1622776601683795,14.498930239924247,15.371487886269643,-23.924077952805217,110.32590180780451,0.919732441471572,0.3720944471861527,0.02173921765391576,0.13261099562068576,0.0942632751028865,0.02235989942100823,0.011127073400643362,0.04313822432740783,0.053959984149449546,0.04149271117963778,0.01316516814794044,0.013646312663687475,0.005171762541215505,0.018313978284922823,0.015192471920105454,0.022557235587812936,0.020427738921711413,0.004692668551339503,0.005273576500085794,0.006369381457561829,0.0014462678424264229,0.00018826221368169644,0.004290245918866219,0.0015143503593702508,0.008293127834059872,0.009962828282644363,0.0028892370715548703,0.0003171036100615414,0.0013395063601849778,0.002715324707287898,0.0015116249402390527,0.6679942132905126,0.17909513995982707,5.229877227451652,1.0446478978265077,0.007850767113268375,0.001808194094337523,0.0017090104520320892,9.155413135886192e-05,0.3886851633033312,0.10337362371430059,0.01033035758882761,0.0021820401307195425,0.014312963001430035,0.0023956664372235537,0.007031518034636974,0.001885211999577127,0.009508867686275731,0.001899359814230014,0.00965896062552929,0.001892118714749813,0.004974441137164831,0.0016937514301389456,0.004974441137164831,0.0015716792549937963,0.001140031709934331,0.00010967223091006084,0.0020957259431651737,0.00013299824411755205,0.01124589890241623,0.001983672846108675,83.90108829500292,84.2796774806094,724.7008928061082,724.4060852164006,0.0,0.0,84.23272727272727,724.4981818181818,0,81.0,80.0,728.0,741.0,0.0,0.0,42,52
1,43,554,975,295,757,256,732,274.29241877256317,744.4115523465704,1.5883078545744242,599,0.9100073218374697,26.558891313141824,1,0.5682051282051283,0.6296008655500497,41.77693410216169,40.162171256046406,8.246211251235321,3.6535023545453846,3.1622776601683795,16.341189759580566,17.320390106803245,66.49098700203943,105.1543289325507,0.9248747913188647,0.437306080460806,0.02827147505941913,0.1563952988084467,0.09869179460580765,0.01660459251740565,0.008924065827771303,0.03128752348398685,0.0598037254480395,0.03381557339249613,0.008605950904165648,0.007401007698061736,0.0012304688180554324,0.011991029536438162,0.005683348659033888,0.016352335193785008,0.01227320045837812,0.0028279497232459416,0.003516183747107926,0.006215824730817684,0.004149510020151428,0.00483750811032589,0.004338479020840869,0.007880882424848534,0.0012774100313987682,0.00599719996856568,0.004152430754590845,0.005283647900925261,0.003601372517593592,0.007261356529183141,0.003928264096876848,0.6521553476341069,0.1677424276713282,5.774654831271619,1.0465400165412575,0.008087282069027424,0.0017853055614978075,0.002227816730737686,9.155413135886192e-05,0.9601195035190797,0.03645807271410108,0.010589761659502983,0.0022583352401852608,0.017105363309383392,0.002563515678048134,0.0073275881756641225,0.00188474637832953,0.010423564677385594,0.0018890614016990207,0.010070954449474812,0.001892118714749813,0.0045014116913080215,0.001541161211207509,0.0045014116913080215,0.0014801251236349344,0.0011848800938798665,0.00012618440511240933,0.0028727586452775046,0.00014024551656584158,0.01270313560962677,0.0019684138242155313,273.39488217629093,274.2589924910695,744.0705867773559,744.3969964277903,0.0,0.0,274.29241877256317,744.4115523465704,0,273.0,288.0,744.0,744.0,0.0,0.0,43,53
1,44,696,1100,454,796,434,741,443.0646551724138,768.4209770114943,1.959466051399825,771,0.9613460193272904,29.768686956862464,1,0.6327272727272727,0.5103431107089653,57.41040219365902,54.589376255824725,8.0,3.5602183212602685,3.1622776601683795,15.764195089732095,15.807558988591353,10.507139101355413,130.91168824543144,0.9027237354085603,0.29737406816633327,0.011175108089168604,0.11961489363827017,0.07561950246647915,0.013126338697099858,0.007266260454820855,0.038835691946746194,0.058163463773732924,0.03385329632572349,0.008769652176351637,0.009736168426766811,0.0053919225551277,0.02180478247882284,0.023987823847103285,0.027815246927774335,0.018424176811690146,0.005844127428559229,0.005134536297465044,0.006097905576816855,0.004102352890832165,0.010272030878932312,0.00996611003242403,0.009997875033364169,0.013143957214251201,0.011193722492575544,0.0034108847691968736,0.0016668560117712766,0.0028116083860970486,0.0034621248394446,0.003030483703928195,0.8396582114510238,0.22200350952334702,6.7420768341980875,1.3319447620306164,0.007995727472007275,0.0018310826271772385,0.0017547877505421638,9.155413135886192e-05,0.12574798623443584,0.007299658756178605,0.010147249326109886,0.002166781108826399,0.013931486755609512,0.0024872205685824156,0.007238432857336412,0.0019138233579598881,0.009686892003158172,0.0019137137385497362,0.009597924537956715,0.0019073777366429567,0.0045929658226668835,0.0016632333863526583,0.0045929658226668835,0.0015716792549937963,0.0011391343119814719,0.00012159688605149558,0.0021244648843119656,0.0001309198323535166,0.011505302973091602,0.0019989318680018187,442.96020070409566,443.05753302248854,768.4909900109329,768.4193770119946,0.0,0.0,443.0646551724138,768.4209770114943,0,444.0,437.0,780.0,753.0,0.0,0.0,44,54
1,45,610,1120,256,776,216,748,235.5672131147541,762.6229508196722,1.6118070948076137,667,0.9273264159856192,27.868909599918855,1,0.5446428571428571,0.6204216393025374,46.076227923898855,43.41658669218482,8.06225774829855,3.7099264729463655,3.605551275463989,16.88562804248454,17.244191780494948,-63.41672501333253,111.1543289325507,0.9145427286356822,0.41202977309732053,0.01856307370101784,0.1458295504964335,0.09892830860475196,0.009353752434402868,0.019736506587380274,0.03752951128101448,0.059108390668964506,0.03707171126807107,0.0012647926819413595,0.012573403631602031,0.013146843001890542,0.016841479282525072,0.01153924199199982,0.01775078965828896,0.015424557209617041,0.0011337445537205509,0.0015938006154646283,0.005923243972568865,0.00769209230950101,0.0016664359342378546,0.0018522868444826688,0.0043353351625860514,0.0017736007796304962,0.006822490232325837,0.001648606463630502,0.003607391535741284,0.0041491205433118,0.0005958924252166475,0.004240001666102357,0.7015182827599347,0.18149080639705062,6.056382154580206,1.1840085447765887,0.008422980085015297,0.0018463416490703821,0.00158693827688694,9.155413135886192e-05,0.5407757415282136,0.022050198605217765,0.00965896062552929,0.0022735942620784044,0.013992522843182087,0.0023498893715441227,0.007384402976420365,0.0019104295410215856,0.009928495335377386,0.0019409976143878504,0.010086213238537312,0.001937895780429244,0.004943923093378544,0.0016632333863526583,0.004943923093378544,0.0016174563206732273,0.0009016867704563525,0.00012065042847504739,0.001892846827092621,0.00012586671771643013,0.011535820551216602,0.002029449911788106,235.09949486363425,235.55504291568937,762.8943878108778,762.6413382478027,0.0,0.0,235.5672131147541,762.6229508196722,0,224.0,226.0,768.0,766.0,0.0,0.0,45,58
1,46,344,459,923,781,906,754,913.9912790697674,767.3430232558139,1.236566050278548,369,0.7954988355975545,20.928315827817965,1,0.7494553376906318,0.8086911328147338,27.060397624030223,26.68332812825267,8.06225774829855,3.3932396854515066,3.0,16.0,16.39738638030096,-0.24137398560184523,73.11269837220809,0.9322493224932249,0.6151606789169887,0.015821310083318423,0.18185978915853354,0.10049777379798072,0.0018563337756789396,0.006054766618286606,0.008194356619844202,0.02828445074642296,0.02632409078199414,0.005809465205779335,0.01002040961868422,0.005788701671895864,0.019314132304335055,0.02361536545989717,0.012883079049274786,0.016451837895352515,0.0028005981951613117,0.0007855323377591877,0.004368698254071013,0.0022738073443400062,0.0033428624420098886,0.012684036888717994,0.01546786633521305,0.008434675081165252,0.0122506575999612,0.0032501674847917775,0.0055534927476723235,0.0009027374177537322,0.0045326585946695325,0.0014771207415617239,0.5656519513577223,0.12091248948127031,5.018112497404218,0.6477912564296275,0.010376134887337685,0.0018005645833909512,0.003631647676229477,7.629510946571827e-05,0.1692076253237844,0.041272061549876685,0.011841000989079475,0.0021820401307195425,0.02867170237004757,0.002288853283971548,0.00883831173996441,0.0018892576481448486,0.014587536329663423,0.001883114117527987,0.013656824827194214,0.0018768596928566694,0.00633249431848526,0.0016021972987800837,0.00633249431848526,0.0016021972987800837,0.0014432271072592365,0.00011959958064329018,0.005111524807409512,0.00011431012493162593,0.018188754096627235,0.0019531548023223877,913.8499248855258,914.0124372835842,767.2500167234354,767.3075872140956,0.0,0.0,913.9912790697674,767.3430232558139,0,914.0,912.0,767.0,766.0,0.0,0.0,46,56
1,47,418,651,542,800,521,769,531.1626794258373,784.1076555023924,1.3304710183573907,448,0.8827671367205516,23.06976657227589,1,0.642089093701997,0.7516135159671552,33.875579152627296,31.953090617340916,7.615773105863909,3.428626785162863,3.1622776601683795,15.062427172563098,15.91511274493682,23.47663553347724,83.59797974644667,0.9330357142857143,0.521267511948382,0.011552687951983352,0.16315732484122597,0.11388990318782473,0.0034537251280875084,0.011565057801659244,0.025155716106065276,0.04676731712316851,0.03768983525020725,0.0034325821174691754,0.006415559991256991,0.004478265490000342,0.00014035778177940084,0.007320860088856609,0.001881324645715483,0.013526703140411758,0.0011897421681481756,0.004281049541421871,0.0019531110964584595,0.0011178740931889078,0.012192682065409051,0.013040154917808178,0.012162987430852,0.012171036245206806,0.006156870772292467,0.0022921991090720196,0.0023081638039813574,0.0038769935774327917,0.004845989444905232,0.0026988134292746497,0.6764324512332678,0.1380331120453775,5.657450272701681,0.804623483447358,0.010727092623710632,0.0018310826271772385,0.0027313651517033577,9.155413135886192e-05,0.5476652692381996,0.02428829092320231,0.012878614477813244,0.0022278171963989735,0.021316854283213615,0.0023193713277578354,0.009394895156017609,0.0019171265561857985,0.013534570030386796,0.0019249365632711913,0.013183794915676117,0.0019073777366429567,0.00633249431848526,0.0016479743644595146,0.00633249431848526,0.00158693827688694,0.0014853805388577639,0.00012542511607918522,0.0035212618076945167,0.00013803415379064543,0.01642633695155382,0.0020141908898949623,531.3749369625091,531.1426675010904,784.6125158645281,784.0938916386945,0.0,0.0,531.1626794258373,784.1076555023924,0,534.0,526.0,788.0,785.0,0.0,0.0,47,59
1,48,504,828,564,815,546,769,555.6428571428571,791.0912698412699,1.8763323004646808,570,0.9583959652819725,25.332049473868512,1,0.6086956521739131,0.532954636954417,48.77356081877786,45.5411901469428,6.324555320336759,3.0827855364568677,3.0,14.21615988318932,13.922026025143836,11.02746960631858,109.01219330881975,0.8842105263157894,0.30940825966563257,0.005883309311365262,0.11728254798426054,0.08154832545245354,0.01249260961156218,0.008482612207158378,0.04238884096888837,0.054821592136051006,0.037947387840973616,0.014335487352431984,0.002567174637027655,0.008785793905619553,0.021160330122077763,0.022987897214193868,0.026948974373667247,0.020416622357107162,0.00989802750248411,0.0032956307861867857,0.004839638511356791,0.007457562366748717,0.008694828873060806,0.00791039994736394,0.011200188967020675,0.012054983532907421,0.011686706550459423,0.004823237600337367,0.0018299146627570176,0.0009198045887334814,0.004183482491730518,0.00583837271257697,1.0142214177176356,0.18643472949042916,7.444876863621175,0.9755092696286738,0.011673151515424252,0.0018463416490703821,0.00314335897564888,9.155413135886192e-05,0.5413784175006182,0.04000335615044727,0.015579461120069027,0.002288853283971548,0.023239489644765854,0.0023651483934372663,0.010455890904305522,0.0019220075205198884,0.014771581078613443,0.0019355342651362576,0.014816510491073132,0.001937895780429244,0.006225680932402611,0.0016632333863526583,0.006225680932402611,0.0016021972987800837,0.0020466174700031026,0.00013474475022705107,0.003815030929928654,0.0001328407546338165,0.017929350957274437,0.002029449911788106,555.620711211017,555.6579227279838,791.6321951121146,791.1283278585953,0.0,0.0,555.6428571428571,791.0912698412699,0,556.0,559.0,804.0,786.0,0.0,0.0,48,57
1,49,536,756,588,820,570,778,578.8880597014926,798.5485074626865,1.5221479890533138,597,0.9245785890372838,26.123866405607867,1,0.708994708994709,0.6569663443972625,43.31993079571717,41.048751503547585,7.615773105863909,3.5438838416736047,3.1622776601683795,16.629752630943482,16.504520275600235,1.1569820214785842,101.25483399593904,0.897822445561139,0.40477783677023427,0.027371041182092,0.14310682988410942,0.09444018086908552,0.035582163479030746,0.00797752546539714,0.0259802273670427,0.05790119417195549,0.03722566534738976,0.020969059229426767,0.011181550725776108,0.004271106626672854,0.009786128330652188,0.009087795259587136,0.018573372083629747,0.018089573030550914,0.0046159199887372375,0.007270184504713367,0.0010261103849817151,0.0031332382939440653,0.003695702334107095,0.0027562359287855616,0.00346325592750967,0.003021454232474527,0.010217533924146956,0.005273165440181772,0.003766168598490003,0.0052799451308701804,0.0029892255472793697,0.0022256796823245796,0.8167086411267519,0.16653696494176984,6.7353781084530056,1.0338139922823757,0.01040665339678526,0.0018463416490703821,0.0022888537496328354,9.155413135886192e-05,0.08973671866253106,0.023782359543261217,0.013733119703829288,0.0022278171963989735,0.018295567482709885,0.0023498893715441227,0.009280780012803998,0.00189246551070193,0.01256600393368098,0.0019287574482880143,0.01254291646182537,0.0019226367585361004,0.006546120624989271,0.001632715342566371,0.006546120624989271,0.0013885709922760725,0.001434608946965765,0.0001202152048621227,0.0027658255941616296,0.00013867334025220544,0.01492332387715578,0.0020141908898949623,578.8602977341741,578.8870865374681,798.4631731094229,798.5247450222137,0.0,0.0,578.8880597014926,798.5485074626865,0,580.0,577.0,796.0,790.0,0.0,0.0,49,61
1,50,487,792,526,816,504,780,514.3203285420944,798.252566735113,1.4644589089674571,518,0.9102547188788467,24.901157769991823,1,0.61489898989899,0.6828460627175041,38.8774852129794,38.48376280978771,8.06225774829855,3.5366884105318626,3.1622776601683795,15.876446027418682,16.09717318761538,25.85851304029122,94.66904755831214,0.9401544401544402,0.416736923676272,0.020473530494033217,0.16816414532558063,0.0871700409229314,0.011461770681441177,0.0071527994294980825,0.04359709032871755,0.05252172027948389,0.03677401400865473,0.005634178274465407,0.006394225724023845,0.0010698134328251004,0.005549049430224273,0.008726951464100305,0.01875070616142137,0.019330667119210304,0.0023541248031190686,0.0029607890858489878,0.004334581576763566,0.0013068616743097453,0.010967743514788866,0.007292536141443168,0.005957608988264812,0.007021656206731606,0.011074200804736332,0.004090504483953055,0.003387794747327892,0.003322744034634161,0.005372646719430734,0.0017876435347378235,0.7264210069552064,0.15359731437638402,6.095567317213863,0.920088502112776,0.009903104975819588,0.0018005645833909512,0.0024567022919654846,9.155413135886192e-05,0.7924068601683227,0.03201442818210984,0.01123064011335373,0.0023651483934372663,0.020965896546840668,0.0024109254591166973,0.008968160579693907,0.0018962631404491855,0.012516565333088014,0.001889298772305495,0.012176699470728636,0.0018768596928566694,0.005767910275608301,0.0015716792549937963,0.005767910275608301,0.0015716792549937963,0.0013414338971208665,0.00013656532220163484,0.0033385933138479207,0.00013521979689640434,0.014927138574421406,0.001983672846108675,514.5956672814964,514.2921324090352,798.9955991776256,798.2374042256791,0.0,0.0,514.3203285420944,798.252566735113,0,516.0,516.0,799.0,808.0,0.0,0.0,50,60
1,51,795,1403,619,855,596,794,607.8213836477987,824.6138364779874,2.2589661679469266,913,0.970277769867533,31.815490536285218,1,0.5666429080541696,0.4426803792767092,66.10872100607297,62.0966987850401,7.810249675906654,3.501653922573705,3.1622776601683795,16.789509833507296,15.997907447515963,12.500626710467788,150.22539674441617,0.8707557502738226,0.26250659700841655,0.011235403132722518,0.10407164774061858,0.06960900962935976,0.00840179437835975,0.01225469115426101,0.040236727555812174,0.05156411667682263,0.032315327803651345,0.005664344911573222,0.013616785330341835,0.008997601610999016,0.02642276052077136,0.023638539791848833,0.026386978673000886,0.01774631410980545,0.0017100252073692069,0.006433124822484948,0.011604533380803783,0.006256972090464797,0.012978393093380934,0.013847664401475902,0.012108882496200792,0.013361979985433188,0.010663117065539187,0.0013150749841567327,0.00412130118972695,0.005231405118360684,0.008334908396548914,0.00420446799623872,1.0206302125006914,0.2497901883907616,7.991867036093026,1.5164415957406163,0.008377202786505222,0.0018158236052840948,0.0016632331535220146,7.629510946571827e-05,0.3080000701916532,0.0419154943301709,0.010833906009793282,0.002243076218292117,0.014831769280135632,0.002334630349650979,0.0077320470643991775,0.0018923499120512242,0.010052662938481794,0.0019074737053341086,0.010131990537047386,0.001892118714749813,0.005142290610820055,0.001632715342566371,0.005142290610820055,0.0014496070798486471,0.0010767981650081078,0.00011935402540876425,0.0019928998481951324,0.00012568818374423252,0.01167696644552052,0.0019989318680018187,607.6649680159777,607.814208090159,824.348509899296,824.5725397464279,0.0,0.0,607.8213836477987,824.6138364779874,0,604.0,609.0,812.0,826.0,0.0,0.0,51,62
1,52,445,1118,515,842,489,799,500.3438202247191,817.8426966292135,2.47901434045038,526,0.9635278900063116,23.803184606416586,1,0.39803220035778175,0.40338612959307163,47.37109481732494,47.885279575251516,7.0,2.744413793471227,2.23606797749979,13.741455025101837,12.67688071273366,25.839166129836002,117.74011537017762,0.8460076045627376,0.24709620471310398,0.025259989960778936,0.11236383194609209,0.05869910657245159,0.014709065653483726,0.009293665028153868,0.05333393317672656,0.04333624060878396,0.028908485669823968,0.005253048286245584,0.007396348926575499,0.004599196137227804,0.029180502141698133,0.022873880713567756,0.023228247203730693,0.017418176041231827,0.003173997530978423,0.003132002666129627,0.004692748677587801,0.0026433301444735895,0.009823495579371701,0.013869269292130228,0.011129391381461923,0.013906434067625515,0.011577813436354435,0.0012435684749831316,0.004861821923253384,0.001755736962591672,0.0033004206277956276,0.001779347299186884,0.713008327409625,0.19897764548659325,3.465629104524851,0.8635538259986788,0.007095445413142443,0.0018463416490703821,0.0006408789195120335,8.39246204122901e-05,0.06202359930236406,0.017859862445192404,0.008484016172587872,0.0022583352401852608,0.010543984360992908,0.0023193713277578354,0.006990277719702206,0.0019507612302607181,0.007787930571965957,0.001940570395502649,0.007705806288868189,0.0019302662694826722,0.0053101396188139915,0.0017242694739252329,0.0053101396188139915,0.0016479743644595146,0.0006357144592060844,0.00012249676511210035,0.0009262986105985231,0.00012335204152990055,0.008419165387749672,0.002029449911788106,500.40101709444247,500.3469333663174,817.8187081952449,817.8602830738783,0.0,0.0,500.3438202247191,817.8426966292135,0,500.0,502.0,817.0,824.0,0.0,0.0,52,64
1,53,372,620,544,848,524,817,533.3494623655914,831.1747311827957,1.4039381540305402,401,0.8749601529636067,21.76338922689847,1,0.6,0.7122820881597373,31.444537655728272,32.69556544854363,7.615773105863909,3.309400612077556,3.0,14.758048651498612,15.225285724949934,23.5655234280947,81.01219330881975,0.9276807980049875,0.443073068888195,0.022736289516434693,0.18779252948431216,0.0794802819037107,0.008929107502372241,0.0064430413250882515,0.033026534565254353,0.053431658871876876,0.028274516183408864,0.00921567655548208,0.00012789992444866798,0.0040764174591483935,0.006497433121684572,0.0026693429114950148,0.01312402373944649,0.014240500656266683,0.0026686510119039515,0.00710115665219235,0.0038915838769626766,0.004060198215007352,0.009639332667605884,0.015746169602200127,0.007223754464651008,0.0020472162671855113,0.00940044961085846,0.0037618159373303413,0.0036144342086903898,0.00435769695809399,0.005543654069673446,0.0033564466368636975,0.5956511865369976,0.12994583044201136,4.288044605404139,0.7000381473917514,0.009292744100093842,0.0017853055614978075,0.002059968188405037,9.155413135886192e-05,0.6355850308771688,0.05951088230210591,0.011398489587008953,0.00221255817450583,0.018005646765232086,0.002243076218292117,0.008632625891840544,0.0018832729049566863,0.01152700162743048,0.0018818229768595468,0.011337453499436378,0.0018768596928566694,0.006424048449844122,0.0014648661017417908,0.006424048449844122,0.0014648661017417908,0.0011166986558019663,0.00014811053153934072,0.002687399170316894,0.00012398922027058264,0.013412680476903915,0.0019684138242155313,533.0819665708949,533.3772260609892,830.5981773420359,831.2273688340563,0.0,0.0,533.3494623655914,831.1747311827957,0,533.0,534.0,828.0,828.0,0.0,0.0,53,69
1,54,452,759,197,858,174,825,185.3495575221239,841.1172566371681,1.4660995483697812,479,0.9129019376645078,23.98967015655475,1,0.5955204216073782,0.6820819235037231,37.72352599702566,35.84689665786984,7.280109889280518,3.3909939352125997,3.08113883008419,15.0413223923412,15.397949092455017,-25.53790941389974,91.25483399593904,0.9436325678496869,0.44786324842046193,0.012952210858340172,0.1578046718703621,0.10364854158439392,0.003992173898061961,0.004317003968668142,0.03973537774974387,0.05307132115800303,0.042364725264187636,0.0016001866201363034,0.005136966970866702,0.0017601171564921368,0.005682646971667938,0.007549297805720427,0.014085901349955951,0.02038120240527003,0.002830719260057774,0.0008715532693490392,0.005160482328055762,0.0016299740071488878,0.0076150671802272425,0.008033501991411816,0.007454742404258844,0.00047235295236359206,0.010148814859096848,0.0015130865622505557,0.0028142700471856584,0.001040704138484627,0.00400892110350369,0.0019527185156150316,0.56984818354249,0.14843976497650146,4.538994495756924,0.8546425572130829,0.008316166698932648,0.0018005645833909512,0.0017395289614796638,9.155413135886192e-05,0.2410073945349413,0.05722831479878043,0.010086213238537312,0.0023041123058646917,0.014496071264147758,0.0024567025247961283,0.007305745942852436,0.001903073909955147,0.01004202322070116,0.0018908021177280595,0.010025177150964737,0.0018768596928566694,0.005371175706386566,0.0016632333863526583,0.005371175706386566,0.0015564202331006527,0.0009951495248933294,0.00014603060437201645,0.002160055753730032,0.00012787907545017856,0.01187151949852705,0.0019684138242155313,185.20779727887154,185.37127961577605,840.9223499988677,841.0643110928601,0.0,0.0,185.3495575221239,841.1172566371681,0,185.0,189.0,839.0,836.0,0.0,0.0,54,67
1,55,904,2088,580,914,551,842,562.8539823008849,876.3252212389381,2.7457003411238303,1211,0.9765578343699344,33.92651689225682,1,0.4329501915708812,0.3642058038972652,80.98709985887106,72.78049189171504,7.0710678118654755,3.323454596712877,3.1622776601683795,18.56003058320815,17.43289343763647,-14.328142017794475,176.61017305526642,0.7464905037159373,0.21681368120655406,0.025731463300351125,0.07091725352373146,0.06062571589400162,0.034109396180856365,0.01154920686806182,0.013707298239469569,0.037722910155730614,0.030082399672249818,0.028573583054144577,0.021232952619320854,0.005928392158692455,0.005848314608286534,0.0061640984751807565,0.022646343331056723,0.017667113618995034,0.0198480334124047,0.019238823496970554,0.012520807437100146,0.003199966923919383,0.004641007636531174,0.0006440266654537557,0.0035486149979583473,0.014252968923011878,0.011207763528130715,0.011939152144740997,0.012372264822393573,0.011691678784401263,0.007078349485440256,0.001743432589214345,1.2594949407503009,0.2908216982614249,8.961379503365606,1.7372091244906187,0.008667124435305595,0.0018310826271772385,0.0012054629623889923,9.155413135886192e-05,0.6429264422028108,0.029181295286928866,0.01100175455212593,0.002243076218292117,0.013748378492891788,0.0026703288313001394,0.008231993076799352,0.0019007954134733654,0.009913030424076997,0.0019216915093922774,0.010147249326109886,0.0019226367585361004,0.005508507136255503,0.0016021972987800837,0.005508507136255503,0.0015564202331006527,0.0012128689144475294,0.00012970919166929823,0.001636541517941065,0.00013550026018014467,0.01120012253522873,0.0020141908898949623,562.8094908211245,562.8713020869932,875.6838360829574,876.30173564753,0.0,0.0,562.8539823008849,876.3252212389381,0,560.0,571.0,877.0,844.0,0.0,0.0,55,70
1,56,398,690,518,882,495,852,506.54522613065325,867.5376884422111,1.3471509715847996,424,0.8634518978122132,22.511093682995384,1,0.5768115942028985,0.7423072996960332,31.86464155605583,31.78049716414141,7.810249675906654,3.4335945471776443,3.1622776601683795,15.443445211480501,16.07351889226696,30.316797936239116,82.08326112068524,0.9386792452830188,0.5017320186184107,0.044523772953196525,0.17746220808787863,0.09076895315385751,0.030876150901852913,0.021704322671688602,0.01721394466448626,0.04493662228550696,0.028426042378013317,0.001633843245406806,0.014070640383962638,0.006479028135165813,0.004794017906939231,0.005957833679815853,0.005034570697509265,0.014482664361524584,0.012212439695465437,0.007956317194291747,0.0035366542201923485,0.000645170304488877,0.004804319471301474,0.011332529782657233,0.009206406717156593,0.0014841130964029254,0.008949178003465862,0.008521955989614612,0.011232501333010072,0.012020975739824807,0.005987424080776244,0.0028285980609931336,0.5832303455099463,0.13124284730292857,4.851987543981522,0.766704814042896,0.00964370183646679,0.0018310826271772385,0.0023651476949453354,9.155413135886192e-05,0.05813727108558446,0.03194764198146064,0.011383230797946453,0.002166781108826399,0.019989319145679474,0.00238040741533041,0.008576916845734505,0.0019300418721018907,0.012190923477340508,0.0019263940051329046,0.0117952236905694,0.0019226367585361004,0.005447471048682928,0.0016479743644595146,0.005447471048682928,0.001632715342566371,0.001041154076237434,0.00011927707631770634,0.0030584803074453553,0.00013037284706633612,0.014587624929845333,0.0020141908898949623,506.55434232328116,506.52473828762487,867.5951065344926,867.5131751781237,0.0,0.0,506.54522613065325,867.5376884422111,0,507.0,510.0,870.0,864.0,0.0,0.0,56,0
1,57,627,1144,599,898,573,854,585.170653907496,876.103668261563,1.6320200604516202,674,0.9320208177923269,28.254578293596012,1,0.5480769230769231,0.6127375663037349,47.12666676178088,46.09772228646444,8.246211251235321,3.751729994594531,3.605551275463989,16.44860787516463,17.078927390634156,-22.211864262828776,113.39696961966999,0.93026706231454,0.37568056214068096,0.021049854030595467,0.15121821099829835,0.0849304480030596,0.013370576114907766,0.014852856055948237,0.04533895711112145,0.056177987089323596,0.03543968011694733,0.005303740453320736,0.012447205957431842,0.0096697777029497,0.013352015925208783,0.016813444836360304,0.02025637662206869,0.018400835008927866,0.001794900623970591,0.0013054646505778447,0.009025358961666433,0.005779942617797188,3.0904364427267525e-05,0.002094221684935642,0.0031693331704206566,0.005891645618547818,0.01099710767148108,0.0022036023479136994,0.0028611281699275565,0.0018768450291883777,0.005116454637147516,0.003165693338875373,1.0640116068534553,0.1826352330390364,11.113649243954569,1.2072632941417396,0.011848630383610725,0.0018310826271772385,0.005592431407421827,9.155413135886192e-05,0.3723014634196413,0.027679889127380352,0.01886015199124813,0.0023498893715441227,0.0313420295715332,0.0023498893715441227,0.011083454238056826,0.0019024503441566292,0.017725118411410796,0.0019254597992691223,0.017112992703914642,0.0019226367585361004,0.0061799040995538235,0.0015716792549937963,0.0061799040995538235,0.0014038300141692162,0.003129924164508343,0.00014257347338707507,0.006754685261829596,0.0001379268796512115,0.02322804555296898,0.0020141908898949623,584.8197665129268,585.1869359690588,876.2281126909154,876.0812836522663,0.0,0.0,585.170653907496,876.103668261563,0,583.0,578.0,874.0,897.0,0.0,0.0,57,71
1,58,702,1548,521,920,485,877,501.3105413105413,898.8276353276353,1.8042608040871737,759,0.9537637573390549,29.896724911001275,1,0.45348837209302323,0.5542435981176946,55.285673054377206,53.150729063673246,7.810249675906654,3.6536689246595286,3.605551275463989,15.660071450598105,16.61651304527142,36.403825269931346,126.16042558696059,0.924901185770751,0.3163943930633926,0.017251930831095014,0.12788992734969418,0.07691048562612764,0.022151116731221533,0.0067638696167358235,0.03686984251244284,0.05879110835090448,0.033199444614380354,0.01590160991494289,0.013056787558663551,0.002646504163761039,0.021722737291289047,0.017770999722849127,0.028086232022107825,0.017312470969757594,0.007581990232331872,0.010832665958136513,0.004822931719624983,0.0019717647219625032,0.006960621179419286,0.006765443228349583,0.005323146476009151,0.013830805247668795,0.010005366953390526,0.0018610091915424523,0.0031791616733483196,0.0035057419994048732,0.0006201711857946433,0.0018603088905428714,0.8012512493878603,0.19612420839257538,7.30261699622497,1.3386282136198133,0.008781567215919495,0.0018158236052840948,0.0016479743644595146,9.155413135886192e-05,0.2138412320527113,0.02813427913896517,0.009918364696204662,0.002288853283971548,0.014755474403500557,0.0024414435029029846,0.007704338936421733,0.0018858096960824556,0.010402588313710782,0.0019068777971792213,0.01043717097491026,0.0019073777366429567,0.005981536582112312,0.001632715342566371,0.005981536582112312,0.001495384145528078,0.0009443812755081387,0.00013222509493438642,0.0020542390378927074,0.00013199663480088094,0.012077515944838524,0.001983672846108675,501.12256753514663,501.286342859097,898.7256846911013,898.8419870735349,0.0,0.0,501.3105413105413,898.8276353276353,0,499.0,488.0,898.0,883.0,0.0,0.0,58,0
1,59,468,602,545,920,531,877,537.5213675213676,898.2264957264957,1.9084177527670814,536,0.9586386088806541,24.410573670769317,1,0.7774086378737541,0.5239942871785096,47.0191997716092,42.42640687119285,6.0,2.996176003414182,3.0,13.0,13.382891519066572,-1.8217641105565283,105.94112549695427,0.8731343283582089,0.33104228163114224,0.02334391579028036,0.10798328859892181,0.09187959061397123,0.026930377457394163,0.011700580024093181,0.03755253939691963,0.05097369478401875,0.04287395217497807,0.01975422210805189,0.016858282198817975,0.006169449107521478,0.01669166687988971,0.019935768156904492,0.022112316817614736,0.023188311164915442,0.011547978586651832,0.010944079617452716,0.008895821014790422,0.003561128868321916,0.009132395934784047,0.004062347757787215,0.00827920306912748,0.007516212193845207,0.013354483096046914,0.005742641370850836,0.004093609523580002,0.00482459211846139,0.004047024137130955,0.0027598272660464126,0.7535057682543993,0.18197909509763122,4.51805910654366,0.8879224839620292,0.008178835734724998,0.0018005645833909512,0.0014190888032317162,9.155413135886192e-05,0.5264792370364921,0.03960479283263776,0.010605020448565483,0.0022278171963989735,0.014450293965637684,0.0024109254591166973,0.007849018419316659,0.0018956155739336584,0.009653972449879616,0.0018972702648761307,0.00964370183646679,0.001892118714749813,0.005355916917324066,0.001632715342566371,0.005355916917324066,0.0015716792549937963,0.001195397639506475,0.00012148422402364704,0.0018846819361693792,0.0001268738670584574,0.011017014272511005,0.001983672846108675,537.346619788715,537.52792576044,897.7298634511014,898.1874377040729,0.0,0.0,537.5213675213676,898.2264957264957,0,537.0,537.0,891.0,913.0,0.0,0.0,59,0
1,60,409,696,682,929,658,900,670.0660146699266,913.4938875305623,1.3755802202490306,445,0.8360655173766873,22.820056393372074,1,0.5876436781609196,0.7269659633655995,31.058043068615603,32.202484376209235,8.48528137423857,3.5003604763523093,3.1622776601683795,16.623412340366155,17.039362103789063,33.61826992677837,84.08326112068522,0.9191011235955057,0.49971889557108135,0.06776446556788765,0.18248437962439587,0.07070249096298828,0.049396378148847,0.02165095091780603,0.003923634592469815,0.03786273814002217,0.01947686366900611,0.0031204754419228804,0.014137059741964591,0.005593762683027517,0.006837848675505885,0.004393150124822535,0.006754159433173552,0.008562600756795227,0.018772101881098846,0.015968779079156926,0.00251994367502586,0.0017206396134571626,0.0033899134882683286,0.0014774819984844376,0.0036243656215369023,0.003791848049431072,0.0059532993670026475,0.007372339035977922,0.015254849410533268,0.01003663957081533,0.003100828935219994,0.003587880951770192,0.5144884497858584,0.13714808877557516,4.1660334607586265,0.7738612953107804,0.007896543713286519,0.0018158236052840948,0.0022430759854614735,7.629510946571827e-05,0.11576985935396812,0.03002809295499855,0.01043717097491026,0.002151522086933255,0.016205081716179848,0.0023498893715441227,0.007145672913692478,0.0019048345663274329,0.010185900882050432,0.001892081406627825,0.010086213238537312,0.0018768596928566694,0.004974441137164831,0.0016632333863526583,0.004974441137164831,0.00158693827688694,0.001132774516579267,0.00012613714569568665,0.002654668588126423,0.00012464496712565222,0.012485694838687778,0.0019684138242155313,669.9871108879216,670.0942127575668,913.5786038425698,913.483565020211,0.0,0.0,670.0660146699266,913.4938875305623,0,671.0,666.0,916.0,917.0,0.0,0.0,60,72
2,1,607,1564,125,64,91,18,107.70181219110378,39.53706754530478,2.1800501917356283,747,0.954536408333047,27.80029502818709,1,0.3881074168797954,0.45870503522850475,53.7942799683965,50.774009099144415,7.0710678118654755,3.1993128206073966,3.0,18.8,16.035771251566295,33.0249401138159,128.95331880577402,0.8125836680053548,0.2997891402848114,0.02502290033546077,0.11240267985871136,0.07859634776555686,0.002352593594173342,0.013919040513825828,0.03339574489432413,0.06118709990677665,0.03126085857653002,0.009303727610085442,0.005130546158467433,0.0097468590423862,0.024628532109230362,0.024467488445412647,0.026998542253161627,0.014048349504352057,0.002125588590117963,0.002739909474741385,0.006351730200435842,0.0077631009977412735,0.014259046663787822,0.010716148676888198,0.01261362179282435,0.008991909280660555,0.0068588368432775,0.0010165290999514308,0.001600671336417303,0.00334157524366231,0.007046869437506249,0.005764873829970856,0.7462729965336621,0.1999389638658613,5.26700243819505,1.1317006177268922,0.00727473886217922,0.0017700465396046638,0.0014648661017417908,9.155413135886192e-05,0.657961842263174,0.057877759013695976,0.010254062712192535,0.0022583352401852608,0.012863355688750744,0.0022583352401852608,0.006909935153089464,0.0018512867024616786,0.008677104511029736,0.001864416174179394,0.008773937821388245,0.0018616006709635258,0.0041046771220862865,0.0016174563206732273,0.003875791560858488,0.0015259021893143654,0.001315013614808641,0.00012340411225081997,0.001902340825875292,0.00012282609626748458,0.01020828541368246,0.0019531548023223877,107.13223804152639,107.71256370843783,39.207675569070474,39.59393792303751,0.0,0.0,107.70181219110378,39.53706754530478,0,101.0,105.0,31.0,47.0,0.0,0.0,1,2
2,2,771,1696,394,51,341,19,369.4863813229572,32.62905317769131,2.603342237404933,969,0.9223076771000912,31.331576548121713,1,0.4545990566037736,0.38412160553920155,54.54925774899097,53.85164807134504,9.219544457292887,3.4937211174694167,3.0,22.361895315958268,21.080909748441144,70.78232942148458,158.81727983645297,0.7956656346749226,0.3385060996520036,0.07440675565831367,0.10619211432439213,0.05791154486322376,0.07569470192492127,0.02161957629571528,0.005510345616114664,0.012251604189871697,0.0326304146003035,0.03350945172412119,0.022092755630716426,0.012884544338920395,0.012689574012305211,0.00670535378222739,0.012098989051761922,0.01897524814375703,0.0053450711214738916,0.009759378887735365,0.014105179833712823,0.008343550658806145,0.0009660926329268015,0.0031032934788960895,0.0024093625555413633,0.008695675594481636,0.010149435131852848,0.0018615879972537748,0.004188399117651811,0.0050058683674169095,0.011486923432052326,0.004327454711770126,0.7911650424357504,0.25183489732444286,5.571114755934104,1.4390630957204849,0.0061799040995538235,0.0017853055614978075,0.0010376139543950558,7.629510946571827e-05,0.13836141389884596,0.023805791382159595,0.007995727472007275,0.002197299152612686,0.010849164798855782,0.0023498893715441227,0.005817390017909929,0.0018517271862091387,0.007225829774233599,0.0018664890995077625,0.007232776377350092,0.0018616006709635258,0.0038910505827516317,0.0015106431674212217,0.0038910505827516317,0.0014648661017417908,0.0010609596043369726,0.00011648191156710725,0.0014614164345983145,0.00012060107500500727,0.008243686519563198,0.001937895780429244,369.39946810416444,369.4635930823145,32.736709915776636,32.62216755558855,0.0,0.0,369.4863813229572,32.62905317769131,0,366.0,391.0,31.0,46.0,0.0,0.0,2,0
2,3,584,882,72,89,54,40,62.455479452054796,63.89383561643836,1.9808213608557914,657,0.9541253207767131,27.26851470332286,1,0.6621315192743764,0.5048410824729602,50.67783601268165,48.25971404805462,7.211102550927978,3.2798988512783254,3.0,14.458386625769306,15.173325979829679,-7.148353204657483,120.5685424949238,0.8888888888888888,0.3192665925827973,0.02708787416205758,0.12285840133474608,0.0778523821910068,0.0270632864978358,0.01812042920255686,0.03597021000407929,0.05464874758603543,0.032113030049973,0.016452083253101955,0.0229534827202123,0.010216321469375528,0.023168234046116995,0.015393363677931612,0.023494718688021648,0.01566464063790188,0.009897399509400412,0.00950996963981701,0.014653641285995328,0.004834673483540395,0.004024111080144176,0.008500705993047367,0.0034606220030523223,0.009277050795556466,0.008778261172461875,0.0035764577195833347,0.0010783915523929833,0.005370930482920248,0.006397088202436966,0.0018520143658865987,0.6998855699785054,0.19723811699077487,4.784771571401507,1.0967879756353796,0.0069886320270597935,0.0018005645833909512,0.001113908365368843,7.629510946571827e-05,0.587028777337353,0.009599782327113974,0.009201190434396267,0.0023041123058646917,0.01283283717930317,0.0023193713277578354,0.006729668942101013,0.0018965203556805276,0.008193102005824498,0.0018780616021153759,0.008163576945662498,0.0018768596928566694,0.0045166704803705215,0.0015564202331006527,0.0045166704803705215,0.0015259021893143654,0.0009748483735480884,0.0001342425918480853,0.001622355827288087,0.00012185376907561226,0.009216449223458767,0.0019531548023223877,62.53363204193379,62.45002643367929,63.312032421090144,63.90173627535546,0.0,0.0,62.455479452054796,63.89383561643836,0,63.0,66.0,63.0,62.0,0.0,0.0,3,0
2,4,544,855,93,92,74,47,83.50183823529412,69.6029411764706,2.019520665127779,628,0.9569928253864233,26.318098569918163,1,0.6362573099415205,0.49516700535308855,50.04182312793895,45.60701700396552,7.0,3.147922158300335,3.0,14.133567334086063,14.517712659098317,-10.044484136573955,117.49747468305833,0.8662420382165605,0.3317768429069511,0.011455540529770162,0.11611012320211536,0.09052428838157925,0.013057354929076073,0.007073513594684527,0.03636543301958342,0.059711203692829104,0.03967311249276716,0.010024637694827289,0.0044418684928757245,0.004207399767987175,0.024829314433777446,0.019291481854408866,0.028442323532441024,0.019021726013741184,0.007196539941489102,0.0026200850884144054,0.002225888729380353,0.0024266306269345173,0.007088951063243261,0.010684533093948222,0.005634173194264332,0.011552447327122446,0.009076225442244944,0.0036566030941864417,0.001145293675201609,0.0012877544558783653,0.0026090786533255537,0.001539909314104944,0.74767682608217,0.19432364380918443,4.8925460278987885,1.0250095366500318,0.0079346913844347,0.0018005645833909512,0.001129167154431343,7.629510946571827e-05,0.3133312259885488,0.03144331946719541,0.009765774011611938,0.0021820401307195425,0.012390325777232647,0.002334630349650979,0.007258998311477379,0.0018866373185357711,0.008993650786578655,0.0018842087070772644,0.009018082171678543,0.0018768596928566694,0.004730296786874533,0.0015564202331006527,0.004730296786874533,0.0013733119703829288,0.0008676822931572226,0.00013203327414217406,0.0014758734656369695,0.0001292153767535138,0.010147249326109886,0.0019531548023223877,83.49316507907518,83.47173013368267,69.28973001201331,69.59387560663352,0.0,0.0,83.50183823529412,69.6029411764706,0,82.0,84.0,76.0,70.0,0.0,0.0,4,1
2,5,425,805,125,108,102,73,112.55529411764707,91.04705882352941,1.5675428500761412,491,0.9004337111247547,23.26213245840639,1,0.5279503105590062,0.6379410935729294,36.0461986579065,34.52535300326414,7.0710678118654755,3.259114490395199,3.0,15.532397902944176,15.679853283527258,23.136864067468473,91.49747468305833,0.8655804480651731,0.45182913374410555,0.06993812814103914,0.14031528765090182,0.08761620863077198,0.05748619341960088,0.031552930702939526,0.005103092290431891,0.044949772683575785,0.02444317579042174,0.018101432031773803,0.021771069742916822,0.012250374924177083,0.007217177914554107,0.0038273743526493435,0.010549244350048774,0.00910933267229778,0.005264047254891773,0.005317466991020998,0.0013903724969042124,0.0052871509633604374,0.00323372796251218,0.0057465941277795585,0.005678288145532314,0.004964496857024827,0.004278994617438111,0.006639992585198357,0.010753772008543229,0.012326512811653353,0.005325238977516287,0.0012481612070858632,0.5951323797926307,0.1445029373280704,4.383444010745734,0.7923704888671637,0.00869764294475317,0.0017853055614978075,0.0016632340848445892,9.155413135886192e-05,0.22421746885635668,0.021970589825421553,0.010101472958922386,0.0021820401307195425,0.015411612577736378,0.002243076218292117,0.00772899194535884,0.001876661523741174,0.01031398590763702,0.0018644011502756792,0.010223545134067535,0.0018616006709635258,0.0048981462605297565,0.0016479743644595146,0.0048981462605297565,0.0015564202331006527,0.0010629826226992531,0.00011504532162264977,0.002151656507116676,0.00011853765028539914,0.012001220835372806,0.0019531548023223877,112.33297710953083,112.54510090895086,91.07618992791282,91.02759590201818,0.0,0.0,112.55529411764707,91.04705882352941,0,110.0,117.0,86.0,105.0,0.0,0.0,5,3
2,6,658,1280,636,111,596,79,615.0379939209727,94.85562310030394,1.7141583570577454,731,0.9363601584879441,28.944630252185586,1,0.5140625,0.5833766733876575,49.82939797424922,46.61544808322666,8.94427190999916,3.714055672478289,3.605551275463989,17.079059327607116,17.492152461685354,59.17624194481534,119.05382386916236,0.9001367989056087,0.38554607475183483,0.01696557151248815,0.1366377528043785,0.09640835893303769,0.015799587212297524,0.005857391229224412,0.03353864072798985,0.06279574045188216,0.03758975023487281,0.01110265794429241,0.0048724864920576625,0.0036914986692622724,0.019972542719180496,0.014127679267655256,0.02312635122817124,0.017190275286949473,0.005423360026526057,0.0034288355540658872,0.004389336393357168,0.0021351308462526017,0.004814298276351264,0.0029164138690845696,0.0005563631357595224,0.004189229788740983,0.010220823979323836,0.00048766032609343123,0.0016698515192536023,0.004522878883262645,0.004004815424358537,0.00102983949671601,0.6358281942084432,0.18597695883363485,5.730739372782409,1.2232089720200747,0.007049668114632368,0.0017700465396046638,0.0016784919425845146,7.629510946571827e-05,0.045254703043253276,0.010881052258981904,0.008911268785595894,0.0022735942620784044,0.013763638213276863,0.0023498893715441227,0.006358281942084432,0.0018597695883363484,0.008709330353772658,0.0018589802006384114,0.00871290173381567,0.0018463416490703821,0.004226749297231436,0.00158693827688694,0.004226749297231436,0.0015716792549937963,0.0010165800204462766,0.00013829893927785555,0.0020299720586032205,0.00012383863880737465,0.01042954158037901,0.001937895780429244,615.0823348211657,615.0448960243504,94.84657474588957,94.84721130696207,0.0,0.0,615.0379939209727,94.85562310030394,0,618.0,620.0,97.0,93.0,0.0,0.0,6,4
2,7,396,594,116,132,94,105,104.20454545454545,117.91919191919192,1.1558426201548588,413,0.7806727722115605,22.45446191105733,1,0.6666666666666666,0.8651696888163034,28.511904484713515,28.231188426986208,8.602325267042627,3.677627596924708,3.1622776601683795,17.21519189141983,17.818230025008297,32.399939024245626,75.84062043356595,0.9588377723970944,0.6326259218508462,0.013727872903066252,0.18339039973758192,0.09834331073160828,0.0028818782625864613,0.004866733620688231,0.017937637528003633,0.024908392403693806,0.023295825304806752,0.005085257737241509,0.0070279777552360815,0.002613397640464938,0.017274690809164744,0.026580404556621192,0.013433269061745861,0.008773974314146756,0.0021635427053297686,0.0020743942865471764,0.0034047831259061646,0.003583379645712569,0.0026857438883829254,0.007493004010493254,0.01738396030949011,0.010908065388280281,0.007420558869337028,0.002051718308561593,0.005068452654508552,0.0027101169870542684,0.001198167235268837,0.0021723396510317213,0.48749523935839534,0.11773861292749643,4.410940753296018,0.7422903790138662,0.008896009996533394,0.0017853055614978075,0.0021515218541026115,9.155413135886192e-05,0.28000027473659317,0.04675206390122071,0.009948882274329662,0.002121004043146968,0.01725795306265354,0.0023651483934372663,0.007738019672355482,0.0018688668718650227,0.011138739276000044,0.0018744706540754197,0.01098649576306343,0.0018616006709635258,0.005462729837745428,0.001632715342566371,0.005462729837745428,0.0015106431674212217,0.0009910073815144313,0.00012434760656688374,0.002758481525567673,0.00012589053381019023,0.013260089792311192,0.0019531548023223877,104.16724956387453,104.19968753854377,117.6416866572749,117.96569090983843,0.0,0.0,104.20454545454545,117.91919191919192,0,106.0,102.0,120.0,123.0,0.0,0.0,7,7
2,8,470,896,116,233,88,201,102.59148936170213,217.95744680851064,1.476922982104906,500,0.9005001894014881,24.462677409178383,1,0.5245535714285714,0.677083376801953,37.63590891319442,36.61966684720111,7.810249675906654,3.471501952948847,3.1622776601683795,15.408786229593392,16.36618644595752,-38.04283509854259,93.39696961966999,0.94,0.4462509962904746,0.06981658422953166,0.14415662390203118,0.08482591150569821,0.06080281867886584,0.027516334431252155,0.01093322558981835,0.03818418883854728,0.02937186619169738,0.016534623178852653,0.024894455284116063,0.008683298749491045,0.0037584824964870304,0.0026604784765332503,0.009482605536013121,0.01394075517022149,0.006575246355204518,0.005535036510063802,0.005956283134300384,0.00017734142693356673,0.005563617873914657,0.0022113234786249533,0.0012497883586533637,0.0009578567908159964,0.009098542812481685,0.009843622788049844,0.010121620736479323,0.009654133878654096,0.0028273357551886033,0.003127234979147661,0.535439086612314,0.14253452350385487,4.937148144468665,0.8893263139761984,0.007988098077476025,0.0018005645833909512,0.0024261847138404846,9.155413135886192e-05,0.13791637656326405,0.05562862764498064,0.010757610201835632,0.0023041123058646917,0.016968032345175743,0.0023041123058646917,0.007045251139635711,0.0018754542566296693,0.010504570520146096,0.001892183646757869,0.010116731747984886,0.001892118714749813,0.004730296786874533,0.0016174563206732273,0.004730296786874533,0.0015106431674212217,0.0012397472447385851,0.00013245215969626392,0.002965421248938778,0.00012704763355942083,0.012848096434026957,0.001983672846108675,102.45359072296347,102.53587728629766,217.95523494089161,217.95880374729762,0.0,0.0,102.59148936170213,217.95744680851064,0,104.0,88.0,215.0,229.0,0.0,0.0,8,8
2,9,588,760,95,295,75,257,84.31122448979592,276.05272108843536,1.4718055323568915,636,0.8763556646472529,27.361740666563517,1,0.7736842105263158,0.6794375873819685,39.82451343094446,37.33630940518894,9.055385138137417,3.991407653993895,3.605551275463989,17.97426593237844,19.182056767069533,-6.029149605566786,104.2842712474619,0.9245283018867925,0.5314886054434822,0.06324871227489441,0.14842856440602514,0.10697441725731152,0.041203532913903246,0.02976540332792257,0.021377211989222766,0.03142555158941497,0.03053658543668924,0.0017766691987309937,0.015387752267943318,0.007100008415174671,0.00024557569293987827,0.004816425142179108,0.0027196486229478663,0.007050822387683967,0.012690947562850616,0.013626313449994343,0.0029713923987654983,0.005705185384284038,0.0048550812082197095,0.0029164520379491633,0.0044136417201000285,0.0037122036935738805,0.0023817929551593715,0.010524732905584065,0.011854167676291768,0.012882132255122391,0.007920937898779208,0.008941305530259177,0.7837796714156866,0.18509193556383252,7.8004731042310596,1.1387502858415246,0.00962844304740429,0.0018463416490703821,0.003479056991636753,9.155413135886192e-05,0.14490372669857085,0.05090225345737856,0.011261158622801304,0.0024567025247961283,0.024338139221072197,0.0024567025247961283,0.008164371577246735,0.0019280409954565887,0.013266110721481393,0.0019366501459889874,0.012848096899688244,0.0019226367585361004,0.005844205617904663,0.0016479743644595146,0.005844205617904663,0.0013885709922760725,0.0012880781803511594,0.00014195092748920358,0.004353347625721547,0.0001349197943584506,0.016617074608802795,0.0020141908898949623,84.27179169379608,84.29005199120974,276.19215617946617,276.09901109503136,0.0,0.0,84.31122448979592,276.05272108843536,0,84.0,93.0,275.0,268.0,0.0,0.0,9,9
2,10,464,882,58,322,16,301,35.797413793103445,310.0840517241379,2.056271053524707,549,0.9429285319729258,24.306031118985995,1,0.5260770975056689,0.48631720914705007,43.52088285594334,42.720018726587654,6.708203932499369,3.011928226553545,2.8284271247461903,16.400984961041445,14.492243807909444,-73.8445072337722,109.49747468305833,0.8451730418943534,0.32232146283158647,0.03333091987867167,0.13163743870035644,0.07215665519700698,0.032908778807281595,0.011986733253336398,0.03308363177872411,0.05424349079893594,0.03079389087039922,0.023006105592719105,0.014518171651928398,0.007070879920357972,0.012484080065706787,0.017610772434492425,0.024418096558330455,0.016491164341447036,0.010772714426002368,0.011768643728945875,0.005435925121046381,0.0049712557787578195,0.0038397645905497097,0.0037563826622177485,0.005532334552160767,0.012977541842527635,0.009356082833612712,0.003923344324371306,0.002735952661694664,0.003964277544234533,0.0041698664898222534,0.0032997687426070915,0.658793019130826,0.17993438616394997,3.705333081074059,0.8882734414655715,0.0069733732379972935,0.0018310826271772385,0.0010070959106087685,9.155413135886192e-05,0.310446645731122,0.06763980455827474,0.01045242976397276,0.002334630349650979,0.010818646289408207,0.0023498893715441227,0.0069346633592718525,0.0018940461701468419,0.007985631640245816,0.0019143824169516627,0.008010986261069775,0.0019073777366429567,0.00440985755994916,0.001632715342566371,0.00440985755994916,0.001632715342566371,0.0011498605119489972,0.00012876037628667378,0.0012728646324045028,0.00013172715575457468,0.008987563662230968,0.0019989318680018187,35.575371959275685,35.74162128734132,310.30101841253986,310.1222922714858,0.0,0.0,35.797413793103445,310.0840517241379,0,35.0,42.0,311.0,310.0,0.0,0.0,10,0
2,11,589,1216,761,345,729,307,744.7249575551783,324.7453310696095,1.6240889357616568,648,0.9241824382211795,27.384997568906428,1,0.484375,0.6157298273391816,44.85984942440662,43.01162633521314,8.48528137423857,3.644266075259334,3.605551275463989,17.26169278303403,17.134279291884646,38.51822825946674,109.63961030678928,0.9089506172839507,0.4053719415400058,0.014843611228771696,0.15164069066111865,0.0939704886692755,0.018667206973407444,0.0010150273834258464,0.03968851847583104,0.0560562244360658,0.03924611629028431,0.01302272763738536,0.0013055938575421305,0.002800421381438238,0.013454370172199628,0.009126064773405834,0.021965426207516174,0.018622583175344185,0.0027899795275528197,0.004627868655819726,0.0031010694864278807,0.0025445575673864167,0.005679353723444339,0.005045548811264959,0.003509404467604798,0.006441318653373804,0.009226794410006997,0.005486395155717662,0.0031476066148654687,0.004459702053588012,0.0032450924536705237,0.0015391223977571753,0.6419623205438256,0.17219806206412613,6.069428618066013,1.1187304491177201,0.008087282069027424,0.0018005645833909512,0.002182040363550186,9.155413135886192e-05,0.4619626701860812,0.019668848468896435,0.009246967732906342,0.0022735942620784044,0.016968032345175743,0.0023498893715441227,0.007054530994987095,0.0018922863963090784,0.010304632628295438,0.0018993725791472329,0.01017776783555746,0.001892118714749813,0.004455634392797947,0.0016021972987800837,0.004455634392797947,0.0015564202331006527,0.0010679012695038101,0.00012397508613595505,0.0027553398611049975,0.00012978645399206915,0.012500953627750278,0.001983672846108675,744.5795152912824,744.7064624365759,324.30686093776666,324.7386382235801,0.0,0.0,744.7249575551783,324.7453310696095,0,742.0,741.0,320.0,325.0,0.0,0.0,11,11
2,12,1033,1428,137,332,53,315,94.26427879961278,323.0474346563408,2.865987856752003,1175,0.9850163910917662,36.266464532835606,1,0.7233893557422969,0.34891983147942945,89.41710482783955,83.15046602394962,7.0710678118654755,3.4867859459526174,3.1622776601683795,15.311666589824956,15.420940699603928,87.63707953993706,192.88225099390857,0.8791489361702127,0.1902309010285541,0.011273626887337627,0.07563075597014074,0.0527176384547078,0.014325308920273458,0.006779352800793273,0.02830516411480582,0.04152946358860667,0.026251538792186654,0.013378344853347993,0.010338187355140343,0.004750372606879622,0.020553288362314483,0.018999466216421946,0.02536883043039573,0.01562601924102178,0.011710256688020271,0.009752714370112003,0.007570071941379597,0.003495684841877084,0.009616260230389752,0.013337678862266488,0.012107219357116627,0.0164253074544567,0.010143066251456598,0.009314311794971757,0.00843766771489783,0.006865961435780878,0.005628535951030537,0.002623663524380598,1.3728542225435376,0.32677195384167135,10.53575963806361,1.9664301513694227,0.00872816052287817,0.0018158236052840948,0.0014496073126792908,9.155413135886192e-05,0.5152378208290244,0.020024948661680673,0.010864423587918282,0.0022278171963989735,0.014755474403500557,0.00238040741533041,0.00793557354071409,0.0018888552245183315,0.010199186484088683,0.0019036109887409706,0.01033035758882761,0.001892118714749813,0.005035477224737406,0.0016021972987800837,0.005035477224737406,0.00158693827688694,0.0011656607581326704,0.00012989784890900108,0.001907364245343351,0.00012768913270469983,0.011684596305713058,0.001983672846108675,93.78966227320662,94.28177232870334,322.84691242596523,323.0376891440987,0.0,0.0,94.26427879961278,323.0474346563408,0,82.0,122.0,323.0,326.0,0.0,0.0,12,12
2,13,633,1224,66,360,15,336,38.59083728278041,347.3823064770932,2.1511771378519438,725,0.9590589477688595,28.38944578214513,1,0.5171568627450981,0.46486176447493727,55.03555082336987,52.20153254455275,7.615773105863909,3.2991771664951233,3.0,16.87690361170177,15.586426993451749,-72.368334629787,130.8111831820431,0.8731034482758621,0.2957653694742599,0.022063500828705025,0.1149140430290278,0.07720285894961942,0.0044475905082277745,0.010779075701751715,0.03834017882279995,0.05826651231411442,0.03378372421822917,0.0020868147790268207,0.0005614185646002765,0.00795102040964615,0.02199453391738438,0.026422751984872008,0.026904043866488325,0.017299315216092955,0.001542640261266319,0.004280869522797328,0.004517621362063799,0.0060469774866901225,0.012661384337946443,0.011337939535178225,0.010745242875879715,0.012409073553280331,0.009255723451285102,0.0019289024843057224,0.0014811946451653917,0.004858587054310133,0.005060140570134429,0.00426506468129466,0.8115205753128976,0.21658655675128102,5.536690386245027,1.2204013119917363,0.007644770201295614,0.0018463416490703821,0.0012359810061752796,7.629510946571827e-05,0.517386995742488,0.023945486140603302,0.01043717097491026,0.0023193713277578354,0.012207217514514923,0.002334630349650979,0.007181598011618563,0.0019166951924892127,0.008746746265789933,0.0019279641579648282,0.00874341931194067,0.0019226367585361004,0.0036774242762476206,0.0016174563206732273,0.0036774242762476206,0.0016021972987800837,0.0012435701837168836,0.00012133457035724708,0.001701692187294763,0.00012507534972263414,0.010116731747984886,0.0019989318680018187,39.10447929224972,38.59943235099214,347.32016800694976,347.4046562222583,0.0,0.0,38.59083728278041,347.3823064770932,0,32.0,32.0,353.0,358.0,0.0,0.0,13,0
2,14,564,1536,541,371,493,339,515.6542553191489,356.1755319148936,2.7978403783710024,704,0.9603395217987973,26.797520467958073,1,0.3671875,0.35741853171131727,52.72353025933269,54.70831746635972,7.0710678118654755,3.010372780159124,2.8284271247461903,15.117647058823529,14.701075332570968,-60.58686988252411,140.81727983645297,0.8011363636363636,0.23992886843656255,0.012702080428984129,0.11850358531683094,0.05181508290463521,0.01127418888827125,0.005967136719931948,0.04594705130101162,0.049876066260218094,0.021897612549445618,0.012848753018313386,0.0073831995456049996,0.0039502548428737225,0.01721877163400474,0.03128297188075105,0.02129151205471176,0.012360814275878089,0.006813027769371158,0.007663500691964223,0.006085738655601434,0.0031179453193459707,0.011261507971894805,0.011709314119402497,0.015380032006272923,0.009615256487296492,0.00828950221928306,0.006513611591602146,0.00750516260355975,0.0017625114274401308,0.0048917743984887305,0.002565163966125012,0.699961865786463,0.22069123364053667,3.9075914258137345,1.0514229035470635,0.0061036087572574615,0.0017853055614978075,0.0008239871822297573,7.629510946571827e-05,0.25838610132405493,0.08624650483667351,0.007736324332654476,0.002334630349650979,0.009903104975819588,0.002426184481009841,0.005931880218529348,0.0018702646918689549,0.006928353591868323,0.0018642250062891196,0.006820783019065857,0.0018616006709635258,0.004394598305225372,0.0015716792549937963,0.004394598305225372,0.0014801251236349344,0.0007031738125894951,0.0001240361505533389,0.0010959815251247453,0.00012297235352042054,0.0077668423764407635,0.001937895780429244,515.5039049725514,515.5803642696466,356.385670323176,356.22001306146143,0.0,0.0,515.6542553191489,356.1755319148936,0,513.0,523.0,359.0,347.0,0.0,0.0,14,14
2,15,700,1598,89,375,42,341,65.14571428571429,358.85857142857145,2.009511340560626,806,0.9541297046764257,29.854106607209232,1,0.4380475594493116,0.49763341953622103,56.21161750403005,53.85164807134504,8.0,3.5327059545585024,3.1622776601683795,16.725539639204378,16.829396548684294,-62.129535982455934,132.95331880577405,0.8684863523573201,0.3073336832119358,0.021278993356283915,0.12194879433127177,0.07520991648085218,0.025928385253656983,0.007921117555792247,0.03170561819310982,0.05816576366244523,0.03219443684885803,0.01996807544781085,0.01408754110725354,0.0020437887126794054,0.014410540761990671,0.02098280459135941,0.02559061479846852,0.017390003199137877,0.011229077904968767,0.011441866322266283,0.004597789392984756,0.00041290482858068607,0.004701124115065277,0.007624563755499018,0.006425841556471866,0.012159121676059514,0.0106409988084948,0.004651704941750262,0.00449243297623231,0.002880963472203866,0.0005162909584983395,0.0012894323296689357,0.9477836354635656,0.20851453416980803,7.643274670466781,1.3281300065573305,0.009338521398603916,0.0018158236052840948,0.0015259021893143654,9.155413135886192e-05,0.7818058844092416,0.008881963436761876,0.011413748376071453,0.002471961546689272,0.016495002433657646,0.002471961546689272,0.008538591310482574,0.0018785093168451174,0.010918963814952543,0.0018973285807961863,0.010925459675490856,0.001892118714749813,0.0061951628886163235,0.0015716792549937963,0.0061951628886163235,0.0014496070798486471,0.0010891567357089137,0.00013072424453660307,0.002058957327329829,0.00013106957820765175,0.012375066988170147,0.001983672846108675,64.43647060603509,65.15087489516193,359.1874997547035,358.8513425016372,0.0,0.0,65.14571428571429,358.85857142857145,0,57.0,58.0,361.0,355.0,0.0,0.0,15,0
2,16,745,1311,216,368,159,345,185.855033557047,357.39060402684566,2.026537983015132,834,0.9625955873862003,30.798757455905527,1,0.5682684973302822,0.4934523845006723,60.323150403907285,56.71860364994893,8.0,3.594416440109715,3.1622776601683795,16.076982681107705,16.344093694256006,77.41528616437603,137.7401153701776,0.8932853717026379,0.2948596396728928,0.011958752292279945,0.11488350595089032,0.07773112589808802,0.005882416068164658,0.006962432557592607,0.04135603493717893,0.056199492113542714,0.03600690930184567,0.008892174025084187,0.0030858854086987272,0.00406345029411394,0.023028080293145008,0.024772324464740408,0.027928214976097446,0.0198362161602624,0.007337670677462609,0.003113313644043369,0.002758687017473192,0.0028101539728612856,0.01034969440936436,0.011058424715272713,0.011400972435956154,0.013396992956183027,0.01204307188958739,0.004106100130927994,0.00223632985998431,0.0032755995845904703,0.0018636710012109553,0.002405640984713797,0.9263599752448499,0.23225757223553956,7.817822621203959,1.4252231628634036,0.008381017716601491,0.0018310826271772385,0.002182039897888899,9.155413135886192e-05,0.26851407729779786,0.0233877742302274,0.01112382672727108,0.0023956664372235537,0.016662852838635445,0.0023956664372235537,0.007593114551187294,0.0019037505920945865,0.010493721639199946,0.0019130512253200049,0.010460059624165297,0.0019073777366429567,0.00476081483066082,0.0015716792549937963,0.00476081483066082,0.0015564202331006527,0.0013582587212408045,0.00012952209209244047,0.0025138706095971914,0.00012769796724188662,0.012764171697199345,0.0019989318680018187,185.79807002469806,185.87601978544356,357.12820172942924,357.3802809361684,0.0,0.0,185.855033557047,357.39060402684566,0,177.0,182.0,354.0,364.0,0.0,0.0,16,16
2,17,594,1517,114,387,77,346,95.51851851851852,366.67845117845116,1.922139789967616,655,0.9614290273408934,27.500987065425246,1,0.39156229400131837,0.5202535243375029,53.71249027798788,48.82622246293481,7.211102550927978,3.262730739564371,3.0,14.271571555990414,14.773788674900064,-41.76696409999908,119.78174593052023,0.9068702290076336,0.31724173220330826,0.021174163629280155,0.10793552596402646,0.08968270215462637,0.0059098126178134276,0.014786291929708425,0.03953979072662953,0.0561648411117384,0.040539852059336016,0.0021746114099575908,0.006085514208289796,0.01029014477721085,0.020362355735352992,0.026457863328087704,0.025188781373416586,0.020190213897156098,0.0015943601213060396,0.002390287111035164,0.005387332816911851,0.0071862145708743285,0.00957892713470444,0.012574681310056587,0.008774880519859989,0.010423057730715925,0.009823816617468763,0.00131490827716181,0.0013074597163259187,0.0020625893783686555,0.004391352191763693,0.004906695132007592,0.7593652326613665,0.18175020976923406,5.665583349764347,1.1288471806328744,0.008453498594462872,0.0018158236052840948,0.001068131998181343,9.155413135886192e-05,0.42268379152290086,0.042455218901645136,0.010513465851545334,0.0023041123058646917,0.013061722740530968,0.0023956664372235537,0.007828507553209964,0.0018737135027756088,0.009538019107347386,0.001900416129011573,0.009674220345914364,0.001892118714749813,0.0061951628886163235,0.0016021972987800837,0.0061951628886163235,0.001541161211207509,0.000980707650706501,0.00011974818547427988,0.0014928502111956243,0.0001300108831028513,0.01064316788688302,0.001983672846108675,95.74214772434335,95.48950377809919,366.3197708668667,366.7094445721083,0.0,0.0,95.51851851851852,366.67845117845116,0,100.0,103.0,362.0,357.0,0.0,0.0,17,15
2,18,698,2024,131,410,87,364,108.41977077363897,386.11174785100286,2.1949020765906306,792,0.9738278743284327,29.811427376513585,1,0.3448616600790514,0.4556011908983716,63.40917212755456,58.137767414994535,7.0710678118654755,3.2696795078757357,3.0,14.298957199430678,14.412065274553745,-41.76824524825229,138.75230867899737,0.8813131313131313,0.26277894394185297,0.00859096291657155,0.09794474117432082,0.074236106320311,0.0021672658203535566,0.006352886969617214,0.0420890210812145,0.04969237392126466,0.0371080355056214,0.0031652786871597767,0.004829872333505688,0.004874627832768139,0.026107388808660068,0.02537855182712937,0.0270882301381962,0.021864687224281316,0.001429158681264896,0.001853840771368977,0.00475636725933905,0.0034371641789565895,0.016163934610015054,0.01250565927141746,0.014888076416924865,0.014481044568530683,0.014012781041785275,0.001958089885192207,0.0006912825978804089,0.0027247012865154394,0.0031751765071169227,0.002198551197998246,0.7875028746202588,0.21322957193478942,6.12256054347381,1.3434500645380467,0.007614252157509327,0.0018463416490703821,0.0011596856638789177,7.629510946571827e-05,0.7462531719179412,0.01100577298740897,0.010482948273420334,0.00238040741533041,0.012771801091730595,0.00238040741533041,0.007094620492074404,0.0019209871345476524,0.008771576709847866,0.0019247135595100956,0.008682383224368095,0.0019226367585361004,0.004486152436584234,0.0014343480579555035,0.004486152436584234,0.0013733119703829288,0.0011314852040113974,0.0001482582830026349,0.001609998866684796,0.00013425821333386506,0.009941252879798412,0.0019989318680018187,108.75425055791209,108.4147745987756,385.4446518530309,386.12155424054157,0.0,0.0,108.41977077363897,386.11174785100286,0,111.0,102.0,382.0,384.0,0.0,0.0,18,0
2,19,329,624,150,395,126,369,138.5775075987842,382.3829787234043,1.4877120281722573,360,0.9019018500500413,20.466944330257718,1,0.5272435897435898,0.6721730960450454,31.684351319619616,29.68164415931166,6.4031242374328485,2.9252212157178192,2.8284271247461903,12.895775700896595,13.685771324764362,-40.59889284382117,78.42640687119285,0.9138888888888889,0.472587208999317,0.05791955856914958,0.14281111141375188,0.1009545303956806,0.04772216103196851,0.024330076342906754,0.014817231403693691,0.04587869263605468,0.03179768860348117,0.01289339225304271,0.020611814814165443,0.006129602838530111,0.012943638191313295,0.005288497327585127,0.009318444171569022,0.011276408890347152,0.005712114248483948,0.0026839923057838523,0.00397659550898748,0.0008930489034427722,0.0016799382449393858,0.0030831193869565567,0.00821620869020629,0.0014160455553140063,0.003259120744824272,0.009669956574992433,0.009836890028569332,0.012436076530794421,0.009260310543797584,0.00013817566030149676,0.4411535901017487,0.12378118559718132,2.7239185576327145,0.6299076827708632,0.007133592967875302,0.0018310826271772385,0.0011673150584101677,9.155413135886192e-05,0.11118260792960098,0.010477742128248556,0.009094377048313618,0.002288853283971548,0.011627375148236752,0.0023956664372235537,0.00668414530457195,0.0018754725090482018,0.008279387713169346,0.0019146130175406175,0.008247501216828823,0.0019073777366429567,0.0054016937501728535,0.0016174563206732273,0.0054016937501728535,0.0015564202331006527,0.0008611119148727287,0.00014584573756136723,0.0014981817423664811,0.00014158142301302527,0.009475852362811565,0.0019989318680018187,138.6435141453113,138.57445313824763,382.29350968897563,382.37295608149026,0.0,0.0,138.5775075987842,382.3829787234043,0,139.0,139.0,382.0,380.0,0.0,0.0,19,21
2,20,578,867,238,390,187,373,211.91868512110727,381.3200692041523,2.3646218159166823,715,0.9645381791375639,27.128075067297424,1,0.6666666666666666,0.42290060646012206,55.39753411915237,50.039984012787215,6.708203932499369,3.021520061346697,3.0,15.405193076323032,14.621811679189372,89.72610336310373,131.0538238691624,0.8083916083916084,0.2939027383613914,0.008043867651079048,0.10081269736866419,0.08356439348861475,0.006723924897726222,0.015765713781297166,0.03542383928961261,0.055917777464639336,0.03698878166965045,0.007144533703567481,0.009069090226606083,0.013357305455908443,0.025303333098565358,0.023465251638223154,0.02701854777832572,0.017946464915119385,0.004611616593218601,0.001197795460603584,0.010161595687756302,0.009410688167954335,0.012058032492260529,0.013663286538413939,0.011875265333417493,0.01031581465984717,0.009132615000539654,0.0032122206725837374,0.0017035355794111303,0.0024130291269621657,0.006694236607553491,0.005973765716002301,0.7438010373152792,0.21083390549756587,4.588723647408187,1.0909437702503055,0.0069810026325285435,0.0018005645833909512,0.0009308001026511192,9.155413135886192e-05,0.7415747858690743,0.11741157509867968,0.009170671924948692,0.0021820401307195425,0.01110856793820858,0.0022735942620784044,0.006641080690314993,0.0018824455847996952,0.00793896824811105,0.0018874459692911861,0.00802624598145485,0.001892118714749813,0.004379339516162872,0.001495384145528078,0.004379339516162872,0.001495384145528078,0.0009350136247253162,0.0001374975458134615,0.0012846407321226848,0.00012642763919451378,0.008896009996533394,0.0019684138242155313,211.18213168346279,212.0358486607455,381.23391703336796,381.3124414294706,0.0,0.0,211.91868512110727,381.3200692041523,0,200.0,197.0,381.0,377.0,0.0,0.0,20,23
2,21,638,1128,338,397,291,373,313.8667711598746,385.5689655172414,1.8485741481044666,721,0.9438983095705161,28.501347854812654,1,0.5656028368794326,0.5409574731018515,50.77082062239188,47.80167361086848,8.06225774829855,3.547096382449011,3.1622776601683795,16.345907109893993,16.76636544065386,-75.44038547074695,121.74011537017762,0.8848821081830791,0.35438965008821166,0.028790731981337546,0.1295678174885905,0.08604266005694772,0.022878133218566507,0.022055089227703096,0.02968721590720391,0.062061113924895876,0.030122924872128986,0.008565557215279533,0.024107913318543436,0.010977295431683173,0.022996749047730258,0.015676154512404183,0.021090405702555354,0.01226315622724836,0.004388646435903284,0.0057451869433752896,0.013144385491185908,0.003371400810436381,0.006372015275284709,0.007775134962997042,0.0008769905722956166,0.0047692747399614545,0.007050666822705783,0.0009723109998343098,0.00025211511748301807,0.0021673138295127178,0.004128138768477225,0.0010042951212623932,0.7407492329366505,0.19855039287358522,5.898802239913493,1.2060578314121813,0.007858396507799625,0.0018005645833909512,0.0014648661017417908,7.629510946571827e-05,0.4412185304357047,0.03436697642107187,0.00952162966132164,0.00221255817450583,0.014114595018327236,0.0025024795904755592,0.006988200310723118,0.0018731169139017474,0.009245771535914566,0.001890372776508121,0.009262226521968842,0.001892118714749813,0.004806592129170895,0.0016021972987800837,0.004806592129170895,0.0016021972987800837,0.0010510902899404408,0.00012016449023069928,0.0018285508794680099,0.00012301422780235533,0.010757610201835632,0.0019531548023223877,314.22945691249197,313.83918065765005,385.31770303208253,385.58945583825704,0.0,0.0,313.8667711598746,385.5689655172414,0,320.0,321.0,381.0,382.0,0.0,0.0,21,22
2,22,434,1312,595,414,563,373,579.1451612903226,391.9516129032258,3.447728044421314,574,0.9667255045382082,23.507147049675353,-1,0.3307926829268293,0.2900460787845712,49.603818295590074,45.803929962395145,5.0,2.2492647575670586,2.0,13.284077577886624,12.689447765272291,33.422860993675265,137.12489168102783,0.7560975609756098,0.2633870173570356,0.03524972225590682,0.0893939700042929,0.06748302881425425,0.03382463065867709,0.02630060993904165,0.02799883532543219,0.040368178286295124,0.025802701452466412,0.020119578418622115,0.03231898366822922,0.014112308221624513,0.01873429669897293,0.012697039059112958,0.012362530207890653,0.012122790561297394,0.014916877930323508,0.017163132121216656,0.020591050138323408,0.00514142880308174,0.008313772552863563,0.005710118441174413,0.0017585571622431874,0.0028972713242545294,0.008041176639725745,0.00848270781958936,0.00932117146731608,0.008689248743471637,0.009343938291238718,0.00126103934951182,0.6140840905718505,0.22137788962572813,2.44238961301744,0.8178530554287136,0.005249103531241417,0.0018005645833909512,0.0003814753144979477,7.629510946571827e-05,0.4039076837860832,0.03204182837431675,0.00633249431848526,0.0021362630650401115,0.007400625851005316,0.00254825665615499,0.005248581970699578,0.001892118714749813,0.005627625836445714,0.001884454044766621,0.005615320056676865,0.0018768596928566694,0.003906309604644775,0.0015564202331006527,0.003906309604644775,0.0015564202331006527,0.000506669823075797,0.0001196849896077583,0.0006093279665177687,0.0001264044577096844,0.0059967958368361,0.0019684138242155313,579.3591358279725,579.1393148998097,392.2941859819388,391.9201089592895,0.0,0.0,579.1451612903226,391.9516129032258,0,578.0,579.0,391.0,398.0,0.0,0.0,22,18
2,23,434,782,549,410,515,387,530.516129032258,397.38709677419354,1.5745983981565004,469,0.9212637525093552,23.507147049675353,1,0.5549872122762148,0.635082571639076,37.93915724795846,37.73592452822641,7.0710678118654755,3.2657597676345542,3.0,14.257281402592175,14.755996059551784,-61.826671468969884,92.66904755831214,0.9253731343283582,0.3862636821106674,0.03301917129830094,0.15843160286322389,0.08096264090470669,0.022930303578078754,0.018040660517601285,0.04219510065433544,0.054060704733569505,0.031441656376409284,0.00940785297382937,0.018202306986086225,0.008536814584404757,0.00829981599194448,0.014690670350468815,0.015503173043787667,0.016663457853498344,0.0016113544501858018,0.005124452608877749,0.008559749849714684,0.004210593157192668,0.0015311683074088892,0.0034732763179555347,0.0027942679723908953,0.004578693535007959,0.010805320978628522,0.003611265001313997,0.007426099279727798,0.002418231729252025,0.0034162202944340286,0.002639998505296734,0.6007324424572289,0.1486991683486849,4.222217191010714,0.8292210267391056,0.008308537304401398,0.0018310826271772385,0.0013885712251067162,7.629510946571827e-05,0.23897100131958107,0.02476224145891417,0.009750515222549438,0.002197299152612686,0.014099336229264736,0.0023956664372235537,0.007604208132369986,0.0018822679537808217,0.009728611039195192,0.0019106475270486303,0.009704737924039364,0.0019073777366429567,0.005340657662600279,0.0015564202331006527,0.005340657662600279,0.0015564202331006527,0.0010365218448146402,0.0001244877386486143,0.0018637419184618716,0.00012742021478854632,0.01109330914914608,0.0019989318680018187,530.2789489152277,530.5192389084151,397.41629834191104,397.41166295567047,0.0,0.0,530.516129032258,397.38709677419354,0,533.0,542.0,398.0,396.0,0.0,0.0,23,25
2,24,414,690,505,411,475,388,489.65458937198065,398.40579710144925,1.4438359223005688,452,0.881691239246757,22.959119571977435,1,0.6,0.6925994737730499,33.8448569268049,32.449961479175904,8.06225774829855,3.3554592231043836,3.0,15.652475842498529,15.968911596022604,61.59026844021419,86.66904755831214,0.915929203539823,0.5005899064770726,0.01894323512163963,0.1662661888931122,0.10519638035527289,0.025204371041991386,0.005652648816682777,0.029250286233323826,0.04197705582054699,0.041373768795461494,0.008604152104343885,0.00034272212045465016,0.006232318513927142,0.0035495244425475755,0.006954410457441751,0.01108934399835772,0.01690317840640709,0.00937150518254501,0.001446465928103659,0.006047032510939362,0.003666907667613094,0.011198880298694877,0.011695825720113509,0.00624083513310595,0.006024029705254994,0.00787740540881535,0.011474738101608676,0.00627088196546525,0.004251746316236275,0.002568713716138173,0.0025988417995488813,0.5485771037638187,0.14148165099322796,3.8836194914765656,0.8010528723243624,0.008293278515338898,0.001853971160016954,0.001129167154431343,7.629510946571827e-05,0.0368672325416367,0.013687810169345945,0.00952162966132164,0.0024109254591166973,0.012863355688750744,0.0024109254591166973,0.007514754846079709,0.0019381048081264104,0.009380723409363686,0.0019349103196240637,0.00938429869711399,0.001937895780429244,0.005752651486545801,0.0016174563206732273,0.005752651486545801,0.0015716792549937963,0.0008926812905403571,0.000129094531025702,0.001553514860891446,0.00012627340226561854,0.010574501939117908,0.0020141908898949623,489.6763269473998,489.6409128140656,398.37602008598134,398.40524220431644,0.0,0.0,489.65458937198065,398.40579710144925,0,487.0,500.0,395.0,398.0,0.0,0.0,24,26
2,25,485,858,79,423,53,390,64.78144329896907,405.9319587628866,1.5039600160380084,536,0.8834291459696627,24.849973424463737,1,0.5652680652680653,0.6649112937419527,36.98055067532249,34.0,7.810249675906654,3.5102031821151547,3.1622776601683795,15.652475842498529,17.327783236105034,26.849303122105603,95.74011537017762,0.9048507462686567,0.533997768832001,0.06554985077900276,0.1328306665684454,0.11529100828214589,0.0372621609449849,0.03806370422662247,0.02545415150424606,0.033457816643257546,0.024729094115439606,0.008292329611720021,0.0085845940055337,0.010443059951498038,0.003849436331597651,0.003560269388470024,0.0053523884537725434,0.00467877811386359,0.00984047361974818,0.007671112475502098,0.010023009955184925,0.009088417501013642,0.005704624775065834,0.0031316909656555585,0.005440581639360197,0.003940809402435671,0.007544476422644313,0.010323586190077026,0.014173328353112111,0.0060135669115897895,0.013299305470489872,0.012467852322908415,0.6416113628074527,0.1524376287125051,5.0802167328074574,0.9234302279073745,0.00879301130771637,0.0018158236052840948,0.0016403449699282646,9.155413135886192e-05,0.13693310977215378,0.01385289545657175,0.009994659572839737,0.0021820401307195425,0.017120622098445892,0.0023041123058646917,0.008020142035093158,0.0019054703589063138,0.010474673675891664,0.0019039798513554114,0.01029984001070261,0.001892118714749813,0.006134126801043749,0.0015716792549937963,0.006134126801043749,0.0015716792549937963,0.0008897907350515754,0.00014174011309632146,0.0020977668946035766,0.00012965115309032126,0.012149996124207973,0.0019989318680018187,64.90881922131254,64.77244410661467,405.9822185973374,405.9214270370309,0.0,0.0,64.78144329896907,405.9319587628866,0,67.0,66.0,411.0,417.0,0.0,0.0,25,24
2,26,573,1394,490,432,449,398,471.19197207678883,413.4607329842932,2.1029344794761053,666,0.9512773708697195,27.010484244701136,1,0.41104734576757535,0.4755259898773097,49.83759878705318,48.27007354458868,7.211102550927978,3.277414184270024,3.0,15.550242185158268,15.366748066103565,50.20572421186772,123.05382386916237,0.8603603603603603,0.31311856615160866,0.043814177277689784,0.11809754697109745,0.0700602851460045,0.04661379863767184,0.024623826221299796,0.02913838077328564,0.042457222244246855,0.028759913637512898,0.030061704429880605,0.028017977690604566,0.014064969568781036,0.005539478689382067,0.01160368796539748,0.01431035593536487,0.014870379324669981,0.01379210433404263,0.01409058234223229,0.015770517061964487,0.007867173490648936,0.0028628028383353614,0.004158734401928531,0.004654561990097383,0.0030161368426060422,0.009109191344314366,0.0027478527172391954,0.002247995708001079,0.0044890915387838974,0.007474904864924854,0.004582315456557934,0.7811093437485397,0.2027008468285203,5.443335686810315,1.1083237961865962,0.008331426419317722,0.0018463416490703821,0.0011596856638789177,9.155413135886192e-05,0.367585962441338,0.06556277804286666,0.009308003820478916,0.00238040741533041,0.013656824827194214,0.00238040741533041,0.007439136607128949,0.0019304842555097172,0.009499713240506658,0.0019342474628038326,0.009460593573749065,0.0019226367585361004,0.005127031356096268,0.00158693827688694,0.005127031356096268,0.0014496070798486471,0.0010017773161665985,0.00012806699186875147,0.0016869776809002783,0.00013558806270841953,0.010666056536138058,0.00202563515631482,471.5461793117932,471.1522014483575,413.5590013640218,413.4086102927004,0.0,0.0,471.19197207678883,413.4607329842932,0,468.0,484.0,411.0,416.0,0.0,0.0,26,28
2,27,983,1387,393,418,320,399,355.5645981688708,408.8667344862665,2.626540389056245,1215,0.9777507535585779,35.37788111906457,1,0.7087238644556597,0.38072896353187813,81.49606684817203,72.02777242147643,8.06225774829855,3.5818826181233656,3.1622776601683795,17.603746529983095,17.095432082538714,-88.56629842698244,180.12489168102786,0.8090534979423868,0.24124797079311197,0.0030502077296172326,0.0799545424245916,0.07384392224295844,0.004367935950114728,0.006096055069384354,0.029861302398013056,0.05023109601328814,0.03612106663995883,0.006439279465127083,0.0017186283901808115,0.006211813388572374,0.02699306762309575,0.021046982201231527,0.03044720647409921,0.01945330931483749,0.003684616392773746,0.0032322616529431194,0.0035033754888388687,0.005188011414077794,0.014105323792616406,0.01617217055381536,0.01373669027917265,0.017121876089495554,0.010594361961487058,0.0029951330044232422,0.002280532756971573,0.00077471975535573,0.003657896682154745,0.0037771139150172936,1.1098497151397169,0.2986190584488213,8.635050084907562,1.8550545505713671,0.007614252157509327,0.0018005645833909512,0.0011902034748345613,7.629510946571827e-05,0.06869752709647252,0.0040007707996414415,0.00936903990805149,0.0022278171963989735,0.012771801091730595,0.002334630349650979,0.0069801868876711755,0.0018781072858416435,0.008784384623507184,0.0018871358601946766,0.008773937821388245,0.0018768596928566694,0.0038452735170722008,0.0015716792549937963,0.0038452735170722008,0.001541161211207509,0.0009119460675804641,0.00011967299634617492,0.0015647459636386526,0.00012757721340413906,0.009994659572839737,0.0019684138242155313,355.5082029076225,355.5673310246687,408.90596361750727,408.86965641476996,0.0,0.0,355.5645981688708,408.8667344862665,0,373.0,328.0,409.0,416.0,0.0,0.0,27,27
2,28,548,672,41,421,9,400,24.644160583941606,410.05839416058393,1.1836785326059924,575,0.7865562032613845,26.414679072721462,1,0.8154761904761905,0.8448239724331192,33.86132310412842,31.400636936215164,10.04987562112089,4.246761371872777,4.0,20.0,20.91000006620325,88.39461968851606,90.2842712474619,0.9530434782608695,0.7044763031449159,0.0234724188606706,0.13964141308056033,0.1258524365029167,0.006582597918521056,0.011570085061067699,0.002411646903808416,0.00225674053326965,0.018010266816112102,0.00937397903284297,0.006764967203263055,0.007067810041077843,0.020576228082728958,0.016933593276722263,0.027043368388436996,0.005107211966707935,0.004704879546629541,0.0076945305712527515,0.005381606049033922,0.004103699707520526,0.0016240793827711098,0.010732460939985452,0.0022725675529809307,0.010805562901434371,0.006781954029301435,0.0009713923995335821,0.0035414091745972435,0.004082651142674571,0.004763763144853239,0.0041373048593518775,1.2326543163508177,0.1573968108277768,15.154924919828773,1.0655222397763282,0.018219271674752235,0.0018463416490703821,0.0076600294560194016,9.155413135886192e-05,0.7464994347505455,0.042226839404041296,0.02369726076722145,0.0023193713277578354,0.0637369379401207,0.0023651483934372663,0.015032369711595337,0.0019194733027777656,0.027654972481439367,0.0019443836492268763,0.024979019537568092,0.001937895780429244,0.009719996713101864,0.0016479743644595146,0.009719996713101864,0.0015716792549937963,0.0035235789130137695,0.00013280583662356063,0.012539218902845546,0.00013574404171374274,0.03482108935713768,0.002029449911788106,23.89794880232665,24.60215669707428,410.0791157208996,410.05406063383407,0.0,0.0,24.644160583941606,410.05839416058393,0,24.0,37.0,410.0,407.0,0.0,0.0,28,0
2,29,635,1152,541,438,493,414,516.7590551181103,426.2661417322835,1.796783518282442,691,0.9537453677126709,28.43425945768288,1,0.5512152777777778,0.556550073965453,52.23790151048151,49.040799340956916,7.615773105863909,3.5294347562206574,3.1622776601683795,14.993382336124418,15.70353111181434,-73.53571263815141,119.74011537017762,0.918958031837916,0.3358281359353826,0.006969816461690001,0.128016151635036,0.08643127049652868,0.009332919895992022,0.00285409550573598,0.044795955869610875,0.056946183608728704,0.039757404572496206,0.008343807282060831,0.004160824101797182,0.0024132233587132487,0.023110625839068692,0.02039534198094939,0.026561975840348237,0.021608453774123706,0.003746684642145625,0.004168417504554832,0.0011732754527881432,0.002075274519821524,0.008087385950381764,0.005028335349760045,0.008286436698623655,0.01059036817777731,0.01289396064519312,0.0007088627693564651,0.0019631041136220235,0.0005121456220096328,0.00032195909177418214,0.0014922302716860218,0.8130159601569176,0.2003967345226556,6.151506915222853,1.232898450922221,0.008510719751939178,0.0018616006709635258,0.001075761392712593,9.155413135886192e-05,0.18895536940074803,0.011647309593065652,0.010894942097365856,0.0022583352401852608,0.013900969177484512,0.0024414435029029846,0.007817461155354977,0.0019268916781024577,0.00968741246491788,0.0019415723636570408,0.009895475581288338,0.001937895780429244,0.00521858548745513,0.00158693827688694,0.00521858548745513,0.001495384145528078,0.0011470983118017006,0.00012206221108815063,0.0016091077626684315,0.0001324257612500306,0.010803387500345707,0.002029449911788106,516.6321740047478,516.7705760043566,426.12612275250837,426.2678531646823,0.0,0.0,516.7590551181103,426.2661417322835,0,521.0,516.0,424.0,432.0,0.0,0.0,29,33
2,30,477,992,476,447,444,416,459.9392033542977,431.12578616352204,1.4888177672907916,508,0.9195927298405618,24.64417299969047,1,0.4808467741935484,0.671673875722013,39.95247383192805,36.40054944640259,7.615773105863909,3.387572339632488,3.1622776601683795,14.142135623730951,15.696249121012322,46.03872839908796,94.46803743153546,0.9389763779527559,0.45836623610465854,0.0595123021624951,0.12420580941258999,0.10922000286586327,0.04193553457038446,0.0404584315652417,0.03134677886169008,0.03950564832894559,0.03385482007543811,0.014847143981970505,0.021449828117348777,0.018539938935597664,0.009978342806814457,0.00673818428155099,0.0051047048342859995,0.009552706322410467,0.002051692506686166,0.0032309190525876704,0.0008102613997182883,0.005153941844508596,0.0021799379525482133,0.0026018802220541077,0.004507540368806624,0.0012102192636541985,0.005983459095792766,0.007505453448568946,0.008175466971711341,0.008957828114463535,0.008702109779956606,0.0032329095849690658,0.6210574586875737,0.14396887156181037,5.271107090637088,0.9152056151069701,0.009330892004072666,0.0018196383607573807,0.0017624166794121265,9.155413135886192e-05,0.28464476469705174,0.027248899732719184,0.01123064011335373,0.0023041123058646917,0.016510261222720146,0.002471961546689272,0.008280766115834316,0.0019195849541574716,0.011050538974081946,0.0019186700526351574,0.01100175455212593,0.0019073777366429567,0.005859464406967163,0.0016479743644595146,0.005859464406967163,0.0012970168609172106,0.0011382894131215108,0.00014294698620161944,0.002270463415370478,0.00013580995877388884,0.012924391776323318,0.0020141908898949623,459.79435910126296,459.91912034412616,430.88074987145035,431.14420287438725,0.0,0.0,459.9392033542977,431.12578616352204,0,459.0,453.0,431.0,421.0,0.0,0.0,30,30
2,31,743,1715,599,465,564,416,579.6971736204576,440.6756393001346,1.8765678328921005,835,0.9570815260148295,30.757389059187485,1,0.43323615160349854,0.5328877445686763,58.62049962425705,53.85164807134504,8.06225774829855,3.6593012975567056,3.605551275463989,16.932136536964908,16.989324447090826,28.0370210845057,132.36753236814712,0.8898203592814371,0.3262127523235262,0.03450349951387607,0.10940655213816348,0.08501772975879501,0.03811439507113055,0.019662241318826462,0.02804988032471452,0.0498911548303427,0.03707821140530996,0.024789282602627243,0.024831247591873416,0.011053897579043036,0.014067195223350124,0.0130417982022689,0.020728911083673703,0.019021331061534183,0.013539536747598122,0.013715569873526233,0.011857867168989823,0.0058645379986350015,0.002707993384866874,0.005107520240311905,0.0019009965338416567,0.008245284595562659,0.010418870314279034,0.005475106272380206,0.004227853685352521,0.0030545203103761022,0.0042496863424152775,0.002684540162350431,0.8905470501631498,0.2082246127538383,8.428259785752743,1.4243686576373875,0.009376669069752097,0.0018310826271772385,0.002098115161061287,7.629510946571827e-05,0.11802027443190607,0.041656312453183936,0.010910200886428356,0.002166781108826399,0.01716640032827854,0.0025787746999412775,0.008095882274210453,0.0018929510250348936,0.011343552874498982,0.001917050683226632,0.011451896280050278,0.0019226367585361004,0.005371175706386566,0.0016174563206732273,0.005371175706386566,0.0016021972987800837,0.0012861867767323752,0.0001209544738012452,0.002579526385065716,0.00012916501238334965,0.013550011441111565,0.0019989318680018187,579.5915567482065,579.6857819295952,440.62297183890036,440.63557088680824,0.0,0.0,579.6971736204576,440.6756393001346,0,583.0,581.0,449.0,434.0,0.0,0.0,31,29
2,32,633,880,407,445,363,425,383.9210110584518,435.0489731437599,1.6869731709655125,687,0.9233383490946365,28.38944578214513,1,0.7193181818181819,0.5927776548026936,46.12193502543873,44.9221548904324,8.54400374531753,3.8187427561912872,3.605551275463989,16.84395793508518,17.710240095620577,80.38275206158102,115.84062043356595,0.9213973799126638,0.3981239607174865,0.027779211642868278,0.15524345095020622,0.08763626575952688,0.02206988804085058,0.015549383476319074,0.037740609125261323,0.05739256508048385,0.03353956299963932,0.010299218809601766,0.012909417959962892,0.00832676560741131,0.011836360520353657,0.010556172048258955,0.019929096252611155,0.015177672047774433,0.0011520264372818735,0.0019154138549788307,0.006108896784714762,0.003962155861083904,0.0026295997209562754,0.002956868928084965,0.003420449290484436,0.00595814906926017,0.0077443611112318084,0.0051374399551618495,0.003703066501236712,0.004913514829414303,0.002891297255179924,0.0010228391802229824,0.8330663098022342,0.1944151979405433,7.299672001041472,1.203906309325248,0.009052414679899812,0.0018158236052840948,0.0023422595113515854,7.629510946571827e-05,0.24666955889025277,0.034809464552569135,0.011657892726361752,0.002166781108826399,0.01774624176323414,0.00238040741533041,0.008088022425264409,0.0018875261935975076,0.011531867300223495,0.001901905701935621,0.011413748376071453,0.001892118714749813,0.005035477224737406,0.00158693827688694,0.005035477224737406,0.0014801251236349344,0.001390698546748621,0.00012639974928643755,0.002990501602605547,0.00012622838107812282,0.013717860914766788,0.001983672846108675,383.87574626596586,383.9557656721336,434.80649227885647,435.05092651271264,0.0,0.0,383.9210110584518,435.0489731437599,0,388.0,389.0,434.0,440.0,0.0,0.0,32,38
2,33,438,663,56,444,17,427,39.32876712328767,435.25570776255705,1.9942803235160371,509,0.9136655547031226,23.615226456547084,1,0.6606334841628959,0.5014340201867605,39.136221200174866,38.47076812334269,8.0,3.1911027197267985,2.8284271247461903,15.843755557440742,15.90757433761344,-79.58391070706966,104.76955262170048,0.8605108055009824,0.37667428319094476,0.06671258899990573,0.126014250339499,0.09304155010151484,0.01815314480286325,0.019399299468951477,0.049123212670447135,0.039525248123575774,0.03981892645283422,0.00880447465980936,0.009283065086969938,0.003842157172553678,0.012001449543390596,0.013279634658297613,0.014177150810590542,0.017144493517855262,0.0020548639493890197,0.011142916967310902,0.011366093126346125,0.0055417234255835885,0.006438419190912832,0.013133024359984643,0.0077077147828362525,0.0039016368417593094,0.0065317931996264275,0.002336050646185353,0.009760038298212616,0.010707809357424056,0.00979619494187301,0.00850394936736479,0.7394522088579834,0.17734035244211555,4.906263871118426,0.8296330203302205,0.007873655296862125,0.0018005645833909512,0.0032959487289190292,9.155413135886192e-05,1.6938199221885821,0.027437244987899255,0.012436103075742722,0.002197299152612686,0.02061493881046772,0.0023193713277578354,0.007866512860191311,0.001886599494065059,0.011201515687484991,0.0018941393158224211,0.011367971077561378,0.001892118714749813,0.0038605325389653444,0.0016632333863526583,0.0038605325389653444,0.0015716792549937963,0.0024104648256240055,0.00012129561541334615,0.004049044191673023,0.00012959676018071427,0.01461814297363162,0.001983672846108675,40.89683140645229,39.35240022070995,434.6152389243874,435.2417693581019,0.0,0.0,39.32876712328767,435.25570776255705,0,40.0,38.0,435.0,430.0,0.0,0.0,33,34
2,34,499,986,455,459,421,430,437.7775551102204,443.7695390781563,1.4408831924809724,556,0.8878051014632407,25.206081266687335,1,0.5060851926977687,0.6940187832145911,37.942720264390715,35.77708763999664,8.246211251235321,3.5756100417903975,3.1622776601683795,16.93297563090475,17.46198443305102,50.94203890271873,95.05382386916239,0.8974820143884892,0.4963644787678485,0.040388047404258436,0.15153291339538513,0.10681543836099257,0.02267184577597713,0.027211470380429374,0.02407354510920395,0.0517153480287006,0.031085627145536695,0.005328063167983366,0.01828486819041277,0.0059345204839661055,0.010902891939796282,0.000871274267775363,0.0037044580447381,0.014246439772384413,0.004672261178253019,0.00897503657277063,0.0020292126402151212,0.004658211206235746,0.006775155021330942,0.005223110799605276,0.011023773313259393,0.0023600667625588174,0.007489392021133664,0.004461336795200188,0.007516915272476592,0.011294287248037046,0.008513150880133189,0.0056137249581898465,0.5440299147740006,0.1447470816783607,4.390066433697939,0.9439383533317596,0.0079041738063097,0.0018005645833909512,0.0008773938752710819,8.39246204122901e-05,0.14783371573512813,0.00569790608611547,0.00869764294475317,0.00221255817450583,0.011444266885519028,0.0024414435029029846,0.007158288352289482,0.0019045668641889566,0.008797728324043966,0.001891660026716953,0.008934157434850931,0.0018844892038032413,0.005371175706386566,0.001632715342566371,0.005371175706386566,0.0016021972987800837,0.000722023144382282,0.00011719920436686386,0.0012244290202172575,0.00012292645306567193,0.009678035043179989,0.0019684138242155313,437.91347674047734,437.78320751361923,443.71140029646665,443.7688204199738,0.0,0.0,437.7775551102204,443.7695390781563,0,432.0,443.0,444.0,446.0,0.0,0.0,34,35
2,35,658,1749,633,488,600,435,617.2963525835867,460.53951367781156,2.465526181914933,830,0.9677761427384018,28.944630252185586,1,0.3762149799885649,0.405592934820638,60.80801062126294,57.706152185014034,7.0710678118654755,3.1070839096002114,3.0,16.571042438959964,15.312193315003785,28.24994025258487,142.78174593052023,0.7927710843373494,0.25152861522990877,0.010492388286863278,0.10218593179972278,0.06504751792969077,0.018743287862052815,0.003739543716773796,0.03134700177000312,0.052845441105436874,0.030121661490799687,0.019483904152424607,0.004539354798000364,0.004201327480248917,0.016277990389076485,0.023102620261207317,0.027995830670050945,0.017080629990635716,0.01450746891270266,0.009906409066845298,0.002051053473848934,0.003387912388901684,0.00793537636111242,0.009666606894137791,0.01293847616379687,0.015463129333303125,0.010837366535726815,0.008441455882229533,0.009180768743109606,0.00139873819048372,0.002944460284608626,0.0024969461962352033,0.7591516142711043,0.22746623936109245,4.977630350738764,1.257343403995037,0.006843671435490251,0.0018310826271772385,0.0007019150070846081,7.629510946571827e-05,0.3021202808040796,0.004718386236118631,0.007858396507799625,0.002243076218292117,0.010391393676400185,0.002334630349650979,0.006326263452259203,0.0018955519946757704,0.007564787767080188,0.0019108562370745243,0.007660028990358114,0.0019073777366429567,0.004180971998721361,0.001541161211207509,0.004180971998721361,0.001541161211207509,0.0007345004348773366,0.0001262211450629374,0.001072620386223224,0.00012195008463029185,0.008300907909870148,0.001983672846108675,617.225861333846,617.2944538834952,460.2457320449903,460.5351941747573,0.0,0.0,617.2963525835867,460.53951367781156,0,620.0,610.0,465.0,443.0,0.0,0.0,35,41
2,36,740,1372,479,494,430,466,453.45,479.6675675675676,1.7842904666435424,809,0.9451999104206653,30.695231927842155,1,0.5393586005830904,0.5604468659641029,54.27432136448322,49.64876634922564,8.54400374531753,3.8289475238768294,3.605551275463989,17.069836271763933,17.72014031502535,69.42429219927905,128.8111831820431,0.9147095179233622,0.38223012701988657,0.005176156831997113,0.12936020317661137,0.1019828657110182,0.002577823343911832,0.007134535209917133,0.04993022563338263,0.052556499813922124,0.04622606386105723,0.0021132793040374662,0.0031980728858676875,0.005734310615067803,0.020649800933079533,0.017370866944031615,0.022487407327453746,0.022203477388370772,0.0007177758986971061,0.001328561410066366,0.0024996045169817464,0.0039054654316133574,0.0008666834867823144,0.004607147736887891,0.0026599117379032837,0.007322650629330635,0.009656504620358334,0.0006368894295668379,0.0025963522109754334,0.0017156061555214425,0.002027409942773803,0.0023004231598876797,0.8728160681203008,0.20854505221359432,8.414969193283468,1.4036774239502847,0.009048599749803543,0.0018158236052840948,0.00238040741533041,7.629510946571827e-05,0.35116360212029796,0.024158699629350754,0.010803387500345707,0.002243076218292117,0.01759365200996399,0.0023193713277578354,0.007863207820903611,0.0018787842541765254,0.011371579990923607,0.001896861383716601,0.011383230797946453,0.001892118714749813,0.005065995268523693,0.001541161211207509,0.005065995268523693,0.001541161211207509,0.0014511972293910931,0.0001359282214184722,0.0028919378754543854,0.00012850934168616858,0.013794155791401863,0.001983672846108675,453.21174849245233,453.43128600934887,479.40959064106954,479.68284596151756,0.0,0.0,453.45,479.6675675675676,0,445.0,460.0,475.0,483.0,0.0,0.0,36,44
2,37,573,1242,535,494,489,467,510.369982547993,480.73821989528795,2.035131793989038,643,0.9601280620398045,27.010484244701136,1,0.4613526570048309,0.49136866858136585,52.06895734226062,48.104053883222775,7.0710678118654755,3.1818397888040146,3.0,14.169076701904412,14.556426666121661,66.8725479237122,121.05382386916236,0.8911353032659409,0.31528360377409176,0.01786424627484492,0.11412463601280862,0.08607343924146328,0.0024988837607049855,0.010992637780273066,0.04218472038529208,0.056343316132463246,0.03928608875695281,0.0014756100167314917,0.003153824313289865,0.006811015614705555,0.024955089754328034,0.023086443528389174,0.027554626154597053,0.019889172225580676,0.00028531849915571693,0.0015448149588543226,0.004573786994059129,0.003906613880918089,0.00799755560627117,0.012440484605170617,0.008479179764039639,0.012478950157457619,0.010034645365289542,0.002250571460499377,0.0010267081570608982,0.002559693190523319,0.0041644863046617605,0.002299680308775895,0.618066695984453,0.19185168226249516,4.1438621249981225,1.0861371783539653,0.006363012362271547,0.0018005645833909512,0.0008926526643335819,9.155413135886192e-05,0.4275209449347568,0.016729010247517644,0.00807202234864235,0.0022735942620784044,0.01043717097491026,0.0023193713277578354,0.006059477411612284,0.0018808988457107369,0.007231871073295153,0.001895527361874285,0.007156481500715017,0.001892118714749813,0.00440985755994916,0.0016174563206732273,0.00440985755994916,0.0015716792549937963,0.000657565934331681,0.0001267676395687926,0.001138307193908509,0.00012851854680621225,0.008087282069027424,0.001983672846108675,510.00523627289544,510.38670974992976,480.5152079826905,480.73846586119697,0.0,0.0,510.369982547993,480.73821989528795,0,501.0,524.0,476.0,490.0,0.0,0.0,37,43
2,38,481,1024,685,537,653,505,668.1372141372142,520.2827442827443,1.9413761322874794,558,0.9177463124687115,24.747287144606645,1,0.4697265625,0.5150985341628377,40.40703951244557,37.013511046643494,7.0710678118654755,3.0804215738892315,2.8284271247461903,15.835923420761901,16.048346734672517,42.32085292932514,108.32590180780451,0.8620071684587813,0.4460762475955764,0.030378732119143437,0.13545432917101033,0.11002046986622585,0.013593402591560425,0.0263106631400212,0.036841836611124126,0.05267476386404055,0.03562952950390997,0.005330001600376605,0.013374776915090755,0.01385576135560133,0.01996245879542781,0.0057920201932791585,0.014332597889266096,0.008474273280534888,0.0022128619844487105,0.0039893819651942095,0.00644631540354325,0.002827741833981022,0.009181919357381229,0.002119648369881482,0.004103605550374729,0.007082937419042849,0.0008068884428323144,0.0017634789675304804,0.005751322570772063,0.002405167332770503,0.006653948354371715,0.002910878303428941,0.4943160240072757,0.1701228350866586,2.986343231284991,0.8914625770412385,0.005542839877307415,0.0017700465396046638,0.0006713969632983208,7.629510946571827e-05,0.6392489942195801,0.05522182402358524,0.0068970778957009315,0.002151522086933255,0.008499274961650372,0.0022278171963989735,0.005315226064594362,0.0018292777966307375,0.006208613786455283,0.001853352551021286,0.0061799040995538235,0.0018463416490703821,0.0036469062324613333,0.001541161211207509,0.0036469062324613333,0.001541161211207509,0.0006113622642330169,0.0001087262395118264,0.0009542439936460373,0.00012163411876987721,0.0068970778957009315,0.001937895780429244,667.724076450627,668.1233268289343,519.7949364019837,520.2292971825682,0.0,0.0,668.1372141372142,520.2827442827443,0,664.0,658.0,521.0,511.0,0.0,0.0,38,45
2,39,549,1131,776,568,737,539,757.0582877959927,552.0619307832422,1.6430708421809708,604,0.9100775106046523,26.438769072322643,1,0.4854111405835544,0.6086164846505494,41.88753604401742,40.718546143004666,8.06225774829855,3.5888926741359355,3.1622776601683795,16.852716687642808,17.359790142249455,57.92188885805268,106.46803743153546,0.9089403973509934,0.4215974125811847,0.0439100062837873,0.1510594142371508,0.08846778361902742,0.044504785115698275,0.016870457357966342,0.023100773786432972,0.051558071795609756,0.033056223120511874,0.021085398915142873,0.013795137242930244,0.0060014245924939385,0.003166223727836234,0.004119780912777562,0.017232600580097103,0.015158247320995298,0.003812595752302066,0.0018404550018842982,0.0004266277169151669,0.0013750568506352354,0.0011519471440597359,0.004262751852646233,0.0019028426310189347,0.004316211883881594,0.00906123425775101,0.009003864368190704,0.00940051995548346,0.006001728974372404,0.003986790645902361,0.0017209186450900741,0.584908836055547,0.15913633932359517,5.142931309528649,1.016952773090452,0.007560845580883324,0.0017700465396046638,0.0017776763997972012,7.629510946571827e-05,0.38144548639362913,0.024288308166767216,0.00941481627523899,0.002151522086933255,0.013550011441111565,0.0023193713277578354,0.0067230900696039885,0.0018291533255585652,0.009367816592948358,0.0018523729928787832,0.009376668836921453,0.0018463416490703821,0.00476081483066082,0.00158693827688694,0.00476081483066082,0.0015564202331006527,0.0008773985646889362,0.00012907971483635197,0.0021154109728780336,0.00011732291746374246,0.011104753240942955,0.0019340810249559581,757.4394437409587,757.0814002340726,552.0470712843575,552.069396512919,0.0,0.0,757.0582877959927,552.0619307832422,0,751.0,752.0,549.0,556.0,0.0,0.0,39,46
2,40,790,1100,517,710,497,655,505.920253164557,682.6873417721519,2.0001247365272516,893,0.9598229808228342,31.71528401797434,1,0.7181818181818181,0.4999688178129659,61.45458784584914,54.589376255824725,8.246211251235321,3.711281762872889,3.605551275463989,17.08134969082966,17.244539025658725,4.443400195267701,140.91168824543144,0.8846584546472565,0.337536657832476,0.01420415319410359,0.10561333053518285,0.09844526085577217,0.006520989492705709,0.012233381893592712,0.03827720844875289,0.056011258308480326,0.04473109221547004,0.0031270812350403386,0.008885944283266266,0.008641936500224897,0.020175926680273917,0.025195133291765454,0.023211985066597836,0.022501914878921045,0.0012421466277795867,0.0028955161984986788,0.0064780385893439905,0.005202283030739355,0.009604613256159945,0.011506418333097113,0.007210598643987912,0.00714805120645557,0.011337650080284195,0.0010709947441222053,0.003250741961646746,0.001270210122175012,0.003814282601245486,0.0024991414762348817,0.9996490590274334,0.23537041270174086,8.395178239792585,1.4845197219401598,0.009277485311031342,0.0018005645833909512,0.0013733115047216415,7.629510946571827e-05,0.29918494996946016,0.033300630157193166,0.010498207062482834,0.002166781108826399,0.014801251702010632,0.0022735942620784044,0.007933722690693916,0.0018680191484265148,0.010626807898471627,0.0018791388885318477,0.010833906009793282,0.0018768596928566694,0.00587472366169095,0.0016479743644595146,0.00587472366169095,0.0013580529484897852,0.0008937575364114219,0.0001082968004617878,0.0018321330087815349,0.00012135829140242149,0.012054627761244774,0.0019531548023223877,505.9074281505302,505.9227140037826,682.9862517139461,682.7205513526848,0.0,0.0,505.920253164557,682.6873417721519,0,508.0,508.0,696.0,684.0,0.0,0.0,40,49
2,41,593,1207,493,729,476,658,484.93929173693084,692.5615514333896,4.868637708148659,840,0.9830987616244629,27.47782833536798,0,0.49130074565037285,0.20539626481680817,71.27152794071426,70.71067811865476,5.830951894845301,2.35250593917967,2.0,13.485209956614115,13.048106855891065,2.625531849044863,190.47413408594537,0.705952380952381,0.1510062100055903,0.01692900524421468,0.06793395055725361,0.035186333743590904,0.023606908437159013,0.007577457154310142,0.025011603993348275,0.028461728549470468,0.016852202747912205,0.02210006126517741,0.014304881009179562,0.00438935194252921,0.004437425551712628,0.016839315994668865,0.014005700024252894,0.010570774328281981,0.017647465363801844,0.015335539733480206,0.00915985782745986,0.002939136551279124,0.0004773212461548456,0.0031147751198774467,0.010433513152558738,0.007619356132528692,0.00765905131768608,0.01258074936577976,0.012632649562584239,0.01003404775045882,0.0063440906334372065,0.0022156996930799374,1.0237430585548282,0.31749446853064,3.953795749694109,1.1429617758840322,0.0060921646654605865,0.0018310826271772385,0.0005874724593013525,9.155413135886192e-05,0.32471667350594463,0.12715087251496127,0.007660028990358114,0.0022735942620784044,0.008987563662230968,0.002426184481009841,0.006167126858764025,0.0019126172803050603,0.006667446458168818,0.0019274228935649786,0.006721599260345101,0.0019226367585361004,0.004074159078299999,0.0016479743644595146,0.004074159078299999,0.00158693827688694,0.0006994172762898713,0.00011914986124674823,0.0008000935635101422,0.0001330157108060956,0.007248035632073879,0.0020141908898949623,485.0767312925565,484.942766741429,692.2673554330731,692.688654811492,0.0,0.0,484.93929173693084,692.5615514333896,0,487.0,490.0,688.0,704.0,0.0,0.0,41,47
2,42,411,640,471,691,451,659,461.1873479318735,674.9902676399026,1.4106188980447674,453,0.854660489056217,22.875783109789968,1,0.6421875,0.7089086934721216,32.16542008144457,31.78049716414141,8.0,3.392023129349974,3.0,16.208546545945307,16.699877480456834,13.269069392712318,85.35533905932738,0.9072847682119205,0.5181202503823286,0.07708255952300881,0.158278116525699,0.0854658814614362,0.04945289266113365,0.03178552970414045,0.006390353784264866,0.0337734396946423,0.027995573029764475,0.011843487867201822,0.007655647694638479,0.011373060175252327,0.0031904864308058096,0.0009283986704482251,0.0054794138132493375,0.016184211544266903,0.013616356598837899,0.01492841235366116,0.00837640835463335,0.010077402158998437,0.006157216903519156,0.0010657108393059287,0.0007302533362031177,0.006404766106139968,0.006746272552419844,0.009620158948502336,0.012490462722908635,0.010704374723065855,0.006072970769039742,0.0065757633038753096,0.46637675538659096,0.1409018081612885,3.2852369491010904,0.7698786905966699,0.006759746931493282,0.0017853055614978075,0.0011367970146238804,9.155413135886192e-05,0.12454200823882072,0.04643128908213996,0.00872816052287817,0.0021820401307195425,0.011657892726361752,0.0023956664372235537,0.00621835673848788,0.0018786907754838468,0.007993277248421145,0.0018731841620356932,0.007843137718737125,0.0018616006709635258,0.0045166704803705215,0.00158693827688694,0.0045166704803705215,0.0013580529484897852,0.0008288570444681584,0.00013033646387966704,0.0016000418888955095,0.00013237007065248767,0.009155413135886192,0.0019531548023223877,461.3116656909425,461.19685257858646,674.9977380211658,675.0357157014311,0.0,0.0,461.1873479318735,674.9902676399026,0,462.0,462.0,675.0,682.0,0.0,0.0,42,48
2,43,806,2024,116,726,72,680,92.11166253101737,702.4032258064516,2.014803479488925,914,0.9590373467207244,32.03484154879717,1,0.39822134387351776,0.4963263217381677,61.86606011529874,58.0,8.06225774829855,3.703775716237392,3.605551275463989,17.166356620134312,17.525396674301437,39.2078942067073,142.8528137423857,0.8818380743982495,0.30506274466603484,0.020312013444042064,0.11488806817233622,0.07902709642950473,0.02248270095206634,0.010754224570800497,0.030979234766022063,0.05901147294803933,0.033686025996025014,0.01798650911974262,0.012284021738219577,0.006242045835090892,0.021429151007928575,0.01807943583998612,0.028810932872523804,0.016656579800022327,0.011481065402924713,0.009845475282383314,0.005308977114050749,0.003597243073883338,0.0106043550947165,0.006020060650385713,0.008772442486951425,0.01197401400021857,0.0095890130418795,0.005514886446461692,0.005046816983215405,0.003256904525340844,0.0013412872101349756,0.0019019635629588462,0.9066758351400495,0.21934843971394002,8.715907607693225,1.4948195617180318,0.008888380602002144,0.0017700465396046638,0.0019226372241973877,7.629510946571827e-05,0.3339673356275008,0.04649913845184986,0.010894942097365856,0.0021362630650401115,0.0160524919629097,0.0022735942620784044,0.0076836935181360125,0.0018588850823215257,0.01081378115098415,0.0018546148408412305,0.010757610201835632,0.0018463416490703821,0.004806592129170895,0.0016174563206732273,0.004806592129170895,0.0014343480579555035,0.00115992145674925,0.00010576670718237931,0.0024818091920786526,0.000120675138853064,0.01279469020664692,0.001937895780429244,91.8311073179521,92.11522717760788,702.2220547445017,702.4495881097965,0.0,0.0,92.11166253101737,702.4032258064516,0,97.0,95.0,708.0,713.0,0.0,0.0,43,50
2,44,895,1632,453,729,385,705,419.77653631284915,716.850279329609,3.043862617176237,1053,0.9753128703502089,33.757212452126,0,0.5484068627450981,0.32852993901797406,74.40020543555158,67.60177512462228,8.0,3.3552617292048503,3.0,15.928033459292001,16.429614764114774,-81.50287549064373,185.0243866176395,0.8499525166191833,0.24935435285294769,0.01973076055879054,0.08785303477347774,0.07063676015713843,0.019072497061249815,0.014608933595060356,0.030244710507483896,0.048543136542568636,0.032564261964730355,0.014236217008050162,0.01783769731601969,0.010010925624376792,0.022619231787427897,0.019499136781978735,0.025285761532510075,0.017062899936123553,0.010114669741751259,0.012934424961178838,0.012461085804158912,0.006674286472812216,0.012913746666629347,0.010751658699638377,0.010384374512024489,0.012079905085623078,0.00950808910681231,0.007141543895058664,0.008442008834452107,0.008695584962450167,0.007497017677014862,0.004388348964593729,1.0133364056237042,0.29489585710689425,6.6612193044275045,1.666178377578035,0.006698710843920708,0.0017700465396046638,0.00077821034938097,7.629510946571827e-05,0.1837631754010988,0.007503533207522472,0.008896009996533394,0.002151522086933255,0.01043717097491026,0.0024872205685824156,0.006294014941762138,0.0018316512863782253,0.007442703133438553,0.001861651818522944,0.00746166193857789,0.0018463416490703821,0.0045014116913080215,0.001541161211207509,0.0045014116913080215,0.001541161211207509,0.0007474223704601965,0.00011292583199948993,0.0010798692643393033,0.00012156496296841489,0.008270390331745148,0.001937895780429244,419.59576949909473,419.775434322713,716.8172299169278,716.857701501012,0.0,0.0,419.77653631284915,716.850279329609,0,399.0,391.0,721.0,722.0,0.0,0.0,44,53
2,45,443,870,88,737,58,708,73.12641083521444,721.6794582392777,1.6465476473553817,495,0.9052097516995156,23.74963406702674,1,0.5091954022988506,0.6073313466550206,37.3218466187792,35.4682957019364,7.810249675906654,3.255631325218292,3.0,15.285205841939632,15.860480928498086,51.15960033048912,95.74011537017762,0.8949494949494949,0.4483665487421917,0.04045255089661341,0.14801163115357605,0.1052126972749754,0.006629764468971943,0.017311175672884108,0.03888574058320042,0.0540028102983539,0.03428388007502422,0.0021588351527272905,0.006192755857966745,0.0086133501100504,0.007460146796394571,0.012763913235017929,0.010825383097013022,0.011967453466800233,0.0029068373623439086,0.008342194109459439,0.009068541994919015,0.006181380484468739,0.0023875699134671045,0.006727942779534284,0.005598115769757614,0.00498077335007858,0.009992556151887875,0.0017370141486348777,0.0034846576431441425,0.0026047241767438722,0.008217408455621172,0.004231962672088181,0.5990997231565416,0.14676127256825566,4.282383505254984,0.8218051420990378,0.008209354244172573,0.0017700465396046638,0.0014572367072105408,7.629510946571827e-05,0.5457858279099304,0.02110461987266342,0.009719996713101864,0.002166781108826399,0.014099336229264736,0.0022278171963989735,0.00748874653945677,0.0018345159071031958,0.009666779921568813,0.001855090614219047,0.00951400026679039,0.0018463416490703821,0.005676356144249439,0.0015716792549937963,0.005676356144249439,0.0015106431674212217,0.0007794432013321897,0.00010976888445349929,0.0018517514682588239,0.00011798750526576391,0.01117341872304678,0.001937895780429244,72.73542468891408,73.12254674415583,721.2986538231419,721.7002061013425,0.0,0.0,73.12641083521444,721.6794582392777,0,70.0,63.0,717.0,717.0,0.0,0.0,45,52
2,46,580,1254,79,755,41,722,58.851724137931036,737.5189655172413,1.6565984000585516,626,0.9377876628020405,27.17496892263898,1,0.4625199362041467,0.6036466049735745,46.568045859879405,42.720018726587654,7.810249675906654,3.531205203009621,3.1622776601683795,15.72595499094915,16.168858705283082,50.30721909380536,109.88225099390856,0.9265175718849841,0.4032284188862901,0.019049332370349083,0.1343996175261922,0.10375945754875121,0.016307754400617516,0.013966388949990409,0.043212317035755926,0.05355483462338554,0.0438576677658451,0.010606565066933017,0.006791821520774148,0.010358114277613732,0.01438905820673459,0.015139859959963873,0.018990642903290982,0.019585228495027217,0.004439642942210407,0.002066572389961724,0.0029765293775657065,0.006448738208338284,0.0023859069097118546,0.0027641424675692826,0.0014627073095063237,0.004423484458690801,0.00790010277547627,0.0023578349297166466,0.0031038283822203776,0.00418798209743354,0.000534915052437652,0.0028255349326723567,0.6305790902115405,0.16920729377306998,5.409948956687003,1.077195391524583,0.007888914085924625,0.0017700465396046638,0.0014496073126792908,7.629510946571827e-05,0.0388369240988303,0.004048910995815238,0.009170671924948692,0.0023498893715441227,0.013641566038131714,0.0023498893715441227,0.007006434335683783,0.0018800810419229998,0.00932749820118449,0.0018572334336630742,0.00938429869711399,0.0018463416490703821,0.0053101396188139915,0.0015716792549937963,0.0053101396188139915,0.001541161211207509,0.0007632604371594977,0.00013483109911987485,0.001772765847426813,0.00012439885493902142,0.010818646289408207,0.001937895780429244,58.8905260613413,58.85138963651302,737.5206139750426,737.5149304473468,0.0,0.0,58.851724137931036,737.5189655172413,0,53.0,49.0,734.0,722.0,0.0,0.0,46,54
2,47,531,936,450,750,398,732,424.4708097928437,740.4821092278719,2.4772227289535627,625,0.9741385908910886,26.001734523957655,1,0.5673076923076923,0.40367787212352263,55.929662651474835,51.62363799656123,6.082762530298219,2.802729321650151,2.8284271247461903,12.790308831298798,12.637381935819342,-80.9631843292739,128.5685424949238,0.8496,0.25369238208419187,0.026195099451028107,0.09179171103912404,0.06819515445616262,0.02613035947323241,0.019617821910455916,0.03169487531536469,0.04507863200801048,0.03069828565442258,0.018008832458929182,0.02377915965207104,0.013585712715166634,0.01992339628149479,0.017820524368114033,0.020545311566035448,0.016322885945500257,0.013473098688791029,0.013842751998920953,0.017600167652609404,0.009063738907107348,0.008561090250651566,0.009650682480635575,0.0071241961295315905,0.00846230385359046,0.009683133584283432,0.008526162472031324,0.009044572393347773,0.007982924242736868,0.01174571097912308,0.00583520895098751,0.6929121972061694,0.20807202253490686,3.785854944959283,0.9803463795688003,0.006557564716786146,0.0017547875177115202,0.0006103608757257462,7.629510946571827e-05,0.12426695453266114,0.10393382127822576,0.008484016172587872,0.0023651483934372663,0.009246967732906342,0.0023651483934372663,0.006186716046483655,0.0018577859154902399,0.007129670329490175,0.001846226703519398,0.007263294421136379,0.0018463416490703821,0.004547188524156809,0.0015716792549937963,0.004547188524156809,0.0013275349047034979,0.0008498110753606844,0.00012911532463810184,0.0009112523427659315,0.0001249021795997346,0.007797360420227051,0.0019226367585361004,424.47900897623555,424.5744081435709,740.3581130610742,740.473765311999,0.0,0.0,424.4708097928437,740.4821092278719,0,416.0,444.0,742.0,743.0,0.0,0.0,47,55
2,48,421,837,179,763,148,736,162.88598574821853,748.8194774346794,1.623220201424991,471,0.9067159761749558,23.152404806704283,1,0.5029868578255675,0.6160593609678594,36.300073267295225,33.83784863137726,7.211102550927978,3.1690664228418317,3.0,14.865140893819454,15.30925792493812,50.36415327727877,92.66904755831214,0.8938428874734607,0.46815183260567994,0.03206764871149938,0.14646442972563825,0.10995546032638508,0.021669680369568418,0.018869359962216708,0.02844214867833617,0.05378477096431859,0.03660552673743851,0.00881390575123582,0.007799024261481974,0.008180573171237543,0.0060080644919989845,0.006887089975299931,0.00982475967697024,0.012342639001460322,0.0028535594856314455,0.007237784156895651,0.006232501852739691,0.0037365397821849076,0.0035942082572057656,0.006121527863059081,0.010535629512473279,0.006441447009379643,0.00356513321756297,0.003946127143099797,0.007578212415023684,0.006120909807607339,0.005440120971339564,0.004882640652451526,0.5353322750888765,0.14770733192563057,3.4863661201670766,0.788052185671404,0.007160296197980642,0.0018005645833909512,0.0010528725106269121,7.629510946571827e-05,0.23718685435458228,0.03558846162625167,0.00860608834773302,0.002151522086933255,0.012619211338460445,0.0023041123058646917,0.006776357912517424,0.0018697130623497541,0.008281154679731773,0.0018718579232099857,0.008224613033235073,0.0018616006709635258,0.005127031356096268,0.00158693827688694,0.005127031356096268,0.001495384145528078,0.0006969265146038907,0.00011985088621213185,0.0014067387055755338,0.00012265244391615723,0.009231708012521267,0.001937895780429244,162.67165473222116,162.90587665795334,748.7178909224833,748.84898828541,0.0,0.0,162.88598574821853,748.8194774346794,0,159.0,164.0,748.0,746.0,0.0,0.0,48,0
2,49,711,1848,218,801,185,745,201.28832630098452,771.5597749648383,2.707694905511832,864,0.9766673811185966,30.087760240780646,1,0.3847402597402597,0.3693178274865393,67.93943131842994,60.41522986797286,7.0710678118654755,3.1045771828599094,3.0,14.871042136358554,14.590509199680119,24.73482819953806,155.53910524340094,0.8229166666666666,0.24802008665937006,0.010074143343393214,0.08314662791508208,0.07453556238681422,0.01035819128589548,0.00695570669774798,0.026464109314747505,0.05191533897644547,0.036294018794701545,0.007423088438786992,0.00990868992583886,0.0039062241226504512,0.018460207242861737,0.024212601507240895,0.028148268624772117,0.020786432528164006,0.004481419041962615,0.008279763727001033,0.006077434688400088,0.002194519021506563,0.008754229503612014,0.0162946994508406,0.012073681551248687,0.015220325597782036,0.012887129055957113,0.002970847880214362,0.005612107673355308,0.004826299908460723,0.0034148639762773786,0.0012343186696988553,0.9071946451440454,0.25050736241973937,5.745616932399571,1.3317158767022192,0.007186999544501305,0.0017853055614978075,0.0008926526643335819,7.629510946571827e-05,0.10831295693524802,0.052667292551935196,0.00874341931194067,0.0021820401307195425,0.01110856793820858,0.002334630349650979,0.0067701092921197414,0.0018694579285055176,0.008081036473135824,0.0018730181106922914,0.0080643929541111,0.0018616006709635258,0.0049134050495922565,0.0016479743644595146,0.0049134050495922565,0.0015564202331006527,0.0006653201944444763,0.00010342009008410591,0.001201242260704456,0.00012000502680478344,0.008972304873168468,0.0019531548023223877,201.33780032897542,201.3117423287577,771.6561285698275,771.6069505236381,0.0,0.0,201.28832630098452,771.5597749648383,0,208.0,196.0,780.0,759.0,0.0,0.0,49,57
2,50,477,864,647,780,615,753,629.8364779874214,766.8155136268343,1.4115120600112014,521,0.8863926904635826,24.64417299969047,1,0.5520833333333334,0.7084601175792039,36.88450391236107,34.132096331752024,7.810249675906654,3.544099593658999,3.1622776601683795,16.398244998303635,17.075095313797135,55.08843625020767,91.9827560572969,0.9155470249520153,0.5172331556489539,0.01149798824452423,0.15476466813449788,0.1160046681582767,0.01795156417136804,0.0072801698577234205,0.01833230751199363,0.054336086464442504,0.031387366130596187,0.009804576700750266,0.003494850210328068,0.005136211560888559,0.010120105152086391,0.007604913130771783,0.005444022004421413,0.0074225173819153,0.0038404001880434813,0.0030349899053734603,0.0014519200203871074,0.0013154983913704974,0.009976813771672793,0.005695499068436739,0.016108239552421084,0.011165069703834747,0.005275149566761611,0.007432479311988482,0.004136916919001122,0.004266383141277371,0.002176429009896246,0.0022493364708991857,0.5895780948922038,0.13839932857081294,5.273304394446313,0.884290836751461,0.009079118259251118,0.0017700465396046638,0.0019913027063012123,7.629510946571827e-05,0.217938542794635,0.011603508754404626,0.010696574114263058,0.0021057450212538242,0.017120622098445892,0.00238040741533041,0.007861041265229384,0.0018453243809441724,0.011055145481019525,0.0018538591965439435,0.011024643667042255,0.0018463416490703821,0.005813687574118376,0.00158693827688694,0.005813687574118376,0.0015106431674212217,0.0009588345356376934,0.00011865027488357895,0.0024645762762333647,0.00012272068901971698,0.013076981529593468,0.001937895780429244,630.0290492173907,629.8269602429597,766.9175603309632,766.8088763114301,0.0,0.0,629.8364779874214,766.8155136268343,0,635.0,630.0,770.0,773.0,0.0,0.0,50,58
2,51,501,980,942,796,914,761,928.7265469061877,778.8542914171657,1.5769446525514257,540,0.9116087508087851,25.25654394235911,1,0.5112244897959184,0.6341376651248,39.93797979501329,38.41874542459709,7.810249675906654,3.4800639231317514,3.1622776601683795,15.2,16.41686525772632,-36.570880124008376,99.63961030678928,0.9277777777777778,0.43217683733896783,0.05700253888896629,0.14416648211358762,0.09004806561227749,0.050736930812609875,0.025124274149044508,0.022315765921891294,0.043372274612470924,0.03216395658532221,0.017978692777632286,0.023955377303043635,0.008976471426490114,0.00543472475261593,0.002542981089091823,0.01028898955048331,0.014833691384413959,0.003585745634122794,0.0007878131187967145,0.004793104165637488,0.004293351589643076,0.003015198045277339,0.0029350158186471353,0.003630710652830791,0.0016353575747559371,0.009843159225325167,0.009603797563051424,0.010406630222092525,0.0074459133514554335,0.0038210407472059576,0.003817783480992872,0.5402304227463901,0.1470511939842254,4.790707315783948,0.9124132141005248,0.007629510946571827,0.0017395284958183765,0.0019302661530673504,7.629510946571827e-05,0.31618386605593723,0.011026918300957,0.009674220345914364,0.0021057450212538242,0.01603723131120205,0.002166781108826399,0.006669511391930742,0.0018154468393114247,0.009562290051464965,0.0018211840600808877,0.009246967732906342,0.0018158236052840948,0.004684519954025745,0.0014496070798486471,0.004684519954025745,0.0014496070798486471,0.0010814404886242848,0.00011441378291541813,0.0025425045888359545,0.00011375617598626137,0.011554894736036658,0.001892118714749813,928.8563602164751,928.7300275942805,778.56598473735,778.864754578142,0.0,0.0,928.7265469061877,778.8542914171657,0,933.0,926.0,777.0,786.0,0.0,0.0,51,60
2,52,476,858,178,791,145,765,161.41176470588235,777.4327731092437,1.4070247833398337,520,0.848111479569828,24.61832697999475,1,0.5547785547785548,0.7107195351785596,34.41178847683038,33.24154027718932,8.54400374531753,3.6428327703981678,3.1622776601683795,18.178850025105938,18.231978617749665,56.82910234189589,91.74011537017762,0.9153846153846154,0.5484724192705317,0.037748039276259505,0.16689628436268772,0.10332942421752304,0.021627789637623032,0.019292638702811914,0.010727517960637718,0.04653830897917692,0.02743740000260219,0.008318692490031641,0.00956225925729244,0.002416070963256035,1.7288330031470246e-06,0.01264298093875544,0.0018515822760577436,0.01558606417804365,0.007508434223615049,0.010997133134932472,0.00795974073025709,0.005894066176351325,0.00798624527193204,0.010737641834371738,0.012908588618989109,0.004727071193689038,0.009488910070974538,0.006724705770117592,0.007193920530264564,0.007464255731245112,0.00661121977070368,0.006371761463547568,0.5619287476874888,0.1416342412121594,5.090257172938436,0.8872968640644103,0.008484016172587872,0.0017853055614978075,0.002166781574487686,7.629510946571827e-05,0.1284765197719054,0.025449416604731673,0.009857328608632088,0.002151522086933255,0.0161135271191597,0.002334630349650979,0.0073937993116774845,0.0018636084370020974,0.0106938175902068,0.0018640690421521226,0.010650797747075558,0.0018616006709635258,0.005462729837745428,0.00158693827688694,0.005462729837745428,0.0014343480579555035,0.0009362919725482184,0.0001123854101773256,0.0025564336317133933,0.00011739139232123073,0.01278706081211567,0.001937895780429244,161.41420007980696,161.41947410961495,777.304319673764,777.4085194930266,0.0,0.0,161.41176470588235,777.4327731092437,0,165.0,149.0,778.0,778.0,0.0,0.0,52,59
2,53,377,744,263,799,232,775,247.342175066313,786.501326259947,1.5429624615400754,417,0.8851067208766068,21.909160375631842,1,0.5067204301075269,0.6481039072083912,32.72721638303752,31.32091952673165,7.211102550927978,3.124114662351052,2.8284271247461903,14.924856828504298,15.23085736855838,53.47288297248798,85.49747468305833,0.9040767386091128,0.48800586298318716,0.06207643785981368,0.1499763173404657,0.09927617737794349,0.036695867058687666,0.03171659380075925,0.025010847445513643,0.042831786399097384,0.02396637505964028,0.008293284038672416,0.015637811127575365,0.01493325603736751,0.006571191783926111,0.00332459540252197,0.011813632131815674,0.009288989592734768,0.007430434182599639,0.008434873849037265,0.0015916005701345297,0.009315746915037318,0.005462339322336284,0.004793375894718762,0.0029404537397467513,0.008854334153585157,0.011107783704245871,0.011081861074438433,0.009530145241776504,0.00957521899440715,0.007733877453094456,0.007000277178543816,0.45209430856630206,0.13110551610589027,2.797085569705814,0.6967269396409392,0.006626230315305293,0.0017700465396046638,0.000755321467295289,7.629510946571827e-05,0.06721022751027715,0.03284139529528021,0.007705806288868189,0.002121004043146968,0.01045242976397276,0.0023498893715441227,0.0063675254727648175,0.001846556564871694,0.007419325118583061,0.0018480820680131015,0.007362478179857135,0.0018463416490703821,0.0052948808297514915,0.0016174563206732273,0.0049897003918886185,0.0014496070798486471,0.0005073102792869392,0.00011264089593314224,0.00097871700266948,0.00012011391646035973,0.008148318156599998,0.0019226367585361004,247.4056473574647,247.30952693823915,786.5234279100649,786.5048839246606,0.0,0.0,247.342175066313,786.501326259947,0,246.0,238.0,787.0,783.0,0.0,0.0,53,61
2,54,510,980,650,808,615,780,631.1627450980392,793.8823529411765,1.4447722140701615,559,0.8807522960539758,25.482389366284572,1,0.5204081632653061,0.6921506312630661,37.69943164335076,36.05551275463989,8.48528137423857,3.6299317172115795,3.1622776601683795,17.069301531308604,17.85359241903587,57.51157689401594,96.22539674441617,0.9123434704830053,0.49950166754994846,0.057081536791688946,0.15217397408508093,0.09968444124396257,0.04161191214098395,0.027249488631977778,0.010232742828165648,0.048259811857524315,0.024766095334056853,0.00857453112316865,0.013802894275010405,0.008288002446114556,0.003993725441144702,0.002746298060053937,0.006082490637684888,0.011848308638981312,0.007478370296842087,0.012935442837762842,0.003825092924348592,0.0007844529691703781,0.002386661789289433,0.0009032475927128118,0.00981933661652782,0.0011064623035008103,0.010473490851575546,0.008297783030747305,0.011903473665386986,0.016461483616562994,0.005917491501584912,0.0012005880071451669,0.6134889842942357,0.1442587929777801,5.9215534226968884,0.9443350879009813,0.008987564127892256,0.0017700465396046638,0.0025177383795380592,7.629510946571827e-05,0.26874402151356547,0.023946530783460564,0.012878614477813244,0.002151522086933255,0.018280308693647385,0.0024109254591166973,0.007865243388387637,0.0018494717048433346,0.011610889064111545,0.001851637427256826,0.011367971077561378,0.0018463416490703821,0.0056916153989732265,0.00158693827688694,0.0056916153989732265,0.0014801251236349344,0.0013653564910439439,0.00011983518269524078,0.0031089673946091884,0.0001223776663221328,0.014114595018327236,0.001937895780429244,631.4276765282765,631.178777449222,793.8372454432222,793.9001405787968,0.0,0.0,631.1627450980392,793.8823529411765,0,638.0,619.0,796.0,788.0,0.0,0.0,54,63
2,55,573,1856,289,830,231,798,256.9947643979058,815.2530541012217,3.65675677019271,798,0.9827575948611035,27.010484244701136,1,0.30872844827586204,0.27346637002255425,68.25304116285055,61.465437442517235,5.830951894845301,2.4768116671278757,2.23606797749979,13.970734495767703,12.619894979483588,66.62021520509636,162.2670273047588,0.7180451127819549,0.19243509265319694,0.028353584797830726,0.06232978108561412,0.05294504572537255,0.033038833331141555,0.01725562644233668,0.019483198656648628,0.02677473997766728,0.0265558895262423,0.026627915397323627,0.02305007573414038,0.0122367622655799,0.0028381296024662618,0.008327141657284048,0.012884367756629215,0.01573995337983233,0.018507812103963465,0.019099325727715798,0.01568621566445763,0.009217562195634734,0.006757964175558369,0.001313386859900673,0.0005226279546379985,0.007465067841156919,0.00969603940119604,0.010639976259241141,0.014250363758999208,0.010642531030860655,0.011944937632341368,0.006798277052274163,0.8802777286618948,0.2580758372787386,4.058060640003532,1.0795757989399135,0.006607156712561846,0.0018005645833909512,0.0004882887005805969,7.629510946571827e-05,0.5459338453290989,0.025004668892395634,0.00804150477051735,0.0023651483934372663,0.008926527574658394,0.00238040741533041,0.006425384880743758,0.0018837652356112307,0.007082130261786269,0.0018840764379405121,0.007080186158418655,0.0018768596928566694,0.00474555604159832,0.0016174563206732273,0.00474555604159832,0.00158693827688694,0.0006576152250632242,0.00013217877919578818,0.0007424215851883066,0.00012580785198417713,0.007579919300042093,0.0019684138242155313,256.49866328468545,257.0123816254417,815.025178150456,815.2707985865725,0.0,0.0,256.9947643979058,815.2530541012217,0,247.0,234.0,811.0,801.0,0.0,0.0,55,64
2,56,948,2450,240,839,170,804,206.8016877637131,816.2478902953586,2.9829711681076234,1375,0.9712021619857412,34.74235294865525,1,0.38693877551020406,0.33523622711861245,84.62050800635706,73.53910524340094,7.0710678118654755,3.2929420856942913,3.0,21.706239041084192,20.161421717656243,74.46694946813518,188.50966799187808,0.6894545454545454,0.2227227458061139,0.038837145153709396,0.053997456172557294,0.06296612630793853,0.04406585580787518,0.020246549303407392,0.0032557916967692413,0.02763660217349422,0.02984559387411322,0.031110281011502233,0.029052692892574256,0.011418182432820301,0.006917495814853603,0.007508942336900915,0.015076977797133545,0.016516498131677347,0.015837184032531888,0.019566881540315825,0.017921384649659342,0.006505121593648925,0.016407809204671542,0.00917189245575399,0.006507462571302106,0.008338896003703073,0.009976666192346217,0.004352362507124815,0.008309655664635268,0.011268686284201497,0.010359081807092666,0.0035601199221467123,1.1653010044246912,0.3029526206664741,8.32152295904234,1.7830624852795154,0.00782787799835205,0.0018005645833909512,0.0009460598230361938,7.629510946571827e-05,0.4675979558695189,0.02089623402644441,0.009094377048313618,0.0022278171963989735,0.012451361864805222,0.00238040741533041,0.007193216076695624,0.0018700779053486055,0.008777977804896983,0.0018808676005058179,0.008758679032325745,0.0018768596928566694,0.005127031356096268,0.0015716792549937963,0.005127031356096268,0.001495384145528078,0.0008515373508027372,0.00012251876782335737,0.0013506568978199766,0.00012590482821324975,0.009765774011611938,0.0019684138242155313,206.5233583626509,206.78098123283098,815.8721502351605,816.2506995969295,0.0,0.0,206.8016877637131,816.2478902953586,0,195.0,231.0,813.0,816.0,0.0,0.0,56,0
2,57,421,1749,252,859,199,826,221.87885985748218,842.3016627078384,5.715431202939699,674,0.9814776333061096,23.152404806704283,0,0.24070897655803317,0.17496492644083542,63.25154096754097,60.03332407921454,5.0990195135927845,1.9900079258215462,2.0,12.956683513476502,12.11752534097425,58.67994183181784,173.88834764831842,0.6246290801186943,0.14873303227899654,0.016756337615830636,0.059374248757245306,0.039222166669307446,0.021828648146912346,0.006000636473149394,0.021185383239803138,0.028122522789341613,0.02027376813603938,0.021594152837733843,0.010006965725461956,0.003444133834458069,0.00765295984145904,0.01306206017951588,0.01662938596254532,0.012947730429888381,0.018088844776467,0.012877122109157584,0.004872916584009878,0.0025239355524909954,0.0016852885735942078,0.007178241345368998,0.007648111420593664,0.011673243966344735,0.008989280497313602,0.011897258362808515,0.012936232557614955,0.005866080703188634,0.0029411923881563925,0.0020911179621650984,0.9195544556714594,0.2840466925408691,2.7159533561207354,0.7994048979599029,0.005878538358956575,0.0018158236052840948,0.0005493247881531715,9.155413135886192e-05,1.3291582220511515,0.015039766081781154,0.0077668423764407635,0.002197299152612686,0.008209354244172573,0.0023498893715441227,0.0060897646070957575,0.001881103924111716,0.0064511956202392765,0.001898823985652976,0.006561379414051771,0.001892118714749813,0.004348821472376585,0.0016174563206732273,0.004348821472376585,0.0016174563206732273,0.000797774278006047,0.00012311812796972165,0.0008162422251476032,0.00012291581279339598,0.007049668114632368,0.001983672846108675,220.70070794389713,221.8669949798622,841.6863419396516,842.3109049609651,0.0,0.0,221.87885985748218,842.3016627078384,0,215.0,218.0,836.0,836.0,0.0,0.0,57,67
2,58,601,1050,209,871,179,836,193.62229617304493,853.1946755407654,1.345653011976683,638,0.8584505133433543,27.66255531193445,1,0.5723809523809524,0.7431336244185717,38.969040057683856,36.76955262170047,9.219544457292887,4.116777608713975,3.605551275463989,18.428503902855518,19.987080319340283,36.58637651185132,100.8111831820431,0.9420062695924765,0.5641053900121024,0.03133195576097816,0.16292192399347852,0.11384926552206956,0.015048826338256114,0.019324286025500147,0.011528622085071393,0.04290728938374815,0.02525592633498036,0.0015503746636302508,0.0018448264484773405,0.008360315885068349,0.000810140341111994,0.015444531048647514,0.0014030230400536954,0.0035099233476133984,0.006226279006707975,0.008107112234582402,0.007280129291464427,0.0008790595305036795,0.014252392117700071,0.007003585414463088,0.018925617355443847,0.008178905778522344,0.006000422624539497,0.006722879917223946,0.0038946310153115927,0.007986955364338069,0.005537594991759611,0.0047950567813330874,0.6804150557145476,0.15210193023085594,7.926649947650731,1.1166552221402526,0.009937438182532787,0.0017700465396046638,0.0032959487289190292,7.629510946571827e-05,0.09291558919614953,0.020105869320291424,0.011734187602996826,0.002166781108826399,0.021194782108068466,0.0023041123058646917,0.00819777175559696,0.0018325533762753728,0.01318910141040055,0.0018579953779371923,0.012909132987260818,0.0018463416490703821,0.005935759749263525,0.0015259021893143654,0.005935759749263525,0.0015259021893143654,0.0012142715298925988,0.00012318429162106384,0.003875471475584324,0.00012178056176534648,0.01646067015826702,0.001937895780429244,193.7140063115697,193.60500136649358,853.1797571894009,853.1844219732167,0.0,0.0,193.62229617304493,853.1946755407654,0,196.0,185.0,855.0,839.0,0.0,0.0,58,66
2,59,610,1496,410,886,376,842,390.0327868852459,865.8163934426229,2.108247008383085,733,0.9545608515852917,27.868909599918855,1,0.4077540106951872,0.4743277215732646,53.39540342325437,49.39635614091387,7.0710678118654755,3.2412568687416976,3.0,16.407963335399735,15.912688520992168,32.10854712533593,127.12489168102783,0.8321964529331515,0.31830988618379075,0.05272499735415462,0.09835869581674889,0.07674908300139488,0.05508603007018297,0.026955070333435048,0.013457226693193769,0.03745522823609244,0.031444778355611505,0.0329415778507529,0.03396508745046984,0.013480829636960123,0.0038284632216976423,0.000998633928902924,0.01339619148963484,0.015538917469909425,0.015194333446868274,0.016329685712822666,0.016403461344394778,0.006459257089561177,0.0038217731124428017,0.002040232835121886,0.003203932660465299,0.00486623333479442,0.008711997028271379,0.005030113084074199,0.0025412632241863524,0.005289924978372287,0.005721614077929765,0.0030781641509875102,0.7621576362289488,0.19964904244989157,5.542946585919708,1.1487907222472131,0.007896543946117163,0.0018005645833909512,0.0011902032420039177,7.629510946571827e-05,0.28428576372680603,0.06322125980009656,0.009674220345914364,0.002426184481009841,0.012603952549397945,0.002426184481009841,0.007190166379518385,0.001883481532546147,0.009086797681835587,0.001883263479093792,0.009262226521968842,0.0018768596928566694,0.004562447778880596,0.00158693827688694,0.004562447778880596,0.0015716792549937963,0.0010251731687703051,0.00014386202964122564,0.001585563610613814,0.0001283973959849193,0.01028458122164011,0.0019531548023223877,389.74887201213613,389.9846319368807,865.8309103391505,865.775429694764,0.0,0.0,390.0327868852459,865.8163934426229,0,388.0,382.0,865.0,866.0,0.0,0.0,59,68
2,60,347,644,352,880,329,852,338.8991354466859,866.1123919308358,1.8894745692485557,427,0.8947840444036578,21.019374919894773,1,0.5388198757763976,0.5292476629615079,32.77669483785756,32.01562118716424,7.0,2.7813030017846376,2.23606797749979,16.069673965733877,14.634767226534386,32.58543161829315,90.76955262170047,0.8126463700234192,0.4310381678274161,0.07130981699467313,0.13652278827654948,0.07882917547578568,0.06143833614874914,0.02932322920168524,0.004116931587165289,0.035405262066565676,0.02622913091795179,0.026464958485803325,0.016750665022650706,0.01569557674497078,0.014010052265182489,0.005699687840057358,0.009295381293642007,0.015080654822788893,0.002432736960174759,0.009011321447875816,0.006745585982308687,0.008548737035196862,0.00561089512338568,0.009359980820866996,0.0034712833531453462,0.004225047894622482,0.012637811505663954,0.003556807832678558,0.009750504796980933,0.0071913258780489635,0.00047998369928267985,0.008256747781802933,0.46866560727357864,0.14840924693271518,2.2671244773082435,0.6509040968958288,0.005981536582112312,0.0017853055614978075,0.0005340659990906715,9.155413135886192e-05,0.21217907820445342,0.022582355428836888,0.007202258333563805,0.0023041123058646917,0.008880751207470894,0.0023041123058646917,0.005858320090919733,0.0018551155866589398,0.006533499934605889,0.0018758043138208324,0.006469825282692909,0.0018768596928566694,0.0042114900425076485,0.0015259021893143654,0.0042114900425076485,0.0015259021893143654,0.0005068360078522676,0.00012756978071717525,0.0007539704365830846,0.00012596326936279041,0.00704203883651644,0.0019531548023223877,338.7792442899581,338.91520735166563,865.9373317361421,866.128255620414,0.0,0.0,338.8991354466859,866.1123919308358,0,336.0,344.0,863.0,868.0,0.0,0.0,60,71
2,61,393,572,378,883,356,857,366.21119592875317,869.0763358778626,1.1572254203032697,415,0.730500553508566,22.36924542940416,1,0.6870629370629371,0.8641358740096928,27.20196741695247,25.612496949731394,8.94427190999916,3.7088240697583905,3.1622776601683795,17.66435426967841,18.576552792368968,29.316905075873883,75.59797974644667,0.946987951807229,0.7552986802904094,0.03634174237937992,0.13328868902272256,0.11080700615199113,0.0067016433935278945,0.017789982450362594,0.018393828033863146,0.012720734468216293,0.0067319445156741485,0.01164675438612769,0.010673410798651181,0.005833360156169154,0.020829936475562343,0.01750673425617826,0.020210288623134023,0.009086887353444895,0.004353114789576662,0.006481094470253631,0.006673591607913548,0.010445750307023821,0.00751630834691987,0.0027336344105287754,0.0024116253000816836,0.004008265566237126,0.005853196591798708,0.0038994325875995003,0.010934885006440992,0.005669876888270004,0.006954819138502552,0.0079093811362153,0.5055466629564762,0.11862363619729877,4.462714628782123,0.7331960019655526,0.009102006675675511,0.0017853055614978075,0.0020904866978526115,7.629510946571827e-05,0.03386459885485222,0.05351280232037746,0.009903104975819588,0.0021057450212538242,0.018478674814105034,0.0022583352401852608,0.00789916660869494,0.0018534943155827932,0.011355507961277668,0.0018656386818461897,0.01100175455212593,0.0018616006709635258,0.006393530406057835,0.0016021972987800837,0.006393530406057835,0.0015716792549937963,0.0007117001837787007,0.0001047137783089341,0.002736461016434574,0.00012249968471731733,0.013244831003248692,0.001937895780429244,366.18006659733027,366.1747346514048,869.0630026194175,869.1155046826223,0.0,0.0,366.21119592875317,869.0763358778626,0,365.0,371.0,869.0,862.0,0.0,0.0,61,72
2,62,440,729,455,925,428,898,441.54318181818184,910.2772727272727,1.278664341095122,464,0.8279224992305095,23.66908109081279,1,0.6035665294924554,0.7820660730583464,31.790019650167896,31.400636936215164,8.602325267042627,3.7067801911843232,3.605551275463989,16.97056274847714,17.829194817265925,44.796991394033356,84.08326112068524,0.9482758620689655,0.5681799185430746,0.03555211828215742,0.18096263236356225,0.10078342937763006,0.009916640634812122,0.013657403564098475,0.007597072066691543,0.036350589080752484,0.02578531621273508,0.0033685708193850607,0.011090196122594941,0.00846373479612293,0.015094265268597007,0.017070198772404212,0.003009943465598703,0.010005958632123368,0.00477824228926782,0.008989827580016962,0.00664374825918331,0.0035830185932861813,0.010841204355950488,0.014890661386382476,0.012152352393756616,0.011089412633847277,0.009353692707712262,0.005358924002007193,0.0036443129387770403,0.008248363169058318,0.00511684984917548,0.003927857644786623,0.5236133430153131,0.13205157546326518,5.257251896895468,0.8339513235259801,0.008926527574658394,0.0018158236052840948,0.0028076600283384323,7.629510946571827e-05,0.17311100525858944,0.056522955119026136,0.00949111208319664,0.0022278171963989735,0.02088960073888302,0.00238040741533041,0.007480190614504474,0.0018864510780466455,0.011948299765671518,0.0018953439171045003,0.011535820551216602,0.0018768596928566694,0.00476081483066082,0.0016937514301389456,0.00476081483066082,0.0015259021893143654,0.0009299848275155495,0.00011109248909791272,0.0036361742667875064,0.0001259118200822835,0.014572366140782833,0.0019684138242155313,441.5694329266853,441.4889941997695,910.1061636993286,910.2611933471172,0.0,0.0,441.54318181818184,910.2772727272727,0,442.0,434.0,912.0,903.0,0.0,0.0,62,73
2,63,710,1352,643,943,591,917,615.5309859154929,928.9985915492957,1.991448357300019,798,0.9570314033851798,30.066594033278285,1,0.5251479289940828,0.5021470912536178,56.899565875538556,53.45091205957107,8.0,3.5497949783353575,3.1622776601683795,17.267708368817676,16.49998065201437,69.44194149767127,133.29646455628165,0.8897243107769424,0.31641584765907094,0.01147264751924095,0.1212262649541956,0.08241749129808636,0.005219669600832791,0.00988031217815608,0.044571706066497484,0.055964707852922665,0.0376886216374322,0.004406836710548011,0.004883001744498576,0.00889296993999556,0.023172736976931854,0.02384760081497167,0.026201822315046384,0.020152154061707162,0.003365431901689332,0.0019739316312202644,0.005124206419384143,0.007391529502628069,0.00837976011283,0.009873950948571103,0.008761493792513134,0.012107878863052214,0.011298127323896814,0.001493952782637646,0.00253286261512841,0.002550176180265376,0.0036581035360182465,0.005864684923444397,0.7959105973131955,0.2122072174679488,6.760372404474765,1.3278248261194676,0.0079041738063097,0.0017853055614978075,0.0016479743644595146,7.629510946571827e-05,0.26463062565548445,0.020942141187153242,0.008957046084105968,0.0021057450212538242,0.013702602125704288,0.0023193713277578354,0.0070434566133911105,0.0018779399775924672,0.00952165127390812,0.0018701758114358698,0.009582665748894215,0.0018616006709635258,0.004638742655515671,0.0016479743644595146,0.004638742655515671,0.0015564202331006527,0.000857090254271852,0.00010358559048276299,0.0019468505393556042,0.00011740075197106717,0.011123827192932367,0.001937895780429244,615.3981685709273,615.5284133350187,928.76970528711,929.0193750790057,0.0,0.0,615.5309859154929,928.9985915492957,0,605.0,601.0,923.0,930.0,0.0,0.0,63,74
2,64,380,650,622,972,597,946,610.7026315789474,957.8631578947368,1.3016871150334535,413,0.8269287022484256,21.996159369293583,1,0.5846153846153846,0.7682337701977636,29.739073965768142,28.30194339616981,7.810249675906654,3.419477147635088,3.0,16.085897474526426,16.72248309544394,37.015724011114166,78.84062043356595,0.9200968523002422,0.6008546166165937,0.1008143200830929,0.1346543974658078,0.09549959771986472,0.04840099803425851,0.03166180340955804,0.0035041622277802056,0.019858049953579884,0.022449942910237938,0.012930602882920698,0.0029163331396317087,0.006131301750077493,0.009284022605691819,0.002156231898646126,0.003743166994271694,0.009534463595617278,0.016340023671797915,0.01919199034453629,0.014443376084008579,0.0029924529143354433,0.0029811516206710467,0.008781676468056662,0.006483659277723574,0.001826316299009797,0.0024931559708120834,0.0043691479155165795,0.002962744491510381,0.007592560959844323,0.009222751359502563,0.002405866381645279,0.47591364197432995,0.12356755929067731,3.684229849372059,0.7034103912301362,0.008102540858089924,0.0017700465396046638,0.00161745585501194,7.629510946571827e-05,0.2839189816916321,0.01794350482933387,0.009292744100093842,0.002243076218292117,0.014663919806480408,0.0023193713277578354,0.007210812757186817,0.001872235746828444,0.00969534170887384,0.001851079976921411,0.00961318425834179,0.0018463416490703821,0.00521858548745513,0.0015716792549937963,0.00521858548745513,0.0015716792549937963,0.0009507319193037174,0.00013622132442605623,0.0021049621148518816,0.00012313009549448823,0.011306934989988804,0.0019226367585361004,610.7340896158736,610.7017441103735,957.5809870598201,957.8810794394551,0.0,0.0,610.7026315789474,957.8631578947368,0,612.0,614.0,957.0,966.0,0.0,0.0,64,75
2,65,579,1116,671,991,635,960,651.3229706390329,976.4525043177892,1.6448343082235806,658,0.8985342531348087,27.151532118863187,1,0.5188172043010753,0.6079639724198111,42.15539962100771,39.824615503479755,8.48528137423857,3.624261611923535,3.1622776601683795,18.0,18.502148289824,54.561692685232465,109.39696961966999,0.8799392097264438,0.46378763388701955,0.03306965061834304,0.15033349547937963,0.10406019815260216,0.03253488235286046,0.006134580569392029,0.025713367615508534,0.05328073019301181,0.03255753384516306,0.013753648287123105,0.011171184756757421,0.005353151598446199,0.01252682899034126,0.0047209181071815876,0.014309878986917298,0.0074743231453355315,0.004703074817551692,0.004520407230067712,0.005436399623205155,0.005190079016599195,0.003629644123113581,0.0052772897746146035,0.007588182088737464,0.0034307100731743216,0.006821499582618252,0.011086585910232124,0.006352254078146996,0.0061356255442605295,0.003906196894450542,0.004045292622827513,0.6111848740838468,0.16716258483938873,5.230594402644783,1.0653238724917173,0.007446402683854103,0.0017547875177115202,0.0015030140057206154,7.629510946571827e-05,0.562745298338354,0.027934469441432342,0.008285649120807648,0.0020447089336812496,0.014770733192563057,0.0024109254591166973,0.006643313848737465,0.0018169846178194427,0.009033841800768192,0.001839937603612638,0.00872053112834692,0.0018310826271772385,0.004684519954025745,0.0016021972987800837,0.004684519954025745,0.0015716792549937963,0.0007772231772397853,9.572273582828515e-05,0.002011154517132553,0.00012157871118108645,0.010532540269196033,0.0019073777366429567,650.8643385076176,651.2962644665979,976.1264079534498,976.4606966884381,0.0,0.0,651.3229706390329,976.4525043177892,0,652.0,646.0,978.0,980.0,0.0,0.0,65,0
3,1,388,792,537,223,513,190,525.1984536082474,207.11082474226805,2.130131440345922,485,0.8614092463364937,22.22649192646566,1,0.4898989898989899,0.46945459846252746,33.16006714708791,34.539832078341085,7.615773105863909,2.955336817807132,2.53224755112299,17.361279536639035,16.842380048479548,24.92769556881472,101.9116882454314,0.8,0.411961830903414,0.03146289079638398,0.17138223356776938,0.07099800583522589,0.010881804138141802,0.027414400140654514,0.04731228728976364,0.03721893720528934,0.02393256474095441,0.010466106530639861,0.022288057414906897,0.017474216425351612,0.0048009093065971556,0.006943937701436637,0.006781966305222426,0.011437768263698286,0.0057228422261701335,0.00693202467215307,0.018028827966468805,0.008731167868555543,0.01583174954293627,0.00327978629911944,0.01507214982506995,0.008984622601777258,0.0053869605575267545,0.006706732057678876,0.007607504389782117,0.0083395022797806,0.004206941647297055,0.004903662149497496,0.5207751705311239,0.1668421453796327,2.5665980502963066,0.7254291598219424,0.0060120546258986,0.0017853055614978075,0.0006103608757257462,7.629510946571827e-05,0.698773387343307,0.03589186551535529,0.007186999544501305,0.0022583352401852608,0.009033340960741043,0.0023498893715441227,0.005851406410462066,0.0018746308469621653,0.006614943428598728,0.0018696627830462435,0.006637674756348133,0.0018616006709635258,0.0038452735170722008,0.001632715342566371,0.0038452735170722008,0.00158693827688694,0.0007061959882986589,0.00013248413109721638,0.0008983768889680409,0.0001282913920440149,0.007232776377350092,0.001937895780429244,525.5552549816042,525.1710102858585,207.71163837962155,207.08769272838182,0.0,0.0,525.1984536082474,207.11082474226805,0,531.0,517.0,214.0,200.0,0.0,0.0,1,1
3,2,463,782,113,229,90,195,101.66738660907127,210.25701943844493,1.7418111423391966,521,0.9049313635853308,24.279825147895533,1,0.592071611253197,0.5741150551241921,37.89748578943371,37.73592452822641,7.615773105863909,3.333828436339718,3.0,15.652475842498529,16.12756115195282,23.616599269897044,100.66904755831213,0.8886756238003839,0.4121934200301335,0.038932810596803584,0.16187249214544666,0.08709421376778427,0.010690227942443571,0.013794174018929068,0.03661386422895223,0.05927015576799435,0.028553370164929842,0.012249016593837427,0.0006502652819955989,0.0020694227392071296,0.010296061189802117,0.009522407959614369,0.017836652273854083,0.010279994977411878,0.004938356302523952,0.009143341030788267,0.005044709776065027,0.002354791433879462,0.005104651796262434,0.00483755215632968,0.004126544824463517,0.0018996044598828797,0.006445190910207235,0.004270149342977692,0.0018592638858024666,0.010161738296079364,0.005750020623514933,0.0032713092729482825,0.5767300017178059,0.16583504993468523,4.127901174593717,0.8754100860096514,0.007442587986588478,0.0018005645833909512,0.001541161211207509,7.629510946571827e-05,0.32871531722008057,0.016142951604706066,0.00885023269802332,0.002243076218292117,0.014068818651139736,0.0024872205685824156,0.006553750019520521,0.0018844892038032413,0.008915553292858999,0.0018907345270186857,0.008949416223913431,0.0018768596928566694,0.0041046771220862865,0.001632715342566371,0.0041046771220862865,0.0016021972987800837,0.0011915989768347054,0.00010996221011768237,0.002024108139319694,0.0001236321688645224,0.010521095478907228,0.0019684138242155313,101.54934535117532,101.67245947359247,209.95022957353828,210.24169426529545,0.0,0.0,101.66738660907127,210.25701943844493,0,100.0,103.0,208.0,199.0,0.0,0.0,2,0
3,3,425,702,570,225,544,198,556.6870588235294,210.4894117647059,1.261567262801765,443,0.8612788522011249,23.26213245840639,1,0.6054131054131054,0.7926648300774225,32.728784494164934,31.827660925679098,8.48528137423857,3.602896599739156,3.1622776601683795,15.556349186104045,16.63056234595853,46.19365300264168,82.08326112068522,0.9593679458239278,0.5326624918067171,0.020168818260986106,0.17858088532201036,0.10286042698744384,0.009089762060380641,0.014530966031772254,0.016451680202309284,0.044500628388030775,0.03194109614429288,0.005261157148672153,0.0032273076335134813,0.008853907715102376,0.006081698006804119,0.014800741905710431,0.004784164123967795,0.010604610840494917,0.0032602434467074747,0.010771738383283679,0.0014709324778347335,0.004076018983029705,0.016954074808225122,0.012184887609589122,0.014659640024478395,0.008041381854314644,0.0046721757877563235,0.00458960637050183,0.0042099485937287144,0.006132388737204047,0.003590377224161369,0.0032436502889043295,0.5477836322970688,0.1278248263988644,5.082780244294554,0.806851300643757,0.009143969044089317,0.0018158236052840948,0.0025940341874957085,7.629510946571827e-05,0.5832410974703081,0.025217833396918642,0.010238803923130035,0.002426184481009841,0.020233463495969772,0.002426184481009841,0.008055641651427484,0.0018797768588068291,0.011959482927751891,0.001898473648573546,0.011505302973091602,0.001892118714749813,0.005416953004896641,0.001632715342566371,0.005416953004896641,0.0015716792549937963,0.0011528459481216153,0.0001238338119979165,0.0033421857856156443,0.00012100223756726805,0.01438925787806511,0.0019684138242155313,556.2755659017078,556.6932692853226,210.07607926771456,210.51385290390908,0.0,0.0,556.6870588235294,210.4894117647059,0,556.0,550.0,209.0,215.0,0.0,0.0,3,2
3,4,429,960,567,251,535,221,551.4731934731934,236.14452214452214,1.9976700672667231,500,0.9416624824049082,23.371344948277684,1,0.446875,0.500583162548074,41.71076867222953,39.698866482558415,6.708203932499369,2.9260150089727137,2.8284271247461903,14.849242404917497,14.038122742459763,48.54806714587858,103.77564927611036,0.858,0.34658614510874675,0.029745575023030605,0.12850831757395537,0.08278699162524632,0.026534695752215925,0.021753907455213,0.025657658123006775,0.06297109151964456,0.02792413899511441,0.009974205955429307,0.02269884357020943,0.012454138294067604,0.018382814325004954,0.018016526255662562,0.01892083477774044,0.011581861305884652,0.00574340120173793,0.006030051393421659,0.012093708240550486,0.006266035162309404,0.011480144241467679,0.0040319196383388056,0.00472049294666654,0.004376577345140425,0.00664661178743919,0.0050009425535124654,0.006813888100527955,0.0034651022405043854,0.005174655038590084,0.0028789422112324155,0.5472800866700709,0.16368352784775198,3.1448691985569894,0.8030975812580436,0.006664377870038152,0.0018005645833909512,0.0007095444016158581,7.629510946571827e-05,0.4617210329222101,0.06279883549804466,0.008438238874077797,0.0021820401307195425,0.009811551310122013,0.0023651483934372663,0.0062905757088513896,0.0018814198603189882,0.007330697432533775,0.0018720223339348337,0.007408255245536566,0.0018616006709635258,0.003936827648431063,0.0015716792549937963,0.003936827648431063,0.0014190890360623598,0.0008042506347250674,0.00011565786823164266,0.001005303639879667,0.00012387922498524175,0.008087282069027424,0.001937895780429244,551.1592923828246,551.5171856890425,235.80591851532128,236.1893370827079,0.0,0.0,551.4731934731934,236.14452214452214,0,552.0,537.0,237.0,225.0,0.0,0.0,4,1
3,5,476,1089,547,261,514,228,529.2647058823529,244.92226890756302,1.945732720824904,541,0.9466501113111628,24.61832697999475,1,0.43709825528007346,0.5139452039312186,44.44250515525126,41.773197148410844,7.0710678118654755,3.0529266324258266,2.8284271247461903,13.973913920955368,14.322183698443624,43.4991399732872,107.88225099390857,0.8798521256931608,0.34575485375887377,0.021272132412858583,0.12923475002024337,0.08573643891203747,0.026296240004540755,0.005449468516200108,0.03390703221911557,0.05829427861034355,0.036717895646173684,0.018945692641665884,0.010623307377765769,0.00242803511228163,0.01555027231312714,0.016914791313740588,0.025074841972558916,0.018730978258003954,0.009848704330880045,0.008910914837038528,0.0026280848299507866,0.0032710751315023624,0.003174408727008102,0.00551753733659007,0.003213290068071947,0.010098385440715847,0.010448213303432947,0.003338331758220736,0.0005549238515421094,0.004822618155073118,0.00048516878660017043,0.0037151875386204868,0.5350728710182011,0.16588082700036466,3.465507024899125,0.8978255891706795,0.00634775310754776,0.0018005645833909512,0.0009613181464374065,7.629510946571827e-05,0.30758705265917946,0.008030654155724284,0.0079194325953722,0.002243076218292117,0.010543984360992908,0.002426184481009841,0.00608037353429774,0.0018850093977314166,0.007280476943065389,0.0018861882125434442,0.007232776377350092,0.0018768596928566694,0.0045014116913080215,0.0016174563206732273,0.0045014116913080215,0.0013885709922760725,0.0008217491458217493,0.00012080737914319793,0.001254037401999004,0.00012303230375552138,0.008239871822297573,0.0019531548023223877,529.0424592285661,529.2726592906066,244.70962784886518,244.92115773551555,0.0,0.0,529.2647058823529,244.92226890756302,0,532.0,521.0,251.0,238.0,0.0,0.0,5,4
3,6,713,1488,727,295,679,264,703.2875175315568,281.43758765778404,1.9240070983276094,827,0.9526231842438514,30.130048048354833,1,0.4791666666666667,0.5197486022110951,56.67369726407989,52.839379254491625,7.615773105863909,3.5953772816861673,3.605551275463989,17.159199213455704,17.23747704071426,-65.13069157257635,131.29646455628165,0.8621523579201935,0.3242382938061249,0.006443919187241624,0.12147943571372434,0.08383988118161137,0.018341532530947165,0.008172577844980815,0.037803088403421524,0.05836310362232878,0.03621322149378105,0.016889780581273047,0.0032601042659499866,0.010327409949001099,0.022276064384454675,0.019022694004661646,0.028201955530963874,0.01715735124333206,0.00839123274986558,0.010018165664072471,0.004512272266949372,0.00847233127633038,0.005089787590828693,0.009135036077795559,0.006464942789448641,0.012385373496252508,0.008097902453526786,0.0028559810929224463,0.0030745735273700926,0.003464360566181968,0.005514973826084436,0.005767875232564477,0.7935454454272985,0.20587472338229418,7.0974594457075,1.335835812613368,0.007953765103593469,0.0017853055614978075,0.0019607841968536377,7.629510946571827e-05,0.39251770398630464,0.02070123563358656,0.01020828541368246,0.0023956664372235537,0.015564202331006527,0.0023956664372235537,0.007149058066912599,0.0018547272376783258,0.009954361073923562,0.0018735425141842468,0.010002288967370987,0.0018768596928566694,0.0045014116913080215,0.0015564202331006527,0.0045014116913080215,0.0015564202331006527,0.0012994362691164585,0.00013194428440782463,0.002479906837152086,0.00012356554111725117,0.011932555586099625,0.0019531548023223877,702.996211834116,703.3068856803436,281.7006677569577,281.4448962807274,0.0,0.0,703.2875175315568,281.43758765778404,0,701.0,712.0,283.0,286.0,0.0,0.0,6,5
3,7,1017,2343,296,344,225,311,258.50639134709934,324.8092428711898,2.417779720355915,1119,0.9728547275547019,35.98450523483212,1,0.43405889884763127,0.41360260886496003,75.8675191162647,73.37574531137656,8.54400374531753,3.822118965798368,3.605551275463989,17.08800749063506,17.557009277707394,-69.4153523103082,175.78174593052023,0.9088471849865952,0.2405060581344095,0.017381606466384914,0.10254980050281325,0.059724681780331815,0.022095970055787104,0.008582750745366219,0.040463896441664614,0.04500481648028177,0.029049239777955368,0.018822107030835093,0.014223986737844066,0.004873799027689597,0.021549993114316816,0.020650479775121137,0.02440010878394822,0.01738485456303101,0.01314597812463365,0.01274140073790632,0.008914773844528542,0.0030327823945313784,0.006389710411217755,0.012150276957424959,0.009472478643871586,0.015244701700885098,0.011351083241110988,0.007429887042092579,0.00852313074225911,0.0072433109841618494,0.005918142315758093,0.0019881437051130287,1.2963454821147025,0.2880903333425522,12.275745920371264,1.937468527816236,0.00869764294475317,0.0018158236052840948,0.003349355421960354,9.155413135886192e-05,0.63182895144297,0.06463701588068697,0.012848096899688244,0.0022735942620784044,0.02069123461842537,0.002471961546689272,0.00847284628833139,0.0018829433551800796,0.012070546627700358,0.0019050821315793865,0.01188677828758955,0.001892118714749813,0.004470893647521734,0.0016174563206732273,0.004470893647521734,0.0013733119703829288,0.0020232611992785873,0.00012474002811488125,0.0038672323685480076,0.00012693955366158962,0.015411612577736378,0.001983672846108675,258.8798295996708,258.44781526635796,324.29958446068537,324.83657026746056,0.0,0.0,258.50639134709934,324.8092428711898,0,263.0,259.0,321.0,323.0,0.0,0.0,7,0
3,8,686,972,1007,345,953,327,976.2784256559767,335.1618075801749,1.9806670252946872,749,0.9482805756713927,29.554057719513263,1,0.7057613168724279,0.5048804201964326,54.35384701186684,53.9351462406472,9.0,3.6626868106232617,3.1622776601683795,17.0,17.253725293024992,-85.50526544207773,130.66904755831214,0.9158878504672897,0.2993798035747169,0.04129697991654103,0.12193985872052038,0.07000142170879274,0.031006834350526334,0.017150994699024487,0.04133297379125836,0.04933829996213282,0.029205268747387665,0.012866163394635734,0.01924840816707038,0.009346853655165334,0.0247781312082881,0.014734556483968,0.02098782224763371,0.015234763883859184,0.006734267204608948,0.00909862120898222,0.012560163943964054,0.005255607699519279,0.010631750167150265,0.004755143897205824,0.007197885611513053,0.0086309922843685,0.009906063474707464,0.002038649699923555,0.005309000576304028,0.00630882906796049,0.007539725901993437,0.0029984759406418674,1.0512855863198638,0.21367208356969059,8.497230560984462,1.2660868235398084,0.010048065800219774,0.0017547875177115202,0.0021515218541026115,7.629510946571827e-05,0.5728120035318172,0.06156414976846612,0.014206149615347385,0.002151522086933255,0.021805142983794212,0.0023498893715441227,0.008985346891622767,0.00182625712452727,0.012386633470822831,0.0018456076144895165,0.012222476303577423,0.0018310826271772385,0.005035477224737406,0.00158693827688694,0.005035477224737406,0.001495384145528078,0.001867912392391396,0.00011484234514297099,0.0032279900185728087,0.00012308203971465135,0.014335851185023785,0.0019226367585361004,976.8321086189321,976.2181070950792,335.0150125941468,335.1741289335085,0.0,0.0,976.2784256559767,335.1618075801749,0,972.0,983.0,336.0,330.0,0.0,0.0,8,0
3,9,481,1160,288,363,248,334,266.9106029106029,346.3160083160083,2.083662417000389,560,0.9545303035007384,24.747287144606645,1,0.4146551724137931,0.47992419109789675,46.95033133754738,43.01162633521314,6.4031242374328485,2.9653475037631947,2.8284271247461903,13.891385396543216,13.99654656445758,-60.96504139324993,112.22539674441619,0.8589285714285714,0.33104228163114224,0.041578622166538334,0.10584647736711723,0.08479079593632474,0.04238104565039176,0.024814448202357765,0.02549244507545335,0.045985339490394704,0.034281083509440965,0.028943027386425298,0.024401520309072316,0.015687875083983907,0.007950481750197365,0.010660286647092348,0.018953571626419047,0.013956801545523478,0.015587347121648535,0.01314430105214683,0.011661800970837723,0.009505908501490289,0.0011620157222598767,0.0022031617112648755,0.0030941142312846514,0.007367772043336503,0.005544717219115784,0.00525618017968934,0.004052277639270401,0.002247460648993516,0.004191867414652052,0.005214167492297935,0.6952315671369433,0.1762722209095955,4.210788180585951,0.9132524603046477,0.007724879891611636,0.0018158236052840948,0.0010299840942025185,7.629510946571827e-05,0.252884610712512,0.007721265957422907,0.010009918361902237,0.002151522086933255,0.012344548478722572,0.0023498893715441227,0.007396080501456844,0.001875236392655271,0.008754237381675573,0.001898653763627126,0.00885786209255457,0.001892118714749813,0.005188067443668842,0.00158693827688694,0.005188067443668842,0.00158693827688694,0.0012436502954435349,0.0001304390147233291,0.0013854422168047718,0.00012995806766356394,0.009868772700428963,0.001983672846108675,266.8000645247694,266.90472848788636,346.0885618572701,346.3210192147034,0.0,0.0,266.9106029106029,346.3160083160083,0,263.0,262.0,348.0,343.0,0.0,0.0,9,9
3,10,408,666,88,353,51,335,68.22549019607843,342.9950980392157,1.9536774730782214,469,0.926100953897755,22.792141940852034,1,0.6126126126126126,0.5118552134526055,37.7617078654677,37.36308338453881,7.0710678118654755,2.9358611448501852,2.8284271247461903,14.749546872632287,14.246578240237213,-76.32762602221669,100.08326112068522,0.8699360341151386,0.37212158614036267,0.04281239356741243,0.14516693260102304,0.07675083432851966,0.04184856500030448,0.022344925025930724,0.04017886308892849,0.04153240302613978,0.03189292196030929,0.018646752258621085,0.028530048445946005,0.011867260454935363,0.01155453200381843,0.006477033174838299,0.013178535604928649,0.01767197895931466,0.002675835425278402,0.012614044389225183,0.010436582801939414,0.0065498550397099205,0.0022696655794857776,0.003767810282350729,0.002222863192530617,0.006165499905669019,0.01105789951497874,0.00907864977801249,0.0038788203309601337,0.001535482010553281,0.0029996894026237055,0.0032003662907244238,0.48882277542725205,0.15916685736738145,2.5393301770091057,0.7597161820158362,0.0057068741880357265,0.0017700465396046638,0.0004882887005805969,7.629510946571827e-05,0.23562611596639663,0.07539181616495824,0.0068818191066384315,0.0020904859993606806,0.008773937821388245,0.0023498893715441227,0.005683985760782001,0.0018507774112486216,0.006223848473061533,0.0018620494657250889,0.0061036087572574615,0.0018616006709635258,0.004394598305225372,0.001632715342566371,0.004394598305225372,0.0015716792549937963,0.0004864040490960902,0.00010230417866370682,0.0007372329564320815,0.00011722538644983981,0.006698710843920708,0.001937895780429244,67.99218219590627,68.29567365630272,343.0280683831793,342.96756246485097,0.0,0.0,68.22549019607843,342.9950980392157,0,67.0,66.0,340.0,340.0,0.0,0.0,10,0
3,11,728,1710,339,366,282,336,310.7774725274725,349.2664835164835,3.1178709105147027,840,0.970219214647803,30.445334430207833,-1,0.4257309941520468,0.32073168796937734,64.09613241195699,60.53924347066124,7.211102550927978,3.0913524327973447,2.8284271247461903,15.476135474683893,15.525913888599,-68.66628863749118,168.88834764831844,0.8666666666666667,0.2522160735273474,0.012182736652164296,0.10236344595779263,0.06619753425218718,0.01379768881994124,0.002666539771752105,0.038887169320807484,0.05085685517030283,0.030917445510277784,0.009335791658611942,0.007886740024644795,0.0013012343368054725,0.024559229768681922,0.02411628010870707,0.026671798855780835,0.01710113049129715,0.006909232257867053,0.006701409263837471,0.003613427181827123,0.0024634757702489095,0.011806300396899736,0.014024234317847464,0.012362052424748856,0.0140650400079348,0.010242428584101373,0.0046924054895716785,0.0049303399287056624,0.004540316541041548,0.0013845530929119997,0.0028773445708722063,0.952819119207561,0.27524223690852523,5.692408717237413,1.370031280675903,0.006836041808128357,0.0018005645833909512,0.0009918361902236938,7.629510946571827e-05,0.17156604951307053,0.03169048735634102,0.00883497390896082,0.002609292743727565,0.011413748376071453,0.002609292743727565,0.006526158350736719,0.0018852208007433234,0.007819242743457985,0.001881911099829537,0.0079346913844347,0.0018768596928566694,0.004226749297231436,0.0016174563206732273,0.004226749297231436,0.001541161211207509,0.0009777142543833976,0.00013082595880033673,0.0013521042813172352,0.00012892161645904532,0.008804455399513245,0.0019684138242155313,310.62712436959,310.75400122514895,349.1838376408039,349.28777635462495,0.0,0.0,310.7774725274725,349.2664835164835,0,301.0,297.0,353.0,360.0,0.0,0.0,11,8
3,12,681,1218,812,394,791,336,800.7224669603524,364.1806167400881,2.3556687911555825,770,0.970215044163614,29.44615645486938,1,0.5591133004926109,0.42450789506339986,60.64065588657121,57.3149195236284,7.0,3.228281148368734,3.0,14.512594000225619,14.689911712920695,10.250882651911326,141.9827560572969,0.8844155844155844,0.263174931773265,0.025247297998341925,0.10349058940721087,0.06637114962287687,0.027408426639063965,0.017357164884958812,0.03709334574285733,0.045921845459604746,0.0302566304475665,0.02128681694313295,0.019076814339891085,0.013035589318845625,0.020920998578749503,0.016664741789040274,0.02363222726633893,0.015980548211238604,0.014691676990741198,0.012808230381273666,0.0135320725446596,0.009786470720331683,0.006845837916029025,0.007715280166392211,0.008126616192818492,0.011998014813888874,0.009032893880985386,0.008535300677583482,0.005632521392764505,0.008947945698566617,0.008418496149990826,0.007487599790695541,0.6784771648235619,0.23413443192839622,4.371221564244479,1.277622644091025,0.005817502271384001,0.0018005645833909512,0.0006103608757257462,7.629510946571827e-05,0.047324928012532616,0.052052446557800246,0.007263294421136379,0.0022278171963989735,0.00886549148708582,0.0023193713277578354,0.005427817318588496,0.0018730754554271698,0.006418827553956651,0.0018760978621013584,0.006454566493630409,0.0018768596928566694,0.004135195165872574,0.0015106431674212217,0.004135195165872574,0.0015106431674212217,0.0005404152312516846,0.00012229560689366262,0.0008431672520665206,0.00012711096303892199,0.007015335373580456,0.0019531548023223877,800.7420654270907,800.7389912694526,364.13754065724737,364.13125679274805,0.0,0.0,800.7224669603524,364.1806167400881,0,798.0,796.0,355.0,359.0,0.0,0.0,12,11
3,13,375,875,129,362,94,337,110.45866666666667,348.65066666666667,3.033840460511669,469,0.9449191402417463,21.850968611841584,0,0.42857142857142855,0.32961522302044394,40.1582010905628,37.57658845611187,6.324555320336759,2.370963989654164,2.0,14.095159518462347,13.143934327832193,61.79589239305479,119.5685424949238,0.7995735607675906,0.3363444406417958,0.015233504311606506,0.12478838807762166,0.08378373043416133,0.00933974101361253,0.01742644869563218,0.04484384180159904,0.05101780930313205,0.03487216842922283,0.007056359267059382,0.01272548421337782,0.012551415302968244,0.03235310354980101,0.009562790608119796,0.026442486705468244,0.013882225944832334,0.0015104707498182898,0.00660232759359478,0.008939563809692085,0.007394870840307618,0.005662248699574661,0.004404369177401939,0.0037363325153946395,0.010447049194309752,0.004219677170534748,0.0020982331370175294,0.008342834633125308,0.002262742812484644,0.004141891225202227,0.0033159725539016185,0.598886105697602,0.19264515140093863,2.3580072158947587,0.7027084762230515,0.005642023403197527,0.0017853055614978075,0.0006179902702569962,9.155413135886192e-05,0.3764434377368753,0.04501533892212402,0.007186999544501305,0.002151522086933255,0.008514534682035446,0.0023041123058646917,0.00581442821065633,0.0018703412757372683,0.006288019242386023,0.0018738892699281375,0.006301976274698973,0.0018616006709635258,0.00430304417386651,0.00158693827688694,0.00430304417386651,0.0015716792549937963,0.0006678806703579538,0.0001245398235755785,0.0008186504371228969,0.0001244567317212883,0.006866559851914644,0.0019684138242155313,110.13238682771257,110.48810040823417,348.46291382778736,348.6847259619561,0.0,0.0,110.45866666666667,348.65066666666667,0,109.0,99.0,346.0,344.0,0.0,0.0,13,12
3,14,647,1265,418,363,363,340,389.46522411128285,349.9397217928903,2.3300901501506774,799,0.9641600343359349,28.701672171559103,1,0.5114624505928854,0.42916794439705863,57.7616779156836,55.54277630799526,7.280109889280518,3.2211044510685634,3.0,16.215338814335826,15.325407388624642,75.92342372876985,137.63961030678928,0.8097622027534418,0.2670294928504539,0.007447319030673076,0.1120538025652249,0.06720499019727594,0.011271217933161201,0.0022536497211070017,0.0319800271209077,0.05958926277412357,0.028758259295324565,0.010867307890671158,0.0010029721689354888,0.002855324662942939,0.021588326840261404,0.024257484770213736,0.029781190762175724,0.015030173801019708,0.006185390397292632,0.00796411629388591,0.004278570453166781,0.0018614037446153437,0.014370704849531008,0.010308273673097366,0.01239993587234656,0.01466397265916412,0.009006571858726095,0.001958896567746082,0.008090178485703802,0.0010444139231388816,0.004285181421803984,0.0008840978252754971,0.7455710819922388,0.2259098191279918,4.82195780146867,1.227389944018796,0.0065918974578380585,0.0018158236052840948,0.0008621346205472946,7.629510946571827e-05,0.7402741660085352,0.1019507480653481,0.008117799647152424,0.002334630349650979,0.010223545134067535,0.002334630349650979,0.006265303210018813,0.0018984018414116958,0.007452794129008764,0.0018970478269224051,0.007537956815212965,0.001892118714749813,0.004333562217652798,0.0016632333863526583,0.004333562217652798,0.0016021972987800837,0.0007862116343807378,0.00011628350588834383,0.0011492112377727338,0.00012348711866487567,0.008285649120807648,0.0019684138242155313,388.7615369554914,389.3653542523963,349.7098735219945,349.9192287131544,0.0,0.0,389.46522411128285,349.9397217928903,0,379.0,374.0,347.0,343.0,0.0,0.0,14,13
3,15,842,1314,230,366,157,348,191.20308788598575,356.97387173396675,3.2040778022882845,1050,0.978061972257546,32.74244487919323,1,0.6407914764079148,0.31210228393512207,73.8775737616062,72.00694410957877,7.615773105863909,3.2464263164035687,3.0,16.85236678597258,15.389742800083125,-88.79505347023557,184.12489168102786,0.8019047619047619,0.2067632973321132,0.017803101401699786,0.09015231554491973,0.051506683858399564,0.018755827880602902,0.009799589722059089,0.03154321635046171,0.04476962141245915,0.023573809112835808,0.016712684141205903,0.012674105199053355,0.006828182869667018,0.017944243830214607,0.021712019631468023,0.02412597233592595,0.01316977314532835,0.014205465069260976,0.01089517155204317,0.009310088828282244,0.004957844876221812,0.010949188247005123,0.009425546466949793,0.014085174687065716,0.01311332577383311,0.008281073831398561,0.010226618180968072,0.0083863231348861,0.0071324038963451976,0.007110577554058991,0.003619450804102611,1.082963322289288,0.31526665133424103,6.732997723389417,1.6165865564253181,0.006820783019065857,0.0018310826271772385,0.0011596856638789177,9.155413135886192e-05,0.6634833691022223,0.03158153517270078,0.009246967732906342,0.0025329976342618465,0.011596856638789177,0.0025787746999412775,0.006563414074480534,0.001910706977783279,0.007996434350818786,0.0019199365278210429,0.007980468682944775,0.0019073777366429567,0.004852368962019682,0.001678492408245802,0.004806592129170895,0.0014801251236349344,0.000988690053069807,0.00012713527622197534,0.0015010391921912215,0.00012512459061758877,0.009140154346823692,0.0019989318680018187,191.84952417865313,191.23465448401498,356.8244384692708,356.9729005219788,0.0,0.0,191.20308788598575,356.97387173396675,0,194.0,170.0,356.0,358.0,0.0,0.0,15,15
3,16,596,946,392,379,349,357,369.11744966442956,367.8775167785235,1.6949352906522928,653,0.9306774834258613,27.547246117573295,1,0.6300211416490487,0.589993025406387,46.257530779360266,42.44997055358225,8.0,3.572779014390914,3.1622776601683795,15.810973116704593,16.92288769775088,77.49984650712426,112.66904755831214,0.9127105666156202,0.4179943446074915,0.0404049795590054,0.13132335939308587,0.10301711241490723,0.02911620182697889,0.029527841636601715,0.03853973341729589,0.04926008593306949,0.03654976992783743,0.012387491883395683,0.020528985711864952,0.015749855317075793,0.018345665941057868,0.007626532016840695,0.015905115482950708,0.011285415680702592,0.0025899264884255754,0.003462000264900476,0.008288026574252956,0.005204025820138494,0.004258583110783437,0.0022083364678393675,0.0019738347634269317,0.002837808529470635,0.0037960953255510373,0.00584819952743493,0.0036338702666563606,0.004925615092386283,0.0020202555583362955,0.004320902037862589,0.7007553335279226,0.18725871667265892,5.419287463650107,1.1238879985176027,0.007629510946571827,0.0018005645833909512,0.0014343475922942162,7.629510946571827e-05,0.39411089774953295,0.05590154801025529,0.008957046084105968,0.0022278171963989735,0.013916227966547012,0.00238040741533041,0.007078336702302249,0.0018915021886127164,0.009092764200755214,0.0018857181183181252,0.00883497390896082,0.0018768596928566694,0.005249103531241417,0.0016632333863526583,0.005249103531241417,0.0015564202331006527,0.0009105138240570269,0.00011523205841088642,0.0019025730035667928,0.00012066413899522647,0.010605020448565483,0.0019684138242155313,369.51070101264844,369.06852309446873,367.9035317136373,367.8504765525294,0.0,0.0,369.11744966442956,367.8775167785235,0,367.0,373.0,368.0,365.0,0.0,0.0,16,13
3,17,535,1189,57,393,16,364,35.942056074766356,378.36822429906545,2.26618535855565,632,0.9340465405248005,26.099485750361293,1,0.4499579478553406,0.44127017069660557,46.04229480437624,43.04648650006177,7.0710678118654755,3.1146489615227746,2.8284271247461903,18.31724702190639,16.444066027190196,-59.45714929720513,123.43250352560273,0.8465189873417721,0.36761098566287753,0.04155600935214904,0.12111355353058113,0.09165194353761176,0.03538404377159331,0.010948483581188419,0.027309033716067535,0.05386497979506911,0.03649650619312861,0.021654008275629872,0.02045580929388705,0.0021300360654531755,0.011512493579437294,0.014399987315568148,0.016047414135993976,0.01922326526359665,0.010662676389156786,0.01046757493654125,0.008646531824447622,0.0038794266167750395,0.0021980858360755506,0.005093688447223607,0.0015908694206865114,0.008147400473937978,0.010588057075233434,0.004724846421598482,0.004036887214701618,0.006241374747562004,0.003267839617595259,0.004193254611348635,0.7028000429272652,0.1958495459984988,4.2267491281963885,1.0081788355018944,0.006786450161598623,0.0018005645833909512,0.0009918361902236938,9.155413135886192e-05,0.2676617260149503,0.005332672481003374,0.00883497390896082,0.0021820401307195425,0.010894942097365856,0.0025024795904755592,0.006630189084219483,0.0018476372264009321,0.007900465660180165,0.001884446421498868,0.008117799647152424,0.0018768596928566694,0.004669260699301958,0.001632715342566371,0.004669260699301958,0.0015564202331006527,0.0009878692237096371,0.00010943621916267714,0.001360476943556112,0.0001295774669821195,0.008976119570434093,0.0019684138242155313,36.203772565885224,35.936734724765785,378.4243249037835,378.36787698082367,0.0,0.0,35.942056074766356,378.36822429906545,0,32.0,25.0,381.0,386.0,0.0,0.0,17,0
3,18,385,720,322,385,286,365,304.0883116883117,374.6025974025974,2.148227143809307,439,0.9395666962724516,22.140398025397776,0,0.5347222222222222,0.46550012315120787,38.43807037467674,38.48376280978771,6.708203932499369,2.7457704746234355,2.23606797749979,13.241694217637887,13.159885331242142,-65.97333410091427,101.94722215136416,0.876993166287016,0.33099069866511666,0.01448648806391699,0.1452676400972481,0.07239466571947754,0.014222194471394249,0.010696210164902836,0.04701940372027269,0.055630395559803744,0.03035325796309191,0.004885646798305186,0.012246417955366644,0.007108557218933339,0.021160399593261495,0.017311464606895546,0.02513221031676232,0.01573364873150555,0.00221356702175502,0.003461401745895657,0.008671654794014088,0.004223570460711482,0.005336087485632487,0.004296800480806526,0.00761331541256517,0.010178421446238888,0.009820218774045332,0.001846345849752608,0.004743510413139639,0.0035673339711001333,0.0043944664667010325,0.0025441961684180303,0.5426413482055068,0.16447699698619545,2.721629707608372,0.7266193635296077,0.006427863147109747,0.0018005645833909512,0.0006256196647882462,7.629510946571827e-05,0.297397546261801,0.01836007561487997,0.0076752882450819016,0.002243076218292117,0.009597924537956715,0.00238040741533041,0.006237256875925365,0.0018905401952436258,0.007069168071710057,0.001887323022154825,0.007110704202204943,0.0018768596928566694,0.004531929735094309,0.0016174563206732273,0.004531929735094309,0.0016174563206732273,0.000621613564890669,0.0001294157823995385,0.0008823313353385102,0.0001242206720639091,0.0076752882450819016,0.0019531548023223877,304.3265661930971,304.1066381066381,374.4246083819472,374.6037086037086,0.0,0.0,304.0883116883117,374.6025974025974,0,304.0,302.0,375.0,376.0,0.0,0.0,18,19
3,19,436,868,606,394,575,366,589.8211009174312,379.75,1.52463975391271,467,0.9273052682435949,23.56124872549269,1,0.5023041474654378,0.6558926444320256,38.77468851735695,36.796738985948195,7.0710678118654755,3.2473610060930116,3.0,13.944499152130692,14.513596377086545,49.41041367161978,91.39696961966999,0.9336188436830836,0.4084498477347285,0.03150775168352074,0.14681697574436903,0.09472787491787722,0.028627003804775262,0.015884473705992604,0.03727368404340109,0.05218288422157767,0.03942937173439747,0.01510981366730705,0.012555317570733481,0.009412379567175153,0.008068675798643782,0.012023642171378574,0.017061013779685993,0.019422017522035873,0.0015696474204728863,0.0030354542946059273,0.004803886790479147,0.006238663667113007,0.0010036790419889437,0.004725014174812823,0.002165478844651863,0.004415029905546152,0.009895231081639966,0.005810489862015173,0.0054571803768466345,0.004639216239955315,0.00291991528053766,0.004172860674277084,0.5179980276152492,0.13882658118382096,3.9721828564070165,0.8207827876321971,0.0076752882450819016,0.0018005645833909512,0.0013733119703829288,7.629510946571827e-05,0.4667182443720246,0.021970973968447067,0.00881971511989832,0.00221255817450583,0.01414511352777481,0.0022583352401852608,0.0069999733461520155,0.0018760348808624454,0.009110511138548202,0.001882529329431645,0.008911268785595894,0.0018768596928566694,0.005111772567033768,0.0016021972987800837,0.005111772567033768,0.0015716792549937963,0.0008904640838763939,0.00010940035910893267,0.0018998329111941728,0.0001224561252366262,0.01043717097491026,0.0019531548023223877,589.3882727542134,589.7997397285741,379.5753984514524,379.7551403606618,0.0,0.0,589.8211009174312,379.75,0,588.0,589.0,377.0,379.0,0.0,0.0,19,20
3,20,685,2162,81,413,34,367,59.128467153284674,389.3824817518248,2.7289591372966795,803,0.9753480464327011,29.53250900522315,1,0.316836262719704,0.36644007831887326,65.19081732773063,59.54829972383762,7.211102550927978,3.0798080840448376,2.8284271247461903,14.142135623730951,14.385796421790827,-46.6896845681764,153.2670273047588,0.8530510585305106,0.2459585696964429,0.02290437062730655,0.08712608516387764,0.06894420802036098,0.02363100949714878,0.014443061637974078,0.029681779595902576,0.04621626192272296,0.032616829388112854,0.017094310034679587,0.01865566479950983,0.00976984461417239,0.018568597251443313,0.019079600067998408,0.0237042285210601,0.018111327456751793,0.014147289618117702,0.012345979363809413,0.0134889080166378,0.006610632958851373,0.009326098742439557,0.009180394868426856,0.010891451314153273,0.011448566570773087,0.011014835107508232,0.00963660431155753,0.006736649732572323,0.008809679979990446,0.008295329900061923,0.004493837896851243,0.8350499887019396,0.24354924843646586,5.313679790124297,1.2945906764362007,0.006916151847690344,0.0018005645833909512,0.0008545052260160446,9.155413135886192e-05,0.29325611289067033,0.01900954408147897,0.008194094523787498,0.0021820401307195425,0.011596856638789177,0.002426184481009841,0.006473255726371625,0.001887978670050123,0.007757196773904083,0.0018899133962572273,0.007721065077930689,0.001892118714749813,0.00476081483066082,0.001632715342566371,0.00476081483066082,0.0013275349047034979,0.0007903128634733582,0.00012749285592725964,0.0012282339252128326,0.00012989212611914933,0.00859082955867052,0.001983672846108675,59.24848376955102,59.14046274796384,389.11490903354485,389.36773493947504,0.0,0.0,59.128467153284674,389.3824817518248,0,65.0,55.0,382.0,391.0,0.0,0.0,20,0
3,21,568,800,243,392,203,372,222.05457746478874,381.84507042253523,1.4129853179429839,605,0.9009205278834258,26.89237924411993,1,0.71,0.707721437230356,40.954519788350474,39.20459156782532,8.94427190999916,3.8666729291005546,3.605551275463989,16.994116628998402,17.773610571019244,79.74459350799495,100.42640687119285,0.9388429752066115,0.4705270406047966,0.04556074958526902,0.15661526199646306,0.09980954528801933,0.030522488167793523,0.030812718745094524,0.03149302745406485,0.044553512838470866,0.03411457187227872,0.008061135384037129,0.01324123000568247,0.019049670732959507,0.00048366676233833634,0.0034445136567238057,0.008818190792337649,0.012777673333696787,0.007665022559153083,0.0037696437058783614,0.001083947817935425,0.011349806316013431,0.0038266361835125016,0.0073831232901861174,0.006482753960013333,0.003465484971444733,0.005109017755307044,0.010263584929960603,0.009373971606934057,0.011887954455915265,0.0046770150085945926,0.005763663476644898,0.7460898878052831,0.16510261688381433,7.51714357547462,1.069535362534225,0.009842068888247013,0.0017853055614978075,0.0032196547836065292,7.629510946571827e-05,0.48502619087595694,0.03981197667652204,0.012115663848817348,0.0021820401307195425,0.024933241307735443,0.00238040741533041,0.00847829417960549,0.0018761661009524357,0.013234407703300387,0.001882984793194058,0.01283283717930317,0.0018768596928566694,0.005355916917324066,0.001632715342566371,0.005355916917324066,0.0015716792549937963,0.00172137194006495,0.00011597926844857962,0.00420824796979587,0.00012685840958848857,0.016250858083367348,0.0019531548023223877,221.72844046603004,222.09433316212977,381.486064762585,381.8471865548137,0.0,0.0,222.05457746478874,381.84507042253523,0,222.0,220.0,381.0,380.0,0.0,0.0,21,9
3,22,575,765,567,417,550,372,558.6539130434783,394.9860869565217,1.6270182457993416,612,0.930502042609802,27.05758189903005,1,0.7516339869281046,0.6146212573717682,44.94349794260106,44.10215414239989,8.06225774829855,3.6444218961868162,3.1622776601683795,16.0,16.46220567681608,-0.2185762960285276,108.42640687119285,0.9395424836601307,0.37640757749240034,0.022179126475024943,0.15211763173502854,0.08483318284882795,0.016268769672687967,0.009836123734746877,0.04667761361207888,0.05443926827432183,0.03718651030733634,0.010206273366254268,0.006971080343620826,0.004957525290876785,0.01133875062141737,0.01607286018122929,0.02164282305991249,0.020249695249123255,0.002041492103898723,0.0035750734490506927,0.003610316551867362,0.0021495905680815304,0.0013426218263641963,0.00303208614760329,0.004488473856429075,0.008222518934069898,0.012190871731643385,0.004334142233761951,0.0017429798063813072,0.0025720151434812715,0.003474188235224058,0.00025920403851174085,0.7607080307789147,0.17898832680657506,6.543602730613202,1.0951705193147063,0.009029526263475418,0.0018158236052840948,0.0023117419332265854,9.155413135886192e-05,0.1746400787105284,0.0393146722985252,0.01120012253522873,0.002166781108826399,0.01747157983481884,0.002288853283971548,0.007924041987280361,0.0018644617375684902,0.011380178661936004,0.0019046443814168805,0.011482413858175278,0.001892118714749813,0.005188067443668842,0.0015716792549937963,0.005188067443668842,0.0015716792549937963,0.0012251209365355693,0.00012231656164524268,0.0027436928015894435,0.00012100024877638163,0.013763638213276863,0.001983672846108675,558.6376065379676,558.6931672518531,394.8122098304526,394.9839073733489,0.0,0.0,558.6539130434783,394.9860869565217,0,559.0,556.0,397.0,390.0,0.0,0.0,22,0
3,23,617,1568,133,402,77,374,103.6645056726094,385.04051863857376,2.5624510853787212,801,0.9720597667198292,28.02835705319874,1,0.3934948979591837,0.3902513518037374,62.23889697056126,57.87054518492115,6.324555320336759,2.925282802248686,2.8284271247461903,15.84179207784346,14.609553313651084,-70.09234131787527,140.95331880577402,0.7702871410736579,0.23457414126652593,0.010314061998760619,0.0905300049476016,0.06375881535968599,0.018865013749482556,0.0028599930189788145,0.027520722810118733,0.049927226896894786,0.03018432624786842,0.02004043555845369,0.005275846015059992,0.0040718884450318,0.01670210006660452,0.020684891406440038,0.028386522655092866,0.016873363568416927,0.015618697368162914,0.012305351813771443,0.002091023508649358,0.0035153262081459736,0.006227397271807395,0.01071072657301049,0.012733721318519462,0.01631450645568581,0.01025602921483184,0.01042819743585741,0.009475305575214588,0.004708815448623597,0.004210464199214821,0.0025668195911077085,0.747066464740783,0.22633707174099982,4.449988626874983,1.173739223042503,0.006534676183946431,0.0018158236052840948,0.0006637673359364271,9.155413135886192e-05,0.3362348402295138,0.008722363949058657,0.008239871822297573,0.0021820401307195425,0.00950637087225914,0.002517738612368703,0.0062778694516032185,0.0019019921995042002,0.007212299233184738,0.0019023326143314473,0.0072938124649226665,0.001892118714749813,0.004379339516162872,0.001632715342566371,0.004379339516162872,0.0016021972987800837,0.0007330618768883507,0.00010779939668412559,0.0009352425087664655,0.0001287677122090867,0.007888914085924625,0.001983672846108675,103.3341974412525,103.65607571404428,384.9776669076346,385.04275815447016,0.0,0.0,103.6645056726094,385.04051863857376,0,94.0,81.0,387.0,391.0,0.0,0.0,23,21
3,24,478,648,348,399,312,381,329.93723849372384,389.5334728033473,1.440263684919991,508,0.9022863477218744,24.669991941291908,1,0.7376543209876543,0.6943173048590416,37.67356622982781,36.138621999185304,8.06225774829855,3.5630151905168286,3.1622776601683795,15.689290811054724,16.242478544935764,-78.80407377713277,93.01219330881976,0.9409448818897638,0.46600957303476853,0.028940638638071888,0.16212858443533099,0.1014290796234031,0.02063182109525454,0.018458197040560197,0.03576691199311574,0.04749466418564677,0.039089656425080804,0.006641694594230599,0.007354134807403812,0.012215021944554256,0.001352019689873303,0.0014799690487827155,0.01241763411258791,0.016619595874970108,0.0031366193369550574,0.0058976039141315885,0.0030196040046473215,0.006766124744442929,0.010037241143210335,0.009720240411980094,0.005308724106047828,0.0026761259946845224,0.007776670676926423,0.008924274993789283,0.005317946896331632,0.008126568286168352,0.0022686945251399132,0.0029532324554705923,0.699290466029197,0.15432974742725492,6.2951400661841035,0.908613717649132,0.009941252879798412,0.0018158236052840948,0.0032654302194714546,7.629510946571827e-05,0.2727407307219113,0.019505342802669415,0.012237736023962498,0.002151522086933255,0.022903792560100555,0.0023498893715441227,0.008633215629990086,0.0019053055237932706,0.013169749092435363,0.0019008655180944183,0.012649728916585445,0.001892118714749813,0.005523765925318003,0.001632715342566371,0.005523765925318003,0.0015259021893143654,0.0017231363304398425,0.0001183599973966018,0.004105708304995939,0.00012644494416572133,0.016472114250063896,0.001983672846108675,329.8854326377707,329.92669532798175,389.26569741335845,389.5170624391227,0.0,0.0,329.93723849372384,389.5334728033473,0,330.0,327.0,388.0,389.0,0.0,0.0,24,0
3,25,446,700,596,428,576,393,585.1121076233184,410.43946188340806,1.5049597855686507,485,0.8935340797934822,23.829914749152643,1,0.6371428571428571,0.6644695822368096,36.08423216694481,34.0147027033899,7.615773105863909,3.398280452475364,3.1622776601683795,15.407888326114815,16.201653412704015,15.78127319293363,91.84062043356595,0.9195876288659793,0.49080798353663135,0.021745709436612127,0.1570309336926153,0.1104685371599695,0.009395942062396759,0.00904698362903175,0.029053784615592233,0.054231139396983555,0.0345572358083562,0.005004945509431394,0.005031564467839327,0.005665210911525735,0.008020632807937248,0.0034463880801663335,0.011176844768606663,0.01012217645646419,0.002100554059778593,0.0021850145476191517,0.007143188614898858,0.0044495011810509605,0.010834564299977912,0.007844168513988194,0.012799357476377629,0.003252620614780656,0.00644158628204995,0.0022624361182833654,0.0060333633464142574,0.0025651892535358957,0.006222935046279744,0.003418055719200123,0.6016632411628962,0.14900434878654778,4.661814357154071,0.8414282442536205,0.008690013084560633,0.0018158236052840948,0.0018158238381147385,7.629510946571827e-05,0.5033422080156479,0.024588694487074538,0.010147249326109886,0.0022278171963989735,0.01579308696091175,0.0024414435029029846,0.00761599039446704,0.001886130997298073,0.010452498558641415,0.0018866104131247097,0.010666056536138058,0.001892118714749813,0.004791332874447107,0.0015716792549937963,0.004791332874447107,0.0015106431674212217,0.0013657841017866107,0.00011929832701737318,0.002366165731645795,0.00011702151241912963,0.01235980773344636,0.0019531548023223877,584.9010186235072,585.1160618754874,409.98252117332765,410.415193224888,0.0,0.0,585.1121076233184,410.43946188340806,0,585.0,589.0,406.0,419.0,0.0,0.0,25,22
3,26,478,646,780,484,761,450,769.7928870292887,467.0418410041841,1.3220303589773266,506,0.8788326567194769,24.669991941291908,1,0.739938080495356,0.7564122814649754,35.87306040498246,34.785054261852174,8.06225774829855,3.6847831457076583,3.1622776601683795,16.37824956530854,17.116117994434987,-10.446921730639824,89.11269837220809,0.9446640316205533,0.5029822333747171,0.04054036434120342,0.1680874476911353,0.1003274012020723,0.030473996051067178,0.018384889925364096,0.02143801391301807,0.04388892252352057,0.03462203863456176,0.003571687059661009,0.011182332332567768,0.0060659333412911055,0.0037796895523133493,0.0053612572956388905,0.006004642481436772,0.01490642724412924,0.009449152467804965,0.009005720972734685,0.0021518414365122853,0.00159214577429497,0.006740238077370555,0.008303288112846214,0.011173349318968951,0.0033548636867527792,0.0074646840526322415,0.009451866916769525,0.010646711177799497,0.011451573203981723,0.0039019679822262228,0.0031467358084635434,0.5398794636130333,0.1475089646410197,4.489051701035351,0.8985885402653366,0.007553216069936752,0.0018005645833909512,0.0017547872848808765,7.629510946571827e-05,0.45073960863846496,0.034985267677335084,0.008880751207470894,0.002121004043146968,0.01571679301559925,0.002334630349650979,0.006748493295162916,0.0018438620580127462,0.00939132155028316,0.0018798923436513318,0.009170671924948692,0.0018768596928566694,0.004531929735094309,0.0015716792549937963,0.004531929735094309,0.0014496070798486471,0.00098081436281722,0.0001209089440271337,0.0023502594391194426,0.00012836649238002421,0.011055161245167255,0.0019531548023223877,769.9579285472993,769.821409770925,466.62240389074714,467.0620998828304,0.0,0.0,769.7928870292887,467.0418410041841,0,770.0,771.0,466.0,480.0,0.0,0.0,26,23
3,27,355,580,596,542,576,513,586.087323943662,527.9295774647887,1.8315169586207352,431,0.8673909486776771,21.260292528114064,1,0.6120689655172413,0.5459954904010675,31.13677934661208,31.38470965295043,7.0,2.9022593909045376,2.8284271247461903,15.811388300841896,15.494511826349877,22.646972153569877,90.39087296526012,0.8236658932714617,0.4588832876964292,0.04959742070547032,0.16640793678800556,0.08323671148421724,0.024265042935732634,0.027705739015914964,0.02594786422042552,0.050591733492340085,0.014874506449278173,0.011122220640352232,0.01323417737483499,0.008435587710539766,5.965147231702041e-05,0.009846799209128423,0.00341277472436903,0.013132109770048564,0.005001136901212494,0.015631917202652182,0.005182325682471014,0.006368033556051345,0.005031497899889905,0.008320924185578133,0.0026719243576600136,0.014933780116527668,0.011764669768999111,0.007312553091741537,0.008608285147471398,0.007804655546776584,0.007543948548122893,0.007009712911326041,0.43073167838156223,0.14773784996941686,2.2222171765752137,0.6574807353317738,0.005645838100463152,0.0017700465396046638,0.0006103608757257462,7.629510946571827e-05,0.1556994426319586,0.012758333943786764,0.00668345158919692,0.002166781108826399,0.008377202786505222,0.002243076218292117,0.0053841459797695276,0.0018467231246177107,0.006259766694578067,0.0018520584093852782,0.006317235063761473,0.0018463416490703821,0.004074159078299999,0.001632715342566371,0.004074159078299999,0.00158693827688694,0.0005441991595677485,0.00011966359533390337,0.000833545486068586,0.00012345371243426922,0.006851301062852144,0.0019226367585361004,586.1230833647066,586.0855458596361,528.0811148537146,527.9422112885258,0.0,0.0,586.087323943662,527.9295774647887,0,588.0,585.0,528.0,539.0,0.0,0.0,27,24
3,28,881,1298,703,653,681,594,691.8592508513053,624.0635641316686,1.9937373881685259,1031,0.9519872531742676,33.49214891450948,1,0.6787365177195686,0.5015705708958057,62.92826926063602,59.22837157984339,8.246211251235321,3.9125475963683503,4.0,19.490070083465763,19.264713399765313,-3.745453232634794,148.5685424949238,0.8545101842870999,0.3197616986635343,0.032939686791940384,0.11558091046332986,0.07896902277373095,0.03891317792091532,0.013871559426489254,0.025126180039132383,0.05259897905527666,0.033316991859585726,0.029335544859382105,0.018404330320405466,0.006395533985915437,0.013987982751641896,0.008986652360995696,0.026622918103655777,0.015336309727531909,0.015403689995738835,0.013438558771463298,0.007359805406699699,0.0032063467948262414,0.0013836595693799407,0.0018605567149714301,0.0036891627364875907,0.01233563566430209,0.007545450510244972,0.004001854234397139,0.00629238925092096,0.0029277117094887485,0.0029367483895243423,0.0018921321839888016,1.0137331318110228,0.24263370712287724,9.5589838353917,1.6330663000699133,0.008499274961650372,0.0017700465396046638,0.0023117419332265854,7.629510946571827e-05,0.3432706689851354,0.023825339769281355,0.010864423587918282,0.0021362630650401115,0.01893644593656063,0.00238040741533041,0.007679796453113809,0.0018381341448702822,0.010850151913043928,0.0018536507378773136,0.010673685930669308,0.0018463416490703821,0.00476081483066082,0.00158693827688694,0.00476081483066082,0.0014496070798486471,0.001454254895364067,0.00011850000712212832,0.0029429632683458246,0.00012101962047165652,0.013191424310207367,0.001937895780429244,692.119689104515,691.8708408472945,624.2871858400302,624.0427478205619,0.0,0.0,691.8592508513053,624.0635641316686,0,691.0,685.0,631.0,600.0,0.0,0.0,28,25
3,29,665,1924,433,678,396,626,413.41503759398495,652.3067669172932,2.7443636848675594,791,0.9745753564694162,29.098183744847088,1,0.34563409563409564,0.3643831921818551,63.47022069156169,57.688820407423826,6.708203932499369,2.9860757506328937,2.8284271247461903,14.699555199968572,14.221136368111399,32.71429704437588,151.4386001800126,0.8407079646017699,0.2544183585483423,0.012093546890024995,0.09155437395837919,0.07362416525855194,0.0051672285095643354,0.006950514969805389,0.0381475338561409,0.048796682550754526,0.0368932455659861,0.006170413732212838,0.005588941663810413,0.0032191894025494923,0.02103781663676284,0.02728140705141789,0.025454898281075396,0.02195492814757538,0.0035826503032302353,0.006303378090764361,0.0019485552469122131,0.0015184078165921269,0.01301735424306253,0.015080860551936321,0.013317745790751597,0.014175125847365246,0.013907284306988224,0.0007378345981977454,0.003318355486467897,0.004301349995599004,0.0009285274799149686,0.0011559570223142327,0.6760357203893363,0.23521782248280942,3.9400778962299228,1.2347295335493982,0.005493247881531715,0.0017700465396046638,0.00043488224036991596,7.629510946571827e-05,0.07765751239592145,0.03655405539792293,0.006378271151334047,0.002334630349650979,0.007751583121716976,0.002334630349650979,0.005323115908577452,0.0018521088384473184,0.005924929167263042,0.0018567361406757867,0.005928130121901631,0.0018616006709635258,0.004226749297231436,0.0015106431674212217,0.004226749297231436,0.0014038300141692162,0.0005029851612328458,0.00013677510109642805,0.0006272134467156561,0.0001243743342792343,0.00634775310754776,0.0019226367585361004,413.47986352873033,413.44075483823127,652.3495253950013,652.3327442596209,0.0,0.0,413.41503759398495,652.3067669172932,0,411.0,407.0,645.0,651.0,0.0,0.0,29,26
3,30,580,800,198,693,148,677,172.72241379310344,684.9965517241379,2.3033571820863368,666,0.9547093832804345,27.17496892263898,1,0.725,0.4341489056830601,50.70319676705392,49.36598018878993,7.615773105863909,3.2265587079228486,3.0,15.0,15.086224213695985,-86.27925638988695,129.5685424949238,0.8708708708708709,0.3030278768758286,0.036973666041534736,0.12002172999494606,0.06851441841703097,0.04077242097323069,0.019855345874961478,0.0358477686229371,0.04350323726205852,0.02970411782066687,0.026369925430740026,0.026708438310090805,0.01140321351088388,0.013510319043010397,0.011747617830968941,0.017996848682430507,0.01596608326962065,0.012941942865501575,0.012988720566826184,0.017158575057677594,0.006291556442000923,0.0015051984711847146,0.0038475851684185835,0.003408869002176134,0.007493954735382635,0.009819987232798292,0.0025780078957079134,0.0035268091997017266,0.005438995262944544,0.010590768320311158,0.0030855834471676747,0.7721370393410325,0.21127641713246703,5.051453482825309,1.095658808015287,0.007400625851005316,0.0017853055614978075,0.0013580527156591415,9.155413135886192e-05,0.2756977574932882,0.06143702694103099,0.00965896062552929,0.002151522086933255,0.013107500039041042,0.0023651483934372663,0.006833071144610907,0.0018697028064820092,0.00870940255659536,0.0018890669103711843,0.008636606857180595,0.0018768596928566694,0.004531929735094309,0.0015564202331006527,0.004531929735094309,0.0015564202331006527,0.0009709760509461725,0.0001265813007990618,0.001772856885439302,0.00013776140057227373,0.010086213238537312,0.0019684138242155313,172.9544294026247,172.67214918388947,684.8476288903437,685.0318784468832,0.0,0.0,172.72241379310344,684.9965517241379,0,180.0,184.0,685.0,688.0,0.0,0.0,30,0
3,31,427,600,710,716,690,686,699.4145199063232,700.7377049180328,1.4459358692767288,458,0.8444791816143215,23.31680264534386,1,0.7116666666666667,0.6915936047012996,32.08046574371829,30.886890422961002,8.06225774829855,3.4882128741691574,3.1622776601683795,16.66987148674564,17.18192464824273,19.806932875118186,88.08326112068522,0.9323144104803494,0.5685516000108506,0.017501077188811966,0.1737585015565575,0.10894829434065921,0.005564025354190985,0.013597317644430233,0.015266469614495098,0.03442879458846812,0.03179114277052297,0.0014950262936662241,0.005526995890599073,0.0111687048914672,0.01789818163672231,0.01321074820222751,0.0035602053941067853,0.009302188536077682,0.003197485698204519,0.004339757373627692,0.003825376948142817,0.007868819529795196,0.0077763658020178405,0.01862939144713652,0.01265421503583336,0.009591200134947443,0.0072747516455755725,0.0021030531100112203,0.001920630049569268,0.0032802577509338446,0.0033932486118310925,0.00632767256596984,0.47122912108898163,0.13853665976785123,3.716945195570588,0.7972838939167559,0.006923781242221594,0.0017853055614978075,0.001678492408245802,7.629510946571827e-05,0.21374823275280594,0.021410931798856763,0.008148318156599998,0.0021820401307195425,0.014801251702010632,0.00238040741533041,0.006367961095797049,0.0018721170238898816,0.008704789685177022,0.0018671753955895923,0.008209353778511286,0.0018463416490703821,0.004791332874447107,0.0016479743644595146,0.004791332874447107,0.001541161211207509,0.0006997245598069186,0.00011459860346977918,0.0021561514888347208,0.00011983384045964283,0.010223545134067535,0.001937895780429244,699.2878566448591,699.4306794258373,700.9098813542842,700.7517511961722,0.0,0.0,699.4145199063232,700.7377049180328,0,700.0,706.0,702.0,710.0,0.0,0.0,31,0
3,32,539,720,187,715,142,699,164.1818181818182,706.4935064935065,1.773399036876014,580,0.9481381819841495,26.196872229566885,1,0.7486111111111111,0.5638888818624718,46.68306374519657,44.721359549995796,7.280109889280518,3.3438808052349605,3.0,14.418941790330564,14.838605815334798,-84.02441749432975,109.59797974644667,0.9293103448275862,0.34313805730612634,0.008070772115478552,0.13691908768264047,0.0838644819188315,0.006199084970862429,0.007052689274300394,0.04736569263044558,0.05649935848610445,0.03803566591053123,0.0022366183292462085,0.0075171733387335345,0.004771462850920006,0.020778211664523268,0.020300901937306964,0.024873635596839173,0.021045901559775634,0.0007100317444464214,0.0024347581455493018,0.005429865886862149,0.002986081473481448,0.007375663484494937,0.0014439542280768377,0.008321607817959953,0.009242807145054023,0.01324696628265789,0.0007116546608649638,0.0009391850730790262,0.0008466591289593674,0.0029797863808443755,0.0018072263883303203,0.656763571780175,0.18326085293665528,4.387441878207028,1.0099794000852853,0.007049668114632368,0.0017853055614978075,0.0010757609270513058,7.629510946571827e-05,0.14746612700497086,0.037687664044556694,0.009018082171678543,0.002166781108826399,0.011581597849726677,0.002471961546689272,0.0067016690997977035,0.001870008703435258,0.00813996637886276,0.0018738022265033123,0.008140688296407461,0.0018616006709635258,0.005142290610820055,0.0014648661017417908,0.005142290610820055,0.0014648661017417908,0.0008222947857779798,0.00012099937728217857,0.0013523830349974509,0.00013091765698698219,0.009189746342599392,0.0019531548023223877,164.26264646033525,164.21595733430027,706.3701653081473,706.4775415854598,0.0,0.0,164.1818181818182,706.4935064935065,0,167.0,171.0,705.0,702.0,0.0,0.0,32,0
3,33,832,1593,640,745,581,718,611.7283653846154,729.6490384615385,2.441862100955616,1112,0.9457474139461667,32.54743156102575,1,0.5222849968612681,0.40952353517778617,65.01179993478368,58.215118311311535,8.0,3.41698706209682,3.1622776601683795,21.845999780784087,21.122515788460003,81.01271976677825,159.78174593052023,0.7482014388489209,0.3122092603377733,0.04487770592613777,0.08432885127253538,0.08133552155501968,0.05351279688641693,0.014082101002944256,0.006210507375199884,0.03984136617381683,0.03809573225639414,0.03758536885346523,0.01795389472166278,0.0063134439002940305,0.020622202186348745,0.0003934977792099852,0.021965416683863887,0.020159406286450795,0.013174683583727273,0.016607504052041533,0.0038228441256540615,0.004096383849408285,0.020355031487672943,0.005669907879042336,0.0007333470483062282,0.012600953618647609,0.010682953069792236,0.003082925223391044,0.004650827467287266,0.0029421328921350326,0.0028712489130647417,0.0029193759685816846,0.8421606947667897,0.25162127101793885,6.45139248482883,1.5320973522029817,0.006820783019065857,0.0017547875177115202,0.0009155417792499065,7.629510946571827e-05,0.3763202610669449,0.022814936678524668,0.007797360420227051,0.002243076218292117,0.011474784463644028,0.0023041123058646917,0.006147158355961968,0.0018366516132696266,0.007754077505803882,0.0018414631637055068,0.0077821011655032635,0.0018310826271772385,0.004531929735094309,0.0015716792549937963,0.004531929735094309,0.0014801251236349344,0.0007417747383434832,0.00011813655995571523,0.0012898634399181577,0.00012080813310610182,0.008651865646243095,0.0019226367585361004,611.4136880340492,611.7478138756647,729.4426526482417,729.660966476107,0.0,0.0,611.7283653846154,729.6490384615385,0,598.0,605.0,726.0,728.0,0.0,0.0,33,28
3,34,576,1840,216,760,170,720,192.72569444444446,739.5069444444445,2.832886535182556,699,0.977099056472619,27.081100010292303,1,0.3130434782608696,0.3529968417656934,60.64597727597697,55.80322571321482,6.4031242374328485,2.7408046440901295,2.8284271247461903,13.435028842544403,12.904551084732676,47.52440454954498,143.1959594928933,0.8240343347639485,0.23551251694523243,0.00859596109234102,0.08950626903992392,0.06623269783203009,0.007295308357359236,0.007021682171505736,0.035619694096490684,0.0481832832929569,0.03257856429856578,0.004197636764261876,0.00965753137056305,0.00504024838069003,0.021966960399489015,0.02561750632455552,0.025945999580689723,0.01930996291691889,0.0020162560237802466,0.006622993314521885,0.00740403613310849,0.0037720466225275332,0.010463073000069056,0.01738540977814759,0.012621182735981576,0.015134847593725992,0.012411169558135536,0.0025517222353229744,0.002376665780904138,0.006390200479545812,0.004652587977283503,0.0029563833193538666,0.8007171866483986,0.22569619282148778,4.294941697269678,1.0852826731279492,0.006866559851914644,0.0017853055614978075,0.0005493247881531715,9.155413135886192e-05,0.3447727330928518,0.053198613732077286,0.007980468682944775,0.002151522086933255,0.010467689484357834,0.002243076218292117,0.006672643222069989,0.0018808016068457315,0.007456496002204303,0.0018841713075138007,0.007400625851005316,0.0018768596928566694,0.00509651331230998,0.00158693827688694,0.00509651331230998,0.0015564202331006527,0.0006770645423422046,0.00012274578002665018,0.0009029693904772324,0.00012703407796529412,0.007980468682944775,0.0019684138242155313,192.44197052207073,192.74548675552555,739.3110644471063,739.5563241662448,0.0,0.0,192.72569444444446,739.5069444444445,0,186.0,179.0,733.0,726.0,0.0,0.0,34,27
3,35,713,2300,267,779,217,733,240.68863955119215,755.8106591865358,2.6242229770957124,826,0.9772534577343623,30.130048048354833,1,0.31,0.3810651795704963,66.91505301370294,60.876925020897694,6.4031242374328485,3.0775046338404355,2.8284271247461903,14.499873431410249,14.190989945786692,46.741570433510006,153.3380951166243,0.8631961259079903,0.2449594698856371,0.009887120481994454,0.08952460624009898,0.07087964941775145,0.006010636942807607,0.007996196115795162,0.039878701815628366,0.0469003216070048,0.03592850005019012,0.0052839180637275,0.0031468147196658113,0.006772961962067309,0.024069495392841707,0.025389169686696737,0.026936991427489905,0.0209576744646022,0.005025074320332839,0.0009975990366027515,0.0025508870998778494,0.005390621688277915,0.012571088870850212,0.01569597866394986,0.01433957433779469,0.016078439068921722,0.012660771977012741,0.0037268771023502988,0.0018628521237956438,0.0006329251254666419,0.002810767629988631,0.0039272656269167885,0.8178378148004413,0.23439383530057967,5.505073711276054,1.3315632864832878,0.0068093385780230165,0.0017853055614978075,0.0008926531299948692,7.629510946571827e-05,0.7821540961082531,0.16187303506629988,0.009201190434396267,0.0021820401307195425,0.010711833834648132,0.0023498893715441227,0.00649077630794001,0.0018602685341315847,0.007721000997582124,0.001867550191421161,0.007743953727185726,0.0018616006709635258,0.004562447778880596,0.001495384145528078,0.004562447778880596,0.001495384145528078,0.0008718624391087108,0.00012877614391163867,0.0011893743973880432,0.00012307074467774153,0.00862134713679552,0.001937895780429244,240.04960987556754,240.79670883755043,755.359653528334,755.9311743674367,0.0,0.0,240.68863955119215,755.8106591865358,0,231.0,260.0,751.0,772.0,0.0,0.0,35,0
3,36,697,1404,200,777,161,741,179.71879483500717,759.1865136298421,1.555172409341893,767,0.9241984931786366,29.790064831759068,1,0.4964387464387464,0.6430155229047388,48.823747236056576,46.09772228646444,9.219544457292887,3.99050599876077,3.605551275463989,19.246063465137738,18.646398570491186,48.16043201346612,116.71067811865476,0.9087353324641461,0.41762257067313335,0.0257398145018802,0.1460464441377791,0.0985199411737513,0.02665207263675476,0.01303393624235594,0.03132361096216358,0.05735982950374301,0.03869928772045613,0.012939841840724465,0.01070640354079393,0.006882292423446583,0.010839583556540525,0.010153964086516969,0.016324606243216782,0.01847360203774468,0.0019639528232853693,0.006893068985348192,0.001178488891508359,0.004036451542550671,0.0017195861086781604,0.0026630151616899842,0.0061932142479984055,0.0021651781930738774,0.009551425194316029,0.005009388571790059,0.004510498133317128,0.006878938633318761,0.0012755605053150776,0.0022095978151428926,0.7895323196426034,0.18237582966685295,8.45261318050325,1.3132219421677291,0.00944914948195219,0.0018005645833909512,0.002586403861641884,7.629510946571827e-05,0.3746749440334191,0.07388894232686047,0.010727092623710632,0.0024109254591166973,0.020950637757778168,0.002517738612368703,0.008224294996277118,0.001899748225696385,0.012127135122673242,0.0018841060863238582,0.01190203707665205,0.0018768596928566694,0.005844205617904663,0.0013427939265966415,0.005844205617904663,0.0013427939265966415,0.0011297087008090324,0.00013974715098611065,0.0032273621074543827,0.00013054062161995989,0.014618143439292908,0.0019684138242155313,179.91327069469713,179.65881573749158,759.5067642405899,759.1433617624504,0.0,0.0,179.71879483500717,759.1865136298421,0,183.0,178.0,762.0,755.0,0.0,0.0,36,29
3,37,481,868,255,797,224,769,238.0977130977131,783.2328482328483,1.461306825619535,527,0.8501937680262561,24.747287144606645,1,0.554147465437788,0.6843189824806576,34.37549541947897,33.61547262794322,8.54400374531753,3.6821863450915893,3.1622776601683795,18.305106475432563,18.097663675228098,51.38809594530781,93.9827560572969,0.9127134724857685,0.5397183556886223,0.07188024036164967,0.16323670836433118,0.09072488230335465,0.04435059535824924,0.029056144461178046,0.003034218473197352,0.03477310329075116,0.023169021125248043,0.003549762904674176,0.007899339118926775,0.00904710923039705,0.0022046373428900802,0.011621579235778601,0.007052949844166032,0.006008034224502456,0.015434124016605164,0.01872837815808446,0.0033387447438640665,0.0024499766124980215,0.0033823943706125944,0.003099761539027964,0.0031945948139429554,0.0034169057596101617,0.004930553164611684,0.009547153415681214,0.007632650629887928,0.012487943939816335,0.00921844809078403,0.0027146341347213513,0.5604944000951946,0.14514381624758244,5.130510459654033,0.9015182724688202,0.008300907909870148,0.0017853055614978075,0.0023956671357154846,9.155413135886192e-05,0.5654634863168029,0.02595156846874616,0.010269321501255035,0.002197299152612686,0.016739146783947945,0.0023193713277578354,0.007279148053184345,0.0018849846265919796,0.010666341911962647,0.00187425836272104,0.01045242976397276,0.0018616006709635258,0.004821850918233395,0.0016632333863526583,0.004821850918233395,0.0015716792549937963,0.001096667316773429,0.00011851739173177003,0.0027912210795971223,0.00012246416578359676,0.013107500039041042,0.0019645990687422454,237.5539722987989,238.07207054721485,783.0776229193401,783.2288553003503,0.0,0.0,238.0977130977131,783.2328482328483,0,240.0,235.0,783.0,778.0,0.0,0.0,37,0
3,38,921,1820,923,885,858,857,889.628664495114,867.1802388707927,2.6197040066323303,1300,0.9620293241885471,34.24403043891132,1,0.506043956043956,0.38172251424904885,72.8953576842968,66.76076692189807,9.0,3.5617604850569684,3.1622776601683795,21.829303514336075,19.896504375367993,79.40575356766253,174.12489168102786,0.7084615384615385,0.2625324526837816,0.026329503665076474,0.08988190907529958,0.06984572452563943,0.03750986883401213,0.009046043836966425,0.016405064457022292,0.04844067319623845,0.030485703824777652,0.02853466772040175,0.02035251696294071,0.004646857159763523,0.00850451963415888,0.011522119284886737,0.024254327009044653,0.01594920915174595,0.018107857847516756,0.019173823290773436,0.007328801879986093,0.004392781806405926,0.0004219866365887439,0.0029223102574037225,0.00967010088549175,0.01141049992355204,0.009299047793460894,0.010996257739948162,0.011283718614890035,0.008784174648727609,0.002308376333107659,0.0037906931428903544,0.9624017898458987,0.2814984358847141,7.60987267899327,1.690608071628958,0.006713969632983208,0.0017700465396046638,0.0015487903729081154,7.629510946571827e-05,1.9708033771031284,0.04541137569375172,0.008773937821388245,0.0021362630650401115,0.01350423414260149,0.0023193713277578354,0.00629020777677058,0.001839859058070027,0.008262619629742963,0.0018356222276101606,0.008171206340193748,0.0018310826271772385,0.0038605325389653444,0.001541161211207509,0.0038605325389653444,0.0014038300141692162,0.0009644982259887886,0.00011466276503527822,0.0019693290088571573,0.0001124686791645794,0.009781032800674438,0.0019073777366429567,887.7748966010472,889.6694135061465,866.5112018418262,867.2002816036969,0.0,0.0,889.628664495114,867.1802388707927,0,882.0,878.0,865.0,866.0,0.0,0.0,38,30
3,39,749,2196,832,948,796,887,817.4926568758344,915.5273698264352,4.267204599151647,1194,0.9600527505508765,30.881327999401787,1,0.3410746812386157,0.23434545421112632,68.55278394943761,61.68468205316454,7.0710678118654755,2.806756494118479,2.23606797749979,21.32017868509621,19.18237676806465,-19.65748585851271,200.40916292848974,0.6273031825795645,0.24971351211590537,0.018218172008460085,0.08164448698411271,0.0719670039481556,0.012754786467961873,0.017015570448556765,0.022314601230433412,0.05058149932685715,0.029663575816258413,0.015337956497134824,0.005597727095582341,0.011770631526799582,0.012249202029813881,0.023754189881467363,0.02247462010381578,0.013353286269425514,0.011172635476549547,0.0069816746733707856,0.008001073182059339,0.005613232812100582,0.0007601042326840763,0.016990808726644865,0.009035230722383101,0.007729952993922814,0.007161059527070518,0.009810046637984387,0.004292620123310941,0.0044606510221903975,0.00520125724506571,0.0012764950016276857,0.8654764832463115,0.3158464941661805,4.189089883584529,1.37161821895279,0.005142290610820055,0.0017547875177115202,0.0004577706567943096,7.629510946571827e-05,0.9068494298106151,0.05920311045349342,0.0061799040995538235,0.0024414435029029846,0.007614252157509327,0.0024414435029029846,0.005031840018873904,0.001836316826547561,0.005592910391968664,0.001831265979910267,0.005569543223828077,0.0018310826271772385,0.0032806897070258856,0.0015564202331006527,0.0032806897070258856,0.0014801251236349344,0.0005532331186620823,0.00012851562829540252,0.0006754574597350764,0.00012573630526458796,0.006042572669684887,0.0019073777366429567,817.8830810117008,817.5324566965925,914.7088682183239,915.4835408114452,0.0,0.0,817.4926568758344,915.5273698264352,0,824.0,822.0,900.0,922.0,0.0,0.0,39,31
3,40,495,688,774,1010,758,967,765.2242424242424,986.8303030303031,1.7646359226263117,550,0.9457359426252695,25.104851615652017,1,0.7194767441860465,0.5666891324028458,44.771628401200836,42.2965719651132,7.0710678118654755,3.213376520019671,3.0,14.796752008963692,14.54792230145515,-1.6579941181088624,104.76955262170048,0.9,0.3522937812430998,0.02001928077918197,0.13181493387860715,0.08925182145439613,0.0013132901374019402,0.010434848119402783,0.04163725830551936,0.05961388688984788,0.03777293717980015,0.005400672915000137,0.007313057499622862,0.004354166354069664,0.0214304264312363,0.020831816848043472,0.024129284781042912,0.018985003076191363,0.0016576003992112792,0.0015220701934700756,0.007023337152761054,0.0015523853092671523,0.006371218415751636,0.005393377966158437,0.005604671227866269,0.007377458044331206,0.01139468491942174,0.0009159333372731658,0.0012687223936062755,0.003333397144367336,0.005863946325646462,0.0008436113973356227,0.5624628169462085,0.17039749748073518,3.423086957074702,0.9058213166426867,0.006298161461018026,0.0017509727622382343,0.0006408789195120335,7.629510946571827e-05,0.2345737394926641,0.050146741222110866,0.0079346913844347,0.0020599679555743933,0.00965896062552929,0.002288853283971548,0.005983646988789452,0.001812739334901438,0.006915327186009498,0.0018299420538236096,0.006874189479276538,0.0018310826271772385,0.00430304417386651,0.0015716792549937963,0.00430304417386651,0.0015716792549937963,0.0007795890338129761,0.00010800266523694912,0.0009652129500757576,0.00011387917846650287,0.007568474858999252,0.0019073777366429567,765.156384289289,765.2310530128194,987.0548472637632,986.7806209254923,0.0,0.0,765.2242424242424,986.8303030303031,0,766.0,763.0,984.0,973.0,0.0,0.0,40,0
4,1,430,735,807,149,772,128,790.4302325581396,137.87906976744185,1.617787376560494,478,0.901746036276039,23.398568422792877,1,0.5850340136054422,0.6181282005834757,36.01175077142877,35.17101079013795,7.280109889280518,3.2956114030866006,3.0,15.17893276880822,15.56666342767441,-70.8905616735652,93.49747468305833,0.899581589958159,0.44214706301605294,0.03959970090205898,0.1602575853573746,0.09714451347470981,0.0138312711725656,0.01655354736137316,0.03858536054161888,0.053051979399643956,0.034697987430001596,0.006458937271693356,0.005893557265701821,0.003139563939411582,0.0015078572037186236,0.011417092001219568,0.010681112813448803,0.013347593192489482,0.0011337040120271203,0.0035612210496885005,0.006851861061997394,0.003903302351078715,0.00253937225616671,0.010632250351573187,0.005287778346713651,0.0016239052053435205,0.004442135689680819,0.0025433831259251997,0.005824570224001139,0.005333251800951243,0.006483854268211133,0.007298904105054073,0.5038681691512465,0.14798199431970716,3.6692760046571493,0.8117647056933492,0.00712596345692873,0.0018158236052840948,0.0013580531813204288,7.629510946571827e-05,0.40782993054560174,0.050562345016575166,0.008346685208380222,0.00238040741533041,0.01333638560026884,0.002471961546689272,0.006378078090522109,0.0018731898015152805,0.008533200010830579,0.0018878248969612774,0.008453498594462872,0.0018768596928566694,0.004394598305225372,0.001495384145528078,0.004394598305225372,0.001495384145528078,0.000888975690782256,0.00013509638150192385,0.0018317609618232994,0.00012463780842067362,0.009895475581288338,0.0019531548023223877,790.8301048737044,790.3799131562623,137.7988988032862,137.88402037632287,0.0,0.0,790.4302325581396,137.87906976744185,0,794.0,788.0,137.0,135.0,0.0,0.0,1,2
4,2,613,1026,583,188,565,131,572.3866231647635,158.19412724306687,2.300426792303974,690,0.9720064245581602,27.937355653723827,1,0.5974658869395711,0.43470194458935946,58.20885582881133,56.32051136131489,7.0,3.159913409237018,3.0,13.480716959039299,13.676419430263781,8.31539717526857,133.11879502661796,0.8884057971014493,0.24525515820718297,0.01575809978060308,0.10617044841792518,0.060939302079875766,0.015597106839986196,0.009807248802384805,0.03751728330673859,0.05156510173909227,0.027846004498439138,0.013689157773121007,0.009910418251307809,0.007206395108524393,0.021328268363057814,0.024084736804697224,0.027214943382954392,0.015515008086527662,0.01098795331825265,0.008103539436223103,0.006859773389415355,0.005460001346225027,0.012338906146917676,0.010372181530016672,0.014043736400602516,0.014825984509987442,0.009589948416491243,0.007153532928067497,0.005808023428355441,0.004706676308181197,0.004971283258235969,0.004217282588706662,0.7295033312402666,0.2247196154203266,4.5136950383894145,1.172991530969739,0.0065766386687755585,0.0018310826271772385,0.00080109853297472,7.629510946571827e-05,0.03900660986466888,0.04705324403642289,0.008300907909870148,0.0023193713277578354,0.009857328608632088,0.002471961546689272,0.006182231620680225,0.0019044035205112422,0.007363287175186647,0.001913526151663522,0.007408255245536566,0.0019073777366429567,0.004333562217652798,0.00158693827688694,0.004333562217652798,0.00158693827688694,0.0006960534835266873,0.00013246405430516258,0.0010472506784692949,0.0001287968768268309,0.008178835734724998,0.001983672846108675,572.3519852563962,572.3903111666147,158.1761903838915,158.14721875325216,0.0,0.0,572.3866231647635,158.19412724306687,0,575.0,578.0,169.0,163.0,0.0,0.0,2,1
4,3,542,1081,160,207,137,160,146.90774907749076,183.86531365313652,2.2382054005332153,620,0.958604103374368,26.26967516446403,1,0.5013876040703052,0.4467865191290159,50.32572705862538,47.80167361086848,7.0710678118654755,3.0771431033764376,3.0,14.697580342509726,14.329862881647607,-18.156347485929768,123.46803743153546,0.8741935483870967,0.30143569097286455,0.03294447954134034,0.11458723055931094,0.07567832103643485,0.030146641764222267,0.015525763307318995,0.0393277818164482,0.04807071545542244,0.03478830080859268,0.02100422958556766,0.01991737599594088,0.007499248535156314,0.019682941846740163,0.016264361405560205,0.0222526130565862,0.019166550665393318,0.009772292379355675,0.016558007752836033,0.008965236947893375,0.0036784835715821147,0.007259525961698867,0.005600006187963693,0.005302891446797453,0.011500073136126526,0.011133460890820464,0.0024854154527530854,0.006406428953856502,0.007195039636855281,0.004044728841097063,0.00207091883295911,0.686793327331543,0.19650568393990397,4.529289752244949,1.0321660179179162,0.006958113983273506,0.0018158236052840948,0.001312275417149067,9.155413135886192e-05,0.41837373080858553,0.03457190769701856,0.00886549148708582,0.00238040741533041,0.01335164438933134,0.0023956664372235537,0.0066037819935725285,0.0018894777301913844,0.008356623159123522,0.0019043653467120225,0.008010986261069775,0.0019073777366429567,0.0046082246117293835,0.0016479743644595146,0.0046082246117293835,0.00158693827688694,0.0009343939702222321,0.00013587982711069693,0.001798885461755628,0.00012811603896439863,0.009834439493715763,0.001983672846108675,146.73774959719432,146.8983043330426,184.24759202726935,183.8985704359653,0.0,0.0,146.90774907749076,183.86531365313652,0,146.0,144.0,187.0,188.0,0.0,0.0,3,3
4,4,536,1216,769,250,737,212,753.2723880597015,231.17164179104478,1.7814093380700724,580,0.9477193175796379,26.123866405607867,1,0.4407894736842105,0.5613532940628745,46.756552545072424,45.34313619501854,7.0710678118654755,3.318557616869856,3.0,14.10047975821265,14.920256591020669,-38.5871936526634,109.53910524340094,0.9241379310344827,0.3319340447364043,0.03685051223022079,0.12930661412280678,0.07626603272899102,0.03423000400528609,0.0227154781620745,0.033409097174128266,0.053721957970090106,0.02919050022712297,0.020107571255165754,0.024616158640794958,0.01285706342182929,0.01582957405880439,0.014262171581334852,0.020641791205294444,0.01287093971789189,0.011133679638471363,0.008244635882792879,0.015229539446097107,0.006082702904625266,0.0022954400046664362,0.004193755765423547,0.004863201063625475,0.006311848266032768,0.006663525708653078,0.004342844787343878,0.0020512758416401274,0.0022618126521461858,0.007024719677803921,0.0021046649212779424,0.6325017241761088,0.16720836190506816,4.928023255895823,1.0255893794819713,0.0079499501734972,0.0018310826271772385,0.0013122763484716415,9.155413135886192e-05,0.2611266971296258,0.0035750420391332327,0.009750515222549438,0.0022735942620784044,0.013778897002339363,0.0022735942620784044,0.0071875195929103275,0.0019000950216485019,0.00919407323861161,0.0019134130214215881,0.009338521398603916,0.0019073777366429567,0.004684519954025745,0.0015564202331006527,0.004684519954025745,0.0015564202331006527,0.001124227718204839,0.00013792672761411397,0.0017033117957977082,0.00012620167159970857,0.010559243150055408,0.0019989318680018187,753.5169062303006,753.2718562161518,231.08000110029724,231.17517705171696,0.0,0.0,753.2723880597015,231.17164179104478,0,757.0,767.0,227.0,213.0,0.0,0.0,4,4
4,5,488,957,786,262,757,229,771.2090163934427,245.33196721311475,1.4477923032300435,510,0.920489046421904,24.926710529686012,1,0.509926854754441,0.6907068077161254,40.171412521243695,37.44329045369811,7.615773105863909,3.467332841772473,3.1622776601683795,14.675245546784117,15.697717207758668,-39.3038113910852,94.22539674441619,0.9568627450980393,0.44318181015032765,0.007954215328335025,0.14889151059656236,0.10791982931612487,0.0013593539651311215,0.011031228633214672,0.04005692814302224,0.054871489818005985,0.04224292814775532,0.0005782947951724844,0.002790243854071373,0.00934115650951167,0.011648323983547367,0.00810970742859303,0.015754541496764633,0.017014686750037807,0.0018234943561286877,0.0017901822962183987,0.0016368536914592637,0.007225670929079132,0.005177071594476806,0.005773437064857608,0.005384034651244088,0.0016308796092791866,0.006039856423794348,0.0007461051686166361,0.000809383272455823,0.0019584190657203756,0.003024023422136589,0.0048880957413585955,0.6178683238103986,0.1439078354742378,5.457099305931479,0.9265888454392552,0.009140154346823692,0.0018158236052840948,0.0019836723804473877,7.629510946571827e-05,0.17158810841785013,0.022052945593806994,0.011154345236718655,0.0023041123058646917,0.01593041978776455,0.0023193713277578354,0.008129846365926298,0.0018935241509768132,0.011182580544941555,0.0018987476340968346,0.011062790639698505,0.001892118714749813,0.00587472366169095,0.001632715342566371,0.00587472366169095,0.0015716792549937963,0.001212012933175209,0.0001264164181003482,0.002469954153138306,0.00012675829860804685,0.013092241249978542,0.001983672846108675,771.296512327626,771.2256768328832,245.18436321434848,245.3175186087873,0.0,0.0,771.2090163934427,245.33196721311475,0,772.0,781.0,243.0,238.0,0.0,0.0,5,5
4,6,576,1161,422,288,395,245,408.2986111111111,266.1076388888889,2.111946476966226,660,0.9418620211770163,27.081100010292303,1,0.49612403100775193,0.47349684800558123,48.0436404984266,46.06517122512408,7.615773105863909,3.2847082286290643,3.0,15.112262828738722,16.14265842200558,21.454478027808104,123.63961030678928,0.8727272727272727,0.3456107341034184,0.013351567081235383,0.13539044440227904,0.08286474456081093,0.012852361431082702,0.010176380462601898,0.03681935196809093,0.06295525044014799,0.030851961066942952,0.005977646939599941,0.010687883482428315,0.00623786994491927,0.0214674407157635,0.019354864056981218,0.0245927522502099,0.01302082694115842,0.005099034889205204,0.003207777231061663,0.007227466773558232,0.0036491668709162286,0.006165104614291583,0.005874733601313485,0.004617008699481771,0.006723110981935266,0.007617957745605596,0.0011454258441869112,0.00256851810281815,0.0008496394903406973,0.004944914407380323,0.00301638137119216,0.703227296937257,0.19772640569135547,4.723384523764253,1.0945906764827669,0.0072938124649226665,0.0018158236052840948,0.0009002825245261192,7.629510946571827e-05,0.1585108958794756,0.01953613480370509,0.008758679032325745,0.00221255817450583,0.01123064011335373,0.0023498893715441227,0.006697402827973877,0.001883108625631957,0.008200320353757383,0.0019003310355603592,0.008270390331745148,0.001892118714749813,0.00508125452324748,0.0016174563206732273,0.00508125452324748,0.0013733119703829288,0.000704985739432656,0.00011470530702289863,0.0012368646669008566,0.00012503497522621028,0.009094377048313618,0.0019684138242155313,408.3334711668576,408.31432793375524,265.9530087475003,266.0960353528313,0.0,0.0,408.2986111111111,266.1076388888889,0,406.0,410.0,256.0,267.0,0.0,0.0,6,6
4,7,869,2345,327,331,260,296,293.07364787111624,311.3866513233602,3.1984149598330642,1130,0.9741030491740915,33.26327050028088,1,0.37057569296375265,0.3126548657877067,77.44458018840176,70.00714249274856,8.06225774829855,3.3575186014037817,3.0,17.39139257919249,17.510568880897306,-68.77863742808923,186.88834764831844,0.7690265486725664,0.22575906230868317,0.015831341631989272,0.07833885881141571,0.0644683046313187,0.012081884896629239,0.01697656753841443,0.017125795771315913,0.052384429771227106,0.026283637706394178,0.008945089784728617,0.01904167900756403,0.011986680475362521,0.014566456962518806,0.022830466280663955,0.025213978432271196,0.011609943156970089,0.00896702799970588,0.007637153825147768,0.016846646815879482,0.006964809011419207,0.008947601493350367,0.013735185704733744,0.012511937813932705,0.009742875455019957,0.00549298570089143,0.00724090984601473,0.004317610076996165,0.007066256254360202,0.011295759581198734,0.0033032483994559305,1.1737850164063275,0.3078049896284938,8.3959717201069,1.6599832146894187,0.007938506081700325,0.0018310826271772385,0.0016937516629695892,9.155413135886192e-05,0.09343653087398661,0.07727173960231783,0.009552148170769215,0.002563515678048134,0.01518272701650858,0.002563515678048134,0.007290590164014456,0.0019118322337173528,0.009661647549029805,0.0019102223414147511,0.00950637087225914,0.0019073777366429567,0.0053101396188139915,0.0016174563206732273,0.0053101396188139915,0.0015106431674212217,0.0009714510658629143,0.0001366358805959545,0.0021450642359393656,0.0001257032086251597,0.011303120292723179,0.0019989318680018187,293.16453663986977,293.15064299962313,311.4083219720868,311.38011894803606,0.0,0.0,293.07364787111624,311.3866513233602,0,282.0,321.0,318.0,301.0,0.0,0.0,7,8
4,8,456,1275,326,347,275,322,299.9890350877193,335.19736842105266,3.337701154880902,601,0.982915220099599,24.095585330081406,1,0.35764705882352943,0.2996074104889965,60.24536005258307,52.80151512977634,5.656854249492381,2.3836068820895453,2.23606797749979,11.384199576606166,11.088693298400491,-70.94868383808428,138.29646455628165,0.7587354409317804,0.20824864863674108,0.0015592388423070445,0.06808088576747844,0.06547168160074035,0.01203866876664369,0.0036681190726781856,0.02410381222657861,0.04560188343485352,0.03309147869478305,0.008307952273515948,0.001971999612700372,0.0026958682988967382,0.021335924782578498,0.020514309113208912,0.02840235208183385,0.01900428402461942,0.005338833094663359,0.005701679639852287,0.0019427724192005006,0.0011647324640250702,0.015769652317745908,0.012589237979867099,0.015509841042328108,0.01661093633077767,0.011530278215423405,0.005179306479950337,0.0024634931110556835,0.0026039368311421836,0.002601561709501553,0.000935447973295646,0.7202716232277453,0.2259861142374575,2.9847868103533983,0.8715495534706861,0.006027313880622387,0.0018310826271772385,0.0004730299115180969,7.629510946571827e-05,0.6803603019106494,0.03916262885646238,0.00746166193857789,0.0023041123058646917,0.00886549148708582,0.002426184481009841,0.0061039968070147905,0.0019151365613343857,0.006545585110424119,0.0019112928804181713,0.006469825282692909,0.0019073777366429567,0.005127031356096268,0.00158693827688694,0.005065995268523693,0.001495384145528078,0.0005479921775058929,0.00012416759381224507,0.0007026491476336431,0.00012468153007030416,0.007049668114632368,0.001983672846108675,299.3285244022167,299.9542342910167,335.3605118387957,335.2153299367964,0.0,0.0,299.9890350877193,335.19736842105266,0,288.0,287.0,340.0,335.0,0.0,0.0,8,9
4,9,486,780,274,379,235,359,255.02469135802468,368.85185185185185,1.548731959480863,514,0.9237867957953106,24.875578761936154,1,0.6230769230769231,0.6456895228889067,40.54731416273873,39.293765408777,7.615773105863909,3.4206398505028464,3.0,14.697580342509726,15.525860233289006,-74.76355165902461,97.25483399593904,0.9455252918287937,0.40077358726767437,0.061815722026974836,0.13704356210178695,0.08164379162415904,0.05431416860577536,0.034132773296625736,0.022088069148920596,0.04166295699874392,0.02753197097958713,0.020313091815350254,0.031380058458342776,0.016016134342535276,0.007824154029921614,0.002808864292080604,0.008040600454147595,0.012804149095587459,0.0023209884565940815,0.0024032583532065587,0.011449007094561692,0.00702393897995347,0.0018813293671126887,0.00202018446606514,0.0022709617650156144,0.0008987734468294532,0.008124644332002981,0.0061971690040617,0.00807610144247172,0.006723428755646547,0.002051551859342678,0.0031603632484181227,0.8076295214705169,0.16224917978979647,6.902174460235983,0.94015411590226,0.010833905544131994,0.0018463416490703821,0.0033264663070440292,9.155413135886192e-05,0.668122874641781,0.09389000290735389,0.012970169074833393,0.0023651483934372663,0.022659648209810257,0.0024109254591166973,0.009614637160363296,0.0019315378546404343,0.014202005062213956,0.0019344734895108229,0.01412985473871231,0.0019226367585361004,0.0061036087572574615,0.001632715342566371,0.0061036087572574615,0.0015564202331006527,0.0017493430528182652,0.0001239695381619667,0.00403986380059962,0.0001321733846913234,0.017502098344266415,0.002021820400841534,254.42084832049417,255.11616055053318,369.13779198832367,368.8306688523526,0.0,0.0,255.02469135802468,368.85185185185185,0,249.0,260.0,371.0,369.0,0.0,0.0,9,0
4,10,584,1134,266,406,212,385,238.13527397260273,394.43835616438355,2.264445542936524,659,0.9734948669129194,27.26851470332286,1,0.5149911816578483,0.4416092067743894,58.14423535781526,55.08175741568164,6.4031242374328485,3.027454844333465,3.0,13.416617233025919,13.298101968788847,-76.00112733946298,128.9116882454314,0.8861911987860395,0.2450797277934526,0.009989282437066812,0.1005782717243752,0.06430019377570922,0.014441771883743914,0.003952229064005103,0.037677379361901096,0.04982552345182754,0.031199104977903378,0.015091700265496681,0.007441511807915768,0.003179546390949249,0.02220704095819176,0.023264807972196336,0.02778470303315358,0.018325521508775776,0.011665116899979516,0.0066547758327106035,0.003582689536907185,0.0028043947292188285,0.0109283380302985,0.011757717041608754,0.013816035009011057,0.016111508998608408,0.011874899495592837,0.007868978122739283,0.005731238441597571,0.0028690937010522285,0.0019633020081030374,0.0022607046103217407,0.8321660337969661,0.21844815742224455,4.977615086827427,1.1140306703746319,0.0073701078072190285,0.0018158236052840948,0.0011139088310301304,9.155413135886192e-05,0.6564452447035407,0.009451674293256048,0.01033035758882761,0.0023193713277578354,0.011673151515424252,0.00254825665615499,0.0072362263808431835,0.0018995491949760396,0.008523313504841486,0.001907586764340123,0.008651865646243095,0.0019073777366429567,0.0052948808297514915,0.001632715342566371,0.005142290610820055,0.001632715342566371,0.0009691164352637558,0.00011607615399562602,0.0014117536332556328,0.00012226454202117633,0.00965896062552929,0.001983672846108675,238.70542719012423,238.125835524874,394.1130168525201,394.4388560157791,0.0,0.0,238.13527397260273,394.43835616438355,0,237.0,231.0,395.0,394.0,0.0,0.0,10,11
4,11,676,1584,709,542,661,509,683.2751479289941,524.1849112426036,2.0007016502403556,759,0.958602294752878,29.33785834448333,1,0.42676767676767674,0.49982464895746165,56.127251144407836,52.478567053607705,7.810249675906654,3.454678113029599,3.1622776601683795,15.22613105371107,15.982143894572168,-61.11341494187741,130.36753236814712,0.8906455862977603,0.312530839593671,0.0307829651744547,0.11322331581657913,0.08070455011624328,0.028441438155438203,0.018027312634056644,0.03407412103136059,0.052755986473368995,0.034981929081170454,0.018076099465261147,0.02230244175691609,0.009448390853126112,0.01842858600180216,0.018031779999636063,0.02215312754818032,0.018056527224951206,0.01008710452846549,0.012693931568205134,0.01231496326273443,0.00419019236915375,0.005824087135139683,0.00833998067949078,0.0053604633325604846,0.009084326844023882,0.010084841123535984,0.005576047150918064,0.002460115783920464,0.005875546404616641,0.004859781204565796,0.001261935611158667,0.6733806501142681,0.20624093990772963,5.395910663995892,1.294819561764598,0.006866559851914644,0.0018158236052840948,0.001098649576306343,9.155413135886192e-05,0.15318588830432744,0.08839668189746722,0.0079041738063097,0.002288853283971548,0.011047531850636005,0.0025024795904755592,0.006235006019576556,0.0019096383324789781,0.007982116366857828,0.0019154135529062099,0.008102540858089924,0.0019073777366429567,0.004348821472376585,0.0016632333863526583,0.004348821472376585,0.0014648661017417908,0.0007635240250880472,0.00011609444476578393,0.0013935173624098377,0.00013600115498079815,0.009094377048313618,0.0019989318680018187,683.1258861987696,683.3601159611577,524.219361964889,524.1605307815594,0.0,0.0,683.2751479289941,524.1849112426036,0,669.0,674.0,532.0,532.0,0.0,0.0,11,14
4,12,377,704,236,543,214,511,224.3846153846154,526.8222811671087,1.659559672102289,422,0.8600036576071721,21.909160375631842,1,0.5355113636363636,0.6025694747891921,31.36634032418112,31.575306807693888,7.810249675906654,3.13119778082438,2.8284271247461903,15.625465510306984,16.005862951712736,-22.23368896457593,88.66904755831213,0.8933649289099526,0.48145567539133033,0.07338167113264704,0.15967739568468756,0.0782611920404914,0.049263022116230536,0.030098832747062355,0.011080003250019767,0.04137109534316752,0.019185368245986777,0.01096430634438254,0.015274415286575397,0.006231598844872322,0.0028721556741990234,0.0073929021622257726,0.007840726340767172,0.01901396311988819,0.010061974254056924,0.012901553115327362,0.0012322856886991074,0.005269818280436501,0.0019396089436379406,0.002718284280273342,0.005084710065023097,0.006465646339845789,0.012246557396400955,0.012808334525832538,0.0090532007798453,0.009148876003998828,0.008152682829817699,0.005598118634525827,0.4787060432136059,0.14024567021988332,2.8398260860703886,0.7092088195495307,0.00668345158919692,0.0017853055614978075,0.0008163577876985073,9.155413135886192e-05,0.07584997926481746,0.014972769417456537,0.007721065077930689,0.002243076218292117,0.010879682376980782,0.0023498893715441227,0.006382747242848079,0.0018699422695984444,0.00753269518851562,0.0018811905027839011,0.007347219157963991,0.0018768596928566694,0.004821850918233395,0.001632715342566371,0.004821850918233395,0.0015716792549937963,0.000691985101890836,0.0001257129397341703,0.0012047324665190801,0.00013029170865874233,0.008434424176812172,0.0019531548023223877,224.31410793655616,224.39926416799346,526.794318350322,526.8191832695038,0.0,0.0,224.3846153846154,526.8222811671087,0,225.0,219.0,523.0,528.0,0.0,0.0,12,12
4,13,909,1600,208,581,183,517,195.02200220022002,548.9174917491749,2.2649084671413102,1018,0.9684618182044734,34.02021084832166,1,0.568125,0.4415189463537861,69.5223423879986,63.89053137985315,8.246211251235321,3.764854979093947,3.605551275463989,16.717607433900785,17.322326492967115,-12.879485172244598,160.84671708797583,0.8929273084479371,0.28203697925770466,0.010764790343876758,0.10527998944327865,0.07747626818835673,0.009265196113655446,0.007028765667705089,0.03734583424312352,0.055551763496277384,0.03595931003260474,0.007006250589152993,0.007681957635761422,0.00493816604781052,0.024777175868745067,0.023709248452911755,0.028979096641999755,0.019140232421680378,0.005029571858009558,0.005340841640650758,0.004790777545455784,0.004031147926605062,0.012113911933178196,0.01302015882697245,0.011236401452004986,0.014972535289163926,0.010443163167789263,0.0035677079430620428,0.001915562655826005,0.0035003991799762795,0.0022227225310320017,0.0036563028205715917,1.1439688899554312,0.26955062174238265,9.76990931481123,1.7430991069413722,0.009018082171678543,0.0018310826271772385,0.0017776763997972012,9.155413135886192e-05,0.5334661441155888,0.025351676569534194,0.010788128711283207,0.0022735942620784044,0.0156710147857666,0.0025024795904755592,0.008056118943348107,0.0018982438150872017,0.010747975043796732,0.0019176007777132807,0.010948348324745893,0.0019226367585361004,0.0048981462605297565,0.0016021972987800837,0.0048981462605297565,0.001495384145528078,0.0013105890599883093,0.00012782093569089708,0.002237368047148757,0.00012880170495821743,0.01254291646182537,0.0019989318680018187,195.0728035433431,195.04613337535235,549.4485335087894,548.9097203984803,0.0,0.0,195.02200220022002,548.9174917491749,0,196.0,205.0,551.0,530.0,0.0,0.0,13,13
4,14,449,640,990,541,958,521,973.6169265033408,529.7884187082406,1.291234670593317,474,0.8747245310426444,23.90992587997897,1,0.7015625,0.7744525629415635,34.57230619903557,32.31098884280702,8.06225774829855,3.61516983448753,3.1622776601683795,15.764815627361644,16.75444709543443,-73.85908040954412,85.35533905932738,0.9472573839662447,0.5467497404341102,0.04258902212489381,0.15422430750065064,0.11624007711176995,0.02120103842872174,0.03175413788313645,0.026055587198084814,0.03544952428890324,0.033208294296264484,0.004003664591331921,0.0065482634865280265,0.013532308342593525,0.004500223405688351,0.0062947729797771055,0.0031069227241870873,0.008374766422192934,0.005910380894201919,0.013931779386604825,0.0045301195876109885,0.0007830337472200424,0.011309462430246052,0.011982352246118443,0.006364995293303179,0.010633997663328539,0.003525026081729894,0.008727083572421733,0.005286814065371662,0.010286670696291994,0.011139108913940753,0.003726266482063881,0.6955520017072558,0.13890287629328668,6.379522441886365,0.8284885936882347,0.0108262759167701,0.0017547875177115202,0.0031662476249039173,7.629510946571827e-05,0.20705954266906287,0.020296215681936874,0.012619211338460445,0.00221255817450583,0.022781720384955406,0.0022278171963989735,0.009274026689430078,0.0018520383505771557,0.014208290516450702,0.0018451861774793645,0.014007782097905874,0.0018310826271772385,0.0061799040995538235,0.00158693827688694,0.0061799040995538235,0.001541161211207509,0.0013957716895298589,0.00011256631460953218,0.0039707986048765015,0.00011970303727965305,0.017158770468086004,0.0019226367585361004,973.7931338857501,973.5992632839119,529.6796776736916,529.7984160604108,0.0,0.0,973.6169265033408,529.7884187082406,0,976.0,962.0,529.0,529.0,0.0,0.0,14,0
4,15,645,1764,534,571,498,522,516.0558139534884,545.7410852713178,2.131455508812375,697,0.9696412011265461,28.65727667372076,1,0.3656462585034014,0.46916297143691704,58.221435305943,55.226805085936306,7.0710678118654755,3.253069358615902,3.0,13.882066298137405,14.237009024604586,-33.51658058422371,131.4386001800126,0.9253945480631277,0.2692588545423541,0.005907631926897077,0.1104269947017727,0.07021763003536113,0.007385179386984424,0.0031524386777751195,0.04742941496334618,0.049748527132075566,0.03484101737429884,0.006082308107245944,0.004585490088116448,0.0021141735511344076,0.02696529437028562,0.02406000235120233,0.02738571863377209,0.020635958553951995,0.004056840403191948,0.003946641377245794,0.0027206165516502003,0.0015626808937432544,0.010174475761178369,0.013712954198694912,0.01194355368143508,0.016352403706400905,0.013057221476516891,0.0018188111544190201,0.003088976217864023,0.001563302052653827,0.0019348186959794564,0.0011793192984991974,0.7248798459768295,0.1994506751652807,5.575219424441457,1.2212710762396455,0.0072938124649226665,0.001804379338864237,0.0013351640664041042,9.155413135886192e-05,0.28174424284148136,0.016970743597960865,0.008896009996533394,0.0021362630650401115,0.01280231960117817,0.002334630349650979,0.0067745779997834535,0.0018640250015446794,0.00864375104564567,0.001893443529053714,0.008690013084560633,0.001892118714749813,0.004837110172957182,0.00158693827688694,0.004837110172957182,0.001541161211207509,0.000901547849447264,0.0001188229244893695,0.0016637708748361507,0.00012453307937373693,0.009960326366126537,0.001983672846108675,516.2611721733824,516.0725298615623,545.5481919850265,545.7381553301014,0.0,0.0,516.0558139534884,545.7410852713178,0,518.0,512.0,544.0,549.0,0.0,0.0,15,15
4,16,326,592,225,585,209,548,217.00306748466258,566.1871165644171,2.373059179166794,407,0.9473475553699887,20.37341629633241,1,0.5506756756756757,0.4213969920257575,37.18196209244433,37.107950630558946,5.830951894845301,2.4844579143173675,2.23606797749979,12.34309523579884,11.905929557018634,-14.851394051155815,98.59797974644667,0.800982800982801,0.30143507014064125,0.02460791159948337,0.1305827827676641,0.06596854682304588,0.024946434149109506,0.019235845353303298,0.05029327094165641,0.0459973453214889,0.02687706540678597,0.012584737105217228,0.02024188861160516,0.01377727409685787,0.012231074362573688,0.02716654694178257,0.013511897622256342,0.013865945910080271,0.009936270754267493,0.010668729444501058,0.013151146377544673,0.009738202579628624,0.004573710921401181,0.008341281172446898,0.0050459317112306855,0.006356422211358342,0.007600788259854542,0.0015670085337935109,0.0013669185057909408,0.005162532030091757,0.008718132346742243,0.006734650518566804,0.5560082513839006,0.16609445330686867,2.2073548892512918,0.6113679711706936,0.006256198976188898,0.0017853055614978075,0.0004882887005805969,9.155413135886192e-05,0.11076626498279377,0.023400178410063744,0.007980468682944775,0.0022735942620784044,0.008789196610450745,0.002334630349650979,0.006247283723414614,0.0018662298124367267,0.0067710272676419995,0.001875361874756729,0.00680552376434207,0.0018616006709635258,0.004623483866453171,0.0016479743644595146,0.004623483866453171,0.001632715342566371,0.0006680915797002594,0.00011880089953313235,0.0007056115757962349,0.000129302826362112,0.007263294421136379,0.0019531548023223877,216.97699417546326,216.98035741027306,566.0794627302744,566.1814755653172,0.0,0.0,217.00306748466258,566.1871165644171,0,215.0,212.0,573.0,579.0,0.0,0.0,16,17
4,17,788,2900,563,635,505,585,532.265228426396,606.1484771573604,3.036742741948186,1005,0.977089459429511,31.675112647807715,1,0.2717241379310345,0.32930020254480363,72.75929744608075,71.40028011149536,6.708203932499369,3.1115518532338657,2.8284271247461903,15.862703457706562,15.485289376075933,-48.503800395720454,173.40916292848976,0.7840796019900498,0.1968051709006097,0.030276603001965587,0.08067690051581813,0.04640622896190434,0.0335016687039537,0.015711909760848717,0.022511909415277215,0.03452090454864086,0.02068701347654972,0.02776032191063272,0.02278565778558441,0.008975296037706528,0.009051166369416467,0.009445239505971915,0.017896870468306292,0.0111640078911206,0.019461028637406536,0.019382015267070937,0.01459196274166612,0.005551926415192845,0.0002502647356043504,0.0017879878626317687,0.003265272978809965,0.010434477448393502,0.0065866654512595725,0.01159925586831387,0.013386314020466562,0.011886048560916856,0.009783694090565178,0.0035404436243327317,0.8280308376997709,0.27077134349383414,5.2517586862668395,1.478385595139116,0.006057831924408674,0.0017853055614978075,0.0005951016210019588,7.629510946571827e-05,0.28786282458660856,0.026747444583701513,0.007248035632073879,0.002334630349650979,0.008896009996533394,0.002426184481009841,0.005750214150692854,0.0018803565520405148,0.00666466838358736,0.0018761238516993859,0.006729228887706995,0.0018768596928566694,0.004058899823576212,0.001632715342566371,0.004058899823576212,0.0014190890360623598,0.0006632719388559275,0.0001262744726209261,0.0008474259262002424,0.00012813299966973573,0.007248035632073879,0.0019531548023223877,531.9830056963077,532.2482401998225,606.2051810937361,606.1691369238074,0.0,0.0,532.265228426396,606.1484771573604,0,530.0,526.0,606.0,604.0,0.0,0.0,17,18
4,18,390,837,510,623,479,596,494.2692307692308,609.6897435897436,2.329420507712988,456,0.9216193723603411,22.283703068536735,0,0.4659498207885305,0.4292913180290468,36.84394154000038,35.805027579936315,7.0710678118654755,2.7120541623298484,2.23606797749979,14.084998168145944,14.298949656448189,-53.53436373563844,106.84671708797582,0.8552631578947368,0.38733496290695274,0.030652692861609526,0.1465269308456759,0.08468484385631882,0.033017234346617505,0.012401084604104882,0.040016292231672385,0.046370623880380636,0.03610898451269163,0.02300368921599906,0.009485177315874428,0.010892322131096309,0.009460775711089508,0.008204306806359111,0.020783981375325493,0.016783970141337548,0.0037554889517328284,0.0025760877362544857,0.003163260201687141,0.007802460082005507,0.0025610244844554227,0.0038604314503590817,0.004395041054517202,0.006613708668787089,0.008348580636559064,0.011435455711445405,0.0011576488712896453,0.004991039529188379,0.0050448811025275864,0.004170556064314917,0.5465018772520125,0.17094682226888835,2.7166552650742233,0.7336079955566674,0.006134126801043749,0.0018005645833909512,0.0007476918399333954,7.629510946571827e-05,0.13111933136717674,0.04692455231548492,0.007644770201295614,0.0024109254591166973,0.01043717097491026,0.0024109254591166973,0.0060055151346375,0.0018785365084493227,0.006965782730959547,0.0018810461424529936,0.006775005720555782,0.0018768596928566694,0.004806592129170895,0.0015259021893143654,0.004806592129170895,0.0015259021893143654,0.000603349844919786,0.00013070538227935322,0.0011222687654605522,0.00012710289094578883,0.007713435683399439,0.0019531548023223877,494.3792266685831,494.29492272812365,609.7611101167982,609.6504773592362,0.0,0.0,494.2692307692308,609.6897435897436,0,493.0,500.0,610.0,596.0,0.0,0.0,18,19
4,19,363,616,485,657,463,629,473.1460055096419,642.8925619834711,1.5320575362903284,406,0.8641179512625873,21.498510523728477,1,0.5892857142857143,0.6527170007083192,30.60538956346229,30.4138126514911,7.280109889280518,3.1575200360012015,2.8284271247461903,15.20526224699857,15.403366512935577,-29.921904540218033,83.59797974644665,0.8940886699507389,0.49824208038700063,0.018186941743202165,0.18276270720271012,0.09275180178265133,0.014622749827875068,0.007977818069718682,0.02406357648160276,0.0454516824738404,0.03186819009922497,0.004640899689760106,0.010134291499260003,0.008414642478712769,0.011454735456473976,0.00323181590518929,0.0030464648316173076,0.016669575329624365,0.005573149815289904,0.0019106545347775954,0.004273300833496278,0.007317229539066143,0.008640351908093716,0.01662858952323592,0.011952282160659045,0.003027611824781147,0.010329274611963413,0.0019159138167538427,0.007451532368109393,0.003407320549956599,0.007289996506514462,0.003572769117206796,0.4600137402303517,0.13449301896616817,2.9362478419207036,0.6811322192661464,0.006759746931493282,0.0017853055614978075,0.001228351378813386,7.629510946571827e-05,0.24748665901410136,0.024516783124825296,0.0076905470341444016,0.0020904859993606806,0.011963073164224625,0.002288853283971548,0.006389079725421552,0.0018679585967523356,0.008088837030084584,0.0018763972982538469,0.007949950639158487,0.0018768596928566694,0.004867628216743469,0.0015716792549937963,0.004867628216743469,0.0014801251236349344,0.0006572972776153265,0.00011832576471581159,0.0016013696062407699,0.00012763766270714987,0.009281300008296967,0.0019531548023223877,473.3556465528221,473.14044087996774,642.76103145696,642.9164389085532,0.0,0.0,473.1460055096419,642.8925619834711,0,476.0,470.0,640.0,651.0,0.0,0.0,19,20
4,20,384,696,742,661,713,637,726.8645833333334,647.8411458333334,1.4447928813839228,421,0.8524354213571954,22.111625566165472,1,0.5517241379310345,0.6921407302631023,31.12621615799723,29.120439557122072,7.615773105863909,3.2610021762688617,2.8284271247461903,15.294117647058824,16.273798283362627,-57.97525272979795,83.49747468305833,0.9121140142517815,0.5741651935673538,0.017610082360206274,0.15815629619688745,0.11838361682586253,0.014782808384281535,0.005493178786174216,0.017165962968393914,0.04008236503286615,0.022498718793321448,0.004047488449160567,0.004253261713808898,0.006993620246700505,0.0015682192271357798,0.017044374379788903,0.0018756871797711392,0.008591922102331338,0.005785457837266458,0.008508793123919138,0.006175718579128015,0.006939964910964947,0.017456801098830688,0.011635477524338057,0.013186847170693121,0.010217965334027558,0.013002933663633223,0.004058524257654339,0.0013401242637487859,0.0026548082438100184,0.0019514180104025878,0.0020391045874335327,0.4308384908363223,0.13098344393074512,3.156145614106208,0.7301289385650307,0.007003891281783581,0.0018158236052840948,0.001266499049961567,9.155413135886192e-05,0.10887798224256691,0.04209030381941699,0.0079499501734972,0.0021362630650401115,0.012283512391149998,0.0023498893715441227,0.006244036099077135,0.001898310781605002,0.008219129203401584,0.0019013774441797675,0.008255130611360073,0.001892118714749813,0.004379339516162872,0.00158693827688694,0.004379339516162872,0.00158693827688694,0.0007040107430802386,0.0001241095801052944,0.001542771959859973,0.000132054338411541,0.009552148170769215,0.0019989318680018187,726.8529380451574,726.8891303893498,647.7328924163872,647.8753369976384,0.0,0.0,726.8645833333334,647.8411458333334,0,724.0,728.0,648.0,648.0,0.0,0.0,20,21
4,21,432,754,465,733,439,704,452.4212962962963,718.886574074074,1.2917352137056137,452,0.8576126333759078,23.452920571340155,1,0.5729442970822282,0.7741524651412808,33.052615847221794,32.01562118716424,8.48528137423857,3.5843863067114476,3.1622776601683795,16.263455967290593,16.998834400580005,-39.21920607821731,83.74011537017762,0.9557522123893806,0.5342494441970972,0.10347598623117404,0.13574371625167617,0.08467005357304405,0.06123250589265595,0.040859051920516205,0.004536009016155144,0.01951680585333928,0.02622479410355434,0.0077610678316049,0.012790459576107957,0.009874479612257703,0.006329772747416957,0.0074995723907065525,0.0015904630335890181,0.012930172474948464,0.014478390080641302,0.014743459516864172,0.006563084810779217,0.004345162218155017,0.011069692389221614,0.007289931559942285,0.010140058821512013,0.006140826826035493,0.009589048401282446,0.004894265612596578,0.007578042526619602,0.006970685059720427,0.007121396727039507,0.004473066391765473,0.6597696007229388,0.12704661628231406,6.899244733620435,0.8088502325117588,0.011398489587008953,0.0018005645833909512,0.004318302497267723,7.629510946571827e-05,0.11847092683372377,0.020595256173512853,0.014007782563567162,0.0022583352401852608,0.027862973511219025,0.0022583352401852608,0.009702494128278512,0.0018683325923869714,0.015970473920417675,0.0018723385011846269,0.015381094068288803,0.0018616006709635258,0.006454566493630409,0.0016174563206732273,0.006454566493630409,0.0015564202331006527,0.0017250462664645126,0.00011657352142127336,0.005363745724108335,0.00012385629799711344,0.02032501809298992,0.001937895780429244,452.5283074741387,452.439348777543,718.9374068225893,718.8964873226682,0.0,0.0,452.4212962962963,718.886574074074,0,452.0,448.0,719.0,731.0,0.0,0.0,21,22
4,22,487,928,965,816,933,787,948.2874743326489,801.6837782340863,1.5314831771114226,530,0.8923100444891848,24.901157769991823,1,0.5247844827586207,0.6529617921668135,37.54431886595041,37.53664875824692,8.06225774829855,3.5310630211204685,3.1622776601683795,15.80895559241903,16.948371532802916,-54.07424184675837,96.8111831820431,0.9188679245283019,0.4400764075841194,0.059441407253554276,0.1590323670394432,0.07976273352772456,0.04697980724644446,0.030584088508236934,0.023725537869917615,0.04364046035240685,0.023579695146450256,0.012748281697566397,0.02180610589362954,0.012052335143664064,0.0019143937887966666,0.002445026738378191,0.00888508264301569,0.013951256205823008,0.006531665521210485,0.005851608932693435,0.005649862522563403,0.001539040003489625,0.0009910991187991338,0.0028269734506319194,0.0031254554217380556,0.002528197516358252,0.011904783180304449,0.01188063530757322,0.011850844491519715,0.008322934063808117,0.004579715143443018,0.004048725097412739,0.5266041117720306,0.14575417712330818,4.410177826881409,0.9078355075325817,0.007492179749533534,0.0017853055614978075,0.00159456767141819,7.629510946571827e-05,0.05673724871962069,0.04123402309620374,0.00862134713679552,0.002151522086933255,0.013839933089911938,0.002197299152612686,0.006665874832557349,0.001844989583839344,0.009055806626039853,0.0018641386191634122,0.008903639391064644,0.0018616006709635258,0.0049134050495922565,0.001495384145528078,0.0049134050495922565,0.0014648661017417908,0.0008573428796848323,0.00012272689230437538,0.002047659255572178,0.00011847773641069808,0.010742351412773132,0.001937895780429244,948.2724231126778,948.2829817631733,801.7384826778697,801.724766787125,0.0,0.0,948.2874743326489,801.6837782340863,0,947.0,942.0,801.0,804.0,0.0,0.0,22,24
4,23,618,960,775,838,755,790,763.8754045307444,813.6796116504854,1.7600196830073873,662,0.9481079919683898,28.05106127486678,1,0.64375,0.5681754639762189,50.3565606184949,47.51841748206689,8.0,3.5446519286519633,3.1622776601683795,15.610208697348787,16.010791877485566,-10.687556094149642,116.91168824543142,0.9335347432024169,0.34847743075568227,0.009532224811341757,0.1325011559258528,0.08779149414232185,0.015485747213746176,0.0016421764187712683,0.04753163319707344,0.05394315628900207,0.04101046539572094,0.012357708485313808,0.003136906338213734,0.0034389621521050515,0.020185622996115867,0.018277365982182363,0.02564390279126326,0.022235679488142517,0.006088268248545113,0.003669220194482863,0.0013038476899043477,0.003368657676404924,0.0028329435437990194,0.0036705917551906014,0.006649947675406424,0.011048846017597173,0.012816733800308932,0.00028023499127411203,0.0025305148743683414,0.0011401328033914897,0.0016499497035876926,0.00279724081519994,0.6946975043974817,0.18939497973769903,5.592416343744844,1.1614709694404155,0.007194628939032555,0.0018005645833909512,0.0017700465396046638,7.629510946571827e-05,0.2771820252127478,0.023934102422021424,0.009124895557761192,0.0022583352401852608,0.015106432139873505,0.0023956664372235537,0.006810759847034134,0.0018568135268401866,0.009049217384700395,0.0018794028631721933,0.00883497390896082,0.0018768596928566694,0.004654001910239458,0.0015716792549937963,0.004654001910239458,0.0014801251236349344,0.0010582821121524104,0.0001112717403484877,0.0022668120234741254,0.00012367251395563978,0.010772869922220707,0.0019531548023223877,763.7277564281566,763.898209335628,813.9141962043317,813.6723465191744,0.0,0.0,763.8754045307444,813.6796116504854,0,762.0,764.0,818.0,794.0,0.0,0.0,23,23
4,24,512,1326,671,915,645,864,657.228515625,889.904296875,2.541796160316904,606,0.9802164275384542,25.532305945691693,1,0.3861236802413273,0.3934225787308306,58.689982167961006,53.31041174104736,5.830951894845301,2.6866926798694,2.8284271247461903,11.83115537991799,11.616429634804188,23.626194822962635,127.88225099390856,0.8448844884488449,0.22938024169753807,0.016302112553176706,0.08261260156317242,0.06601653903121343,0.013473168205499871,0.014345015021366156,0.03442356536571429,0.04405581562261447,0.03249817026650399,0.009762249097282476,0.014414174090052887,0.011539020534253375,0.020718280495928734,0.023702805019229018,0.023089973351333393,0.01877403052877818,0.007717461037941213,0.010254039153404126,0.01162136976130627,0.009207870701730429,0.014466879339705786,0.011968953284105771,0.013755965893046148,0.011754522222757373,0.011630148016737618,0.005727654276611326,0.007511276765571043,0.0074668861873283384,0.008603667824441861,0.007309931481468251,0.7252918411977589,0.20169375138357282,4.017044384032488,0.9648584723472595,0.006927595939487219,0.0018005645833909512,0.0009765774011611938,7.629510946571827e-05,0.33761953518508575,0.00858453296401433,0.009124895557761192,0.0023041123058646917,0.010711833834648132,0.002334630349650979,0.006715665196275545,0.0018675347350330816,0.007845789812563453,0.0018844892038032413,0.007965209893882275,0.0018768596928566694,0.004242008086293936,0.0016632333863526583,0.004242008086293936,0.0015716792549937963,0.0010409478047260713,0.00011902894429877168,0.0013440361960350017,0.00012754496727007133,0.008880751207470894,0.0019531548023223877,657.07755919033,657.2201417004048,889.6023049788002,889.9024070091093,0.0,0.0,657.228515625,889.904296875,0,653.0,649.0,883.0,868.0,0.0,0.0,24,25
4,25,764,1404,651,925,625,871,637.2630890052357,897.3246073298429,1.8630313560185374,823,0.9605361124914544,31.18902069924069,1,0.5441595441595442,0.5367596185482827,59.57043555236513,56.302753041036986,8.06225774829855,3.726864998708741,3.605551275463989,16.276504236596214,16.56983298060382,20.390212717981996,133.74011537017762,0.928311057108141,0.30605947416031365,0.003213127796147256,0.1225520144866703,0.07844493381877782,0.003638420873136641,0.0008345536625304181,0.0434526419563474,0.057173286842554384,0.03650654138816544,0.005056658412776875,0.0019988981623894897,0.0005507794247113628,0.022183050505914164,0.02476900230423321,0.02747695164164356,0.02077634002741101,0.0046078416523656456,0.0012106794439635136,0.0014755807411696274,0.0009118886657166391,0.008985881667619006,0.009972383967218975,0.009750431176068896,0.013667557937958687,0.013029823664485815,0.002677502515617117,0.0011493744337546193,0.001402898843726334,0.0007425982597718892,0.0010621137477001164,0.8988937335088849,0.22114900429733098,7.742320969700813,1.4571755547076464,0.008209354244172573,0.0018158236052840948,0.001846342347562313,9.155413135886192e-05,0.28334423167977973,0.014437865797275243,0.011444266885519028,0.002243076218292117,0.01719691790640354,0.0023651483934372663,0.007617743504312584,0.0018741441042146693,0.010133927970812582,0.0019072978464759768,0.009796292521059513,0.0019073777366429567,0.005233844742178917,0.0015259021893143654,0.005233844742178917,0.0013885709922760725,0.0013330192492531448,0.00012459411192414617,0.002375512220246719,0.0001279879746265794,0.0119935916736722,0.0019989318680018187,637.3071563751264,637.2715715841501,897.044710883747,897.3129241015331,0.0,0.0,637.2630890052357,897.3246073298429,0,637.0,645.0,889.0,910.0,0.0,0.0,25,26
4,26,477,630,920,940,885,922,902.2054507337526,930.2494758909853,1.3598654840001758,504,0.8960556973321264,24.64417299969047,1,0.7571428571428571,0.7353668519171495,37.403045479394486,34.36568055487916,8.0,3.5861676811676726,3.1622776601683795,14.990663761154808,16.604769669284625,-82.8592471067418,90.2842712474619,0.9464285714285714,0.5131260161740715,0.004845540664879971,0.15060067074532546,0.12136911162253741,0.006254015613164098,0.005940311126159537,0.03306068059480006,0.047068648417026106,0.03980558976089301,0.0017513640582748203,0.0015771081389411715,0.0050183034891869175,0.0026630912679099982,0.003799153989316524,0.007156184448608028,0.01216641530571275,0.003208154085276063,0.00047664623877863733,0.002960348550310986,0.006229021352692162,0.008801274977350122,0.012607128073446003,0.01109804966495866,0.011518993781961305,0.008302654077812943,0.0039118721459344636,0.002079365107637409,0.0007890516291060988,0.0013469935112320375,0.0063623843265414514,0.5853513469919562,0.15150682837702334,4.699504130985588,0.8843366138171405,0.008087282069027424,0.0017547875177115202,0.0017624171450734138,9.155413135886192e-05,0.07642269704396652,0.06399133820495713,0.009033340960741043,0.002243076218292117,0.015548943541944027,0.002243076218292117,0.0071384310608775155,0.0018476442485002847,0.009852209918208779,0.0018539551652350954,0.009765774011611938,0.0018463416490703821,0.0048981462605297565,0.0015259021893143654,0.0048981462605297565,0.0015259021893143654,0.0009525176290144422,0.0001355036939873732,0.002299745649445972,0.00012430158227452943,0.011669336818158627,0.001937895780429244,902.2664765970319,902.2608057976016,930.2034729276623,930.2815805366232,0.0,0.0,902.2054507337526,930.2494758909853,0,904.0,911.0,930.0,936.0,0.0,0.0,26,27
4,27,469,748,280,1011,258,977,269.31130063965884,991.9360341151386,1.4418702724546701,527,0.8523599508685491,24.436639426909572,1,0.6270053475935828,0.693543669707247,34.60305732893058,33.24154027718932,8.06225774829855,3.5702831614316146,3.1622776601683795,17.92729217919005,18.095861104736738,12.411081317940104,92.18376618407356,0.889943074003795,0.5284086292326166,0.060528442292511975,0.15805056938758646,0.10243988155014064,0.036947437578287654,0.007119735904897336,0.011956316660788092,0.040923987082285555,0.02641043793081022,0.01399083729928807,0.009924932939272447,0.012448395976274146,0.001443192819284299,0.006703718132559949,0.007722790869453907,0.0031788200144284187,0.011136269784673553,0.00992386674043705,0.01285551846968094,0.012622256577395798,0.0016099600201807138,0.00416779365020978,0.007186922664069585,0.0059107013396219096,0.0022778281510042256,0.013548406119332525,0.00992384784203924,0.0068119705255710525,0.0017893174163939344,0.01004027738125945,0.6081330655142665,0.15042343782261014,4.305500925984234,0.8728465703316033,0.007740139029920101,0.0017853055614978075,0.0013275351375341415,7.629510946571827e-05,0.5600567817783649,0.039017892656259094,0.01258869282901287,0.002075226977467537,0.013076981529593468,0.0022735942620784044,0.00750781562363292,0.0018570794792914832,0.009180172550072993,0.0018610801073168514,0.009452964179217815,0.0018616006709635258,0.005249103531241417,0.001678492408245802,0.005249103531241417,0.0014343480579555035,0.0018647124949020609,0.0001085733374690948,0.0017308631253201087,0.00011641722865342388,0.010555428452789783,0.001937895780429244,269.7115689137347,269.29040942624385,992.3277596664934,991.9030803118773,0.0,0.0,269.31130063965884,991.9360341151386,0,276.0,269.0,1001.0,1001.0,0.0,0.0,27,0
5,1,1298,2697,794,204,763,117,779.8405238828967,159.25346687211095,2.851938725970533,1676,0.9798674477599064,40.65298179797198,1,0.48127549128661473,0.35063866937032234,98.03104346255941,88.52683209061533,8.94427190999916,3.8514534378641283,3.605551275463989,22.09539859346623,19.571814924357056,10.910067549970966,215.68124086713192,0.7744630071599046,0.2108797918931021,0.007310084764863067,0.07592411841806991,0.06186699441036141,0.015861871769447186,0.002150833347468181,0.026053118593206505,0.04526269339552624,0.031055133023638534,0.01473217783917306,0.005073540865864829,0.003000153639835352,0.017819915014927006,0.02109700012005721,0.0270066990123191,0.01840131169561357,0.011150505983024899,0.010049879359843037,0.001046640808054257,0.002654805152306245,0.009384832160227376,0.013360890586032579,0.012721492634101191,0.017068508772335803,0.011637684968732463,0.0076217854925682395,0.011097297851376923,0.0028792527207834127,0.002346356368750239,0.0021551428488584185,1.5421988498419523,0.352437628665939,14.169802537187934,2.4381628131959587,0.009124895557761192,0.0017853055614978075,0.0018005650490522385,7.629510946571827e-05,0.7607676168940934,0.1993101683949838,0.01107805036008358,0.0021820401307195425,0.016601815819740295,0.0023651483934372663,0.008116836051799749,0.0018549348877154683,0.010916642940822754,0.0018783997019999681,0.01110856793820858,0.0018616006709635258,0.004623483866453171,0.0014801251236349344,0.004623483866453171,0.0014801251236349344,0.001359386559068371,0.00011739869354819174,0.0024076977611004143,0.00012694595086430797,0.012733654119074345,0.0019531548023223877,780.3338595595775,779.8125794035735,159.83259317701226,159.05612541853114,0.0,0.0,779.8405238828967,159.25346687211095,0,779.0,780.0,147.0,136.0,0.0,0.0,1,1
5,2,561,1054,47,247,13,216,30.262032085561497,231.22459893048128,1.778810066592545,652,0.7995320617779406,26.726155439876237,1,0.532258064516129,0.5621735669146404,36.30044839143332,37.64306044943742,9.848857801796104,3.685404146363502,3.1622776601683795,23.747432293629988,21.802899144203526,-52.28986089414406,111.9827560572969,0.8604294478527608,0.5031108825995093,0.06982171731936723,0.16626790435638922,0.07998845872630818,0.03577317988353724,0.012764516312376423,0.00433991525406335,0.04456504748690802,0.01329368065196378,0.01904257525335147,0.02080273553128557,0.01870113311805908,0.000864958073260027,0.01567059022825333,0.002016852042452005,0.006134802254505639,0.002850098438034703,0.015287967944825454,0.016948293825841385,0.007909315310976541,0.0023796863066647645,0.008285915736646589,0.0034067177872683704,0.0027267714289632796,0.004969014256342214,0.007941948657534895,0.0065265159374407996,0.0029673855006464907,0.0028127599551121003,0.006027372460654808,0.7791256704367697,0.18554970622062683,5.718806808814406,1.0635080488864332,0.008010986261069775,0.0018005645833909512,0.001998931635171175,9.155413135886192e-05,0.6122902866154236,0.024717303738102686,0.011688411235809326,0.0024414435029029846,0.017074845731258392,0.0024414435029029846,0.008032223406564636,0.0019128835692848126,0.01019395153086347,0.0018957362725248365,0.009842068888247013,0.001892118714749813,0.005355916917324066,0.001678492408245802,0.005355916917324066,0.001495384145528078,0.001340975672901816,0.00012289889950981375,0.0026153329156308183,0.0001300551504172595,0.012203402817249298,0.001983672846108675,30.860756382603817,30.24376945923067,231.3527730745774,231.20794295306828,0.0,0.0,30.262032085561497,231.22459893048128,0,34.0,32.0,232.0,246.0,0.0,0.0,2,0
5,3,789,1995,285,287,228,252,254.60202788339672,270.71102661596956,2.3056506472962472,923,0.9663947655237142,31.695204697178458,1,0.3954887218045113,0.43371705126822385,65.42588509553678,62.609903369994115,8.06225774829855,3.4874059272356277,3.1622776601683795,17.280736612425418,16.818545183916473,-64.9477788106235,151.1959594928933,0.8548212351029253,0.25627193897858247,0.018087733562444266,0.1045510762147822,0.06614169816115541,0.01984803673474903,0.004175600575983024,0.03759733485310468,0.050512694690985294,0.03142201657819471,0.016863025291959172,0.00573896011798604,0.002717628101070858,0.023722955918952862,0.020001376677137906,0.028626413190676953,0.017631034025152866,0.013727013237542371,0.005667322546784917,0.0020989391011145032,0.002841583697968003,0.009563265989233545,0.010098567793078782,0.012467210261223436,0.016038407404084118,0.010822917889895322,0.00817093220148259,0.005355544925059013,0.0034394152061073503,0.0020982644594917674,0.0027459631141052206,0.9486839226447046,0.24263370712287724,7.711406207643449,1.5069199660792947,0.008163576945662498,0.0018310826271772385,0.0016174563206732273,7.629510946571827e-05,0.3328513617793026,0.055352077211501365,0.01040665339678526,0.0021820401307195425,0.01506065484136343,0.0023956664372235537,0.0074115931456617545,0.0018955758368974784,0.009773645383578515,0.0019099112371093723,0.009742885828018188,0.0019073777366429567,0.004318303428590298,0.0016174563206732273,0.004318303428590298,0.0014190890360623598,0.001072689186835695,0.00011474767412241904,0.002061497380541787,0.00012589388941581245,0.011398489587008953,0.0019989318680018187,254.36497437023752,254.6538640690186,270.9446837599588,270.6916136741059,0.0,0.0,254.60202788339672,270.71102661596956,0,247.0,236.0,275.0,279.0,0.0,0.0,3,2
5,4,347,627,306,301,287,268,295.2507204610951,283.9193083573487,1.7792928420206433,390,0.9421186680455658,21.019374919894773,1,0.5534290271132376,0.5620210323919226,36.88397918015959,34.92849839314596,6.082762530298219,2.7440361882464206,2.8284271247461903,12.793657609652726,12.366446068870854,-22.368038934331206,88.08326112068522,0.8897435897435897,0.3600554450275666,0.015627072194561026,0.13827018748509318,0.08695405615627433,0.022148265933883426,0.0013579973656608988,0.042742661782060806,0.05520684815099166,0.038689584919873794,0.015778940956794486,0.007306601300255297,0.0018907157574165711,0.01984620827299807,0.013603120122393496,0.025872191958664473,0.01987073052066605,0.004348771695621265,0.008299322619740597,0.0006080296694293924,0.0019304902286543081,0.0009746244267180163,0.004091311151874005,0.002977516758727552,0.010765880262283227,0.010950338549209699,0.002619605608090841,0.0024501409229146856,0.002150771358501207,0.0023979715436597306,0.00107497342755599,0.48683910351246595,0.13949797814711928,2.6583505403250456,0.6578164338134229,0.006866559851914644,0.0018005645833909512,0.0007782101165503263,8.39246204122901e-05,0.16900421882915606,0.0066188241481975624,0.008255130611360073,0.00221255817450583,0.010345617309212685,0.0023193713277578354,0.006578906804222513,0.0018851078127989091,0.007660952565778229,0.0018957245931222563,0.00758373411372304,0.001892118714749813,0.005050736479461193,0.001541161211207509,0.005050736479461193,0.001541161211207509,0.000613987931627999,0.00014102054073623202,0.001059958672749183,0.00012751526182620604,0.008453498594462872,0.0019684138242155313,295.1096346511006,295.2445604268151,284.01235254147775,283.91688703317095,0.0,0.0,295.2507204610951,283.9193083573487,0,296.0,289.0,286.0,291.0,0.0,0.0,4,3
5,5,415,918,315,342,288,308,301.8722891566265,325.3566265060241,1.8538641913466956,471,0.9429980226168396,22.98683125324351,1,0.45206971677559915,0.5394138387632235,40.7884445325938,38.27531841800928,7.0710678118654755,2.945036970541207,2.8284271247461903,14.353389912497954,13.574326278281374,34.006225262664,98.32590180780451,0.881104033970276,0.3606787788840221,0.026512975943197608,0.12929976050677963,0.09261556890913414,0.017599566658949517,0.006187578691667924,0.04447733468514937,0.05363031079813407,0.041638593432435894,0.007555281289596322,0.0019680944829706492,0.005132262935423055,0.01882569639292864,0.018345877167206367,0.021438635944661534,0.021974703453662266,0.0048666484366470175,0.006646933579705249,0.006560159244026488,0.005096089025713958,0.006710939690275342,0.0024884326256674255,0.004611701996125571,0.007145554308173114,0.012200643978822898,0.00297994807053599,0.005217844958856561,0.00914738059298003,0.005426879170576855,0.004642371909143121,0.5023880465887487,0.16098268097266555,2.885694716591388,0.8042572669219226,0.00641641893889755,0.0018463416490703821,0.0005416953936219215,9.155413135886192e-05,0.044982151205441176,0.016640652640621704,0.007751583121716976,0.002334630349650979,0.008896009996533394,0.002334630349650979,0.006052868031189743,0.0019395503731646452,0.006953481244798525,0.0019379693178841507,0.0069733732379972935,0.0019226367585361004,0.004867628216743469,0.0017242694739252329,0.004867628216743469,0.0014343480579555035,0.000545214334202355,0.00012801749414512672,0.0007893195873333764,0.0001309292307958114,0.007495994679629803,0.002029449911788106,301.9036083933949,301.85943043618494,325.32433874773534,325.3460640901588,0.0,0.0,301.8722891566265,325.3566265060241,0,300.0,299.0,324.0,328.0,0.0,0.0,5,4
5,6,614,1935,715,395,672,350,694.1905537459284,370.27361563517917,2.614252966096465,751,0.9745168620269292,27.96013377055607,1,0.317312661498708,0.38251845286922415,61.916472802462536,57.982756057296896,6.4031242374328485,2.914639030671854,2.8284271247461903,15.416057288912278,13.888747555719709,41.7431342031443,142.0243866176395,0.8175765645805593,0.23177352807195706,0.02242176131014471,0.08971736063679733,0.06020358328139358,0.029355851400376724,0.010802844933186962,0.024752746951625163,0.04528974361943404,0.028300311832986022,0.024701375126348266,0.017308908912131157,0.006687200601445119,0.014624626598543931,0.013630681265564272,0.026017165561243328,0.015835340678536685,0.01849353761604658,0.014544468517477245,0.010942468099500436,0.004412043412914388,0.0030643377539229474,0.0056021250737136674,0.008236805498593708,0.015333322512572804,0.009737982196698714,0.011318253168947435,0.010976264099667924,0.007727281164089248,0.007234582112136481,0.0028896027377828966,0.7698024082928896,0.22149996180087328,4.718120163772255,1.1683680473361164,0.006874189479276538,0.0018158236052840948,0.0007934686727821827,7.629510946571827e-05,0.2900408432222079,0.017285476955530673,0.008438238874077797,0.0022735942620784044,0.01097123697400093,0.002288853283971548,0.006523749222821098,0.0018771183203463836,0.007684234794417354,0.0019028795559220138,0.00758373411372304,0.001892118714749813,0.004699778743088245,0.0015564202331006527,0.004699778743088245,0.0015106431674212217,0.000730454779436051,0.00013178790018933493,0.00113456418180118,0.00012749915744721265,0.008422980085015297,0.001983672846108675,694.1700344783723,694.2078386814508,369.98430153183125,370.27347882302234,0.0,0.0,694.1905537459284,370.27361563517917,0,695.0,680.0,364.0,359.0,0.0,0.0,6,5
5,7,486,928,755,416,723,387,738.3004115226338,400.31893004115227,1.4283000032701765,518,0.9122606004688781,24.875578761936154,1,0.5237068965517241,0.7001330236718067,39.47485290427957,36.235341863986875,7.615773105863909,3.4929343410769302,3.1622776601683795,15.21861208672308,16.169306290757113,-48.02713973327918,93.39696961966999,0.9382239382239382,0.4686913905712205,0.044171900505034035,0.13805221995188036,0.11056014998212575,0.0407335662760946,0.01922621720346326,0.023576659622394778,0.04683530598418996,0.039987769467735114,0.017937895628325436,0.012509776397512832,0.008757520555599415,0.007177761491446179,0.00212881224917291,0.009671039781011316,0.014389742975918104,0.003009092043441298,0.003337932857788224,0.003724801131138521,0.003691884876199828,0.002764629454485474,0.0007133069930883868,0.00555667767767427,0.004249950636797653,0.004158325377200894,0.009540040945581392,0.009917890252889541,0.009884333952160837,0.00765298611758423,0.001434350416305896,0.5647821882739663,0.14479285874404013,5.112703191116452,0.9190814066678286,0.008506904821842909,0.0018158236052840948,0.0018310826271772385,7.629510946571827e-05,0.14701261426813983,0.015864842047653746,0.009033340960741043,0.0022278171963989735,0.017883574590086937,0.00238040741533041,0.007431344582552188,0.001905169194000528,0.010519965413819861,0.0018911140054893591,0.010116731747984886,0.001892118714749813,0.005477989092469215,0.0016479743644595146,0.005477989092469215,0.00158693827688694,0.0008916534918687953,0.0001136961229778527,0.002593905056668191,0.00012215827702138983,0.012268253602087498,0.0019684138242155313,738.2593109879446,738.3147164298048,400.17777957249484,400.3257902775933,0.0,0.0,738.3004115226338,400.31893004115227,0,741.0,745.0,397.0,399.0,0.0,0.0,7,6
5,8,932,2961,677,634,614,587,644.8015021459228,609.5,2.8928202834304986,1152,0.9800215116055987,34.44792091974742,1,0.31475852752448497,0.34568341688137416,83.56918727181409,73.78346698278686,8.48528137423857,3.504264005808904,3.1622776601683795,16.811749730017542,16.621202694758285,53.784077212055,184.06601717798213,0.8090277777777778,0.21750785756864466,0.008940047446877496,0.07236480045903677,0.06648057512489292,0.008375812909378017,0.007176024176080728,0.012785747930691226,0.05389432120684565,0.030955704015491487,0.006987350054658061,0.008222787320518713,0.005012326776708928,0.009534127431203536,0.024043713315118533,0.03003582755954458,0.017029762461641014,0.005714916905492832,0.005152060665334113,0.0067541591477699005,0.0033912123873873884,0.0025474499712922804,0.01646298923783151,0.013514035675755265,0.01672052925105729,0.010340004990363912,0.005055927948909558,0.004546075610218012,0.0029903402532368765,0.005154802517454413,0.002212265001672061,1.1737544983625412,0.2893263141158968,9.398489462211728,1.753597314003855,0.00869764294475317,0.0017853055614978075,0.0013885712251067162,9.155413135886192e-05,0.7848592755258835,0.10760058804365438,0.010803387500345707,0.0022735942620784044,0.016495002433657646,0.002426184481009841,0.007671598028513341,0.0018910216608882145,0.010084216161171382,0.0018815421824075697,0.009933623485267162,0.0018768596928566694,0.00553902518004179,0.0016021972987800837,0.00553902518004179,0.0012512397952377796,0.0009881818312308182,0.00013564315653927998,0.0020368724570133585,0.0001305227470627189,0.011444266885519028,0.0019684138242155313,645.5246131887591,644.7067837315744,609.8051466894908,609.4489479821096,0.0,0.0,644.8015021459228,609.5,0,662.0,634.0,622.0,593.0,0.0,0.0,8,7
5,9,591,1518,449,689,426,623,439.9543147208122,657.0693739424704,5.1686533690520085,964,0.9757864182870164,27.431452220735256,0,0.3893280632411067,0.1934739918888025,71.86659520745872,66.49060083951716,6.082762530298219,2.3542955073274405,2.0,17.207870606522203,15.719060508145112,7.534248044032007,195.92388155425118,0.6130705394190872,0.17020686969881954,0.02178113893803093,0.06045425766531457,0.04593186705271947,0.03005004998363585,0.006162762328414269,0.01292166322267863,0.03055797437296179,0.023358432818923563,0.025487207402668747,0.016514293494546636,0.00175326774546768,0.002633433079335258,0.010796015132921475,0.017769869886370963,0.014521892022503645,0.01745686084476657,0.01794339966294135,0.008374033806903384,0.0016590818537733918,0.007774743548266507,0.0023326312954807167,0.006822634459166837,0.01187746382095075,0.009811638447852326,0.010232617565105273,0.012324582078846664,0.011227560271321484,0.004072017883594838,0.0020839401616314203,0.9481498626992106,0.3161669336259365,3.5359426960349083,1.102037079166621,0.005584802012890577,0.0017853055614978075,0.0004196232184767723,7.629510946571827e-05,0.1853094118438732,0.0576670701864602,0.006775005720555782,0.0022278171963989735,0.00746166193857789,0.0024567025247961283,0.005577352133524768,0.0018598054919172736,0.00598298256520289,0.0018646989495205092,0.005966277793049812,0.0018616006709635258,0.004531929735094309,0.0015564202331006527,0.004364080261439085,0.0015106431674212217,0.0004144867907413753,0.00012453613917207248,0.0005707507664980713,0.0001257909679237468,0.006408789195120335,0.0019531548023223877,440.0803485044482,439.92708592949515,657.205223357266,657.0185400570464,0.0,0.0,439.9543147208122,657.0693739424704,0,438.0,442.0,641.0,675.0,0.0,0.0,9,8
5,10,936,2665,804,679,739,638,769.6047008547008,656.3226495726495,2.4350503852586454,1077,0.9766163540252315,34.52176435050956,1,0.35121951219512193,0.41066912046412635,77.14864399861243,72.00694410957877,7.810249675906654,3.555842477405976,3.605551275463989,17.390451232101206,16.586150541303002,-60.04827470720837,169.23759005323592,0.8690807799442897,0.2298461357516128,0.016509415097474573,0.08945564849563525,0.06173146115374482,0.023219024966793397,0.006792475261691207,0.033919205960909776,0.042801757121663925,0.031398085579633694,0.021976566487012218,0.011808150247132594,0.0039891908434119,0.018111369163386043,0.018333546476678345,0.025284576278867283,0.019151289741514803,0.01717999136680832,0.011865407426994674,0.007017646951542524,0.002667908642087793,0.006919856660284541,0.00798492256929813,0.012025067174817244,0.015557002100749643,0.012771251308826488,0.0110917136131526,0.009755057319513502,0.0063005438544348575,0.004581554569071258,0.0018658299448189668,1.180086993612349,0.26063935295678675,10.736659904476255,1.7636224913876504,0.00938429869711399,0.0017853055614978075,0.002182040363550186,9.155413135886192e-05,0.931113203390136,0.05511379434943203,0.011856259778141975,0.0022278171963989735,0.01733424887061119,0.0025329976342618465,0.008489834486419778,0.0018751032586819191,0.011470790496235315,0.0018842120634483444,0.011657892726361752,0.0018768596928566694,0.004470893647521734,0.0015564202331006527,0.004470893647521734,0.001541161211207509,0.0015535379485650865,0.00013316450756328647,0.00272956437007421,0.00013271586904153537,0.013763638213276863,0.0019684138242155313,770.2355693973594,769.608544804852,655.6378308525409,656.3776291540851,0.0,0.0,769.6047008547008,656.3226495726495,0,764.0,802.0,658.0,642.0,0.0,0.0,10,10
5,11,425,782,815,678,781,655,797.2894117647058,665.4776470588235,1.5392859781295487,462,0.9216055903906147,23.26213245840639,1,0.5434782608695652,0.6496518608031122,37.649279334939266,36.6742416417845,7.280109889280518,3.2367548242335675,3.0,14.312401181709758,14.612729371248953,-66.11213819073706,90.66904755831213,0.9199134199134199,0.40232476320627825,0.012356976113327985,0.15762825566221728,0.08965356766465546,0.01788963415720108,0.0009749311458880606,0.04462128785018873,0.05282390981280008,0.03966290404787526,0.012259691792330885,0.0040570962617475755,0.002420341373313405,0.009633869785765525,0.009615304640386778,0.02185804732959727,0.02095230070635168,0.0014181087687643295,0.0020202004163376655,0.0012979735236243032,0.0021069638753298393,0.007200035156025885,0.004886152530463787,0.0009431468726870825,0.0073164836692958925,0.01215793341920675,0.006893974801066345,0.0031719062390221727,0.0014753605128649825,0.0025735787886343015,0.001293367895172944,0.6089417948387563,0.1471274890936911,4.456076951697469,0.8108033873140812,0.008476386778056622,0.0018158236052840948,0.001968414057046175,9.155413135886192e-05,0.29473720075462356,0.05699468483530218,0.01112382672727108,0.0023041123058646917,0.016479743644595146,0.0024109254591166973,0.007908334997905926,0.001910746611606378,0.010484886945170515,0.0019077726760331323,0.010376135352998972,0.0019073777366429567,0.005661097355186939,0.001678492408245802,0.005661097355186939,0.0014343480579555035,0.0014605943335787358,0.00012746757568741506,0.0025505633482744536,0.0001336469699468218,0.012451361864805222,0.001983672846108675,797.0901520124895,797.2506398675098,665.2604707050109,665.5194218608852,0.0,0.0,797.2894117647058,665.4776470588235,0,801.0,790.0,664.0,671.0,0.0,0.0,11,11
5,12,434,561,372,781,339,764,354.62442396313367,771.7695852534562,1.4180268218521137,464,0.881510906673852,23.507147049675353,1,0.7736185383244206,0.7052052786236297,34.59315983045058,32.984845004941285,8.0,3.4351194738822604,3.0,15.876446027418682,16.333632941507567,82.85386581764183,87.94112549695427,0.9353448275862069,0.5078915095726659,0.05570903303358448,0.1540866979858656,0.10250349814336067,0.04605694115936606,0.018818987379034105,0.02048914515253145,0.033863371276045856,0.03845354666469804,0.008837066976730406,0.013551981603448336,0.006354803559616833,0.0012535136465504431,0.004834473707584648,0.007521106513221369,0.015510396746823607,0.01273984138333249,0.012866210434966531,0.0034489913799230078,0.004764509666213356,0.0027267749343388593,0.0023366564155044797,0.004585354969497227,0.005590104392839362,0.0078248313738139,0.01224838357725872,0.012009795042168581,0.008295365714355931,0.0060541213603380484,0.005129537839766253,0.5810483042150736,0.1463187609333545,4.228046129457653,0.8155489431228489,0.00826276047155261,0.0017853055614978075,0.0014801248908042908,7.629510946571827e-05,0.6764773950479401,0.0138247916623204,0.009933623485267162,0.0021820401307195425,0.014908064156770706,0.0023651483934372663,0.007449337233526585,0.0018758815504276217,0.0097420417729439,0.001879145030236979,0.009689479134976864,0.0018616006709635258,0.0053101396188139915,0.001632715342566371,0.0053101396188139915,0.0015564202331006527,0.0010525068893238521,0.00012989922960130257,0.002043434557611504,0.0001228328987023748,0.01123826950788498,0.0019531548023223877,355.2858472941886,354.62319681179486,771.9115036918179,771.7833554736468,0.0,0.0,354.62442396313367,771.7695852534562,0,357.0,367.0,774.0,773.0,0.0,0.0,12,12
5,13,578,945,408,799,373,772,390.11937716262975,784.4429065743944,1.418315246019546,621,0.8740121812845916,27.128075067297424,1,0.6116402116402117,0.7050618702763483,39.26961566300791,38.600518131237564,8.94427190999916,3.9462956412391805,3.605551275463989,17.921771982123545,19.081263723110272,60.24498185360851,101.49747468305833,0.9307568438003221,0.4939144005751168,0.031353764017853496,0.17399468447282224,0.0956334706834042,0.01905426373727993,0.02071023726282599,0.018410905813743342,0.05388033603842494,0.025284217401439425,0.0026007198363828844,0.011421384431870078,0.008744909957500914,0.0017553008202704388,0.005724301377217492,0.0061433325948470055,0.010624756516254063,0.004909212395772177,0.007433493955494411,0.002208753314548656,0.0023854120125478802,0.006860990776319052,0.01201861188231655,0.01133404771247929,0.005452003327858963,0.00970214691609928,0.005447709207807761,0.006725281530231723,0.011030918675879018,0.0065206831821735724,0.001720916577846072,0.6870985073037446,0.15985351335257292,6.166735395789146,1.0819867243990302,0.009025711566209793,0.0017853055614978075,0.0016937516629695892,7.629510946571827e-05,0.5824546598756486,0.05028282898689337,0.010620279237627983,0.002197299152612686,0.015518425032496452,0.0024109254591166973,0.007897683991997063,0.0018373967052019876,0.010669092380258038,0.0018719493501713326,0.011017014272511005,0.0018616006709635258,0.0060120546258986,0.0016021972987800837,0.0060120546258986,0.0014801251236349344,0.0011079344073053323,0.00012206234680237969,0.0021051974433182095,0.00012471350789762203,0.012466620653867722,0.0019531548023223877,389.74204046023345,390.147980481751,783.9992057249074,784.4842612963276,0.0,0.0,390.11937716262975,784.4429065743944,0,381.0,389.0,780.0,787.0,0.0,0.0,13,13
5,14,578,1200,315,808,267,783,291.0553633217993,794.8598615916954,2.0013835203110415,652,0.9606942986551085,27.128075067297424,1,0.4816666666666667,0.49965435902289573,51.89508131162485,50.32891812864648,7.0710678118654755,3.238362840353632,3.0,14.230249470757707,14.406514302514626,-70.5762784243028,120.56854249492379,0.8865030674846626,0.2905378826912452,0.006612970253932579,0.12388313980554513,0.07142187322945037,0.0017679248459428166,0.003233727848867029,0.04559483261822551,0.05593640311311893,0.03287083267680089,0.0017933934590977588,0.0001100008669878145,0.0019639600722026066,0.028506327600039006,0.021047540759970205,0.030158495121636278,0.01797974992184625,0.002327539812676746,0.000979211313407573,0.000957326699478771,0.0014661515481732377,0.010759067314491312,0.009210584755866712,0.011594083385932905,0.0158519636535671,0.010867366929878906,0.002881235382060812,0.0013039633944310451,0.0020077925373820854,0.0008121993964070218,0.0012240902058254946,0.7111009475775063,0.1933012893423438,4.969237866811454,1.08387884311378,0.007553216069936752,0.0017853055614978075,0.001083390787243843,9.155413135886192e-05,0.37078722727834046,0.02764932085735828,0.009185931645333767,0.0022583352401852608,0.013000686652958393,0.0022735942620784044,0.006837509111322176,0.0018586662436763828,0.008597297347424662,0.0018752229119615572,0.00862134713679552,0.0018768596928566694,0.00476081483066082,0.0016021972987800837,0.00476081483066082,0.0015564202331006527,0.0008388073233563923,0.00012680529197139535,0.0014354167323429154,0.0001291053117405241,0.009712367318570614,0.0019684138242155313,291.39919980216666,291.05726996283363,794.7210824769795,794.8874450951683,0.0,0.0,291.0553633217993,794.8598615916954,0,295.0,293.0,795.0,799.0,0.0,0.0,14,14
5,15,621,1080,127,863,107,809,116.29951690821257,835.1336553945249,2.37904344888964,740,0.9602196683352419,28.11906394744562,1,0.575,0.42033700581077044,54.66242208696225,53.75872022286245,7.0710678118654755,3.2736448995817002,3.0,14.723991838076934,15.264249018145541,9.186061081236463,136.25483399593904,0.8391891891891892,0.2735923035572789,0.028737902378041094,0.1150923422907873,0.06218977899199196,0.03174323750168685,0.017269837119023572,0.02981856002785643,0.05236693559481377,0.023474787021768202,0.020628545879059677,0.02638451090091587,0.008784521918609752,0.013101185511865784,0.020921023978916466,0.018963415108906076,0.01175059834581037,0.013020811890488546,0.014791619879735679,0.015506120218013094,0.004358038003268757,0.010710880120529322,0.0031542270273901473,0.008808578697325466,0.005481974523212196,0.007888976905770414,0.008518769149355588,0.004829928886557157,0.0083061417271268,0.006834605627951868,0.0024507562456117507,0.895933483261615,0.2294804302509874,5.647333563305438,1.1676508733071387,0.007923247292637825,0.0018005645833909512,0.0012359805405139923,7.629510946571827e-05,0.16936661475812545,0.04227780225829454,0.009689479134976864,0.00221255817450583,0.01333638560026884,0.0023498893715441227,0.007284012059037521,0.0018656945548860765,0.009093934884549819,0.001880275158304571,0.009147783741354942,0.0018768596928566694,0.004806592129170895,0.001541161211207509,0.004806592129170895,0.001541161211207509,0.0011207356932976286,0.00011731288543756653,0.0016936997019728099,0.00012338566405198592,0.01040283846668899,0.0019531548023223877,116.33352517392959,116.27121612085413,834.9677382825155,835.1650636418285,0.0,0.0,116.29951690821257,835.1336553945249,0,117.0,112.0,840.0,832.0,0.0,0.0,15,15
5,16,404,522,104,852,86,823,94.82178217821782,837.3316831683169,1.261945575660992,429,0.8517530963127784,22.680140565547774,1,0.7739463601532567,0.7924272007342408,31.59484609319265,29.120439557122072,8.0,3.53096218473557,3.0,15.289105819398227,16.553910376539083,10.022584738941797,80.04163056034261,0.9417249417249417,0.6058178110221649,0.0292737361435182,0.1491092020332623,0.12779125754553625,0.011699937603274684,0.01735076169099631,0.01912413869799517,0.026995828473792328,0.030393034784574266,0.003108132367894377,0.000831037695264996,0.004059731619462115,0.010181004788622694,0.013608762909737039,0.010078579432448517,0.0018073925326128335,0.006606037226921352,0.007413643115147479,0.006943162481595099,0.007162669731104128,0.014070180295445654,0.011756275929381492,0.011113494673129332,0.014589679399858547,0.004111487019860214,0.0039043691449258495,0.004556551213251266,0.008030270036937275,0.007490920780618586,0.007976719187500175,0.5946440906263888,0.13701075757853687,4.479377479292452,0.7528038450982422,0.008957046084105968,0.0017700465396046638,0.001922636292874813,9.155413135886192e-05,0.19756453565815252,0.02810246951581393,0.010879682376980782,0.002075226977467537,0.018646525219082832,0.00221255817450583,0.008145809460635462,0.0018768596928566694,0.011087568018050624,0.0018633758542035697,0.010696574114263058,0.0018616006709635258,0.005737392231822014,0.0016632333863526583,0.005737392231822014,0.0015716792549937963,0.001184541157926203,9.700101397221339e-05,0.0028034844728143885,0.00012217961185609198,0.013076981529593468,0.001937895780429244,94.97188611875674,94.84897131853654,837.2032286908375,837.324576872403,0.0,0.0,94.82178217821782,837.3316831683169,0,97.0,97.0,838.0,826.0,0.0,0.0,16,16
5,17,569,989,921,905,878,882,898.6309314586995,892.572934973638,1.777603183624251,624,0.9270448874424645,26.916041702938184,1,0.5753286147623863,0.5625552481072624,44.23843458552209,45.31004303683677,8.246211251235321,3.6011022669589314,3.1622776601683795,16.127616066858735,16.587217221602835,-71.77774474393938,112.74011537017762,0.9118589743589743,0.3528851928661995,0.03056240627189405,0.15574977922724623,0.06971826032242508,0.03067179059090065,0.016683246675665207,0.03928261683523712,0.05549612125119475,0.02549164479103317,0.014191675799550612,0.021823061594717228,0.008265446510213248,0.011592127463940415,0.014336600038481886,0.0197002523041821,0.012435942299961554,0.002778520727145027,0.006131473010803499,0.012071616690713303,0.003728522085027911,0.003922785343452573,0.004163331159670928,0.004337179176916852,0.005916750505880829,0.008228471314975694,0.0037535355752168448,0.006167327505806437,0.0017297255674998166,0.004640947593492286,0.0017122003221800967,0.7281300202012062,0.18080415041185915,5.9780270787887275,1.0659037153236568,0.008346685208380222,0.0018005645833909512,0.002143892925232649,7.629510946571827e-05,0.316167056161678,0.09751431677615768,0.01124589890241623,0.00221255817450583,0.01771572418510914,0.002288853283971548,0.007506495053620683,0.001863960313524321,0.01050619873249337,0.0018732929970538784,0.010215915273874998,0.0018616006709635258,0.004699778743088245,0.0016021972987800837,0.004699778743088245,0.0015259021893143654,0.001416748310804974,0.00012344757463166525,0.0028181613534706083,0.0001233890273929312,0.01269550621509552,0.0019531548023223877,898.8412308229579,898.5619148509749,892.3368506988663,892.6418243765568,0.0,0.0,898.6309314586995,892.572934973638,0,899.0,884.0,893.0,896.0,0.0,0.0,17,17
6,1,1578,3283,451,172,384,123,421.44423320659064,144.74397972116603,4.300016147797385,2077,0.7028705002526722,44.82378834494121,-1,0.48065793481571734,0.2325572662121825,56.64639139660631,67.08203932499369,11.045361017187261,4.189974417849491,3.605551275463989,44.915211164760414,40.29358838867333,84.92033967146824,292.0071426749364,0.7597496389022629,0.44591678277835933,0.0733378666452266,0.18322526946199916,0.04207518353482744,0.03563812270819723,0.019033360244813228,0.01876121918965277,0.020931593715648237,0.012769248101771921,0.016090147610300913,0.02420240542989358,0.010710536913517974,0.006655734772272474,0.017128715966239452,0.0050541552636334044,0.009511250606760939,0.012486080055861142,0.01927059620206788,0.010911107484738211,0.008426521540969385,0.002647987679857919,0.0064671791181662,0.003526888510597526,0.009310599201910645,0.002044043933782254,0.0041213216857371796,0.0044020326469642965,0.004775194501337822,0.008384212229097405,0.0032900628959288965,1.1583581515587866,0.49137102300301194,10.14460993045941,2.972381169674918,0.004974441137164831,0.0018005645833909512,0.0010528722777962685,7.629510946571827e-05,1.9218362523464843,0.029693319003504304,0.00712596345692873,0.0022735942620784044,0.014587624929845333,0.002471961546689272,0.004421214318926667,0.0018754619198588242,0.006428776888757547,0.001883638257081697,0.005935759749263525,0.0018768596928566694,0.0028381780721247196,0.0016174563206732273,0.0028381780721247196,0.0014801251236349344,0.0007930579604046867,0.00012033369748076015,0.002207188959244873,0.0001259730317048806,0.00712596345692873,0.0019684138242155313,423.185336937597,421.42538566184965,143.93033828987774,144.72103493416157,0.0,0.0,421.44423320659064,144.74397972116603,0,434.0,412.0,140.0,141.0,0.0,0.0,1,1
6,2,1543,2610,552,209,494,164,522.2605314322748,185.73558003888527,3.8614174239258907,1909,0.7070540789968863,44.32390571154979,-2,0.5911877394636015,0.25897226075685525,55.096972698725935,57.87054518492115,12.806248474865697,4.681604011994874,4.123105625617661,43.6031945926007,38.962346532818906,82.57551869325903,273.62846301849606,0.8082765845992667,0.5806494276097537,0.01666543179985995,0.1889506239214095,0.06548704678620969,0.002717212383402943,0.007619207507850499,0.016269055857723827,0.024198915984304434,0.025693461686953762,0.0044755788806967395,0.014379988567721788,0.012722610360660337,0.016670245555866433,0.024414422617339438,0.018975161843093072,0.005817531971595147,0.004798306912208119,0.00929456603510653,0.010656569661892273,0.010734671789829451,0.00413900929653789,0.005288920485190197,0.0059499293256702725,0.00820592523050403,0.002943078650949285,0.004987824947968824,0.0013804998203061861,0.007047775578367776,0.0038525144302912566,0.008029575545008707,1.2194247604347765,0.4387426564935595,14.972350838594139,2.9180285336915404,0.006286717019975185,0.0018005645833909512,0.003074693027883768,9.155413135886192e-05,1.6716513205011183,0.05757975187154593,0.008896009996533394,0.0022583352401852608,0.021103227511048317,0.0025024795904755592,0.005211216924934942,0.001874968617493844,0.009703403006217847,0.001891139684829255,0.008873121347278357,0.0018768596928566694,0.002822919050231576,0.001541161211207509,0.002822919050231576,0.0015106431674212217,0.0012228589654579897,0.00012002290775613724,0.004161214643295172,0.00012677217346435864,0.012821393087506294,0.001983672846108675,523.4614461695172,522.318062259129,186.89843081658938,185.73795317753735,0.0,0.0,522.2605314322748,185.73558003888527,0,515.0,498.0,190.0,188.0,0.0,0.0,2,2
6,3,664,1120,597,201,557,173,575.5798192771084,188.2906626506024,2.119398953056035,796,0.7777594956415814,29.076297180076903,1,0.5928571428571429,0.4718318835432401,37.89132431721918,39.319206502675,10.44030650891055,4.033093011372689,3.605551275463989,25.746731958621822,23.817045965387123,76.65579797162071,132.9827560572969,0.8341708542713567,0.5458412398234231,0.026394642352734126,0.19077340746022617,0.076920982939702,0.012755772511280617,0.012049467446357818,0.00207583535756171,0.04511587117325763,0.01016719626414501,0.008080057534216065,0.009319226901992245,0.01034893923872225,0.0175668450278279,0.006252910818008041,0.0077461520449288055,0.006043140724290935,0.00332304334328583,0.007112267628044396,0.0015229372155511497,0.011760252202869706,0.001676848857415326,0.01684709672088365,0.017894326631254693,0.003159104331304478,0.010624727082199956,0.004118776164680062,0.007838176833259334,0.004070068473923332,0.009097657565132884,0.006299411158988466,0.5898680223617703,0.22478065150789917,5.976989470189437,1.2707560842391104,0.0057831695303320885,0.0018158236052840948,0.0027771415188908577,9.155413135886192e-05,0.07542567561034184,0.02021365187036134,0.007965209893882275,0.0022278171963989735,0.020065613090991974,0.002426184481009841,0.004998881545438731,0.0019049207754906709,0.009001490165947947,0.001913789283492636,0.008255130611360073,0.0019073777366429567,0.0032501716632395983,0.0016632333863526583,0.0032501716632395983,0.0013427939265966415,0.0009063595784186886,0.00013085611760044573,0.0038216932546013935,0.00012994986679298404,0.011703670024871826,0.0019989318680018187,575.506494729204,575.5738421450786,188.30834154241956,188.27135292210522,0.0,0.0,575.5798192771084,188.2906626506024,0,577.0,571.0,189.0,192.0,0.0,0.0,3,3
6,4,1216,1950,927,274,902,196,914.7524671052631,234.62746710526315,2.865074897724424,1460,0.975082115358893,39.34792607492748,0,0.6235897435897436,0.34903101513829415,86.45197324358877,78.64477096412705,8.54400374531753,3.9055975813028248,4.0,20.951514314738834,19.178872590278488,-7.076058526095917,209.23759005323592,0.8328767123287671,0.2503248644135744,0.011185613185440616,0.09063559005510051,0.0714040419735077,0.01607653771149509,0.004102415875570548,0.03315400668812742,0.048963615143898916,0.03568053747056187,0.015539730751264412,0.007788820262736396,0.002019953555532865,0.021174829514750793,0.021259335683190862,0.028258623037360008,0.020880147380294187,0.012437846412584717,0.008273586377854249,0.003791441299050804,0.001196505689881192,0.007622595964465332,0.013329975367800024,0.011880501134069436,0.016567490231499664,0.013061238482262656,0.008971009123175678,0.00641751311095644,0.003865400800973401,0.0019566142652694984,0.0007719415800792542,0.8478217935189605,0.3358510718680918,7.602151664439589,2.2997482256032526,0.0053864349611103535,0.0018005645833909512,0.0008697640150785446,9.155413135886192e-05,0.7932291008256812,0.03141662108101643,0.006561379414051771,0.002288853283971548,0.009475852362811565,0.0024414435029029846,0.0046840983067345885,0.0018555307838016124,0.00625176946088782,0.001891240317107938,0.006393530406057835,0.0018768596928566694,0.003128099488094449,0.001541161211207509,0.003128099488094449,0.001541161211207509,0.000635514087482466,0.00012558023524014483,0.0011640991826431194,0.00012825718192867425,0.00712596345692873,0.0019684138242155313,914.6611609254511,914.7786801491567,235.41542369539033,234.64478416072828,0.0,0.0,914.7524671052631,234.62746710526315,0,912.0,917.0,256.0,246.0,0.0,0.0,4,4
6,5,462,828,724,232,688,209,706.3333333333334,220.37662337662337,2.472537428032474,618,0.8249152300626038,24.253590861306396,1,0.5579710144927537,0.4044428159761981,33.62055257689398,35.510561809129406,8.246211251235321,3.2420475603480963,3.0,22.0,19.0042344626456,74.85538423392423,119.8111831820431,0.7475728155339806,0.4664842741218439,0.024026350656731792,0.18813205032428534,0.07231172974025764,0.004450594505365301,0.016545233452460662,0.027371536558271202,0.04639625526760237,0.018168938636307454,0.012824286458554506,0.013028995977473874,0.0036046133278133546,0.009844574825953715,0.00814840261802157,0.0029630804954155015,0.0119356238868899,0.004588956230989277,0.005737934258323285,0.004613661824906115,0.003982862361300307,0.009118832911760435,0.014095246053644714,0.01079392725645769,0.006595426497163453,0.009747585117844182,0.006719043327427961,0.006812741417460302,0.004409474598167382,0.0032184499679283945,0.002408270938758109,0.4179751332849264,0.1911345082335174,2.4602884370833635,0.8716411076020449,0.004341191845014691,0.0018005645833909512,0.0010070954449474812,7.629510946571827e-05,0.32760315102185095,0.06717491442038802,0.00588998245075345,0.0021362630650401115,0.008255130611360073,0.002334630349650979,0.004058011002766276,0.0018556748372186157,0.005325299647366588,0.0018866690640736903,0.005157549399882555,0.001892118714749813,0.0029755092691630125,0.0015716792549937963,0.0029755092691630125,0.0015716792549937963,0.0006656649626950989,0.00011381593083239876,0.0012697336593668555,0.00012784773911414326,0.00634775310754776,0.0019684138242155313,706.1527149859096,706.3995588466993,220.10330883779795,220.3653694658894,0.0,0.0,706.3333333333334,220.37662337662337,0,706.0,701.0,218.0,224.0,0.0,0.0,5,6
6,6,1350,2584,892,245,816,211,855.9288888888889,229.02370370370372,3.934175879535667,1816,0.9379285071071268,41.45929793656026,0,0.5224458204334366,0.25418284047789586,74.65235100736705,77.12976079309465,11.180339887498949,4.168338205023164,3.605551275463989,32.25021666396277,25.891574452296588,-79.67885666298022,258.3441917710341,0.7433920704845814,0.28893484373717765,0.023686270040810323,0.13343590057957203,0.05921369917534265,0.018796166727006004,0.015412118752549045,0.05772030805443975,0.03722648067099461,0.028887068679429587,0.014072666458160727,0.01695806892544962,0.010573983348066068,0.02437338004678381,0.010086940750200408,0.022250243824724607,0.015912752009456955,0.006118043940447973,0.011596039346952747,0.011136580291148085,0.007943789180507107,0.00010476431240198593,0.0013142911333500608,0.008920670139435998,0.011867530935076653,0.009422168509919771,0.000863439166925187,0.008084202973474605,0.006124724221868052,0.007766307832618454,0.006043020652961083,1.1009842266794294,0.41705958638340235,12.207400783663616,2.519554435973987,0.0053406578954309225,0.0017853055614978075,0.0034943162463605404,7.629510946571827e-05,3.1881996606342753,0.04902892432495494,0.007507438771426678,0.0024414435029029846,0.017883574590086937,0.0024414435029029846,0.004871611622475351,0.0018453963999265591,0.009042519099010085,0.0018663366192399904,0.008453498594462872,0.0018463416490703821,0.0029297322034835815,0.0014648661017417908,0.002594033721834421,0.0014648661017417908,0.001156053417255891,0.00013138518986912946,0.004017709116915272,0.00012556769951318667,0.01268024742603302,0.0019455252913758159,859.1117070866542,855.9138257862511,229.20886686430148,229.07036137573508,0.0,0.0,855.9288888888889,229.02370370370372,0,872.0,858.0,228.0,243.0,0.0,0.0,6,5
6,7,1267,2964,499,543,423,504,459.6708760852407,522.5082872928177,2.6014149578981796,1449,0.9652141605199924,40.16459265546523,1,0.4274628879892038,0.38440618516622693,79.81944553168972,78.44743462982075,9.848857801796104,4.296249826222715,4.0,21.354963890360963,20.86963691175674,-68.83095453993604,203.51576464628795,0.8743961352657005,0.2621375533278277,0.008724222255160579,0.11658708112481739,0.06335954899242907,0.008771398399902453,0.0031631087942210114,0.040154351448580844,0.05638488252203996,0.027759007190656857,0.004213435730046504,0.005021048822087421,0.00295705923236892,0.02638176732657722,0.023867861942459705,0.0299187306887034,0.014537833005715392,0.0038029407775267304,0.0013286404865167603,0.0032925958567930277,0.0029004211116931463,0.01436836085844463,0.010943088358475201,0.013923521054682201,0.01570187670686239,0.008479974834043435,0.0030150265043656986,0.0011345993257566734,0.002186404504084179,0.00256971569064271,0.0026502465933264663,0.9681544422637671,0.32533760578371584,10.830457142554224,2.3755703053902835,0.006679636891931295,0.0017853055614978075,0.0019455249421298504,7.629510946571827e-05,0.6327960134756808,0.015025754504221571,0.008148318156599998,0.002288853283971548,0.013962005265057087,0.002288853283971548,0.00556410599002165,0.0018697563550788268,0.00854811139901675,0.0018749568314051172,0.008567940909415483,0.0018616006709635258,0.0034180209040641785,0.0015716792549937963,0.0034180209040641785,0.0014648661017417908,0.001123613700892639,0.00012043495426721338,0.002373005062233855,0.00012493526708526518,0.010543984360992908,0.0019531548023223877,460.26078440434475,459.6855597592544,522.2792917257808,522.5114752413558,0.0,0.0,459.6708760852407,522.5082872928177,0,449.0,451.0,525.0,518.0,0.0,0.0,7,7
6,8,564,936,545,531,506,507,526.5602836879433,519.136524822695,2.5800466623553557,697,0.843492849077387,26.797520467958073,0,0.6025641025641025,0.387589889202658,37.5865304384189,38.63935817272331,9.055385138137417,3.508373950216788,3.0,20.824604460670944,20.189244142762316,-78.62444500084698,135.22539674441617,0.8091822094691535,0.4792770422914679,0.03988490391663947,0.1828523718327999,0.0825507608526716,0.008314526395411083,0.007906815449176725,0.022929089742253467,0.04738141362391823,0.020923000667463405,0.015236820871621913,0.005936372023132371,0.0067207026415451515,0.004133262230238658,0.007330045096831306,0.004308907623564799,0.006010510569837228,0.004906161515669599,0.01122269282019451,0.00871609933684172,0.005429525398505188,0.011091876859722462,0.01241694526306416,0.00969825177905938,0.007149223204657831,0.0036085842387112523,0.002950625742980206,0.004763834555673546,0.0059993823251794885,0.00637755497163092,0.003484671655924739,0.5932860400062054,0.22267490648664534,5.053894932148978,1.0588387881871313,0.00520332669839263,0.0017853055614978075,0.0029297317378222942,7.629510946571827e-05,1.5477326902248576,0.023536781519455357,0.008804455399513245,0.002166781108826399,0.021393148228526115,0.0023041123058646917,0.004985596974842062,0.0018712177015684482,0.008960806617285422,0.0018773737379204456,0.00782787799835205,0.0018616006709635258,0.003082322422415018,0.00158693827688694,0.003082322422415018,0.0012970168609172106,0.0012950727052523819,0.00012301207633487278,0.004470749913303616,0.00012888004899129748,0.01187151949852705,0.0019531548023223877,528.1051970494278,526.5386145177329,519.0431482415987,519.127336398092,0.0,0.0,526.5602836879433,519.136524822695,0,528.0,516.0,519.0,525.0,0.0,0.0,8,8
6,9,561,936,493,554,454,530,472.9768270944742,540.9910873440285,1.6719962146327454,608,0.9121167356234094,26.726155439876237,1,0.5993589743589743,0.5980874784573901,41.99183070000233,42.941821107167776,8.246211251235321,3.668655670680611,3.1622776601683795,16.544610540325042,17.213734498792338,-67.26035869709732,108.5685424949238,0.9226973684210527,0.3873575838375414,0.01820663533248808,0.16931963289942611,0.07641575975794179,0.019326773982119697,0.006880115188590011,0.03835590328821256,0.05946296272768016,0.02902933564388714,0.00977536219244657,0.008284272813694043,0.0026122279236350447,0.005828309866632772,0.012636534196705853,0.02065449065970732,0.015033796001064819,0.0010714944808521386,0.00363370996731829,0.0011196880344795375,0.001436210524948204,0.0013086480108176445,0.0074385567300082524,0.0015072001719952997,0.007703714333390377,0.009509602281597817,0.005140842423370943,0.00432505643691324,0.0027006899829066307,0.0013646071304311647,0.0010041902548503998,0.591210812330246,0.17116044857539237,6.039490418042988,1.0571755548007786,0.007354848785325885,0.0018005645833909512,0.0029297322034835815,7.629510946571827e-05,0.7879191192481242,0.06276370289292439,0.009353780187666416,0.0023956664372235537,0.023239489644765854,0.0025787746999412775,0.0064262044818505,0.0018604396584281778,0.010765580067812813,0.0018844484042794627,0.00984969874843955,0.0018768596928566694,0.0034485389478504658,0.0016021972987800837,0.0034485389478504658,0.00158693827688694,0.0014763492707907098,0.00013008617616372633,0.004433140223774581,0.00012966647530611469,0.013550011441111565,0.0019645990687422454,473.6341189120078,473.0390577639214,540.556594530417,540.9829248578275,0.0,0.0,472.9768270944742,540.9910873440285,0,475.0,490.0,539.0,535.0,0.0,0.0,9,9
6,10,586,975,720,768,681,743,700.3668941979522,756.3327645051195,1.5302695565578561,652,0.8124932889829533,27.315167457198672,1,0.601025641025641,0.6534796407041978,36.84834530513878,38.3275357934736,9.848857801796104,3.9667575106051123,3.605551275463989,22.483201276122614,21.48149991391516,82.64965939537694,106.1543289325507,0.8987730061349694,0.5079090355444557,0.08450451608873501,0.16528458420927905,0.06342437143352711,0.060926700175345634,0.010145992869182002,0.006348582464032686,0.028913163012351837,0.033289025020427916,0.012387081676264193,0.0037556264850900946,0.005495951237016628,0.00758217033049141,0.010028772079293336,0.011456057723672489,0.019286138654855067,0.01692321465025382,0.009201439578606228,0.010505813765305204,0.004970519914897416,0.01885179200755624,0.004190205465130912,0.004665167076376517,0.003261263965063859,0.012367548922365785,0.0038889023442919514,0.012506657068813392,0.006153184107384523,0.0012018216689502052,0.002690830964561768,0.4565652047749609,0.16656748298555613,4.794338966952637,1.08737315912731,0.0057831695303320885,0.0017853055614978075,0.0020294501446187496,7.629510946571827e-05,0.6476586631132992,0.01781188714533219,0.0072785536758601665,0.002197299152612686,0.01716640032827854,0.0023498893715441227,0.005072946719721787,0.0018507498109506236,0.00818146581391235,0.0018555855957803923,0.007553216069936752,0.0018463416490703821,0.003402761882171035,0.0015564202331006527,0.003402761882171035,0.0015564202331006527,0.0009603603108813626,0.0001158579625759785,0.0030328318737921777,0.00012038082688221875,0.010223545134067535,0.0019226367585361004,700.8026111035086,700.3520438949777,755.8535854966915,756.3425997389877,0.0,0.0,700.3668941979522,756.3327645051195,0,702.0,705.0,756.0,759.0,0.0,0.0,10,10
6,11,786,1845,404,904,359,863,381.7608142493639,883.617048346056,2.1865651487028916,908,0.9416400545381627,31.634890266315733,1,0.42601626016260163,0.45733830551228594,55.32530144773791,56.639209034025185,8.602325267042627,3.8153771724989554,3.605551275463989,19.79898987322333,18.623683777601336,-44.860184873573765,146.95941546018392,0.8656387665198237,0.31195956426491206,0.019849986206791546,0.14374234756184867,0.06651031262431882,0.013281082741529837,0.012187146320105816,0.0471530277091834,0.05661287569151415,0.027489524498808197,0.009487018259628959,0.008236444017715096,0.006801060078300016,0.018698947768594182,0.022346762802743607,0.025283441381858125,0.01409620659080452,0.007731370514921886,0.006719384076259714,0.005251135731358818,0.0032671227892454627,0.006013629716503862,0.0033674693840613536,0.010745439464659421,0.010651685427417684,0.008359824232457945,0.0006470235281086433,0.0012400093389149669,0.0025674238597003917,0.0018766572245311527,0.001561897807989809,0.601724281674251,0.22072175168432295,6.3932403489016,1.4632486454211175,0.00588998245075345,0.0017700465396046638,0.002182040363550186,9.155413135886192e-05,0.6418122303842506,0.08390564391782881,0.0073853665962815285,0.0022735942620784044,0.01417563110589981,0.00238040741533041,0.005056506568691185,0.0018548046360027139,0.008133893573666158,0.0018616394979912437,0.007797360420227051,0.0018616006709635258,0.002777141984552145,0.0016174563206732273,0.0026550698094069958,0.0012970168609172106,0.0010984002247396538,0.00012221150217080797,0.0028352222774842553,0.0001291747319900539,0.010452430229634047,0.0019531548023223877,382.32793371924623,381.8383840490542,883.3165513478161,883.5850626733685,0.0,0.0,381.7608142493639,883.617048346056,0,378.0,373.0,886.0,896.0,0.0,0.0,11,11
6,12,786,1881,249,953,192,920,218.58269720101782,934.9605597964377,2.5049872097109662,929,0.9538250991495062,31.634890266315733,1,0.4178628389154705,0.399203635101747,58.82682385957819,58.872744118140105,8.06225774829855,3.6433363534937113,3.1622776601683795,18.62194231168334,17.669376662893352,-61.89200341309429,157.29646455628165,0.8460710441334769,0.2879701101959221,0.02820813478694751,0.12680369660636498,0.062302434907488456,0.03300105307020819,0.013901030018810077,0.03654082816962811,0.05099005723388508,0.025657543666586503,0.024963248121148342,0.017576111524595414,0.00895024843376474,0.0139258474865751,0.016476508989557305,0.025032485920920968,0.01233841922148507,0.01392351511236874,0.011584319152792745,0.010670288561384777,0.0060856635205146,0.003978943825333098,0.0026477791241775353,0.008327742620454145,0.01272025442410783,0.00635826880086822,0.003581766141562293,0.004757289309391769,0.004220822803892791,0.007082752212154746,0.004044543638477093,0.7287098632659763,0.2555275806225836,6.591805994743481,1.470939192455262,0.0057984283193945885,0.0017853055614978075,0.0023498893715441227,7.629510946571827e-05,0.2594877987053567,0.044047886530327006,0.008636606857180595,0.0023498893715441227,0.016464484855532646,0.0023498893715441227,0.005319050096831944,0.0018651648220626542,0.008386521621811045,0.0018714239089761603,0.007858396507799625,0.0018616006709635258,0.002944991225376725,0.00158693827688694,0.002944991225376725,0.0015259021893143654,0.0012711002023044185,0.0001279887253660037,0.003082336217411088,0.00012165194332584741,0.010742351412773132,0.0019531548023223877,218.39816756937856,218.62450465777297,934.7781242387083,934.9744289300608,0.0,0.0,218.58269720101782,934.9605597964377,0,219.0,240.0,934.0,933.0,0.0,0.0,12,12
7,1,510,1131,303,102,264,73,283.71176470588233,88.03921568627452,2.0445062079303296,573,0.945347464129544,25.482389366284572,1,0.4509283819628647,0.4891156584025775,45.42851169434708,44.94441010848846,7.615773105863909,3.1151782388436344,2.8284271247461903,15.2542553961938,14.812632886093994,-58.257759309331,114.46803743153546,0.8900523560209425,0.32146146921531343,0.0308965158622168,0.13385178784177906,0.07069646305787461,0.035868686930476075,0.013984521947201914,0.039955085661799394,0.04823789326117924,0.03167550495560036,0.024958942107049624,0.017961690953035823,0.0074871653967722536,0.015362342396473848,0.011401579459321222,0.02353830223372746,0.017287333561659186,0.009402251137284455,0.011292425250665693,0.008904538063721126,0.004647792129530084,0.0027177071431685506,0.0025135401470704403,0.005339329873552586,0.011461457562507228,0.010574314282683886,0.002241736575362388,0.002591453600346728,0.004136354535952165,0.004281837977609553,0.003366135425921491,0.597604344598949,0.18306248565204442,3.779202007688582,0.9771114669274539,0.006637674756348133,0.0018310826271772385,0.0007629510946571827,9.155413135886192e-05,0.15252719725881872,0.03398397224916961,0.00781261920928955,0.0022583352401852608,0.01031509879976511,0.0025787746999412775,0.006290572048409989,0.001926973533179415,0.007410200015075651,0.0019159048371126548,0.007415884640067816,0.0019073777366429567,0.004791332874447107,0.001678492408245802,0.004791332874447107,0.00158693827688694,0.0006985161529082483,0.00012652186489787653,0.0010784321696485635,0.0001293072650917901,0.008171206340193748,0.0019989318680018187,283.8627246115478,283.67826969625986,88.01740622078106,88.04495978761615,0.0,0.0,283.71176470588233,88.03921568627452,0,289.0,276.0,85.0,98.0,0.0,0.0,1,1
7,2,791,1323,681,96,618,75,648.914032869785,84.2465233881163,2.4369909812245187,1021,0.9651958071892338,31.735350634355903,1,0.5978835978835979,0.41034210126519566,66.57807515548738,62.12889826803627,7.280109889280518,3.389306749982356,3.0,19.12033723433187,17.41205107787991,-89.27717029168595,155.63961030678928,0.7747306562193927,0.2609151502294077,0.039931719631720146,0.08863454956333407,0.06367136374164244,0.04902354899596782,0.01792048510188433,0.01649382730571285,0.033304581029526874,0.030700037456927846,0.03618154029587225,0.026485833022216593,0.010347632932141752,0.0028965054623182624,0.003738250056313673,0.016414258296509443,0.018015177439057208,0.01900600665346107,0.019938352358068453,0.014418743127165406,0.006589094660267579,0.006770992709736844,0.006157065997386396,0.0009386426157475629,0.009331161924975224,0.01135410172372924,0.006619786206593226,0.009032663736658475,0.009706011301114524,0.008154735890791815,0.004221965601239062,1.0202182191424072,0.2588998244609684,7.571908228099346,1.516090638237074,0.0079194325953722,0.0018310826271772385,0.0016021979972720146,9.155413135886192e-05,1.0216397949472162,0.007746354162842158,0.01028458122164011,0.0023498893715441227,0.01417563110589981,0.0024414435029029846,0.007446848314908081,0.00188977974059101,0.009572576773829767,0.0019166759016903592,0.00953688845038414,0.0019073777366429567,0.005142290610820055,0.0016479743644595146,0.005142290610820055,0.0014648661017417908,0.0010728578022546657,0.00012366138957914104,0.0019938956473525503,0.00013645742790329137,0.011116197565570474,0.0019989318680018187,647.9505244630514,648.9202270599958,83.90681848562991,84.25117505560756,0.0,0.0,648.914032869785,84.2465233881163,0,645.0,676.0,81.0,90.0,0.0,0.0,2,2
7,3,829,2146,450,107,376,78,413.1266586248492,92.40048250904704,3.5321461721170957,1032,0.9854935429840375,32.48869930584249,1,0.38630009319664493,0.28311399111793284,81.71112151713727,75.43208866258443,7.0,2.947830915687988,2.8284271247461903,14.74718454671245,13.86743339550647,-73.93404377881211,191.8233764908628,0.8032945736434108,0.18505608145799293,0.003120798291558585,0.07387543002828095,0.052454597466278986,0.002675402823866927,0.001553192553040267,0.02563094722340134,0.04483786868611916,0.02568658160618259,0.003167493914918171,0.0012484030367715948,0.0011387132462818798,0.020922512893948336,0.021808858942905872,0.027572517596762026,0.015054817888219595,0.0030424610073588234,0.0010431429008913747,0.0018100328212932184,0.0007788400941418659,0.013158645389965466,0.015650737757046392,0.014938072249797337,0.01765757126163085,0.009697386862368033,0.0027065465001320185,0.0017962283216351503,0.0007931531293981106,0.0016894056938291744,0.00048373004397310996,0.9281452829018235,0.3143816280644387,5.200808822643012,1.620508125051856,0.00588998245075345,0.0018616006709635258,0.000396734569221735,9.155413135886192e-05,0.43690961889148533,0.05986140560058469,0.007186999544501305,0.00254825665615499,0.008102540858089924,0.00254825665615499,0.005729291869764343,0.0019406273337311032,0.0062735932721869865,0.0019547745778671364,0.006286717019975185,0.0019531548023223877,0.004394598305225372,0.0015716792549937963,0.004394598305225372,0.0015716792549937963,0.0005151095060352789,0.00013446405570354943,0.0006076416449319277,0.0001343556103172387,0.00668345158919692,0.0020447089336812496,413.54273769042544,413.0668173258004,92.26718499868355,92.40203389830508,0.0,0.0,413.1266586248492,92.40048250904704,0,430.0,376.0,86.0,102.0,0.0,0.0,3,3
7,4,346,682,321,112,290,90,304.64161849710985,100.45086705202313,1.9735598989775769,393,0.9308718529300553,20.98906578384008,1,0.5073313782991202,0.5066985808325657,35.22233564672391,33.83784863137726,6.082762530298219,2.6812100252850084,2.23606797749979,13.147681866456097,12.868334315409756,-60.23142172172557,92.63351365237939,0.8804071246819338,0.3847518624265208,0.025211845608609486,0.14518538738821796,0.088777448238543,0.027860431233495363,0.011581446720484098,0.041326357379312825,0.05169012539953771,0.03819295471084776,0.01449426938539982,0.01446333900982192,0.004796193333211683,0.013686067272567584,0.01060001841745835,0.01992470532896752,0.01958279670077457,0.004293952863166258,0.006394948076762462,0.005204041941228949,0.0016962536604214194,0.002697602050153887,0.0013186183596739975,0.00227107031178011,0.007782072061114427,0.01039779742229699,0.004439048418209779,0.004546166473216879,0.0012285999851884468,0.0017343904568654308,0.001313789430697587,0.5465934332460165,0.15500114439055324,2.731700650881976,0.6627450978849083,0.007034409325569868,0.0018310826271772385,0.0008239876478910446,9.155413135886192e-05,0.12085205229584244,0.035898981327711466,0.00883497390896082,0.0021362630650401115,0.010360876098275185,0.0022278171963989735,0.006748067077111315,0.0019135943751920153,0.007895088586364092,0.001915448259782972,0.007995727472007275,0.0019073777366429567,0.00521858548745513,0.0016632333863526583,0.00521858548745513,0.00158693827688694,0.0008189808106863262,0.00010892577294738607,0.0011072248359244223,0.00011938046934984764,0.00869764294475317,0.0020065613789483905,304.5410228923277,304.67510878824856,100.3838913635785,100.43793889438906,0.0,0.0,304.64161849710985,100.45086705202313,0,306.0,315.0,100.0,93.0,0.0,0.0,4,4
7,5,437,693,709,119,676,98,692.025171624714,107.61327231121281,1.420642685347069,463,0.8868106377495307,23.58825303088947,1,0.6305916305916306,0.7039067672077555,34.90810775230839,33.24154027718932,7.615773105863909,3.482457985569775,3.1622776601683795,14.855627054164149,16.13218792105416,-69.78364512929151,88.32590180780451,0.9438444924406048,0.5035345529857612,0.03373576218634561,0.16207350604578163,0.10739859390678819,0.02174373915101569,0.018649824862609694,0.023661915687171197,0.04834399271399502,0.034355469654485785,0.006155521402017413,0.007299663174219699,0.009607222362128204,0.002723385966179395,0.0049324480634232335,0.0056130326934203155,0.012185659304608168,0.0058742258230799265,0.006214275503269616,0.00454106269180588,0.00465976700878023,0.010200300754488911,0.008011005782207536,0.012270631767724818,0.006017730724027621,0.006060001847752595,0.007589166722569036,0.00836253432838265,0.008427086078610039,0.007266480508669873,0.0017759527203626776,0.6280918656848371,0.1399557488039136,5.529793282505125,0.8427100020926446,0.009788662428036332,0.0018310826271772385,0.002891584299504757,9.155413135886192e-05,0.09495005186917244,0.0206493195542557,0.011825742200016975,0.00221255817450583,0.019699396565556526,0.0023651483934372663,0.008603998160066262,0.0019172020384097752,0.01265398920481722,0.0019283981741250447,0.012626840732991695,0.001937895780429244,0.006546120624989271,0.0016174563206732273,0.005981536582112312,0.0015716792549937963,0.001232375123813166,0.00013051666646980175,0.003352651894332725,0.00013640801390904853,0.015575646422803402,0.0020141908898949623,691.9367706619174,692.0399442301773,107.57862000787514,107.62770021909573,0.0,0.0,692.025171624714,107.61327231121281,0,693.0,685.0,108.0,113.0,0.0,0.0,5,5
7,6,960,2349,681,222,652,141,663.4458333333333,179.90625,3.41577588416374,1481,0.9703754725082085,34.961549778946534,1,0.4086845466155811,0.2927592540939854,88.33444892162952,80.62257748298549,6.708203932499369,3.09185731743595,3.0,22.884929359878665,21.341764163276533,-10.355577148769548,202.99494936611666,0.6482106684672518,0.18765592059327477,0.04022910473912561,0.051766876168363264,0.04420594100938992,0.04728025667884796,0.017865931909014424,0.009451098843918112,0.016737737033298613,0.021813321470197055,0.029661260610355334,0.026335442497975328,0.010732983262358421,0.020613599123766528,0.011256168975892376,0.009318649891244455,0.01305454658140585,0.009038153189438701,0.016838724784198806,0.016637724952191513,0.007329795181495925,0.020494665437706748,0.013871547202158989,0.007854826796626331,0.006090173069237402,0.008408786277944627,0.004765904324217247,0.004177746721775157,0.010486237398280767,0.011319682221708456,0.005222544452223638,1.2106965952552855,0.3325246050953865,7.9167163679376245,1.8448157468810678,0.00747692072764039,0.0018310826271772385,0.0007782094180583954,9.155413135886192e-05,0.2583260534646392,0.05607846170935199,0.008957046084105968,0.0023498893715441227,0.01112382672727108,0.0024414435029029846,0.006958026409513135,0.0019110609488240604,0.008246579549935025,0.001921683069667779,0.008331426419317722,0.0019226367585361004,0.005355916917324066,0.0014496070798486471,0.005279621575027704,0.0014496070798486471,0.0007493162341473903,0.0001255622354448073,0.0011191477105901286,0.00013092287653558015,0.009018082171678543,0.0019989318680018187,663.2084491449164,663.4706038047974,180.00813766847972,179.85593879239042,0.0,0.0,663.4458333333333,179.90625,0,659.0,664.0,193.0,164.0,0.0,0.0,6,6
7,7,435,768,705,225,681,193,692.6781609195402,207.77241379310345,1.4193439452440533,472,0.8810799422161669,23.534213434057992,1,0.56640625,0.7045508619322373,34.51247189953262,32.57299494980466,7.810249675906654,3.480969514247353,3.1622776601683795,15.321465087215797,16.323273151882685,-31.759606242630724,88.08326112068522,0.9216101694915254,0.5186659562780733,0.026787277739624096,0.1634703751923123,0.10987420113227236,0.022186320613612164,0.009629689625803075,0.0206619506477739,0.046644179698265356,0.03473022924121483,0.004579221365544651,0.0062120498697357,0.004364899480801143,0.000547616757096341,0.007854550184658826,0.004353361391499931,0.010027940193304111,0.0067425700017838515,0.006079528788901183,0.004115121741927036,0.005809893074041415,0.008327183769612471,0.010178435663358708,0.013401380932897774,0.007943171861344587,0.001511700336339468,0.007698545784559348,0.00851392841356635,0.007338906570298599,0.00467614902962368,0.00695060823548468,0.6232547615654767,0.13882658118382096,5.404409906361252,0.8208896007854491,0.00973144150339067,0.0018005645833909512,0.002487220335751772,7.629510946571827e-05,0.09887430492422543,0.01820604481057623,0.011032273061573505,0.002288853283971548,0.020965896546840668,0.002426184481009841,0.008422361642776712,0.0018760348808624454,0.012423930819221269,0.0018871025305412625,0.012100404594093561,0.001892118714749813,0.005859464406967163,0.001632715342566371,0.005859464406967163,0.0015564202331006527,0.00112390678700187,0.00011631457683190327,0.003335724654707078,0.00013292441857197984,0.014820325188338757,0.0019684138242155313,692.6064493101893,692.6942394557317,207.84048414831443,207.78095432830827,0.0,0.0,692.6781609195402,207.77241379310345,0,693.0,692.0,207.0,209.0,0.0,0.0,7,7
7,8,591,1144,231,234,187,208,208.05414551607444,220.36209813874788,1.6885151393543447,641,0.947736814299537,27.431452220735256,1,0.5166083916083916,0.5922363245036586,49.030569493449704,46.51881339845203,7.615773105863909,3.485258172423068,3.1622776601683795,15.20526224699857,15.643359049034055,-63.881467459332676,111.9827560572969,0.921996879875195,0.34772854479597093,0.017055863904562776,0.13324749110926876,0.08632443919260081,0.010826454472138978,0.014240121945646498,0.04479777575392808,0.056898516935058416,0.037601843391452026,0.00498297050252687,0.011197477314211158,0.010552404301617293,0.021639981776854243,0.019831120180608227,0.0239750891304503,0.01935194090636338,0.002379919253360248,0.0030381215844719955,0.008112661504721124,0.0075129997659713465,0.005096907547801345,0.0046718481370002255,0.00656391378352324,0.008578360258338665,0.010875112113618869,0.0004884093877432505,0.001036961156593674,0.0013307680984479397,0.004525622132965997,0.00529323687006828,0.7878233096562326,0.18170443270355463,6.357686790172011,1.1356374453753233,0.009304188890382648,0.0018310826271772385,0.001495384145528078,7.629510946571827e-05,0.3749178756867482,0.03590456789402727,0.01019302662461996,0.0022278171963989735,0.015121690928936005,0.0026245517656207085,0.008292876943749817,0.0019126782389847856,0.0107575072591743,0.0019215523610411562,0.010948348324745893,0.0019073777366429567,0.00634775310754776,0.001678492408245802,0.00634775310754776,0.00158693827688694,0.001015516791050494,0.00011368832964680197,0.001914484651677365,0.0001325280881377509,0.012314030900597572,0.0019989318680018187,208.3752565011232,208.05654090078468,220.16857514582333,220.3979227131033,0.0,0.0,208.05414551607444,220.36209813874788,0,208.0,199.0,223.0,230.0,0.0,0.0,8,8
7,9,950,2546,257,259,190,221,223.4442105263158,237.93263157894737,2.609777765779379,1111,0.9744797201842917,34.77898169151024,1,0.373134328358209,0.38317438868261716,75.57148482427723,70.00714249274856,7.810249675906654,3.5712821753721467,3.1622776601683795,17.006941274142918,16.96395102452908,-65.61399334277888,176.50966799187808,0.8550855085508551,0.24680219700028655,0.009357453348130707,0.09504965669509946,0.06801213747572817,0.004972571421269731,0.01164827187323773,0.03992473297971049,0.048810548510239866,0.03217235207421327,0.002907635263383801,0.010315301168405169,0.009789169878163702,0.02854091048633615,0.022831015081877192,0.02733838868957146,0.01719480769882653,0.0007579563308856062,0.0030637695262344875,0.010838256197203404,0.007037956216679533,0.014015846488913696,0.015376647451371026,0.013220955465303632,0.01458096332621896,0.009806762994518802,0.0010187360085647302,0.002295090181072396,0.003281838459970387,0.009043786456678065,0.004334878791874712,1.21048296475783,0.282337682088837,9.65899148909375,1.7949340043123811,0.008941787295043468,0.0018005645833909512,0.001281757839024067,9.155413135886192e-05,0.14668429991991258,0.03482266635290044,0.010238803923130035,0.00238040741533041,0.014633402228355408,0.00254825665615499,0.008069886431718866,0.00188225121392558,0.010167359462203948,0.0018894042150656644,0.010254062712192535,0.0018768596928566694,0.005493247881531715,0.0015716792549937963,0.005493247881531715,0.0012970168609172106,0.001071615134137216,0.00012879357720992614,0.0017049362838793421,0.00012752873595161455,0.011535820551216602,0.0019684138242155313,223.4267680129668,223.40944988990998,237.78698803267406,237.93055402062382,0.0,0.0,223.4442105263158,237.93263157894737,0,234.0,215.0,232.0,235.0,0.0,0.0,9,9
7,10,614,946,661,254,618,232,639.0456026058632,241.56840390879478,1.8262352741804473,685,0.9262933524362021,27.96013377055607,1,0.6490486257928119,0.5475745727498151,46.36386278337727,43.68065933568311,8.246211251235321,3.6222234617079376,3.1622776601683795,16.893115712933657,17.470050243230837,-77.68759090707172,118.70458146424487,0.8963503649635036,0.4087215148271443,0.03814802223406433,0.13975130844474842,0.09478274117571163,0.041404616967667916,0.01340995336060472,0.03392788371877545,0.04614583557242753,0.041050982070006875,0.022077887725624853,0.016769648414821873,0.00594331711211244,0.004749561532927942,0.008189756747944487,0.016571030336824787,0.020916999205004942,0.002621598381289272,0.0033913551465667587,0.005091333001821777,0.0036580571346076013,0.0012199254831459056,0.002824379367267192,0.0012923133978805668,0.005294520065734633,0.011267781008750201,0.007648185706789794,0.006731012317314597,0.004818835500250491,0.0016914793082276449,0.002570415744289676,0.816922266036272,0.19890135037712753,6.243030506186187,1.1851834894623607,0.008552681654691696,0.0018310826271772385,0.0016174567863345146,9.155413135886192e-05,0.819835264215659,0.02699148510878882,0.010772869922220707,0.0023041123058646917,0.015503166243433952,0.002426184481009841,0.007855021788810309,0.001912512984395457,0.010167802127339066,0.0019302662694826722,0.009887846186757088,0.0019226367585361004,0.0049897003918886185,0.0016021972987800837,0.0049897003918886185,0.0016021972987800837,0.0012044593657238145,0.00012212004418552273,0.0022105886015396864,0.00012861240282446363,0.011978331953287125,0.0020141908898949623,639.7690895616684,639.0712492436045,241.18279207646674,241.5599902151382,0.0,0.0,639.0456026058632,241.56840390879478,0,645.0,628.0,243.0,237.0,0.0,0.0,10,11
7,11,600,1188,708,268,675,232,690.9483333333334,249.23166666666665,1.7389093811559095,651,0.9225253267584351,27.63953195770684,1,0.5050505050505051,0.575073095146147,44.83672874365888,45.27692569068709,8.06225774829855,3.707239100817883,3.605551275463989,16.132646871544893,17.304132454763426,-42.027391778217705,114.5035713374682,0.9216589861751152,0.3726554765078524,0.022144227430822363,0.16008552138140222,0.07868720963255264,0.006502531479495812,0.013908719727809712,0.04204540547201933,0.06092121192756517,0.02951836975411438,0.004259815356699984,0.00760730630949181,0.008189730881891072,0.011611583486697375,0.017640817214810624,0.02015267709333852,0.014025877629633778,0.0029363824332106136,0.004449864329627147,0.005437313777443225,0.004699451905011513,0.002624538561757331,0.005193250160186833,0.0029454159294371304,0.003955688707213505,0.008283508140417655,0.0008790514635974189,0.0018964632948238894,0.003741188997899295,0.0031841720762403125,0.0026506646544915673,0.7287098593078554,0.17810330353677273,6.473807967733592,1.1337148086167872,0.008789196610450745,0.0018005645833909512,0.0019378960132598877,9.155413135886192e-05,0.6317944255196568,0.010263661091707042,0.010681315325200558,0.00221255817450583,0.01721217669546604,0.0023498893715441227,0.007670630097977425,0.001874771616176555,0.010789679946222652,0.0018895246810279787,0.010681315325200558,0.0018768596928566694,0.005416953004896641,0.0015106431674212217,0.005416953004896641,0.0015106431674212217,0.0011695306589737727,0.00013296260471160924,0.0025453747610212256,0.00012987609015798705,0.012726024724543095,0.001983672846108675,691.3085859848369,690.9380737031952,248.7126462208243,249.2313790411586,0.0,0.0,690.9483333333334,249.23166666666665,0,692.0,693.0,249.0,252.0,0.0,0.0,11,10
7,12,704,1134,315,256,252,238,282.78409090909093,246.5653409090909,2.4916292025317044,801,0.9740275276280416,29.93928254807644,1,0.6208112874779541,0.4013438271569124,63.512397702564236,62.12889826803627,7.0,3.2088338916304555,3.0,14.229031820002845,14.381088443050894,-83.75414431014435,148.46803743153544,0.8789013732833958,0.2322177822522162,0.018271366424273565,0.10178396351979357,0.05612187813261426,0.02170348681102282,0.011336599589748246,0.040421973535150646,0.044068072433507584,0.0263309874297529,0.01798043081749983,0.016130651037717086,0.008040696223624945,0.01955453013926019,0.022656733722636446,0.022104465852415173,0.015347095386035915,0.01299469920003009,0.012497777826338883,0.011732817475123074,0.00612459221137975,0.009532636061883419,0.00982677695675197,0.011863523445604412,0.012059669498584159,0.0099449173711034,0.00795118830875448,0.00789938320805494,0.00831964991395805,0.008395784491894591,0.004849725766346074,0.9451438332907856,0.2554055084474385,6.25990699743852,1.3498130766674876,0.00758373411372304,0.0018310826271772385,0.0013275351375341415,9.155413135886192e-05,0.37155700449040274,0.0746476426744649,0.009918364696204662,0.0022278171963989735,0.012954909354448318,0.002334630349650979,0.0071601805552332235,0.0019348902155108976,0.008891913348634262,0.0019173481202663177,0.008941787295043468,0.0019073777366429567,0.0045166704803705215,0.0013885709922760725,0.0045166704803705215,0.0013885709922760725,0.0009872250921950862,0.00013324287809413446,0.001673147396743562,0.0001314134459286901,0.010254062712192535,0.0019989318680018187,282.4141545189159,282.71062627176127,246.5306757275662,246.5785778883111,0.0,0.0,282.78409090909093,246.5653409090909,0,279.0,274.0,246.0,243.0,0.0,0.0,12,12
7,13,490,874,659,277,613,258,633.9591836734694,266.80204081632655,2.06159476169136,560,0.9410529034606953,24.977737626138797,1,0.5606407322654462,0.48506137994820403,43.58418323761287,46.32493928760188,7.280109889280518,3.2473920724060457,3.0,14.309601877143646,14.74276039298542,-74.77814550161267,112.66904755831214,0.875,0.2907210516869663,0.025319676645316175,0.1429192807302246,0.05841666752037002,0.01615194285962167,0.009837611868293744,0.05571292902716251,0.049415272349170335,0.02534675617856154,0.012878405539266375,0.007677447926944788,0.004609977084653752,0.01354292000548835,0.02872649485748478,0.019308556100356835,0.015093543611669728,0.006668464740433708,0.004861972919941772,0.0026199821457944957,0.002807367270528769,0.005320312418341774,0.004206322258153952,0.01253542699408284,0.008283416839074997,0.010753684659134373,0.0015643441040534456,0.003730746176297991,0.004125121012668804,0.0009071824744498024,0.0021050984621885454,0.7637140606530011,0.19136339356191456,4.904478588141501,0.9507286180742085,0.008354314602911472,0.0018463416490703821,0.0016021979972720146,7.629510946571827e-05,0.28198848261332893,0.017605506354957397,0.010360876098275185,0.0022583352401852608,0.0158693827688694,0.0023956664372235537,0.0077142834409394045,0.0019329635713324703,0.010009139975798982,0.0019402624858657317,0.009781032800674438,0.0019226367585361004,0.0056916153989732265,0.0016632333863526583,0.0056916153989732265,0.0016174563206732273,0.0010139965779659159,0.00012413225953445846,0.002115010448522842,0.00013296828215056693,0.011665522120893002,0.0020141908898949623,634.2057869104499,633.9765030655153,266.66527697667107,266.79887972265914,0.0,0.0,633.9591836734694,266.80204081632655,0,636.0,642.0,267.0,271.0,0.0,0.0,13,14
7,14,635,1045,301,281,246,262,271.84251968503935,271.4,2.706295453942056,764,0.9701516090734611,28.43425945768288,1,0.6076555023923444,0.3695088053092561,59.54208884967652,54.74486277268398,6.708203932499369,2.9946409265480183,3.0,14.962320788444515,14.438908103525359,-82.33122248594178,146.95331880577402,0.831151832460733,0.2697721424447208,0.014450363858738862,0.09927927268724214,0.07547461442202645,0.01170699529767981,0.0060132938644411995,0.04287098438432442,0.04824628358199414,0.03764777474010806,0.009531468665182242,0.007083933305384414,0.0032992403449369407,0.0276963754103207,0.02176073647299769,0.027138999878172424,0.021503146590093152,0.006684053189896817,0.006224904317775699,0.004107255181134578,0.00266708425569635,0.014778829419362313,0.010135807504001998,0.013960614714332782,0.014375501732678701,0.01290207971751044,0.0031870212140262246,0.004942208363954107,0.0030032887990900157,0.0029939936681551587,0.002655278195538012,0.8359960452653468,0.23688105586916208,4.789944377727807,1.2116121153812855,0.006866559851914644,0.0018310826271772385,0.0006866559851914644,7.629510946571827e-05,0.68877202130369,0.026332694212353822,0.00862134713679552,0.002288853283971548,0.010849164798855782,0.0025024795904755592,0.006687968362122774,0.0018950484469532967,0.007543219492484735,0.0019080505754035992,0.007553216069936752,0.0019073777366429567,0.00474555604159832,0.0016021972987800837,0.00474555604159832,0.0016021972987800837,0.0007719243626122627,0.00011814379464599885,0.0010293021412766485,0.00012833469126453573,0.008239871822297573,0.001983672846108675,271.15650394709695,271.8209009735149,271.4615573279644,271.415034696422,0.0,0.0,271.84251968503935,271.4,0,267.0,272.0,271.0,269.0,0.0,0.0,14,15
7,15,408,560,244,283,204,269,223.46323529411765,275.1519607843137,2.0188982167504923,465,0.9533330969414043,22.792141940852034,1,0.7285714285714285,0.49531967075068556,42.20812534123622,39.45883931389772,6.324555320336759,2.7663894504756588,2.8284271247461903,13.0,12.7434995621926,-85.80000308169241,101.74011537017762,0.8774193548387097,0.3336427323390792,0.002643936621628572,0.12532348253274558,0.08672198973881562,0.0063793178537258,0.0056989344492708194,0.04724415745435348,0.0539427206962825,0.04067208084086445,0.0069316197158970595,0.006523720781177469,0.0036597237112258037,0.020536657821774135,0.02292451934363466,0.023788526733936746,0.02273402877753866,0.004775512185090732,0.0009109182272690357,0.007117046441680628,0.002447164026158876,0.005419114668639119,0.008077680968231667,0.006283299108989921,0.010693465414742627,0.013466021424857788,0.0036671920306125248,0.002326291060278926,0.00321418736274989,0.004030576799612692,0.002457015583225857,0.5295948833227158,0.16093690390698612,2.763302098494023,0.7700465398374945,0.006271458230912685,0.0017853055614978075,0.0004882887005805969,9.155413135886192e-05,0.26971719471429956,0.014816816903386517,0.007660028990358114,0.00221255817450583,0.008453498594462872,0.0025329976342618465,0.0061580800386362294,0.0018713593477556526,0.006772799261014762,0.0018873689701899374,0.006820783019065857,0.001892118714749813,0.004455634392797947,0.0015716792549937963,0.004455634392797947,0.0015716792549937963,0.0006455450126399549,0.00014578319836030924,0.0007329714328785014,0.00012791949234585922,0.0072938124649226665,0.001983672846108675,223.72672052194247,223.44844942039038,275.09431618489054,275.15291786386604,0.0,0.0,223.46323529411765,275.1519607843137,0,226.0,226.0,272.0,278.0,0.0,0.0,15,16
7,16,449,561,731,339,714,306,722.0022271714922,322.0,1.3706539881599493,474,0.8689158860405161,23.90992587997897,1,0.8003565062388592,0.7295787329539396,34.30813517581924,32.2490309931942,8.06225774829855,3.594697508974974,3.1622776601683795,15.839191898578665,16.981147010025627,5.569583060132501,87.94112549695427,0.9472573839662447,0.5491603986117769,0.051181351062767014,0.15310168862651846,0.11246176767716942,0.03797320518524451,0.017714055949386628,0.01606922387806387,0.033967740394774466,0.03493142193599235,0.004282243701231566,0.008650822565111783,0.00482705413756783,0.0032134240291524984,0.008043789274992691,0.006120454276833923,0.011385446327092371,0.013572047016392195,0.014495925182920517,0.006162815419288671,0.005512207889619939,0.003380851410511131,0.006129094725488201,0.006943409285624559,0.009998505342600666,0.006527936163706042,0.012093287294811527,0.00914593437056007,0.01251891320014199,0.007522623133223339,0.00468053873824026,0.5437094764783978,0.14798199431970716,4.297703574411571,0.8596627754159272,0.007751583121716976,0.0018310826271772385,0.001678492408245802,8.39246204122901e-05,0.16474612962656376,0.02507030603668037,0.008316166698932648,0.00221255817450583,0.01437399908900261,0.0024414435029029846,0.006970634313825614,0.001897205055380861,0.009571722882876551,0.0019146164263160962,0.009414816740900278,0.0019150072475895286,0.0057068741880357265,0.001678492408245802,0.0057068741880357265,0.0016174563206732273,0.0006786922637471105,0.00010915368308282518,0.0021603968834522365,0.0001228596790487092,0.011181048583239317,0.001983672846108675,722.1276158379163,722.0272817636409,322.1068595786971,322.00088750044375,0.0,0.0,722.0022271714922,322.0,0,723.0,719.0,319.0,308.0,0.0,0.0,16,18
7,17,707,1892,960,377,917,333,937.8274398868458,355.44271570014143,1.9242852635159848,751,0.9640795684524999,30.003005818213616,1,0.3736786469344609,0.5196734699162202,58.74700844068311,54.817880294662984,7.810249675906654,3.5319841946873116,3.605551275463989,14.849242404917497,15.604004532480676,-45.42253776108889,130.75230867899737,0.9414114513981359,0.2995608512904359,0.016443475898311195,0.11359817407955096,0.08082703912748973,0.0025758393861811234,0.007447980133985151,0.04825514974465603,0.05163591732611832,0.039498669266755305,0.002036136975196597,0.0013538236774814818,0.0038091724553607023,0.02390706054631665,0.02572157842662114,0.025819547036037848,0.022630442437015865,0.002030067586759597,0.0026799556061698807,0.0005285492717727795,0.0025141358830276547,0.009960667920103217,0.01122380504837592,0.011592577039798787,0.013106487819134358,0.013735849512336992,0.000886306406754964,0.0014932232494578646,0.0024999162991349425,0.0023308753386517837,0.002227161094193707,0.8153963647782803,0.19868772407062352,7.508186548482627,1.3788052182644606,0.008907454088330269,0.0018616006709635258,0.0017395280301570892,9.155413135886192e-05,0.7077979556827843,0.03466340739232476,0.01031509879976511,0.002288853283971548,0.015304799191653728,0.0024414435029029846,0.007916469560954178,0.0019290070298118788,0.010619782954006543,0.0019502195449285157,0.010696574114263058,0.001937895780429244,0.005279621575027704,0.0016479743644595146,0.005279621575027704,0.0015259021893143654,0.0011901753446074807,0.00013710095447199208,0.0022131254424775293,0.0001358202913278407,0.012348363408818841,0.0020447089336812496,937.3408481640747,937.8503541389996,355.9567258570444,355.4687250996016,0.0,0.0,937.8274398868458,355.44271570014143,0,930.0,956.0,360.0,343.0,0.0,0.0,17,19
7,18,466,1073,964,394,927,365,944.8862660944206,378.7510729613734,1.9696464321870133,524,0.955127500931539,24.35835848013133,1,0.4342963653308481,0.5077053341444848,45.5770123977713,43.829214001622255,6.4031242374328485,2.9526380040311366,2.8284271247461903,13.443872392954077,13.499681566797843,-51.82337046809325,107.39696961966999,0.8893129770992366,0.30886498065933665,0.0038847646812181095,0.12712173307465113,0.07620016471657359,0.0071737209426292504,0.002277460886568091,0.041935417515450955,0.05919962570055092,0.03361376580799016,0.002402994964943891,0.0027807028629633643,0.00289360948159766,0.024684919285321516,0.022291775875663018,0.028576913142984474,0.018042043587804802,0.005605207896716819,0.0027911118005841777,0.001558135307938066,0.002088724227243483,0.009947194038434085,0.008144597267924122,0.009915075710127081,0.013202183530993467,0.011013494108033733,0.001956442044612937,0.0003805029553516194,0.0037955416280213727,0.0019614679058671835,0.001170291003043538,0.6857099365442991,0.1732356755528599,4.353719435632229,0.8881818873342127,0.007995727472007275,0.0018158236052840948,0.0013580527156591415,7.629510946571827e-05,0.08159347295267025,0.04892904531194797,0.010833906009793282,0.002197299152612686,0.013168536126613617,0.00254825665615499,0.007618999294936657,0.001924840839476221,0.009342745570026243,0.0019059697153094692,0.009262226521968842,0.001892118714749813,0.005035477224737406,0.0016479743644595146,0.005035477224737406,0.001632715342566371,0.0011039155511768774,0.00012484994978364703,0.0017378498481855247,0.0001280550242485916,0.010666056536138058,0.001983672846108675,944.8171217608577,944.9228271513736,378.7077537281782,378.71855618740017,0.0,0.0,944.8862660944206,378.7510729613734,0,944.0,950.0,379.0,373.0,0.0,0.0,18,20
7,19,635,820,728,408,687,388,706.1086614173229,397.55590551181103,1.457408057602264,693,0.8957654749257135,28.43425945768288,1,0.774390243902439,0.6861496303548682,43.40165228687357,41.0,9.433981132056603,3.9423026161790746,3.605551275463989,18.438714892761688,19.293204343281925,-82.70201932588898,107.84062043356595,0.9163059163059163,0.48096794224082595,0.05017758700579907,0.14776460200986358,0.10385301401608597,0.029384474766317913,0.03361925404625755,0.023023339877962807,0.04946735820025854,0.028215572974783703,0.009484467600156121,0.015543378128466817,0.014331512261957953,0.005876073798789096,0.004559862115069239,0.002187764015036789,0.012350455004889719,0.003405610289553058,0.011433267189898786,0.0063042361272108,0.005370516501397017,0.005113413130361014,0.003958053073265303,0.00799784877344525,0.007707642697626233,0.007221373016114451,0.005388604339828277,0.010272817425235848,0.01380686208049392,0.006011400213692505,0.0034407389128313574,0.7521934909746051,0.18156710150651634,6.818158307112753,1.2057984280399978,0.009304188890382648,0.0018005645833909512,0.0014343475922942162,9.155413135886192e-05,0.07452754117172523,0.023814125546918027,0.009872587397694588,0.0023041123058646917,0.015152208507061005,0.0023956664372235537,0.007917826220785316,0.001911232647437014,0.010737257176555517,0.001898895162267713,0.011047531850636005,0.001892118714749813,0.0057068741880357265,0.0015564202331006527,0.0057068741880357265,0.0015564202331006527,0.0009105335478009027,0.00013845927268164417,0.0018769575993233408,0.00013238509360777255,0.012256809510290623,0.001983672846108675,706.0369224809062,706.124585558452,397.53570948757573,397.57361241173345,0.0,0.0,706.1086614173229,397.55590551181103,0,717.0,705.0,396.0,392.0,0.0,0.0,19,21
7,20,775,966,819,417,777,394,797.3587096774194,404.7806451612903,1.31704898857294,820,0.8493905398429212,31.412746571571088,1,0.8022774327122153,0.7592731999160702,43.62597212516426,41.773197148410844,11.0,4.663350549368619,4.123105625617661,21.93190022370794,23.024253557238314,-89.19268711646265,113.25483399593904,0.9451219512195121,0.565478880899571,0.04836029525166592,0.16293694571163958,0.10717997481966131,0.033677532936838735,0.01366192520242368,0.0047285675263104175,0.036109685713134,0.029800646440456994,0.0011433842044053005,0.00531781058797618,0.002674938849961089,0.0042510612253979455,0.010961884166557528,0.007004611834199727,0.01175849123626923,0.012360382334517875,0.016529177590618945,0.006126685823576414,0.005505091647007999,0.0030796078044047007,0.005720296623014917,0.00994053743366047,0.010711768819263185,0.008954956209020242,0.00855747288198176,0.008972346539015302,0.00975075764585799,0.006820995565497547,0.005303229978360777,1.3464713646098971,0.1870756084099412,18.261921199969947,1.4625772484578192,0.01756313443183899,0.0018005645833909512,0.0060883499681949615,7.629510946571827e-05,0.058276956571157744,0.10278821216516983,0.018570229411125183,0.00221255817450583,0.03616388142108917,0.0024414435029029846,0.013464713646098971,0.001870756084099412,0.023563769290283802,0.0018871964496229925,0.02407110668718815,0.0018768596928566694,0.009918364696204662,0.0015716792549937963,0.009918364696204662,0.0015259021893143654,0.001986669620038483,0.0001312275882810354,0.006915212667784127,0.00012735436214484383,0.029678797349333763,0.0019569695577956736,797.3210073646372,797.2559520083464,404.73620712265136,404.78315075639017,0.0,0.0,797.3587096774194,404.7806451612903,0,798.0,794.0,407.0,397.0,0.0,0.0,20,23
7,21,392,756,518,505,482,484,499.63775510204084,494.5841836734694,1.7969202133236852,436,0.9430521532855746,22.34076770248023,1,0.5185185185185185,0.5565077361728507,39.02631344543069,37.69615364994153,6.4031242374328485,2.904167418517718,2.8284271247461903,12.521980673998822,12.981904525712812,-65.58874554763025,94.08326112068522,0.8990825688073395,0.35123849509935523,0.008162995619857871,0.14179887830132373,0.08368701347100943,0.003610810424229919,0.0095579536823184,0.048417537082778406,0.056288305659831665,0.03711543268608355,0.0012758917463718156,0.0024149872765553923,0.009393504194507839,0.01566566515980985,0.022512763142284856,0.022680577796704023,0.020048366417268804,0.0023198292949931005,0.0022660612011647,0.003801690669778232,0.008287329738376798,0.0042481441743945116,0.0014188125230379838,0.0067850489542176625,0.009124259216898297,0.01162761357593655,0.0023508081852492983,0.001477015477292252,0.0008519238362387204,0.0032979498186445017,0.006872975272775211,0.5457694469951093,0.15043869684450328,3.3259937898255885,0.7450064849108458,0.0072938124649226665,0.0018158236052840948,0.0012207217514514923,7.629510946571827e-05,0.1746070963425796,0.008209718982510151,0.008804455399513245,0.002243076218292117,0.01188677828758955,0.0024414435029029846,0.006822118087438866,0.001880483710556291,0.008484678035269358,0.0019005267472215453,0.008468757383525372,0.001892118714749813,0.004959182348102331,0.0016632333863526583,0.004959182348102331,0.001541161211207509,0.0008879131424312464,0.00011237012860143428,0.0015305134614604363,0.00012205509414114529,0.009750515222549438,0.001983672846108675,499.47019071704796,499.6295469441258,494.63327353978764,494.5843437653613,0.0,0.0,499.63775510204084,494.5841836734694,0,500.0,491.0,494.0,497.0,0.0,0.0,21,24
7,22,547,936,423,684,399,645,410.2760511882998,663.3784277879342,1.5232597663260246,587,0.9200717433830962,26.390567083147985,1,0.5844017094017094,0.6564868462402289,42.6792160217679,40.162171256046406,8.0,3.5928663857926937,3.1622776601683795,15.89585745350988,16.719578765376827,-21.800154062737285,102.32590180780451,0.9318568994889267,0.4317805523683409,0.04965159344672966,0.13914729264256837,0.09762239210706677,0.0470020520909872,0.02162304486984728,0.027273807793268105,0.04300903061876971,0.039778313114373465,0.020657939939532993,0.01832137796648147,0.010529914997445081,0.006000936254587323,0.002208944551124979,0.013804104888732521,0.018437152613429247,0.0014643672381271253,0.0019402284075882665,0.004416612391317522,0.004876386673574522,0.0010137350621922797,0.0009040430495072368,0.0025806408054878565,0.001523328986850228,0.009235085236325583,0.010650485012382882,0.006493752477094118,0.008147458244085602,0.0020833108243778534,0.001708872045813209,0.6552224094048142,0.16426337067969143,5.602929794229567,1.0552529180422425,0.00869764294475317,0.0018310826271772385,0.0015411609783768654,9.155413135886192e-05,0.10275634352171162,0.036602991645378447,0.010009918361902237,0.0022583352401852608,0.015396352857351303,0.0025329976342618465,0.0075312920621243016,0.0018880847204562235,0.010243016077202134,0.0019291643839894745,0.010368505492806435,0.0019226367585361004,0.0054016937501728535,0.0016479743644595146,0.0054016937501728535,0.0016479743644595146,0.0009691103396131461,0.0001303928408489623,0.0020450429596734444,0.0001364869188073804,0.011768520809710026,0.0020141908898949623,410.2165402978104,410.28184105500605,663.2946583421493,663.4145699577766,0.0,0.0,410.2760511882998,663.3784277879342,0,412.0,402.0,661.0,665.0,0.0,0.0,22,25
7,23,758,1368,608,676,532,658,569.0448548812665,666.5079155672823,3.674915883703836,925,0.9884423792235514,31.066309322306914,1,0.554093567251462,0.2721150719216273,82.11110037366012,75.66372975210778,6.082762530298219,2.7299586558951012,2.8284271247461903,13.65796541533193,12.447799881026071,-82.47450820178938,187.095454429505,0.8194594594594594,0.1685791397221403,0.006951193088454167,0.06645822406224787,0.04822140535391285,0.006670931596638334,0.007207094627292884,0.033316833470820637,0.03391723709455378,0.02543161741205716,0.004229762849861625,0.009242116100345806,0.006011942355577335,0.02314086523560948,0.02040090881508594,0.020367190559829988,0.01602841263186466,0.0023373868235593447,0.006859701008165206,0.008348778810230571,0.004906083857983626,0.01415757009394429,0.01541407530386237,0.012427469117151908,0.013200671346448579,0.010960047683721691,0.0020994531586528615,0.005519610915796011,0.006507831963630694,0.007149843733851994,0.003944159543060069,1.1396505855955184,0.3044632638338953,5.927885942161083,1.442694742931053,0.007179369917139411,0.0018158236052840948,0.0006408784538507462,9.155413135886192e-05,0.470339978760427,0.07570904443231019,0.008941787295043468,0.0022735942620784044,0.010391393676400185,0.0025024795904755592,0.007078575065810673,0.0018910761728813375,0.007820430002851033,0.0019032912175871411,0.007736324332654476,0.001892118714749813,0.005752651486545801,0.001632715342566371,0.005752651486545801,0.0014343480579555035,0.0006382572936571288,0.0001068622121785138,0.0008940446416781815,0.00013244262250093551,0.008468757383525372,0.001983672846108675,569.5117019131052,568.9720456492538,666.4507006698889,666.5286682813838,0.0,0.0,569.0448548812665,666.5079155672823,0,580.0,585.0,665.0,665.0,0.0,0.0,23,26
7,24,1263,2280,618,700,523,676,570.5898653998416,688.5645288994458,3.05020074846598,1627,0.9849548992174184,40.1011414426137,1,0.5539473684210526,0.3278472738238374,104.09768992192386,94.33981132056604,7.280109889280518,3.629696891095094,3.605551275463989,19.692133355995352,17.98928757255079,-83.774986689892,220.02438661763952,0.7762753534111863,0.18068556685398995,0.01762993888524055,0.06396198661515665,0.05163782975160017,0.023366228580332885,0.009317197624681733,0.023063769099140017,0.03289737382939537,0.02709980418965915,0.021819787922614176,0.0152605484040273,0.006159497976892524,0.013568242483551027,0.011724832750244888,0.020657147480833325,0.01688467118854433,0.01759788888053943,0.015380776244063105,0.010502478260746786,0.00444119423478146,0.0028534161360994565,0.005432783462526745,0.0075513228418807475,0.013697273189886333,0.011418488678171662,0.012955870677704758,0.01236905649727251,0.010627509903748434,0.007465820946978515,0.0033236552292737944,1.6118562826886773,0.3729304950684309,13.16307332040742,2.4248722051270306,0.009063859470188618,0.0018310826271772385,0.0013962006196379662,9.155413135886192e-05,0.5525692712110569,0.07128539725147419,0.012649728916585445,0.0023956664372235537,0.0158999003469944,0.002426184481009841,0.008223756544329986,0.0019027066074919943,0.010422069137298037,0.0019199304870364455,0.010505836457014084,0.0019073777366429567,0.00555428396910429,0.0016174563206732273,0.00555428396910429,0.0015106431674212217,0.001320679815532177,0.00012440316009795598,0.0019268750681607268,0.00013137135912667233,0.01188677828758955,0.0019989318680018187,571.1380688319681,570.52646085304,688.6338527517009,688.5971091282078,0.0,0.0,570.5898653998416,688.5645288994458,0,577.0,567.0,689.0,691.0,0.0,0.0,24,27
7,25,685,833,357,832,308,815,332.3138686131387,823.2715328467153,1.5906030262660482,724,0.9409024718361886,29.53250900522315,1,0.8223289315726291,0.628692378605306,51.31436334531658,48.041648597857254,8.246211251235321,3.8671563844824197,3.605551275463989,16.0,17.379027071093237,-89.09657849503654,117.01219330881975,0.9461325966850829,0.3772346316862642,0.020403497598051015,0.1355695275048015,0.09406918116486387,0.022191014346873796,0.010469723911452497,0.03460166820610859,0.059926678407748124,0.03909923212578681,0.014006696165347133,0.011711819809994525,0.005910985205148442,0.015869192787950417,0.01591292455801235,0.021547039661668845,0.019547916832240383,0.006332819080813715,0.005250295775899124,0.004162152982442486,0.003821350398293449,0.004293506338793405,0.001856781996588533,0.0007453595196333192,0.005151479400586601,0.010960819162265094,0.0004161314317194283,0.0023882487419110564,0.001793810530289713,0.0016489374943247231,0.0026319382197060315,0.9121690820902586,0.19792477297596633,8.523064094595611,1.3051499195862561,0.010231174528598785,0.0018158236052840948,0.0022354465909302235,9.155413135886192e-05,0.14956987223494944,0.03695204480861949,0.011825742200016975,0.0021362630650401115,0.018036164343357086,0.0024109254591166973,0.008687324591335796,0.001884997837866346,0.012442429335176074,0.0019053283497609578,0.012779430951923132,0.001892118714749813,0.006134126801043749,0.0016174563206732273,0.006134126801043749,0.0015716792549937963,0.001319995079615124,0.00011260539167458695,0.002706165917853125,0.0001285465714047578,0.014763103798031807,0.001983672846108675,332.19227691342456,332.3498298902178,823.1844317259361,823.2800322682474,0.0,0.0,332.3138686131387,823.2715328467153,0,339.0,328.0,821.0,825.0,0.0,0.0,25,28
7,26,499,760,694,887,654,868,673.5711422845692,876.5290581162325,1.6083680572978254,542,0.9247084146314742,25.206081266687335,1,0.656578947368421,0.6217482344682176,41.134023482796756,39.6232255123179,8.0,3.437708646728605,3.1622776601683795,15.109662034355793,15.658742597371937,-77.91055415923847,100.42640687119285,0.9206642066420664,0.4046793202693288,0.0414717582375422,0.14651475149002866,0.08925407915580964,0.03785707824542538,0.022308587489710482,0.03357057507477814,0.04969968270720922,0.03460559980679076,0.015172223937818566,0.023526295340807673,0.010249510551357283,0.012984543190725091,0.004750865218713136,0.016161639478235113,0.016262316024828045,0.0011049925597018267,0.002165896450356508,0.01056489935836876,0.003353770064941216,0.0020706650844974413,0.0019825111876232058,0.0030241725006082756,0.0030949855027233722,0.00930857331916837,0.007740714983366064,0.006485201486176992,0.00477539188060516,0.002493994737021761,0.0003274195962261016,0.6313267820514739,0.16325627523474395,4.878202543593943,0.9396505681797862,0.008068207651376724,0.0017853055614978075,0.0015487903729081154,9.155413135886192e-05,0.08621214368293509,0.03682546986807475,0.009323262609541416,0.0021820401307195425,0.01495384145528078,0.002471961546689272,0.007174167977857657,0.0018551849458493632,0.009775957001190267,0.001883067270901375,0.009803921915590763,0.0018768596928566694,0.005188067443668842,0.0015716792549937963,0.005188067443668842,0.0015564202331006527,0.00091145414408371,0.00011665741088471197,0.0020780642534894236,0.00013281517378157937,0.011234454810619354,0.0019684138242155313,673.650871296937,673.5411822020136,876.5618577855183,876.5504709321208,0.0,0.0,673.5711422845692,876.5290581162325,0,675.0,658.0,874.0,877.0,0.0,0.0,26,29
7,27,603,782,519,919,473,902,495.34162520729683,910.2155887230514,1.6957303158284733,666,0.9438545843260386,27.70854462932514,1,0.7710997442455243,0.5897164134330144,48.860221380349486,45.17742799230607,7.280109889280518,3.574046876904995,3.1622776601683795,15.603847573088984,16.141521454833264,89.22818157426123,113.35533905932738,0.9054054054054054,0.3761702329619319,0.02983264288039083,0.12742815048871767,0.09567901257420146,0.02192753522950469,0.025079880824534807,0.041513635382585796,0.0527153795397935,0.038307564257801456,0.008782723859084594,0.021775753066299725,0.015079185992961762,0.018124609066616636,0.018541986492543815,0.015252222952018425,0.01820204723461022,0.004719314600289875,0.00265021800449406,0.012894157032261946,0.007282204378154453,0.006966869488856308,0.002165776842003405,0.005150606958841084,0.0008120332852749906,0.01070522161609539,0.002131921304251112,0.0007540129189257239,0.0037899161318144955,0.004167176017141373,0.0031000463395843584,0.8838330768048763,0.19157701986841857,7.195346083492041,1.1364156554918736,0.009365224977955222,0.0018005645833909512,0.0024872208014130592,7.629510946571827e-05,0.06510566712853766,0.03647364024279481,0.011276417411863804,0.0020904859993606806,0.019897764548659325,0.00238040741533041,0.00858090365829977,0.0018599710666836755,0.011932580569638541,0.0018846030771009514,0.011642633937299252,0.0018768596928566694,0.005584802012890577,0.001541161211207509,0.005584802012890577,0.001541161211207509,0.0015246449792902814,0.00010715994195756607,0.0032115742851856026,0.00012227558016724717,0.014442664571106434,0.0019531548023223877,495.30512760116517,495.3376300772071,910.269502289423,910.2518429003021,0.0,0.0,495.34162520729683,910.2155887230514,0,493.0,491.0,911.0,913.0,0.0,0.0,27,30
7,28,923,1850,517,941,443,916,476.4366197183099,930.2361863488624,2.960211225076013,1200,0.9820926396770722,34.28119163317628,1,0.49891891891891893,0.33781373150975796,85.10134072943427,75.69015788066504,7.615773105863909,3.2691831133364615,3.0,18.175702317873398,16.032976751318476,80.57069077352344,185.29646455628165,0.7691666666666667,0.2051318030704408,0.01790543282469977,0.06774659825391037,0.06325705408207849,0.016670057477218277,0.006088379104450643,0.027680082467571553,0.0400053951469318,0.033415510074046695,0.015092389127053301,0.008215076824563544,0.0026379102359348487,0.020481793423709163,0.017877617567454242,0.02547678160965298,0.02040581883356959,0.011866421372185097,0.010747431115077127,0.0030982762240856425,0.0013495629826772895,0.00991839305715474,0.01217221738763091,0.011730259587037635,0.016578242630754508,0.013181797991224849,0.009195060700473656,0.009240927121907777,0.005991571271523689,0.0013666483066698577,0.0007097982336847636,1.1710994271561503,0.30856794072315097,7.925627626013011,1.7167772941756994,0.007537956815212965,0.0017700465396046638,0.0010681315325200558,7.629510946571827e-05,0.7830428263634865,0.08437312554072086,0.009918364696204662,0.0022278171963989735,0.01268024742603302,0.0022735942620784044,0.00709757228579485,0.0018701087316554605,0.008586812162527638,0.0018599970684460448,0.00859845895320177,0.0018463416490703821,0.004684519954025745,0.0016021972987800837,0.004684519954025745,0.0015106431674212217,0.0010202478887992026,0.00011934066990148138,0.0014794144151377378,0.00012098115451724351,0.009689479134976864,0.001937895780429244,475.65756077262245,476.51995840332773,930.1572989159995,930.2493578291514,0.0,0.0,476.4366197183099,930.2361863488624,0,471.0,459.0,931.0,928.0,0.0,0.0,28,32
7,29,785,2244,612,966,561,922,586.3885350318471,946.4140127388536,2.4777079328910494,947,0.9681671425245154,31.614759885488656,1,0.3498217468805704,0.4035988207993409,66.19715678695235,60.440052945046304,8.246211251235321,3.3893661034909077,3.1622776601683795,16.920679282916755,16.569451707506882,50.6186901648858,156.33809511662426,0.8289334741288279,0.27360882633920136,0.03250692035535277,0.09149516249632589,0.07412081899216363,0.031902304813849265,0.02115578832214117,0.02435285681767338,0.04779745065408365,0.031107538115714723,0.02136632619534957,0.02656925430140073,0.0125781395538139,0.016941716199038268,0.014723720082428336,0.020302338988138578,0.014942059156649598,0.01496650177250867,0.015575072283253395,0.016366160576962333,0.007142115741211094,0.008117242299550012,0.005451969229242548,0.005709004500146434,0.007235362806228026,0.008288427032106638,0.009962262783969457,0.007630345319964102,0.00879666041501001,0.007187727284478471,0.0040647352571768335,0.8405127199366689,0.23878843360580504,6.436102943960577,1.46680399752222,0.00719081424176693,0.0017853055614978075,0.001068131998181343,7.629510946571827e-05,1.363575958834691,0.040914979771499216,0.008667124435305595,0.0021820401307195425,0.011627375148236752,0.002426184481009841,0.0065156024801292164,0.0018510731287271708,0.008198857253452964,0.0018685401242321273,0.008255130611360073,0.0018616006709635258,0.004058899823576212,0.001632715342566371,0.004058899823576212,0.001541161211207509,0.0009461585358762866,0.00010664908907886465,0.0014957681553429932,0.00012077095002253525,0.009323262609541416,0.0019531548023223877,587.395248791665,586.3516285746981,947.3337229113021,946.3963506611046,0.0,0.0,586.3885350318471,946.4140127388536,0,588.0,580.0,948.0,948.0,0.0,0.0,29,31
7,30,401,525,650,949,615,934,631.0199501246883,940.6982543640897,1.4892118848377707,432,0.9231914188333176,22.595775212167435,1,0.7638095238095238,0.6714961183034988,36.99036445468658,35.17101079013795,7.0,3.1985492240135542,3.0,13.536939497702832,14.216894411886576,-83.54977116175543,86.62741699796952,0.9282407407407407,0.41274782331350063,0.03633302464537305,0.1443536079604868,0.0974122320181438,0.026850331425808803,0.012271405123404713,0.037762522430337994,0.0525834588144428,0.03887286012811911,0.013559806473630184,0.012272890298738227,0.005972315734792722,0.013981147651007352,0.008215943464795454,0.0179576584178799,0.01770920310747532,0.002489267755973322,0.006059798589452715,0.008343240128064443,0.004452527716573253,0.001329068433397582,0.0040222245125879985,0.002286392060230148,0.00730690883939732,0.009518860544608342,0.00530339688574159,0.005923652506964905,0.007208045260179813,0.005966432042880557,0.00366200256904989,0.5397116146050394,0.15025558858178556,3.409109682776034,0.7455405506771058,0.007297627278603613,0.0017853055614978075,0.001327534206211567,7.629510946571827e-05,0.5524151838276368,0.03996907339365824,0.008911268785595894,0.0022583352401852608,0.012741283513605595,0.002288853283971548,0.006746395182562992,0.0018781948572723195,0.008501520405925271,0.0018592033682720843,0.008453498594462872,0.0018463416490703821,0.0041046771220862865,0.001678492408245802,0.0041046771220862865,0.001495384145528078,0.0010816789435463118,0.0001129887490159871,0.0017610640894021579,0.00011416035322573323,0.009884031489491463,0.001937895780429244,630.4704094773872,630.9917722425756,940.6419728192709,940.7266010356332,0.0,0.0,631.0199501246883,940.6982543640897,0,633.0,619.0,940.0,940.0,0.0,0.0,30,33
7,31,870,1848,618,1012,574,970,598.8954022988506,990.8896551724138,1.9439145826302755,1084,0.8827127059232339,33.282403818227905,1,0.4707792207792208,0.514425895528248,53.080641884538174,51.40038910358559,11.704699910719626,4.1490423659159585,3.605551275463989,28.991378028648448,24.94328656347089,45.93996389972642,145.78174593052023,0.8025830258302583,0.41927267370158655,0.07239456563953438,0.1213387018007037,0.08496058294876042,0.053937914266358473,0.03249867762327488,0.0005175561560951534,0.04653722671561584,0.019884578536007363,0.018157371688671355,0.020002311876766873,0.015435992299071541,0.004198029405733241,0.015082004872083261,0.018413327691529313,0.009871430216976609,0.013096804930990419,0.010232972244615375,0.009887925280923231,0.0078011862326969935,0.0025458847438850217,0.009250186566660983,0.01489847548146759,0.013343183084380792,0.004685490655328012,0.006299276403704259,0.004107012170579279,0.00715063595636106,0.004126509762394445,0.005346103906678519,0.7951171225868165,0.23057907982729375,7.569756697397679,1.623056381708011,0.0045548181515187025,0.0017853055614978075,0.0034027621150016785,7.629510946571827e-05,3.5503179768148216,0.1598626416367759,0.011627375148236752,0.0022278171963989735,0.01727321371436119,0.0023041123058646917,0.0064643668502993214,0.0018746266652625509,0.008700869767123769,0.0018655820479402427,0.009140154346823692,0.0018616006709635258,0.0024872205685824156,0.0016174563206732273,0.0024109254591166973,0.001281757839024067,0.0025749714003615613,0.0001286658020759032,0.004031636892336327,0.00012656688320446686,0.0117952236905694,0.001937895780429244,597.5867252352773,598.8116991172074,987.5893336608377,990.7534573692968,0.0,0.0,598.8954022988506,990.8896551724138,0,597.0,583.0,986.0,979.0,0.0,0.0,31,0
8,1,735,2040,494,63,443,23,463.4884353741497,39.10612244897959,4.474953189810754,1277,0.9056024159498065,30.591356056578213,0,0.3602941176470588,0.22346602468981133,60.334549527913,54.91812087098393,8.602325267042627,2.828631309415326,2.23606797749979,30.449192364492486,25.589550757101758,-60.84239048430376,203.30256121069152,0.5755677368833203,0.31028881478128134,0.11563315072389778,0.0031634129152713995,0.03953990226786001,0.05145934538285136,0.04109639984846312,0.07051193254950158,0.008612498430363038,0.0020341750927599864,0.011630469111380817,0.03193147580579023,0.006676493770738302,0.013905568235670062,0.008793005321323568,0.005931723347624618,0.00390231549382132,0.012973691556343864,0.006038370028343527,0.0023947328381193175,0.0022917635335129674,0.000718004753172922,0.003524033512696583,0.0028182475487282836,0.012237289117321547,0.007901382636452667,0.008371291343411448,0.005648144239600309,0.0021458987642294486,0.011494885806869547,0.004122430833518706,1.0672617880627513,0.33649195078760386,5.1838407828472555,1.37482261355035,0.006042572669684887,0.0017853055614978075,0.0008621346205472946,9.155413135886192e-05,1.5791789468765947,0.04833859298855417,0.00804150477051735,0.0023956664372235537,0.011444266885519028,0.0023956664372235537,0.005929232155904174,0.0018693997265977992,0.007052844602513273,0.0018705069572113606,0.00679789436981082,0.0018616006709635258,0.0030975814443081617,0.0015564202331006527,0.0030975814443081617,0.0013122758828103542,0.0008596698626233628,0.00012095964906389072,0.0014479719941178414,0.00012620945960555453,0.00791180320084095,0.0019531548023223877,462.06184745409723,463.4485954339116,39.7833617365425,39.13349759708765,0.0,0.0,463.4884353741497,39.10612244897959,0,454.0,487.0,45.0,37.0,0.0,0.0,1,0
8,2,332,442,523,164,506,138,514.4939759036145,150.05722891566265,1.3610688944133353,357,0.781327899509405,20.56004690782767,1,0.751131221719457,0.7347166657798261,26.29315791738337,25.709920264364882,8.0,3.3014746449713543,3.0,15.764815627361644,16.410105499670568,-14.064755614709487,75.35533905932738,0.9299719887955182,0.6355373960611493,0.1178771318379221,0.13529596480241066,0.07679563854593821,0.034681702512874606,0.03318514632235821,0.001566849793385685,0.014623803347305687,0.015168304691066576,0.026242291965884214,0.003961471376421039,0.00896914395848023,0.007890803474089719,0.0050564328176195775,0.009201735005331948,0.011013644442748513,0.01330087794522373,0.01720866574913382,0.0045815511774211495,0.014404818272902528,0.002410703724790727,0.005625159704861756,0.002115225630725279,0.0074413913693842735,0.011225759297521792,0.0033793759606103022,0.00364281658161961,0.006374364487961299,0.0029929089788726954,0.0066703351705813705,0.40379950404167175,0.12046997784636915,2.662775647826493,0.6192111084237695,0.006744487676769495,0.0017853055614978075,0.001251240260899067,7.629510946571827e-05,0.1517708170713374,0.01361631260123912,0.0072938124649226665,0.0020599679555743933,0.012146181426942348,0.002334630349650979,0.006212300062179566,0.0018533842745595253,0.008020408577790641,0.0018650937000715948,0.00782787799835205,0.0018616006709635258,0.005050736479461193,0.0016174563206732273,0.005050736479461193,0.0013122758828103542,0.0005129288200625338,0.00010987398626668773,0.001600436335564318,0.0001227099471822733,0.009353780187666416,0.001937895780429244,514.3680524977892,514.4809758501725,150.14195008645174,150.05317890586497,0.0,0.0,514.4939759036145,150.05722891566265,0,515.0,512.0,150.0,152.0,0.0,0.0,2,2
8,3,783,2679,314,186,257,139,285.29246487867175,158.81353767560665,2.885878347833994,971,0.9806762775409149,31.574460621325464,1,0.29227323628219487,0.3465149529780261,76.22433576893796,71.21797525905943,7.211102550927978,3.0656537331716263,2.8284271247461903,15.611632743665119,14.912339903754328,52.102113789912195,168.50966799187808,0.8063851699279093,0.1965588650488234,0.017662957809835095,0.07649301203623537,0.05349312071245744,0.02156644366045974,0.007503358453251995,0.02452188777414387,0.041166862558472406,0.02633348404040166,0.01871624898224046,0.014908427228427586,0.0030531456834323426,0.011983232188217202,0.019518421880196105,0.0226576990699585,0.01616346390574304,0.014497328033732968,0.016145252392849484,0.008014448075078761,0.0010928097267637721,0.004857539160178895,0.009745019634296592,0.010278377940938086,0.014274409681116132,0.011015017586824135,0.010348265819157496,0.012314665407534679,0.010019059250387128,0.003987517635499533,0.0003264060643796058,0.8882276806980371,0.2663157091010362,5.928328460548073,1.470313572557643,0.006618600804358721,0.0017853055614978075,0.0008850237354636192,9.155413135886192e-05,0.7652360130646936,0.04984220250247359,0.007431143894791603,0.002288853283971548,0.01110856793820858,0.0024109254591166973,0.006255124511958008,0.0018754627401481423,0.007571300715897922,0.001877795111823299,0.007507438771426678,0.0018768596928566694,0.004837110172957182,0.0016174563206732273,0.004837110172957182,0.0014038300141692162,0.0006049333487674653,0.00012231244196225511,0.0012713449764708178,0.0001271094640191603,0.008392462506890297,0.0019684138242155313,284.80115722874797,285.3380553566425,158.2268495567415,158.83368099878575,0.0,0.0,285.29246487867175,158.81353767560665,0,277.0,293.0,151.0,160.0,0.0,0.0,3,3
8,4,459,666,678,179,641,161,660.2505446623094,169.3921568627451,1.6120162611205169,508,0.9132451650199289,24.17471718621419,1,0.6891891891891891,0.6203411368225884,38.58284503311061,37.36308338453881,7.615773105863909,3.2871600185864223,3.0,15.066664090376047,15.7190539635716,81.17102689905904,96.42640687119285,0.9035433070866141,0.41863678440790797,0.06481119948836504,0.13831208878643952,0.08490212961106001,0.04835087486762845,0.03644395316215283,0.023725948476543867,0.04341169837371126,0.02284064301116643,0.01603278336769052,0.02902812317921701,0.014905896006644024,0.0131442456392557,0.0017850779544616592,0.01033432618841271,0.009606815666429524,0.0004165005019862927,0.003933678807955156,0.009316622199463017,0.004830409515828198,0.0017888631064155482,0.0022717844593951055,0.0097944880876318,0.0024069064071587654,0.011227139643748595,0.008791644988815541,0.0073093921955820545,0.007394660563591832,0.002964479767985901,0.0017240109848551633,0.4853284596465528,0.15693904017098248,3.138262046035379,0.8649271379690617,0.0061799040995538235,0.0018005645833909512,0.0006485085468739271,7.629510946571827e-05,0.07927963937809826,0.016799039828048465,0.007049668114632368,0.0021362630650401115,0.009719996713101864,0.0023498893715441227,0.005777719757697057,0.0018683219067974104,0.0068371722135847045,0.001884372849605799,0.006782635347917676,0.0018768596928566694,0.00430304417386651,0.0016021972987800837,0.00430304417386651,0.0016021972987800837,0.0005010680433125612,0.0001240844758093591,0.000915576065990312,0.00012312051974881856,0.00747692072764039,0.0019684138242155313,660.1717153049229,660.2587901134378,169.38371923073356,169.3775205970044,0.0,0.0,660.2505446623094,169.3921568627451,0,662.0,672.0,170.0,165.0,0.0,0.0,4,4
8,5,436,783,639,198,610,171,624.6788990825688,183.96559633027522,1.5557892397808493,473,0.8875385958985962,23.56124872549269,1,0.5568326947637292,0.6427605837798837,35.06319583775379,33.83784863137726,7.810249675906654,3.3700225909694526,3.0,15.427822241490995,16.15478447866414,-48.95149255247065,92.32590180780451,0.9217758985200846,0.48238945285418455,0.0357381538834023,0.1661927566872431,0.09827133334442971,0.030996223757840655,0.01125122185249327,0.02188267345759474,0.04905119060567618,0.03406409073527576,0.010163074034011172,0.008408402934735621,0.0034825939667195425,0.00010568088927401038,0.0038451929844482056,0.011468083161846202,0.013011625225612852,0.006606104261564074,0.006907073062473151,0.002265113152469601,0.0023151643112210205,0.005949389304552165,0.007806634865791547,0.009926999518871459,0.0006627604249064673,0.004423047927475303,0.010950149385545881,0.009177301500602588,0.00821837514011436,0.0036559785288694654,0.005436948323984001,0.46715496480464935,0.1437705042771995,3.0538033610209823,0.8164339663926512,0.006271458230912685,0.0017853055614978075,0.0007171742618083954,7.629510946571827e-05,0.3326848164040015,0.010104233060583554,0.007095445413142443,0.0021362630650401115,0.009353780187666416,0.0023193713277578354,0.006066947594865576,0.0018671494061973963,0.007004136149130693,0.0018725549687904845,0.0069733732379972935,0.0018616006709635258,0.00430304417386651,0.0015716792549937963,0.00430304417386651,0.0015564202331006527,0.0005246850734623099,0.00012157348179523252,0.0009249600158258269,0.00012594429363219805,0.007751583121716976,0.0019531548023223877,624.9496279832898,624.6777684328567,183.7722441919882,183.95555555555555,0.0,0.0,624.6788990825688,183.96559633027522,0,629.0,623.0,180.0,186.0,0.0,0.0,5,5
8,6,699,1512,433,231,377,204,405.05150214592277,216.379113018598,2.387355883397693,816,0.9755615687471482,29.83277462405867,1,0.4623015873015873,0.41887345198688875,65.80388033742534,59.23681287847955,7.0,3.1886333081881832,3.0,13.78976575037745,14.458839958505136,-74.77437609848494,144.81118318204307,0.8566176470588235,0.25363192982897653,0.007111451694484514,0.08918522632822183,0.07454885500003369,0.005410931999863945,0.0038838212611594916,0.0324106985535663,0.05277746346601261,0.036022638776662376,0.00623321547418681,0.0016186139209140207,0.002586548765618366,0.028560939027705498,0.020406783563432583,0.03169284070196115,0.019559755315087936,0.005610736933319187,0.0026610459682814536,0.0011505233749103357,0.0018642445921218313,0.013263439464470183,0.015733770130388028,0.012676564178427049,0.017817588998080464,0.011199818337410267,0.004315211852103232,0.00244225084358013,0.0008520726400826532,0.0010848178896882958,0.001323138502624593,0.8716411222703755,0.24011596851050854,5.614633477292955,1.3250171660911292,0.007354848552495241,0.0018005645833909512,0.0007095444016158581,8.39246204122901e-05,0.14919698937079268,0.040859981256820804,0.008117799647152424,0.002288853283971548,0.010360876098275185,0.0023498893715441227,0.006863315923388783,0.001890676917405579,0.008032379795841137,0.0018955896510602706,0.008087282069027424,0.001892118714749813,0.0054016937501728535,0.0016021972987800837,0.0054016937501728535,0.0014496070798486471,0.0006069349203190323,0.00012138588894833522,0.0009745885272787069,0.0001227752968539413,0.008766308426856995,0.0019684138242155313,405.20061966831634,405.0106639028042,216.37424412216117,216.3804456728278,0.0,0.0,405.05150214592277,216.379113018598,0,408.0,396.0,212.0,216.0,0.0,0.0,6,6
8,7,823,2146,600,248,542,211,570.4835965978128,227.62332928311056,2.3611577415769105,950,0.9715533280624613,32.37091511398834,1,0.38350419384902146,0.4235210474892479,68.16470920368408,63.28506932918696,7.615773105863909,3.484861227175003,3.1622776601683795,16.546903033498445,16.142826638289048,-62.64683412250414,156.2670273047588,0.8663157894736843,0.2616419838494479,0.024166490466467072,0.09689282268368621,0.06979895551115005,0.028718373203975158,0.012370063027743308,0.03496473837231867,0.04417078933330435,0.034429889766553076,0.0238000721427925,0.017703917605768695,0.007595531170023183,0.015612797337455893,0.018428263524307226,0.02272645179655624,0.020443190544956406,0.015603805101326203,0.01618829938402553,0.009613824925245141,0.0054260085719056595,0.00510876852583523,0.0072787534075749215,0.007872810911380661,0.013151674093186719,0.012956575235148227,0.008420881375196677,0.010127980987581145,0.00784907263387941,0.005512720000528046,0.004194533934987277,0.9355001291260123,0.24875257490202785,7.69144741166383,1.5742732887156308,0.007747768424451351,0.0018158236052840948,0.00160982646048069,9.155413135886192e-05,0.2433069682132074,0.02263158892643043,0.00939955748617649,0.00221255817450583,0.01412985473871231,0.0024109254591166973,0.0071412223597405525,0.0018988746175727317,0.009345622614415346,0.0019128472523883726,0.00941481627523899,0.0019226367585361004,0.005020218435674906,0.001632715342566371,0.005020218435674906,0.0014343480579555035,0.0010362936766170102,0.0001318596730484321,0.0020394070753309915,0.0001349415800339918,0.01095597818493843,0.0019989318680018187,570.5149774099793,570.4724338470486,227.38205449079095,227.64301638073084,0.0,0.0,570.4835965978128,227.62332928311056,0,574.0,577.0,224.0,219.0,0.0,0.0,7,7
8,8,523,817,483,236,440,217,460.26003824091777,225.1529636711281,2.7075742475215763,645,0.933523266608664,25.805121233904135,1,0.6401468788249693,0.36933428544586244,45.08373006550306,42.1070065428546,7.280109889280518,2.9676658884173075,2.8284271247461903,16.1245154965971,16.16327556683777,-82.79760421541748,133.39696961967,0.8108527131782945,0.37189254672674626,0.015079092074422224,0.13349737174797763,0.09199003242231246,0.008479347031893774,0.01280599169097386,0.0484469546556866,0.05153876310632671,0.036816578754925625,0.008703207330484065,0.004114325106007432,0.00870714635254485,0.02300922027032689,0.014189539821145767,0.019926498208052867,0.01398364678296036,0.007349471112034137,0.009435538680769436,0.009377580272175777,0.002943666849430459,0.005431511994144005,0.008961171922199975,0.003949507404445579,0.00628821075520775,0.003054689589240572,0.00252810212763844,0.0032507280754657418,0.0019701248486450086,0.0063275817001969496,0.0035609457138852454,0.6648050807416439,0.22078278777189553,3.3808805029839277,0.998474097577855,0.005886167753487825,0.0018158236052840948,0.0005874724593013525,8.39246204122901e-05,0.19085005800626229,0.0449595230869489,0.007202258333563805,0.0024567025247961283,0.008392462506890297,0.0024567025247961283,0.005731078282255551,0.0019032998945853062,0.006464398667273284,0.0019091282936479063,0.006477454910054803,0.0019073777366429567,0.0045929658226668835,0.0015564202331006527,0.0045929658226668835,0.0015564202331006527,0.0004995700244189307,0.00013946833741979164,0.0007773059330139031,0.0001303221075583684,0.007049668114632368,0.001983672846108675,460.0730888339171,460.2159853289524,225.1145753413508,225.16194697027584,0.0,0.0,460.26003824091777,225.1529636711281,0,463.0,473.0,225.0,218.0,0.0,0.0,8,8
8,9,506,756,343,278,325,236,333.6363636363636,256.5138339920949,1.6499223095233502,550,0.9289015363672259,25.38226171238474,1,0.6693121693121693,0.6060891438511988,41.98553966080866,41.43669871020132,7.810249675906654,3.4130367280813005,3.0,14.946408329468975,15.548370375191757,-9.779005112321505,102.42640687119285,0.92,0.37374067009116024,0.024697677186689877,0.1544253011410119,0.08010056252632673,0.021046256852818048,0.017197598846820494,0.042549291158022744,0.056077992899116955,0.0315852033338031,0.009518791031835096,0.015194983619310235,0.011523006101251324,0.012230235094691821,0.014555580803141434,0.020252178373966503,0.015807249591599494,0.004345820480930128,0.0005948494019184871,0.010625056422595836,0.0074279312790931406,0.0026178192758169678,0.0013398380384815431,0.0014834605570748578,0.007063553245064197,0.009182779801953882,0.0031531822700871805,0.0043428273721986795,0.0048411372632404664,0.0063288865444015305,0.00474469573108771,0.7111619859933853,0.17370870523154736,5.32893880084157,0.9772793161682785,0.00859082955867052,0.0018463416490703821,0.0019378960132598877,7.629510946571827e-05,0.29055962756233994,0.014758535320746023,0.011017014272511005,0.00238040741533041,0.016174564138054848,0.0024109254591166973,0.007901799844370947,0.0019300967247949706,0.010531499606406265,0.0019313820477633963,0.010482948273420334,0.0019226367585361004,0.0057831695303320885,0.0016021972987800837,0.0057831695303320885,0.001541161211207509,0.001246551854316142,0.00013905806815966106,0.0024692599212759077,0.00013505701123632324,0.012458991259336472,0.0020141908898949623,333.85317496950563,333.6433969334541,256.3203973280667,256.52680885613466,0.0,0.0,333.6363636363636,256.5138339920949,0,334.0,332.0,254.0,263.0,0.0,0.0,9,11
8,10,396,580,927,262,898,242,912.2222222222222,251.30050505050505,1.3962455270743177,435,0.8639003733485461,22.45446191105733,1,0.6827586206896552,0.7162064125608283,32.170014772219325,29.832867780352597,7.615773105863909,3.305103860909347,3.0,15.683513724281495,16.202837443148763,-71.49553317891143,83.35533905932738,0.9103448275862069,0.5663222079959858,0.0038488473742617434,0.15362187079321768,0.1228510650206252,0.012024767703946207,0.01033908074912043,0.016690385535737973,0.043562984095813884,0.02726411829421852,0.008010357035875701,0.0006980386865090947,0.005087327317218945,0.0006053073126975929,0.011685475166719103,0.00580794438579228,0.005447763192768262,0.0007935960196758718,0.0063452006541488085,0.0010237385675251225,0.0014032968744507697,0.013005503391564298,0.008470988594298302,0.020366231194133326,0.011613691884908609,0.011163881001857306,0.0002864373692778238,0.00403387269789858,0.0029850160196477284,0.002973332212951563,0.00038949870554503017,0.47336538787931204,0.13647669181227684,3.381933368742466,0.7381857021246105,0.007064927369356155,0.0017853055614978075,0.0014038295485079288,7.629510946571827e-05,0.23263284295740308,0.026096871083914834,0.00859082955867052,0.0021057450212538242,0.012771801091730595,0.002334630349650979,0.006484457368209754,0.001869543723455847,0.008540235779652692,0.0018641053083954813,0.008377202786505222,0.0018616006709635258,0.0054016937501728535,0.0016021972987800837,0.0054016937501728535,0.0014801251236349344,0.0007766015926555275,0.00010327914468361148,0.0017896392852827614,0.00012113009760916012,0.009842068888247013,0.0019531548023223877,912.4340424507958,912.1971391363664,251.2043269324664,251.30770820844617,0.0,0.0,912.2222222222222,251.30050505050505,0,915.0,905.0,251.0,259.0,0.0,0.0,10,12
8,11,376,528,363,281,347,248,353.92021276595744,263.1276595744681,1.4998885624255274,408,0.8850583074765774,21.880083839428522,1,0.7121212121212122,0.6667161981573229,32.23602490603436,32.55764119219941,7.615773105863909,3.28803742705066,3.0,14.552137502179978,15.005230481623721,-8.339667963622054,84.18376618407356,0.9215686274509803,0.4516396875664351,0.035178801077738235,0.1768121330047321,0.08739258393120193,0.020222784984986936,0.012401222504688045,0.03463767118554293,0.048852489883207555,0.03282071667975734,0.007409997867039839,0.00955933063598887,0.004142559961712824,0.002707064342852525,0.0014256252480648612,0.013836684900370867,0.01501644779488555,0.0057004398785687185,0.006932873150276603,0.004724570486497303,0.0005118214803842706,0.011112083658231403,0.011410880888133685,0.006265315517979011,0.00500586979396305,0.007905258520756481,0.007133825553817894,0.007851780875301792,0.004706168100747756,0.004261278170682599,0.001262127962780057,0.6746318829245865,0.14013885706663132,4.970260217785835,0.722621499793604,0.010040436871349812,0.0018310826271772385,0.0028686970472335815,7.629510946571827e-05,0.7530635792874258,0.01832637933067872,0.012375066988170147,0.002166781108826399,0.022568093612790108,0.0024567025247961283,0.009241532642802554,0.0019197103707757714,0.013218777174962329,0.0019218656909404362,0.01281757839024067,0.0019226367585361004,0.0054016937501728535,0.0013885709922760725,0.0054016937501728535,0.0013885709922760725,0.0016250725819545355,0.00012838010822007007,0.003937616413974873,0.00013766456074575461,0.01574731059372425,0.0019989318680018187,354.0874937752122,353.91711890533605,262.3934104216651,263.14572291319126,0.0,0.0,353.92021276595744,263.1276595744681,0,354.0,348.0,262.0,272.0,0.0,0.0,11,13
8,12,835,2294,432,287,370,250,399.81916167664673,266.5988023952096,2.5510811191861302,1009,0.9796553022629865,32.60605802383755,1,0.36399302528334787,0.3919906711233978,76.25295446215094,68.8839603971781,7.0710678118654755,3.3089366657969883,3.1622776601683795,15.93432505417555,15.303017855725688,-63.79906621128781,163.61017305526642,0.8275520317145689,0.22405795992705177,0.016236468186675596,0.07889569324328978,0.06477654090740469,0.020526242427383996,0.008830185552570863,0.02205866259702252,0.04744257853789957,0.031408095320406636,0.018102922727217866,0.014417623406983937,0.005275896646588233,0.01622077029097945,0.01780156862780418,0.027300018624186115,0.01806870828768744,0.014303345656339932,0.013719333166939624,0.008731749460999938,0.0034548717613368824,0.00729456724917333,0.009822406642998906,0.010391274750337768,0.01603542373527476,0.011351388081820374,0.010511457792520407,0.010876663614629158,0.007739163439530227,0.005191418705243152,0.0024047157991832512,1.0487525900825858,0.2646677347365767,7.731105610728264,1.6013427935540676,0.008178835734724998,0.0018310826271772385,0.0010223542340099812,7.629510946571827e-05,0.36177415472570107,0.027967461104178734,0.009750515222549438,0.0022583352401852608,0.01278706081211567,0.0023041123058646917,0.007491089929161327,0.0018904838195469762,0.009258809114644627,0.001917775800663554,0.009430075995624065,0.0019073777366429567,0.0053101396188139915,0.001541161211207509,0.0053101396188139915,0.001541161211207509,0.0009133272496716402,0.00011875312768489353,0.0014598453139692867,0.00012465494717069474,0.01033035758882761,0.0019989318680018187,400.02972814007734,399.79185089190423,266.30462166248594,266.6048273364842,0.0,0.0,399.81916167664673,266.5988023952096,0,414.0,427.0,258.0,260.0,0.0,0.0,12,15
8,13,773,1612,725,304,673,273,697.4230271668823,288.1979301423027,2.17330528377141,877,0.9563458525907541,31.372187811504013,1,0.4795285359801489,0.4601286379172033,59.10832793191394,58.180752831155424,8.246211251235321,3.6276430941637092,3.1622776601683795,17.4042385483205,17.273655201348518,-65.76825698215426,145.29646455628165,0.8814139110604333,0.2907575090340564,0.01610061653436542,0.12610835572243323,0.06922228847938244,0.004174785420638546,0.011055124158006717,0.045396327691338986,0.055712193733918274,0.03012959968788647,0.0019416981270096673,0.009742429638217724,0.0072024157466124795,0.024175137069623952,0.024253046568766576,0.0260258144090388,0.016204074880907648,0.0020469449239488057,0.0031308629356518068,0.009040866062819203,0.004113744181239743,0.011620744063039676,0.008330871303822403,0.011398512777005506,0.011638161727412728,0.010276241272094033,0.0007909764683610937,0.0037724840992762717,0.005633976866124193,0.005117164271656728,0.0021458208795595932,0.8469215072691441,0.23643854423426092,6.879636929836124,1.478706034598872,0.007492179982364178,0.0018158236052840948,0.0013809413649141788,9.155413135886192e-05,0.7165187892281936,0.005171270203838374,0.00886549148708582,0.002243076218292117,0.015274280682206154,0.0024872205685824156,0.006775372058153152,0.0018915083538740872,0.008899918408584895,0.001912944417333599,0.008888380602002144,0.0019073777366429567,0.004684519954025745,0.00158693827688694,0.004684519954025745,0.0013427939265966415,0.0009522186327777882,0.0001242860212905813,0.001854551248816855,0.00013517146238492005,0.010254062712192535,0.0019989318680018187,696.7367191798027,697.4226526463517,288.40379544338015,288.1927724519385,0.0,0.0,697.4230271668823,288.1979301423027,0,698.0,710.0,287.0,276.0,0.0,0.0,13,17
8,14,570,779,672,317,631,298,650.0350877192982,307.09473684210525,1.5812993052461726,622,0.897093328750672,26.939683377854365,1,0.7317073170731707,0.6323913484830898,40.787357068145226,41.0,8.94427190999916,3.79462284739016,3.605551275463989,18.0,18.021530799016883,-82.72537735951087,106.42640687119285,0.9163987138263665,0.43173500327129255,0.023871279138170595,0.17375467342066886,0.08683984279865882,0.01122259744609014,0.011793798153055743,0.038523854047493235,0.05382685040614568,0.03299653851803101,0.004605404003075795,0.00628356203479255,0.003997109040755315,0.0034946392473875453,0.0030149330740625283,0.01908184547684953,0.014396247429767571,0.004716032244754221,0.003684093638283087,0.0032477157810801636,0.0022757734476169912,0.011958153427786597,0.010795841546258546,0.00661139734846045,0.003993555414543527,0.0068642235744015186,0.0035933999166366656,0.004547739305726114,0.0014411057850963263,0.005329277253618139,0.003170127322934633,0.6160067250020802,0.177813382120803,4.394338969141245,1.0941939419135451,0.0068818191066384315,0.0018310826271772385,0.0007782098837196827,9.155413135886192e-05,0.27182445377386116,0.06175178027012479,0.00758373411372304,0.0022583352401852608,0.010498207062482834,0.0024567025247961283,0.0065532630319370235,0.0018916317246893935,0.0077093666125285,0.0019196384945851669,0.0076905470341444016,0.0019226367585361004,0.0053864349611103535,0.0016021972987800837,0.0053864349611103535,0.00158693827688694,0.0004930476595359222,0.00013157316287387005,0.0010201981792823144,0.00013171662330536328,0.008438238874077797,0.0019989318680018187,649.763263801139,650.0959725553635,307.0952764586931,307.0844257265577,0.0,0.0,650.0350877192982,307.09473684210525,0,655.0,648.0,306.0,306.0,0.0,0.0,14,20
8,15,450,624,381,340,365,301,371.99333333333334,319.61555555555555,1.6844544756097757,497,0.9307098889383857,23.936536824085962,1,0.7211538461538461,0.5936640107996971,39.98643891370699,38.3275357934736,7.0710678118654755,3.199741347587591,3.0,14.12357638263289,14.62537020446537,4.4925698528956595,97.59797974644667,0.9054325955734407,0.3900325358276537,0.012729333103664902,0.14854218463792224,0.09177098139531412,0.014602978543724743,0.003380594724521483,0.04198066298604798,0.056995478464176144,0.03888396882937988,0.010821428645930876,0.0022933219655904458,0.0010675131239971567,0.014968651913055542,0.013148947296958095,0.023415606562404108,0.01906398959082226,0.003233206786300606,0.0023450636412135606,0.0017949692911203403,0.00021296261078404332,0.0038667686871151283,0.0026365602577546514,0.0010909096555785773,0.00855553154496342,0.010153603606874883,0.003597469820041104,0.0010742851686878986,0.00308939544439574,0.0014783033705306214,0.0005175106237853743,0.5015335413627326,0.16363775078207254,3.0343633694574237,0.8603189133573323,0.006118868011981249,0.0018158236052840948,0.0005951016210019588,9.155413135886192e-05,0.08944783220042848,0.02820811603357399,0.007064927369356155,0.0022735942620784044,0.009002823382616043,0.0022735942620784044,0.005831785364682937,0.0019027645439775877,0.0067430297099053856,0.0019118198074607386,0.006775005720555782,0.0019073777366429567,0.0049134050495922565,0.001632715342566371,0.0049134050495922565,0.0016021972987800837,0.00046583487150694255,0.00012651726887721952,0.0008198559247347075,0.00012371181762670704,0.007309071719646454,0.0019989318680018187,371.97781320237806,371.9985810822795,319.5274644650839,319.5878398751352,0.0,0.0,371.99333333333334,319.61555555555555,0,372.0,379.0,318.0,324.0,0.0,0.0,15,19
8,16,553,1204,922,356,894,313,910.1989150090416,333.623869801085,2.0918619796379425,656,0.9346290740421481,26.534910368014152,1,0.45930232558139533,0.47804301131429283,46.83292524140141,46.647615158762406,8.0,3.309888210436147,3.0,16.544610540325042,16.65491645833223,-23.556726503122427,120.5685424949238,0.8429878048780488,0.3235760423890372,0.048311426977640314,0.12544982241223743,0.07204783068956745,0.044012856727591664,0.017491006087393644,0.039711972460593756,0.038458309218738336,0.034495350093102686,0.030725634855171616,0.015968282001869016,0.00734235561041751,0.004508128614171283,0.01415810876435932,0.017588894362817235,0.019426593314623427,0.012056365914070628,0.011690997014339849,0.004376726894380984,0.003935718583800453,0.004848635216162529,0.00567513181150367,0.006717444422088803,0.008676317301467172,0.011306270657794196,0.00441905413799736,0.0024134137554876825,0.0038906797880542644,0.003561685355966934,0.0034827101456471796,0.7229266907088459,0.1955748836044222,5.212085209786892,1.0453955898992717,0.007354848552495241,0.0018005645833909512,0.0018616004381328821,9.155413135886192e-05,0.713307298054667,0.01636142221630537,0.01019302662461996,0.002121004043146968,0.015533684752881527,0.002288853283971548,0.006951218179892749,0.0018805277269655983,0.009425108878457308,0.0018904079383350303,0.009132524952292442,0.001892118714749813,0.004852368962019682,0.0015716792549937963,0.004852368962019682,0.0015106431674212217,0.0009939512309525495,0.00011224011758624877,0.0024244371809634597,0.00012614501558568946,0.011234455276280642,0.001983672846108675,910.6733387131521,910.1918698000292,333.0912071963941,333.63863669537295,0.0,0.0,910.1989150090416,333.623869801085,0,913.0,915.0,331.0,317.0,0.0,0.0,16,21
8,17,547,860,617,358,597,315,607.5027422303474,335.3765996343693,1.6659783006866675,605,0.9412276180731224,26.390567083147985,1,0.6360465116279069,0.6002479141461983,45.960891634391196,43.68065933568311,7.211102550927978,3.4357723796065893,3.1622776601683795,15.185132047305933,15.524346307441663,12.52590360518604,107.01219330881975,0.9041322314049587,0.3650220288103428,0.01332760189188338,0.1389319009314244,0.08980464012224905,0.002429440881950832,0.008712366779977212,0.04426825485848926,0.058351819139214924,0.03878130879054234,0.004356069708081635,0.00872945483680016,0.004087384042483575,0.019770783601487412,0.018804533612719717,0.022814242247706715,0.020439821691472484,0.0026955578068745597,0.0032209873773593033,0.005294121588724494,0.0020756843021133954,0.004653484721794463,0.0018163053045339187,0.006345758528281524,0.006248975079335971,0.012405804091412734,0.0007127398409932686,0.0007378597633823925,0.0027859180375767734,0.0035768515490723057,0.0016538898263176935,0.749065394513309,0.180682078236714,5.891752557363361,1.047974364599213,0.008724345825612545,0.0018310826271772385,0.002052338793873787,7.629510946571827e-05,0.34791215605443404,0.03869101938379473,0.011062790639698505,0.0022735942620784044,0.0158999003469944,0.00238040741533041,0.00788489888961378,0.0019019166130180422,0.010771028441249289,0.001915858070565289,0.010788128711283207,0.0019073777366429567,0.004821850918233395,0.0016632333863526583,0.004821850918233395,0.0013275349047034979,0.0012030911676446827,0.00011916475563874283,0.002483863192427674,0.0001313036786455215,0.01283283717930317,0.0019989318680018187,607.409910493822,607.5289389769798,335.04130105545175,335.40507287526026,0.0,0.0,607.5027422303474,335.3765996343693,0,608.0,607.0,340.0,342.0,0.0,0.0,17,22
8,18,522,1062,592,394,574,335,582.4386973180077,364.7088122605364,3.1666321795180763,635,0.9747141396446816,25.780439141949365,1,0.4915254237288136,0.315792912883298,55.81295251611894,59.22837157984339,6.324555320336759,2.692335435181478,2.23606797749979,12.823121009817868,12.471709399677849,-10.452469778340252,144.12489168102783,0.8220472440944881,0.18946152860654358,0.005333018257783669,0.10084054413179379,0.03997494015241905,0.002839180568460802,0.0045655396434196496,0.04684613360705908,0.040928621303712394,0.017803804318168824,0.0015248540024517085,0.0050901923113714055,0.0036575170264618807,0.021721865791856705,0.03003403457398575,0.01927256708408033,0.010616787712881133,0.00030444627079707714,0.002995269111142355,0.005107994757032158,0.0029534587844517804,0.013037114491228853,0.01661105408149262,0.016301352570024637,0.010550021625804469,0.007355121509547771,0.004045840670397891,0.0033970947633462454,0.003599570788315797,0.004713874182176867,0.0023484770518673523,0.757702003698796,0.2302128633018583,3.6292058234103024,0.9838406955823302,0.006164644844830036,0.0018005645833909512,0.0007171737961471081,9.155413135886192e-05,0.4843635344646014,0.01682140375220723,0.007507438771426678,0.002197299152612686,0.010009918361902237,0.00238040741533041,0.006110500029829,0.0018565553492085347,0.006952501577414372,0.0018847522903876058,0.006820783019065857,0.0018768596928566694,0.0045166704803705215,0.001632715342566371,0.0045166704803705215,0.0013275349047034979,0.0006276466244316224,0.00011563781354986358,0.0010749075540635793,0.00013025392909256424,0.0076752882450819016,0.0019684138242155313,582.4591868500898,582.4476704510205,364.2248822939151,364.6945840312674,0.0,0.0,582.4386973180077,364.7088122605364,0,583.0,579.0,359.0,375.0,0.0,0.0,18,23
8,19,532,703,929,433,892,414,909.5977443609023,422.66541353383457,1.3937193471684763,572,0.8862381363955809,26.026206750102993,1,0.7567567567567568,0.7175045693608482,38.54561066407933,36.49657518178932,8.94427190999916,3.8436209971915196,3.605551275463989,16.9330956924518,17.85548042780758,-81.10470360566016,96.5269119345812,0.9300699300699301,0.5083746383481843,0.0396709441961735,0.15791834503918134,0.10956631403450327,0.023192281360763494,0.02138425536900201,0.024823859403297403,0.04679447480714057,0.033703875159455554,0.005610702674822213,0.00914508304604591,0.009776733853534022,0.0038061422346968394,0.0068165522048361194,0.008990656807952855,0.008472607531798064,0.006044903257091896,0.006541550249325409,0.004560018420049248,0.00491967989558781,0.010352907999965733,0.008137036167651716,0.00964540618625141,0.006772208689065392,0.0011405789277445125,0.009497325909935836,0.0071951398449281705,0.008589342984881412,0.00712615888583386,0.005024956356323904,0.7873808010481298,0.1627527275122702,7.47798891691491,1.0138246736023575,0.010589761659502983,0.0018158236052840948,0.0033875033259391785,9.155413135886192e-05,0.18743101518842276,0.028412435057734567,0.011825742200016975,0.002288853283971548,0.024704355746507645,0.0025787746999412775,0.009050354035035974,0.0018707210058881633,0.0140563701445769,0.0019056854766961607,0.01359578873962164,0.001892118714749813,0.006271458230912685,0.0016021972987800837,0.006271458230912685,0.0013885709922760725,0.0013980826435078465,0.0001236938507348031,0.0041116544025867246,0.0001352445679732007,0.01744106225669384,0.001983672846108675,909.7826555366976,909.5720112581087,422.6347827891395,422.67745819599344,0.0,0.0,909.5977443609023,422.66541353383457,0,908.0,914.0,424.0,419.0,0.0,0.0,19,24
8,20,847,1750,693,521,668,451,680.5312868949233,484.47815820543093,2.577716347715947,948,0.978048369673675,32.839517267930155,1,0.484,0.38794027934302244,72.56507223957132,71.56814934033156,7.615773105863909,3.4348539321512583,3.1622776601683795,15.34851533787301,15.120963873497665,-14.282603856574603,165.63961030678928,0.8934599156118144,0.2105493741489033,0.008284722405491657,0.09696998364307971,0.051624755598336645,0.007281864915929525,0.0063034789092421915,0.04013895307424381,0.04604806349988044,0.024281196080509562,0.0062967003702064555,0.007333889664048046,0.005004451962792924,0.024185471427282508,0.025799965231214198,0.025091866978119163,0.014202329787292675,0.005091356442784344,0.004644455133633614,0.00669502068612144,0.003940863362662738,0.01584742387150096,0.013593027042802304,0.016299401261211443,0.014485008465214942,0.009380104493672417,0.0037613718927742403,0.0029071497656126626,0.0045537200725934614,0.005512052548049484,0.003128525913256429,1.087876720353961,0.28003356978297234,8.36375991627574,1.607446402311325,0.007705806288868189,0.0018005645833909512,0.002037079306319356,9.155413135886192e-05,0.29194370894775895,0.03452817856203043,0.010696574114263058,0.0022583352401852608,0.016189822927117348,0.0023956664372235537,0.007400521907169803,0.0019049902706324649,0.009874568968448336,0.001897811572976771,0.009697108529508114,0.001892118714749813,0.00476081483066082,0.00158693827688694,0.00476081483066082,0.0015716792549937963,0.0013677176990027121,0.00011556276131036944,0.0026258709378182087,0.0001310095323809465,0.01187151949852705,0.001983672846108675,680.6268583932421,680.5538521415552,484.2023009635407,484.45202384568654,0.0,0.0,680.5312868949233,484.47815820543093,0,681.0,687.0,478.0,475.0,0.0,0.0,20,25
8,21,987,2387,675,596,644,519,662.3424518743668,556.016210739615,3.3031882193441993,1484,0.9750471662953742,35.449787455690135,1,0.41348973607038125,0.3027378198262452,88.8207027574095,77.3692445355388,7.0710678118654755,3.285779681773906,3.0,22.372211370004496,19.718000665517327,10.332446141955408,202.40916292848976,0.6650943396226415,0.20993775988199226,0.010337763466404883,0.0637603407785219,0.06525870492519649,0.02101260194287618,0.002275523320237519,0.014527042984629887,0.042836542418386324,0.03295302398918042,0.021149823316811894,0.00837682694966889,0.005682997928742355,0.005119685986628143,0.017439253987706353,0.025761205538882684,0.019239583292656074,0.014750619293191698,0.015908219162140816,0.00037539677210747036,0.005901883949285954,0.0038151483502474105,0.008723920689310126,0.012321106344014246,0.015479607095610068,0.011866356150556414,0.009740744459369495,0.012904638448419662,0.0071514101255037545,0.003103574519736308,0.005150237410902614,1.2508888612501323,0.32114137476310134,8.725414032116532,1.851224536076188,0.007553216069936752,0.0017853055614978075,0.001289387233555317,9.155413135886192e-05,0.7685853604614428,0.045244933691339854,0.009185931645333767,0.0023498893715441227,0.01278706081211567,0.00238040741533041,0.007230571452312904,0.0018563085246422043,0.00884033843172901,0.001875607432701305,0.008781567215919495,0.0018616006709635258,0.005172808654606342,0.001541161211207509,0.005172808654606342,0.0014648661017417908,0.0008615976611418044,0.00013903659028877794,0.001603415389298398,0.0001312993251787275,0.010131990537047386,0.0019684138242155313,662.7443548589437,662.3557863501484,556.6713423655527,556.0594460929773,0.0,0.0,662.3424518743668,556.016210739615,0,667.0,672.0,565.0,560.0,0.0,0.0,21,26
8,22,492,1026,427,563,389,536,408.4044715447154,549.0365853658536,1.7096442405058931,544,0.9380812017104408,25.028660691489268,1,0.47953216374269003,0.5849170115673272,43.19002986978843,42.05948168962618,7.280109889280518,3.2778639951872433,3.0,14.92037690739827,14.9616933210885,-57.87229227976053,102.81118318204308,0.9044117647058824,0.3541174991575467,0.02316542972668453,0.14197607519753885,0.08070972725472005,0.02564197881358956,0.013239352408165785,0.03406263505755611,0.060645077209303525,0.03199923552468144,0.01566551238629671,0.013496850909721365,0.006895816079301685,0.012716646072403833,0.018123792396892508,0.022463966639143615,0.016262018398241828,0.007711682678358602,0.004217178935003111,0.006384481970450078,0.00347360904910339,0.007188156384948865,0.0008352419124309009,0.004817834357758616,0.006307817196393572,0.010198084921853458,0.00017507540503217884,0.005973973577636931,0.0016448223963907084,0.0018161042478938099,0.002250333472302159,0.6282597202807665,0.15898374910466373,5.111162033863366,0.9278706032782793,0.008331426419317722,0.0017853055614978075,0.0021667806431651115,9.155413135886192e-05,0.39432699119009984,0.034737731526672144,0.010101472958922386,0.0022583352401852608,0.0156404972076416,0.0022735942620784044,0.007391290826832547,0.0018703970482901616,0.010388540719234483,0.001885915860321706,0.01033035758882761,0.0018768596928566694,0.005142290610820055,0.0016174563206732273,0.005142290610820055,0.0013885709922760725,0.0011212657145539442,0.00011949529459712972,0.0026207821572641543,0.0001301637041201291,0.012619211338460445,0.0019684138242155313,408.7720205375463,408.3884521773451,548.893751497846,549.0674088935666,0.0,0.0,408.4044715447154,549.0365853658536,0,405.0,422.0,550.0,539.0,0.0,0.0,22,27
8,23,343,621,649,564,626,537,637.731778425656,549.6880466472303,1.3846733805404383,370,0.8764039005229509,20.897874625046462,1,0.5523349436392915,0.7221919725283517,30.392908718937342,28.600699292150182,7.211102550927978,3.133585982824153,2.8284271247461903,14.298459565489772,14.636519371710177,34.70641885359197,77.25483399593904,0.927027027027027,0.530775898233118,0.031524328290886514,0.16192072892273154,0.11231556083744389,0.018786312839760587,0.009094283580611652,0.02250680920812333,0.042180252451794756,0.03538145434067024,0.0037185588484998323,0.009131755362331705,0.005236341554703484,0.0005952988809178356,0.010485417368921128,0.010774367753325317,0.009474267196137092,0.008951108361195436,0.004940281271277712,0.006826708866737604,0.005292116523720918,0.014523554751543911,0.00730774076373615,0.015378660425136558,0.007173911612840631,0.005199323206130862,0.005100151411927044,0.009622671410172116,0.00468016972709979,0.005103633163593292,0.003732017535732252,0.6246585859917104,0.12088197143748403,4.725917489733547,0.6514839397277683,0.010997939854860306,0.0018158236052840948,0.0027313646860420704,7.629510946571827e-05,0.17368512735641273,0.02898842316353415,0.01257343403995037,0.002197299152612686,0.024246586486697197,0.0023498893715441227,0.009760290406120475,0.001888780803710688,0.013778185101263985,0.0018993700866698784,0.013305867090821266,0.001892118714749813,0.006912337150424719,0.0013580529484897852,0.006912337150424719,0.0013580529484897852,0.001363812077144188,0.00014004540297423524,0.0036424817253354444,0.00013029120978018329,0.016433967277407646,0.0019684138242155313,637.6119439678325,637.7449350040988,549.5623238323438,549.7138775032205,0.0,0.0,637.731778425656,549.6880466472303,0,638.0,634.0,550.0,551.0,0.0,0.0,23,28
8,24,334,528,627,571,605,547,616.0508982035929,558.937125748503,1.1427305929303326,347,0.7184946569870925,20.62188177498708,1,0.6325757575757576,0.8750969005176232,24.88435187863866,25.079872407968907,8.48528137423857,3.4898742920749233,3.0,15.556349186104045,17.307874924288733,35.667813580993226,69.25483399593905,0.962536023054755,0.6732093089285359,0.03954529725657946,0.18035695712461153,0.08233247497560545,0.012481570120908394,0.014670880157757957,0.03375911954836835,0.018251550628516675,0.02332912435045029,0.013413396703050764,0.0114849143948639,0.0037418395348356673,0.01599880041996209,0.024716652292863447,0.012916570271933017,0.01653636018054487,0.0063306824353056065,0.0058927717847670515,0.011813138147267643,0.0034000988216083446,0.006272624807341183,0.004728544110933129,0.004670617313826724,0.004938489835448593,0.006445271475613282,0.006053359803441462,0.0031435886449817083,0.00718872465239676,0.00717171885602575,0.00023006207663712013,0.574807358905673,0.10389868007041514,5.663141851313412,0.6354619667399675,0.011985961813479662,0.0018158236052840948,0.004516671411693096,9.155413135886192e-05,0.18219876280929695,0.037314125182020215,0.013061722740530968,0.002197299152612686,0.02874799817800522,0.002288853283971548,0.01026441712331559,0.0018553335726859846,0.016955514524890455,0.0019025807387424176,0.016311895102262497,0.001892118714749813,0.00804150477051735,0.0016174563206732273,0.00804150477051735,0.00158693827688694,0.0010965930226045832,0.00012100402937736715,0.0055377251073450914,0.00013594856716911137,0.021232929080724716,0.001983672846108675,616.2291247862432,616.0409412894705,558.974963222071,558.9011646055949,0.0,0.0,616.0508982035929,558.937125748503,0,615.0,617.0,558.0,554.0,0.0,0.0,24,0
8,25,616,1260,712,641,684,596,697.2272727272727,618.1590909090909,1.8341256058068318,676,0.9515658449054873,28.00563442518059,1,0.4888888888888889,0.5452189298453745,51.178543070541025,47.01063709417264,7.615773105863909,3.442005980417799,3.1622776601683795,14.837626913148648,15.73458840485024,23.70883705627256,119.1543289325507,0.9112426035502958,0.35262871021830766,0.022592441665107845,0.12327279316906654,0.09233814994898779,0.019094034247797206,0.016353006493625755,0.04098614510069325,0.055331448707651346,0.0393796745654264,0.01224601000515595,0.01345358761138561,0.011315940386690254,0.021003921077152668,0.017729589943605555,0.0238531723477737,0.017733725426891857,0.007201118449916903,0.004086281459578338,0.00851541339837672,0.006983729692544746,0.0020814470882656554,0.008284032135421383,0.0028096899764295208,0.009237163516708379,0.007066173984274675,0.0034724708362055532,0.0030787984308996907,0.0003179856636104104,0.003764405883818767,0.003900773308537145,0.7201953246258199,0.18960860604420304,5.471854810602963,1.1431601431686431,0.007537956815212965,0.0017700465396046638,0.0013275346718728542,7.629510946571827e-05,0.39799393081041884,0.10175636003789829,0.008926527574658394,0.0022583352401852608,0.013260089792311192,0.0023193713277578354,0.006992187617726407,0.0018408602528563402,0.008882881186043771,0.0018557794531958492,0.008789196610450745,0.0018463416490703821,0.005279621575027704,0.0015564202331006527,0.005279621575027704,0.001541161211207509,0.0007879835878994923,0.0001237066583835134,0.0016500432957229371,0.0001238235475043548,0.010254062712192535,0.001937895780429244,697.3845950034071,697.2744770879774,618.5246710923528,618.2492358209752,0.0,0.0,697.2272727272727,618.1590909090909,0,699.0,696.0,620.0,603.0,0.0,0.0,25,30
8,26,648,1380,425,644,395,598,409.00925925925924,620.3456790123457,1.902526933690791,711,0.9581291717710456,28.723844188903154,1,0.46956521739130436,0.5256167375565394,54.23820836445809,50.53711507397311,7.280109889280518,3.465313786387174,3.1622776601683795,14.857311207360652,15.530369180646797,-27.815881298025268,124.46803743153546,0.9113924050632911,0.32231502551217495,0.010540669270825687,0.1212341031908097,0.08535207000365005,0.00391023595288455,0.006927890302498833,0.04216202337569252,0.058302943691346025,0.03891834898291194,0.0010914561618497257,0.0012307879929103285,0.004062150410787496,0.023030618572117866,0.023545307816968924,0.027242357470773432,0.02074692898305416,0.0015542686376319149,0.0009704763367617391,0.002134362169636808,0.002377165367185024,0.008863745342554123,0.009776971944588691,0.008127865098107461,0.012145503584796928,0.011717458901613102,0.0007022770761100185,0.0006035233962108482,0.00048087314039238656,0.0025476854058303308,0.0013040620384291793,0.7880064193159342,0.1965514610055834,5.932524675037712,1.243198290700093,0.008163576945662498,0.0018310826271772385,0.0009918371215462685,9.155413135886192e-05,0.8775187194769617,0.045611658666056654,0.009857328608632088,0.0021820401307195425,0.01283283717930317,0.00238040741533041,0.007504823041104135,0.0018719186762436515,0.009155130671354494,0.0019185158807100199,0.009353780187666416,0.0019226367585361004,0.00508125452324748,0.0015716792549937963,0.00508125452324748,0.001541161211207509,0.0010658255761401335,0.00012300405509570717,0.001489702130396676,0.00013061509046995016,0.010238803923130035,0.0019989318680018187,408.59546591822453,408.99700514280806,621.1195098555846,620.3896137370663,0.0,0.0,409.00925925925924,620.3456790123457,0,405.0,399.0,627.0,635.0,0.0,0.0,26,31
8,27,495,988,121,640,83,614,101.66666666666667,626.6525252525253,1.7776213160287495,537,0.9431882256413806,25.104851615652017,1,0.5010121457489879,0.5625495098326256,43.76087197070345,43.56604182158393,7.211102550927978,3.2268991155601263,3.0,14.725727785869513,14.539938814078111,-59.11224934886118,105.1543289325507,0.9217877094972067,0.33206194659847504,0.0034440043861465384,0.1459777554897861,0.07448306752485137,0.0058708107919191385,0.002814798676549596,0.051117744638902,0.05528306486603914,0.03374593304662134,0.001585539744546842,0.005063992191433568,0.0014619142172222093,0.01790661324048195,0.02146918573203301,0.024862550829875485,0.01942120844439842,0.003202617683915136,0.0033073896763178554,0.0033627619922039728,0.0007397004003642999,0.003718963869222047,0.0017514847670922918,0.008065041704236244,0.01183438312707636,0.012711172063138532,0.0014053775397716774,0.0007893859320346512,0.0027348592456605076,0.0013875281976631487,0.0008472528157597565,0.6000000089406967,0.16618600743822753,4.188876224216074,0.9288319216575474,0.0069848173297941685,0.0017967498279176652,0.0013351645320653915,7.629510946571827e-05,0.5719729788692907,0.06244180323853846,0.009185931645333767,0.002197299152612686,0.01336690317839384,0.00238040741533041,0.006741573134165132,0.0018672585105418823,0.008462376210537522,0.0018764281245607017,0.008293278515338898,0.0018768596928566694,0.00508125452324748,0.0016021972987800837,0.004791332874447107,0.00158693827688694,0.000990031630263875,0.00012390961776890895,0.0019038419551970294,0.00011881825530769056,0.009662775555625558,0.0019531548023223877,102.22366473890297,101.61919469041086,626.522501269808,626.6930886629101,0.0,0.0,101.66666666666667,626.6525252525253,0,103.0,93.0,630.0,629.0,0.0,0.0,27,33
8,28,1346,2754,388,719,361,617,372.82540861812777,668.5416047548291,3.5397131300292815,1684,0.9883826921378084,41.397831189731775,1,0.4887436456063907,0.2825087692888061,112.80522171678531,102.77159140540736,8.06225774829855,3.627638383670866,3.1622776601683795,17.53624817342638,17.144780912084133,-8.428973536237974,244.68733752154176,0.7992874109263658,0.1622590822963008,0.0034458077070080775,0.06211061013378067,0.047788732040248846,0.0032513111610744296,0.0037705225760706804,0.019389413473398454,0.04122954237959101,0.023493899445956597,0.002554705757007799,0.0030944795578635347,0.003750852577149712,0.015965746897241877,0.020527616892936786,0.025958228868398728,0.013646545561630757,0.003760686491602611,0.0008626210174799419,0.004084033238228399,0.0033788064192174245,0.008805127830889053,0.015645625456676995,0.014721743176413895,0.01691505843817184,0.008577123081709617,0.0030227663215078603,0.0004589407644869202,0.0011276161997474895,0.004339964975018192,0.0029077364034130033,1.5989929251372814,0.40831616683863103,12.39798595989123,2.5699702443089336,0.0079499501734972,0.0018158236052840948,0.0012207217514514923,9.155413135886192e-05,0.4491410699767457,0.11579962393999692,0.010376134887337685,0.0025329976342618465,0.014557107351720333,0.002563515678048134,0.00740274502378371,0.0018903526242529214,0.009210985111360497,0.0019093389630824172,0.009063859470188618,0.001892118714749813,0.004959182348102331,0.0016021972987800837,0.004959182348102331,0.0015716792549937963,0.0008633166271490222,0.00012275948567524005,0.0016964418609997673,0.00013318411882830844,0.01045242976397276,0.0019989318680018187,372.83505024566495,372.7970467216473,668.0925671842871,668.6538774395422,0.0,0.0,372.82540861812777,668.5416047548291,0,377.0,377.0,651.0,636.0,0.0,0.0,28,32
8,29,745,1782,156,658,102,625,128.68590604026846,639.1503355704698,2.7187430699838377,1003,0.9655576719550343,30.798757455905527,1,0.4180695847362514,0.3678170295091344,67.55228346296619,58.83026432033091,8.06225774829855,3.3325503841843216,3.0,19.072706901879375,17.576369702593976,-65.85595661589015,159.53910524340097,0.7427716849451645,0.2735607281441728,0.011385421101197963,0.08062074768902033,0.08350254816810085,0.02217107563662832,0.007921891300047206,0.01094946184699414,0.057493982557355876,0.03754555025341197,0.0188642949242011,0.005314430435936647,0.005715876341346464,0.005430997646158957,0.02065770227078962,0.029347565254825854,0.01871751728552071,0.013575235879589356,0.009948222432738065,0.0019364966774322533,0.003348486423917885,0.0022229058878499735,0.010628214979902231,0.010100394408251051,0.013144604532983979,0.009399940881964407,0.009936004697162198,0.009954249379768456,0.0011812047776745022,0.001955767592560929,0.0021328473721619265,1.0521858716383576,0.25609216443262994,7.432349212002009,1.388082703575492,0.008472572080790997,0.0017738612950779498,0.0014648661017417908,9.155413135886192e-05,0.2143755412338589,0.07008709513098998,0.009719996713101864,0.00238040741533041,0.01597619615495205,0.00238040741533041,0.007624535301727229,0.0018557403219755793,0.00997630766711679,0.001863198259832875,0.010025177150964737,0.0018616006709635258,0.004959182348102331,0.001541161211207509,0.004959182348102331,0.001541161211207509,0.0010005574136528086,0.00013603906610675602,0.0020327656881230804,0.00012431964439003963,0.011398489587008953,0.0019531548023223877,128.47998579207606,128.6294191363996,639.0907224505742,639.1918256969484,0.0,0.0,128.68590604026846,639.1503355704698,0,138.0,112.0,634.0,647.0,0.0,0.0,29,35
8,30,458,858,437,658,411,625,422.82096069868993,640.9475982532751,1.4810570055555683,490,0.9096533239240451,24.148368712786887,1,0.5337995337995338,0.675193457273364,37.74119807599177,36.71511950137164,7.615773105863909,3.409168736507477,3.1622776601683795,14.799999999999999,15.676497540521193,-36.60544677556565,92.32590180780451,0.9346938775510204,0.432599192499039,0.01938545656315089,0.16287003923729254,0.09442325475917979,0.008232333778085976,0.014372384237700228,0.037329566447602734,0.05680800846781886,0.03453038550765569,0.0034763256028690183,0.005156298482941816,0.011511275930180392,0.007483871728163947,0.006873119659287836,0.017255589906039863,0.01372597215378616,0.0025197709753195835,0.0072313248188949205,0.006458531254718991,0.0070207971063500005,0.007095143063906449,0.0074401308374392235,0.005796529733308599,0.0022092391277698303,0.006489171213984162,0.0028436462658036894,0.00265816186418,0.006294084881053457,0.0038217007202730573,0.002942286475274786,0.6386511130258441,0.1440451666712761,5.4103761948645115,0.8580148010514677,0.009254597127437592,0.0017853055614978075,0.0025940341874957085,7.629510946571827e-05,0.17469125697572127,0.00142496262844881,0.011337453499436378,0.0022735942620784044,0.019363699480891228,0.0023651483934372663,0.008294170299036936,0.001870716450276313,0.011813048460402863,0.0018733947621211084,0.011535820551216602,0.0018616006709635258,0.005935759749263525,0.0015564202331006527,0.005935759749263525,0.0015564202331006527,0.001449413055430456,0.00011430081244896317,0.0032378010692256727,0.00012745567694910485,0.01428244449198246,0.0019531548023223877,422.65184208957123,422.82043393206476,640.9038269006171,640.9462742308376,0.0,0.0,422.82096069868993,640.9475982532751,0,424.0,430.0,642.0,626.0,0.0,0.0,30,34
8,31,596,720,735,682,719,637,726.1761744966443,659.3355704697987,1.6310975999624504,632,0.937879470899519,27.547246117573295,1,0.8277777777777777,0.6130840974954662,47.12333151518616,44.181444068749045,8.0,3.6449199604952773,3.1622776601683795,15.0,16.3499692640025,0.816525016890466,110.5269119345812,0.9430379746835443,0.38875551673266234,0.021524425959647955,0.13862701363740285,0.0962611884292797,0.01883524087452923,0.013560981806840459,0.04303157554214474,0.05476971245848393,0.04106350444173956,0.010410114937042324,0.01118327605245706,0.008910851100577218,0.018182379862728512,0.012712808049719214,0.021908740498685082,0.019549710331245904,0.0027113372354207075,0.00469124830643153,0.005044292647958812,0.005899435593677598,0.000433756787248591,0.0001833548959927024,0.0010015990244261498,0.006371329118101086,0.00946485928306715,0.003363459055563885,0.0030128871049610846,0.0013936519805061427,0.0029394580582101115,0.003978247760480928,0.8585488833487034,0.1864805065561086,7.046524831093848,1.1053940639831126,0.009308003820478916,0.0017853055614978075,0.0024414435029029846,7.629510946571827e-05,0.48619904500647354,0.026938097885920623,0.01107805036008358,0.002151522086933255,0.020248722285032272,0.002288853283971548,0.008500483993551518,0.0018463416490703821,0.011823028240090348,0.0018546880268173029,0.011581597849726677,0.0018463416490703821,0.005813687574118376,0.0015716792549937963,0.005813687574118376,0.0012664988171309233,0.00132644771728186,0.00010986663627808439,0.0030371698465560034,0.0001190056723888704,0.01417563110589981,0.0019226367585361004,726.15605226995,726.1625300240192,658.8497880006233,659.3587973827338,0.0,0.0,726.1761744966443,659.3355704697987,0,727.0,726.0,663.0,675.0,0.0,0.0,31,0
8,32,352,700,707,674,682,646,694.7244318181819,658.1136363636364,1.5015360928256023,382,0.8865901801411623,21.17026971360491,1,0.5028571428571429,0.6659846571641127,31.51879417590528,30.805843601498726,7.0710678118654755,3.111128103458424,2.8284271247461903,13.435028842544403,14.579200522335691,41.76607372626464,81.49747468305833,0.9214659685863874,0.47226587960672006,0.09027195400654175,0.13767823911420163,0.08180192925795858,0.059572538253221737,0.04402752149168526,0.02289953763830983,0.02005741628970191,0.0231379930916746,0.006687224582905034,0.025684394309384004,0.016596215760405566,0.0025232256254207825,0.004522375041379348,0.004895202376414401,0.009558777306165174,0.011586300857198067,0.011117872124038877,0.008639040971923187,0.0018581065299492772,0.0009267111569804918,0.008833125320632141,0.0035022174965243518,0.008036524747777834,0.008525082697583812,0.010560808438967582,0.01021426162234923,0.009734185439203678,0.0038749338308211832,0.004174812343157299,0.4920882061123848,0.12652780953794718,3.5478294352069497,0.6592965589370579,0.00804150477051735,0.0017853055614978075,0.0018005641177296638,9.155413135886192e-05,0.17178680565874874,0.016380914890764552,0.009246967732906342,0.00221255817450583,0.016250858083367348,0.002243076218292117,0.007344600091229623,0.0018884747692230921,0.01007906089547429,0.001873001587889369,0.009704737924039364,0.0018768596928566694,0.005447471048682928,0.0015716792549937963,0.005447471048682928,0.0015716792549937963,0.0009014816445989803,0.0001464801940381599,0.002521070587673206,0.00012496003524189547,0.0117647061124444,0.0019531548023223877,694.7961695703351,694.7403892887727,657.9575453596854,658.1099358900178,0.0,0.0,694.7244318181819,658.1136363636364,0,696.0,700.0,657.0,656.0,0.0,0.0,32,0
8,33,591,1435,355,720,314,685,334.60067681895094,702.1387478849408,1.8309459956306455,643,0.9539530118305235,27.431452220735256,1,0.4118466898954704,0.5461657538706175,50.72599168241009,48.25971404805462,7.810249675906654,3.3997598993295073,3.1622776601683795,14.893508569520261,15.215569728288035,-50.58216111053099,116.61017305526642,0.9191290824261276,0.323093418178824,0.009385419680567934,0.12800958134485496,0.08147183143707726,0.0082758848872494,0.005036073624319972,0.04532434930557409,0.0565035741119077,0.037388473023967715,0.008219318359250133,0.0024176015280585163,0.0043321156987517935,0.02172651018028033,0.022264300236593194,0.026797341039864128,0.02039488075762784,0.005744066252817273,0.0013984662555651484,0.0040309705363142795,0.0032922834765456792,0.004952193704553382,0.008900388931385124,0.006977851513871834,0.01320496133590686,0.011780484714034499,0.0026242177353855197,0.003722447635695567,0.0018594455820571804,0.003453250775021348,0.0022518663607197496,0.6922102789394557,0.17289997707121074,6.009536950848997,1.113298237323761,0.008331426419317722,0.0018005645833909512,0.0017624171450734138,7.629510946571827e-05,0.936363536137613,0.03245154316914381,0.009765774011611938,0.002334630349650979,0.01731899008154869,0.0023498893715441227,0.007443121278918879,0.0018591395384001156,0.010168421236631128,0.0018837533626459577,0.009826810099184513,0.0018768596928566694,0.005432211793959141,0.0015716792549937963,0.005432211793959141,0.0015259021893143654,0.0009572949453635236,0.00013569510427910143,0.0024013662592457397,0.00012825784915635504,0.0120088504627347,0.0019531548023223877,335.39269236074074,334.5831140350877,701.6392600939273,702.1660361842105,0.0,0.0,334.60067681895094,702.1387478849408,0,340.0,334.0,699.0,701.0,0.0,0.0,33,37
8,34,493,816,1006,771,972,747,988.630831643002,759.3651115618661,1.4826629995595688,550,0.8842420150104544,25.05408341078227,1,0.6041666666666666,0.6744620998143571,37.396135470094826,35.84689665786984,8.06225774829855,3.5823439357608176,3.1622776601683795,17.559579252630506,17.46507863342104,64.12739906063439,95.84062043356593,0.8963636363636364,0.4884880121046189,0.035344978287172736,0.15958357155375105,0.10305477287254908,0.005881609471584461,0.032335476231388445,0.02537165218271099,0.05366382303241208,0.025769351491966633,0.007392397870727543,0.017519924522755147,0.015207223270214294,0.006895448412045705,0.005269754943789073,0.003984951699356821,0.006152078927259738,0.004088288586293292,0.005736414521683234,0.005984377919180377,0.004505845754633426,0.0057039707217320995,0.009975490223567076,0.008967305058359099,0.0078771063950175,0.003279444919333329,0.0009583850493495443,0.0014532241144680493,0.011930979441607169,0.007272285216747405,0.001096716545460038,0.626108193770051,0.15426871133968234,5.007553271949291,0.9253833827096969,0.008422980085015297,0.0017853055614978075,0.0017624166794121265,7.629510946571827e-05,0.4362038553618206,0.07093746991702732,0.010681315325200558,0.002166781108826399,0.015121690928936005,0.002288853283971548,0.007543472214097,0.001858659172767257,0.010157308868051301,0.001877045401033868,0.010223545134067535,0.0018768596928566694,0.005813687574118376,0.00158693827688694,0.005813687574118376,0.0014648661017417908,0.0011291789808725316,0.00012641760114155524,0.0021430466510723996,0.0001226818010733414,0.011928740656003356,0.0019531548023223877,988.889697389824,988.576255255998,759.7161989136104,759.3197955313711,0.0,0.0,988.630831643002,759.3651115618661,0,998.0,989.0,764.0,760.0,0.0,0.0,34,0
8,35,552,690,268,774,222,759,244.31521739130434,765.7228260869565,1.6721307939409538,583,0.9529368869390711,26.510907730475957,1,0.8,0.5980393421516714,48.38554816084768,45.09988913511872,7.0710678118654755,3.4022496761552405,3.0,14.0,14.668986037027347,87.5972604497971,107.698484809835,0.9468267581475128,0.34428797915650916,0.01224086424387104,0.12878653978874227,0.08867170573087087,0.009133279269961297,0.011068220396840389,0.04764212541166975,0.054599452510861055,0.040683482634428544,0.0037495881792000865,0.010132953161768979,0.008075782871988799,0.0238022421754653,0.018955513643905426,0.02524683027522077,0.021379976211987246,0.001161649967147709,0.004553669095913958,0.00675432926180931,0.005488813539552012,0.0042986715278011105,0.006363686863870173,0.005888729248565997,0.010407720015917268,0.011722477226487745,0.0012773955632154554,0.002468027722977703,0.0009551668750460736,0.003648771074831896,0.003380959494605149,0.7407492301426828,0.18609903100878,5.285816804971546,1.0403753716964275,0.008194094523787498,0.0018005645833909512,0.0014190888032317162,9.155413135886192e-05,0.3874435836507512,0.04002273398446741,0.00952162966132164,0.002166781108826399,0.013992522843182087,0.0023498893715441227,0.007482315455986695,0.0018797881920078789,0.009575755081470192,0.001884737992203673,0.00964370183646679,0.0018768596928566694,0.005569543223828077,0.0016174563206732273,0.005569543223828077,0.0014801251236349344,0.0009641102610280949,0.00011073060870067566,0.0018276531426003333,0.0001258556870618342,0.011032273061573505,0.0019684138242155313,243.93042556484392,244.27821533858406,765.7680784990622,765.738079523621,0.0,0.0,244.31521739130434,765.7228260869565,0,236.0,224.0,765.0,763.0,0.0,0.0,35,39
8,36,997,3328,802,831,750,767,777.0150451354062,795.9799398194584,3.6270857159723198,1372,0.9735499194219775,35.6289183964509,1,0.2995793269230769,0.27570343749980225,79.62418464803005,75.0066663703967,7.810249675906654,3.3478299349717537,3.0,22.4181453830846,18.192088324917492,31.730098409133383,213.17261889578032,0.7266763848396501,0.22563452294720182,0.028681383989788613,0.08457116098077096,0.05969136989823532,0.024757464325169117,0.017768433555035778,0.032076459096653714,0.04076299352432793,0.02592270256934531,0.01923348862717586,0.02209546858269925,0.009896689949317842,0.026721908246955577,0.012255668138384709,0.02225647640507415,0.011820766614168116,0.013614111887868196,0.015859217645663334,0.015474719445917013,0.005334201654449187,0.007815744961362739,0.012084316053935593,0.004226400346156621,0.011390514646224774,0.005271543271088712,0.009451715257877252,0.009837195882465791,0.011981664868017883,0.009114983133916066,0.0029354264439172377,1.143266978673637,0.3352559700142592,7.782589570619166,1.8687724112533033,0.006652933545410633,0.0017853055614978075,0.0010986500419676304,7.629510946571827e-05,0.47148828054345554,0.02296105450771196,0.009246967732906342,0.0022583352401852608,0.011444266885519028,0.0023498893715441227,0.006351483214853538,0.0018625331667458844,0.007806007593399364,0.0018743955980474456,0.007843137718737125,0.0018768596928566694,0.004791332874447107,0.0012970168609172106,0.004791332874447107,0.0012970168609172106,0.0007109689422958569,0.00013216818585434033,0.0013710840413702914,0.00012611924787063315,0.00881971511989832,0.0019531548023223877,776.876358747574,777.0331673062791,795.5293099441507,795.9940393565771,0.0,0.0,777.0150451354062,795.9799398194584,0,774.0,784.0,791.0,814.0,0.0,0.0,36,38
8,37,679,1020,175,841,155,790,165.08541973490426,816.8247422680413,1.8144519910077734,735,0.9440719388222437,29.40288507740653,1,0.6656862745098039,0.5511305920222145,51.78939599914959,51.92301994298868,8.246211251235321,3.757085622860869,3.605551275463989,16.277639216469275,17.077012405934134,-9.26425968910998,124.42640687119285,0.9238095238095239,0.32067123548782467,0.034227310180578785,0.13650981347534585,0.06955089395894842,0.033082180727283216,0.0157413619714397,0.03695400318585017,0.053827556225245876,0.027983282108306043,0.0219152057800052,0.01940510524303394,0.007650257589693053,0.013398304186404376,0.016402990621545484,0.023019260974730622,0.014037426070680294,0.010202753882410816,0.009723386164389693,0.010667232686375431,0.003735604509272323,0.0025860603477095507,0.003186632358478574,0.005438191707545428,0.010077508110350498,0.008540936845370335,0.0009333771477701511,0.0005765522442751801,0.004305950623955869,0.0057567609550920945,0.0017239324074081314,0.8873121389187872,0.21142900735139847,7.6162204076536,1.2882887003943324,0.008571755839511752,0.0018158236052840948,0.0024414435029029846,7.629510946571827e-05,0.4643051246050309,0.01581116998155371,0.01124589890241623,0.0022735942620784044,0.02037079446017742,0.0024414435029029846,0.007922429811774887,0.0018877589942089149,0.011216819451625332,0.0018973324011698563,0.010833905544131994,0.001892118714749813,0.00521858548745513,0.0016174563206732273,0.00521858548745513,0.0016174563206732273,0.0015226314270070486,0.00012350163760015755,0.0033572680623868045,0.0001242725575649878,0.01352330856025219,0.0019722285796888173,165.21890533874532,165.0951580044535,817.2694453625905,816.8371985597195,0.0,0.0,165.08541973490426,816.8247422680413,0,165.0,168.0,820.0,816.0,0.0,0.0,37,41
8,38,419,902,245,846,223,805,232.39618138424822,823.8400954653938,2.011432757204927,476,0.9587954505685279,23.09734550211416,1,0.46452328159645234,0.4971580563247827,44.3613108295394,42.15447781671598,6.0,2.792379946616189,2.8284271247461903,12.488757831143515,12.60292926367433,-21.952169429245263,102.9116882454314,0.8802521008403361,0.300201019514081,0.0236967396067539,0.11682592546189616,0.07688144764727715,0.020285459808605688,0.009333530324362538,0.04260622421652529,0.051719964458170266,0.03634609042190965,0.017141222457459467,0.008837274282952293,0.00415079300862526,0.020209293287021635,0.02195086657812147,0.02484156338576908,0.02088570881055774,0.011494929377920364,0.009011513311014772,0.0045761100829744845,0.0021866618495662796,0.009833463554386863,0.005803098356355256,0.010962861293485273,0.012053007478471357,0.013167151757456114,0.003462401022635268,0.005371557744176705,0.0029048630698256645,0.004476524757634331,0.0012012950583763777,0.5690699741244316,0.16610971232876182,3.1687495755031705,0.7919279772322625,0.006652933545410633,0.0018005645833909512,0.0008926528971642256,7.629510946571827e-05,0.15358564652863382,0.010950649250121165,0.00857557076960802,0.0022735942620784044,0.010345617309212685,0.0023498893715441227,0.006466704251413996,0.0018876103673722935,0.007562648151558879,0.001890042905088932,0.007637140573933721,0.0018768596928566694,0.005142290610820055,0.0016174563206732273,0.005142290610820055,0.001541161211207509,0.0007600608303651975,0.000125643077445613,0.0010731161300703742,0.0001207706917942989,0.008487830869853497,0.0019684138242155313,232.2550466102227,232.39574943640534,823.7795188496053,823.8510375922465,0.0,0.0,232.39618138424822,823.8400954653938,0,234.0,231.0,820.0,830.0,0.0,0.0,38,0
8,39,454,651,478,840,457,809,466.17180616740086,824.0418502202643,1.3123107667188934,483,0.8542721998102774,24.04268606686374,1,0.6973886328725039,0.7620146274500599,33.68671664324163,31.906112267087632,8.06225774829855,3.6588433191775063,3.1622776601683795,16.208546545945307,17.51122916838354,-17.706152116134945,86.5269119345812,0.9399585921325052,0.56782981661077,0.020059635321421677,0.16440295695178506,0.11528263494106422,0.016015338421340015,0.00873735213552517,0.013901016973697732,0.04084927276671884,0.027957502627034413,0.0034887063197079006,0.0031586608452048573,0.0026346417304559527,0.005011956799079467,0.01583463850940724,0.00658578613947712,0.009833771163736004,0.005711870584176394,0.006609883025747857,0.004298836688159204,0.0006129620161005998,0.012929174488687195,0.012121858668494006,0.015647204181356445,0.011908617518606621,0.012477557437733006,0.006251357864135843,0.0032738847346775717,0.00417393206521171,0.00255127132913562,0.0008586969182907363,0.6318455864675343,0.1450217440724373,5.483497423585504,0.8588845652993768,0.009536888916045427,0.001808194094337523,0.0024719610810279846,7.629510946571827e-05,0.1394005720418651,0.06838241409845738,0.011139086447656155,0.002197299152612686,0.01876859739422798,0.0023651483934372663,0.008205786837240705,0.0018833992736680166,0.012078188157677323,0.0018918162231263808,0.011947814375162125,0.001892118714749813,0.006439307238906622,0.0016479743644595146,0.006439307238906622,0.001495384145528078,0.0011253877350268454,0.00011176386744735937,0.003067642322067095,0.00012474192393924796,0.01461051357910037,0.0019684138242155313,466.26928352796966,466.1976477694672,823.9421974046386,823.9785385613019,0.0,0.0,466.17180616740086,824.0418502202643,0,467.0,472.0,825.0,812.0,0.0,0.0,39,43
8,40,322,442,219,836,202,810,209.96583850931677,822.6149068322982,1.1804564330610587,336,0.8379560244211283,20.248040236149336,1,0.7285067873303167,0.8471299507486993,27.500357091031443,26.570660511172846,7.280109889280518,3.276526032554754,3.0,14.230249470757707,15.00798323891879,-20.17898287350167,69.11269837220809,0.9583333333333334,0.5807126535477654,0.06426956205824924,0.16282188401604059,0.10319312041912714,0.03607000458766954,0.022953037330380854,0.005025951246229083,0.026171830570658142,0.03193327091001765,0.00809080980015664,0.005236452613504773,0.006032843969544162,0.01052109446581904,0.007738775009394308,0.00722621775632254,0.013507816175092837,0.016343355798840255,0.018377331030625197,0.008964533244602639,0.004809593572479459,0.0010009589769497571,0.005623959238393358,0.00549474057595538,0.007229876813041021,0.00771033844687513,0.004709278945079197,0.009466582059422385,0.008795272681071933,0.009349239273067717,0.004650323593830286,0.4995803846977651,0.1145799953956157,3.7499199211597443,0.6170595863368362,0.009208819828927517,0.0018310826271772385,0.0022735940292477608,7.629510946571827e-05,0.060031120185966735,0.007756224999146295,0.010574501939117908,0.002288853283971548,0.01892118714749813,0.002334630349650979,0.008326339744962752,0.0019096665899269282,0.011645714040868772,0.0019163341190584977,0.01123064011335373,0.0019073777366429567,0.0064850845374166965,0.001541161211207509,0.0064850845374166965,0.001541161211207509,0.001051635841947912,0.00014947676889234053,0.0030361602370220075,0.00013020127008713732,0.013893339782953262,0.001991302357055247,210.015373291909,209.96194267909692,822.5809945822353,822.6082000049457,0.0,0.0,209.96583850931677,822.6149068322982,0,208.0,208.0,822.0,824.0,0.0,0.0,40,0
8,41,570,960,679,872,659,824,668.1456140350878,846.840350877193,1.8247549561956629,625,0.9498884120708344,26.939683377854365,1,0.59375,0.5480187882787552,49.022931665078744,47.38143096192854,7.280109889280518,3.356025607659017,3.0,14.968201589487276,15.324038728695443,-11.830977220855827,114.32590180780451,0.912,0.32327240111315936,0.02685738799367364,0.12887292858942712,0.07591354869173693,0.03288084976011704,0.01061811576157202,0.03791453530000427,0.05120510049467871,0.03488236995815324,0.025173648140118295,0.01330992987126993,0.006326985950910371,0.013007596821518919,0.015433722067985874,0.02514630252819775,0.01933340536191952,0.012216857663393222,0.009393573563320396,0.005446670422740785,0.004830312101281247,0.0015657902748361162,0.0028549876161341526,0.006532536947605574,0.01271409829434209,0.011644215591247313,0.003256257317198492,0.0017366205407394809,0.0021665225059100904,0.002585844228730665,0.0040453457980548745,0.6651102574542165,0.1862363622058183,5.008682454004884,1.0830853739753366,0.007385366829112172,0.0018158236052840948,0.0013733124360442162,9.155413135886192e-05,0.1176793349699525,0.05314479319032298,0.008361943997442722,0.002197299152612686,0.013031205162405968,0.0023498893715441227,0.0067182854288304695,0.0018811753758163465,0.008787162200008568,0.0019001497789040993,0.00881971511989832,0.001892118714749813,0.00474555604159832,0.0016479743644595146,0.00474555604159832,0.0014190890360623598,0.0008642862279035907,0.00011404462921786612,0.001784788606202087,0.00013023223422187473,0.010124361142516136,0.001983672846108675,668.0829383061067,668.1735981966751,846.7407507824357,846.8855311355311,0.0,0.0,668.1456140350878,846.840350877193,0,669.0,666.0,847.0,847.0,0.0,0.0,41,45
8,42,531,1316,254,1008,226,961,239.7024482109228,984.1450094161959,2.5133854999847216,677,0.959271432414657,26.001734523957655,1,0.4034954407294833,0.39786972591593245,51.64320110032587,48.703182647543684,6.708203932499369,2.858765611330577,2.8284271247461903,16.63110966323035,14.588479364249432,26.82984246260139,129.5035713374682,0.7843426883308715,0.285029594542315,0.0038743435602132926,0.11189712810325549,0.07367402846200961,0.0029315131419451828,0.007115322800104156,0.0320456172904602,0.0600111270585689,0.031419884670959325,0.005215199633103241,0.005942262193729635,0.006669419849442275,0.014703077382820123,0.03028730479789647,0.024579354889030864,0.017489160233859276,0.0019892619413248366,0.0020397045308723754,0.0064677325188630935,0.005456685852423185,0.012508054044429845,0.010637270750186615,0.013117813040859787,0.010151767312221121,0.011319358122299755,0.0034577944287156152,0.004848037011758252,0.0028987121780290354,0.0036100936813563155,0.004607523449198754,0.698237594217062,0.20415045390836895,3.729717005044222,0.9848325320053846,0.006187533377669752,0.0017700465396046638,0.00079346913844347,9.155413135886192e-05,1.7032499435345745,0.10441167054705597,0.00950637087225914,0.002288853283971548,0.01112382672727108,0.0024872205685824156,0.006347614492882382,0.0018559132173488085,0.007023949162041849,0.0018546752015167318,0.0068818191066384315,0.0018463416490703821,0.004379339516162872,0.0015259021893143654,0.004379339516162872,0.0015259021893143654,0.0010803549817676333,0.0001301270838684727,0.0011893251558683698,0.00012483484403497916,0.007759212632663548,0.001937895780429244,240.4681561219776,239.63761020126742,985.6664402444292,984.0631691482934,0.0,0.0,239.7024482109228,984.1450094161959,0,248.0,242.0,1003.0,990.0,0.0,0.0,42,0
9,1,467,735,847,123,826,88,834.8565310492505,105.76231263383298,1.4008491235654357,495,0.8920261392441988,24.384480051691096,1,0.6353741496598639,0.7138527505765959,36.528498935414,36.05551275463989,8.246211251235321,3.5802331750669394,3.1622776601683795,16.153846153846153,16.510290219511294,19.22246649302342,90.66904755831214,0.9434343434343434,0.4573868210702469,0.019680375322320566,0.17300688526319738,0.09381902703906603,0.015920286129773763,0.004103210866286624,0.031801413761552995,0.05268769400869234,0.0360892312876401,0.009864979931904404,0.004004250748058396,0.004108593484870875,0.0005931121326226586,0.0013297630422515493,0.013523966268209748,0.01765111239310019,0.0026485727036838374,0.006261563538365467,0.006064579692004302,0.003057654433334186,0.009619180141465043,0.010665612861986397,0.009440821611150403,0.0010305918988909339,0.010145443836403423,0.006892059441139249,0.004659879582575401,0.0032677199584310495,0.004706728137850607,0.00197609118491974,0.6554818120785058,0.14503700309433043,5.735713799949735,0.8900434880051762,0.00947203766554594,0.0018158236052840948,0.002655070275068283,9.155413135886192e-05,0.5820217016601268,0.01736653882240237,0.012191958725452423,0.0021362630650401115,0.02088960073888302,0.00238040741533041,0.00851275080621436,0.001883597442783512,0.012282042398179305,0.0019058747066491996,0.0118791488930583,0.0019073777366429567,0.00521858548745513,0.0016174563206732273,0.00521858548745513,0.0012970168609172106,0.0015461475366080675,0.00010919280106700801,0.003517831773327997,0.00012766509964721822,0.014927138108760118,0.001987487601581961,835.075907846,834.8689502648768,106.30140732148192,105.77445181642065,0.0,0.0,834.8565310492505,105.76231263383298,0,835.0,842.0,108.0,116.0,0.0,0.0,1,1
9,2,487,1155,721,191,686,158,702.4209445585216,173.59958932238192,1.8726885012184489,541,0.9548056206101332,24.901157769991823,1,0.42164502164502166,0.5339916378774999,46.47070225841086,44.68780594300866,7.0710678118654755,3.084752729297143,2.8284271247461903,13.825271120197293,13.81253013621643,-48.3925869601796,107.05382386916237,0.9001848428835489,0.31049957851077825,0.017269594465095198,0.12586174368338707,0.07725125361850507,0.0011993709511794195,0.012428706110970578,0.040952417725603076,0.05934408792850986,0.033401914038391906,0.0027193923424211077,0.00762483805974869,0.008667787635733339,0.018970396473779686,0.026975874626878234,0.024959126343915828,0.017925851144067105,0.0019964192155885476,0.002087057367014169,0.007489376225422715,0.005786390598171481,0.009724849164786132,0.00925340247693339,0.009329930025839199,0.010292838035638411,0.010817748043285452,0.0015086542058836095,0.0013995242635345797,0.003172313962335208,0.005144138972992206,0.0038968442991293155,0.7152666612528265,0.16794079495593905,5.235645128879696,0.9154345004353672,0.008957046084105968,0.0018005645833909512,0.0017013810575008392,7.629510946571827e-05,0.04005251102330835,0.0330246826822934,0.01028458122164011,0.002243076218292117,0.016815442591905594,0.0023041123058646917,0.008128030241509392,0.0019084181244993074,0.010750811352935721,0.0018797423006886391,0.010757610201835632,0.0018768596928566694,0.005249103531241417,0.0016021972987800837,0.005249103531241417,0.0015106431674212217,0.0011168162916344495,0.00012955463171559348,0.002197572223549653,0.0001177391583879942,0.012394140474498272,0.0019531548023223877,702.3982973958655,702.4049639124564,173.56655434602501,173.62848999049888,0.0,0.0,702.4209445585216,173.59958932238192,0,701.0,699.0,175.0,175.0,0.0,0.0,2,2
9,3,358,729,887,206,860,179,873.7932960893854,192.62849162011173,1.6696873514872497,399,0.910937098996931,21.349935761383176,1,0.49108367626886146,0.5989145207989176,33.8912302374892,33.421549934136806,7.0710678118654755,2.9258539225098645,2.8284271247461903,13.743291046197333,13.981666805837946,-43.49898332593507,86.66904755831214,0.8972431077694235,0.4080749838990047,0.02877864591520362,0.15849456607455625,0.0890797473462378,0.0073430189177062545,0.009446649973419477,0.04103274161178208,0.05653121948401973,0.033171490953616954,0.006329160702364389,0.006352631807618854,0.004035769562796945,0.013105887595922634,0.008012358635946503,0.020865293283794183,0.01451237617240926,0.0018085856491890594,0.00939714962139508,0.0066440402035367755,0.00179497261816041,0.003964011396111208,0.00756085351416565,0.0024681143044944735,0.0021806228778640823,0.010202118179614974,0.00402678262462994,0.003862886671021402,0.005845322165168088,0.005714051472309056,0.0003578714924999053,0.5092240856029093,0.13858243683353066,2.997985852882266,0.6788738840259612,0.007408255245536566,0.0018005645833909512,0.0009155413135886192,7.629510946571827e-05,0.16959689446181275,0.00634315933164722,0.009063859470188618,0.0021820401307195425,0.011841000989079475,0.0025024795904755592,0.006975672405519306,0.0018983895456648036,0.008374262158889012,0.0018962957654356457,0.008285649120807648,0.001892118714749813,0.005661097355186939,0.001632715342566371,0.005661097355186939,0.0015716792549937963,0.0006476005821279382,0.00011926600933558828,0.0012695961675255846,0.0001196320592107701,0.009239337872713804,0.0019684138242155313,873.764293306278,873.7895706900428,192.79559022927145,192.63362553382782,0.0,0.0,873.7932960893854,192.62849162011173,0,872.0,879.0,197.0,195.0,0.0,0.0,3,3
9,4,470,1554,765,355,728,313,743.1617021276596,334.47021276595746,4.595738363423126,706,0.9699819736813551,24.462677409178383,1,0.30244530244530243,0.21759289170133522,55.83942792866877,52.49761899362675,5.0990195135927845,2.1245961964506526,2.0,15.605293939525524,13.578855082394316,36.34207894746703,164.7523086789974,0.6657223796033994,0.2171344651761707,0.03400056381678306,0.07639367534339467,0.053277743298202375,0.03617427071922837,0.020381982001765404,0.014088324174078206,0.034158793483789196,0.02230384157708697,0.02503726485367545,0.02692494081208903,0.012458918134983564,0.00041885119282896566,0.009736177967154657,0.012481699402584322,0.01242757595188747,0.015296694118394844,0.01792291816324107,0.016382735144417227,0.008269920356015899,0.007132143375137716,0.005247045184331804,0.007243782438610953,0.005311791532431871,0.0077776983593474186,0.00949633591602823,0.01173480943736424,0.007736460806567356,0.011707093392386993,0.005446343885365419,0.887418954167515,0.2588998244609684,3.2526131668128073,0.883863584138453,0.006469825282692909,0.0017853055614978075,0.0005035479553043842,9.155413135886192e-05,0.462572584044594,0.08743669720014059,0.008392462506890297,0.0021820401307195425,0.00883497390896082,0.0024109254591166973,0.00643057213164866,0.0018760856844997709,0.006920453546410229,0.0018805608173158574,0.006958113983273506,0.0018768596928566694,0.004043641034513712,0.00158693827688694,0.004043641034513712,0.001541161211207509,0.0007528864752306818,0.00011479701632944317,0.0007497713208067611,0.00012298259457041474,0.00746166193857789,0.0019684138242155313,742.8514683858077,743.1204509357088,334.12709701154466,334.3931185691596,0.0,0.0,743.1617021276596,334.47021276595746,0,742.0,738.0,331.0,332.0,0.0,0.0,4,6
9,5,804,2408,1012,385,956,342,983.9527363184079,364.2985074626866,2.5763682428669545,1114,0.9621365072781556,31.99507140118726,1,0.3338870431893688,0.3881432721306993,68.8643380770112,60.37383539249432,8.06225774829855,3.286210530328487,3.0,22.071529542758864,18.770218278728674,-52.95343768675794,161.3380951166243,0.7217235188509874,0.2808462534889083,0.01118682137756648,0.0836855863964363,0.08440723192249414,0.004306504064560217,0.011363808656703556,0.02343716009026129,0.056264485024894395,0.03627232364111303,0.016040094437465492,0.014097498780099358,0.0062391154694157805,0.02466290086900345,0.020879084452106386,0.026887414223133437,0.019314465582792886,0.007278759252382196,0.00480347445307604,0.009755846708564485,0.0024092266199344453,0.016428365279343864,0.012049053072252933,0.012305185986417928,0.009631901790730401,0.012653792747602026,0.0017134142924846408,0.0022752521625481383,0.005449247962056555,0.004155468463227004,0.0006748377040317214,3.283970421180129,0.3217975127045065,33.35115594230592,1.9874265654943883,0.016952773556113243,0.0022583352401852608,0.016281377524137497,0.0001983672846108675,1.241035830570861,0.5986324815353308,0.0946974903345108,0.003524834057316184,0.1293354630470276,0.0035400930792093277,0.02450724194910544,0.0024014739754067652,0.041481537241674034,0.0024719235889233684,0.030457008630037308,0.0024414435029029846,0.008087282069027424,0.0017853055614978075,0.008087282069027424,0.0017547875177115202,0.016076126879085467,0.0003304860697430339,0.029420328306130093,0.00029467904001191804,0.0631265714764595,0.002639810787513852,985.138020948281,984.5408918508055,363.9307163821159,364.18699998464444,0.0,0.0,983.9527363184079,364.2985074626866,0,981.0,985.0,372.0,372.0,0.0,0.0,5,7
9,6,568,1677,699,453,656,414,675.112676056338,433.4207746478873,2.1694619344500623,650,0.9696143435447326,26.89237924411993,1,0.3387000596302922,0.4609437870840035,56.02715618003181,51.03920062069938,7.0710678118654755,3.0644820703492357,2.8284271247461903,13.785549655720835,13.706402780544886,-46.597840483142484,124.4386001800126,0.8738461538461538,0.27677618710721374,0.02922262633502035,0.09440385207427124,0.07783759135823082,0.021840297762982415,0.019262664899494807,0.03571833005362803,0.04772179806873434,0.03568870993338981,0.015244563588419196,0.01873973913821606,0.013356199599621699,0.02671925929044984,0.01653910413332005,0.02450760360037166,0.017985144333907913,0.011150205989520046,0.009090106251697821,0.01478873407109508,0.008382199154487326,0.012645529153340985,0.00872254973143922,0.008967842359087453,0.010931478889365756,0.00948283431063228,0.006860939772898432,0.005465812797546868,0.006274091895129302,0.008977867804684039,0.004609759856917503,0.8802929827943444,0.18760967417620122,6.225070633459836,1.0743419544305652,0.009460593573749065,0.0018005645833909512,0.0014953836798667908,9.155413135886192e-05,0.07818885828435469,0.014327555673600039,0.011612115427851677,0.0021820401307195425,0.01577782817184925,0.0023651483934372663,0.008802929827943444,0.0018760967417620123,0.010959631396936332,0.0018914471028707133,0.010940718464553356,0.001892118714749813,0.006057831924408674,0.00158693827688694,0.006057831924408674,0.0015716792549937963,0.0012013134274778301,0.00013828370201191692,0.0020033714230576084,0.0001284247096315002,0.012436103075742722,0.001983672846108675,675.0578218401032,675.1021915434545,433.47649280041475,433.4305395770307,0.0,0.0,675.112676056338,433.4207746478873,0,675.0,678.0,434.0,431.0,0.0,0.0,6,8
9,7,365,728,665,443,637,417,650.0082191780822,428.5780821917808,1.6247237140584385,404,0.89754807345194,21.557653718072718,1,0.5013736263736264,0.6154892621725049,33.239111696130394,32.55764119219941,7.0710678118654755,3.0141685041671593,2.8284271247461903,14.10047975821265,14.655676405831333,-47.358848192522416,86.32590180780451,0.9034653465346535,0.436936922770247,0.06484577970008346,0.14663539732061956,0.08656456135628282,0.0425555202348901,0.03219394544780625,0.029091751476497705,0.043985592271542744,0.021850928037658958,0.014933730646733697,0.020739744269047837,0.015442183163033548,0.0062879583572381815,0.008456993751167255,0.011435144532356263,0.007078247262150735,0.0049661148853267795,0.001240499648468897,0.0037529006439145835,0.011634359933280304,0.0016133143063823585,0.005388007564393981,0.005376262905380037,0.00698406839179112,0.01178944368286638,0.011206634473233265,0.008828368699991767,0.004646827686798721,0.005609712375255404,0.008494668941209938,0.571267269551754,0.13580529484897852,3.6059052804484963,0.6925154495984316,0.008686198154464364,0.0018005645833909512,0.0012359810061752796,9.155413135886192e-05,0.1405552551736866,0.030102520411618334,0.009918364696204662,0.0023193713277578354,0.014084077440202236,0.0023193713277578354,0.00804601788101062,0.0019127506316757538,0.009879192549173963,0.0018973026016395386,0.009803921449929476,0.001892118714749813,0.005859464406967163,0.001541161211207509,0.005859464406967163,0.001495384145528078,0.0009598739277222637,0.00014430823908812864,0.001665373057423498,0.00012725041733783525,0.011104753240942955,0.001983672846108675,650.1448629529328,649.9996254186498,428.5451541102773,428.60693195839946,0.0,0.0,650.0082191780822,428.5780821917808,0,650.0,637.0,428.0,431.0,0.0,0.0,7,0
9,8,321,460,771,445,748,425,759.1028037383178,435.2897196261682,1.164145936023931,344,0.7227757445288067,20.216574731145414,1,0.6978260869565217,0.8589988325823124,24.49153076969218,24.08318915758459,8.246211251235321,3.400585656682249,3.0,16.099689437998485,16.925671880376694,59.1349520728518,68.5269119345812,0.9331395348837209,0.7046722307930815,0.09194020281169592,0.14226673010554494,0.08331348321142275,0.017074945985755943,0.02189484388555881,0.01924784864925116,0.006714456447177144,0.01624865744536101,0.028216037965120483,0.02293906883972125,0.013641072415761851,0.0027750094949598693,0.008893101463805519,0.002536524050691058,0.019097289737059705,0.008812212861863594,0.0059189553307699505,0.015188791462687362,0.012287850302284988,0.0029296780176473517,0.006107844275214541,0.004551305827809927,0.008346853956897193,0.013409799127049754,0.01278445914692701,0.0025446010765633595,0.006835827569492399,0.002757732322912274,0.006198439662745902,0.5094987484626472,0.10875104903243482,3.9005417320877314,0.5971618217881769,0.009567406959831715,0.0017700465396046638,0.0024338141083717346,7.629510946571827e-05,0.33684684934283377,0.024916722680472035,0.012344548478722572,0.0021362630650401115,0.01915007270872593,0.0023498893715441227,0.008635572007841479,0.0018432381191938105,0.012151220349182965,0.0018603172018323267,0.011985961813479662,0.0018616006709635258,0.006439307238906622,0.00158693827688694,0.006439307238906622,0.00158693827688694,0.0012760672819163415,0.00010781633806627663,0.0030757836632926746,0.00012032077491750008,0.014431220246478915,0.0019226367585361004,759.4310426983817,759.0781908777309,435.3653832568527,435.2935990801073,0.0,0.0,759.1028037383178,435.2897196261682,0,760.0,766.0,437.0,441.0,0.0,0.0,8,10
9,9,942,1672,385,468,309,446,347.10084925690023,456.9702760084926,2.9602757958361594,1170,0.9826274068334407,34.63223427878316,1,0.5633971291866029,0.3378063629769131,84.59079179649784,76.11832893594026,8.0,3.4136352352151142,3.0,17.29826836696596,15.699143799758534,-81.88946869139606,187.19595949289334,0.8051282051282052,0.2070058079289823,0.004150034246807196,0.07461033730775712,0.06170845313829244,0.003490206080070115,0.004254726529066241,0.023836089043508417,0.048192454005745046,0.030424999121477534,0.0006626018074516135,0.003880768434322643,0.004052053883803472,0.01674283821908621,0.024735413843061122,0.02800902499778956,0.017855848389666522,0.003223035581783482,0.0020474804400522034,0.004066885315298386,0.003500363554503536,0.008146571418245983,0.017649922476331688,0.01496463062624969,0.01688511745266642,0.011401968934142356,0.0014201474807916913,0.0005556784964962418,0.0016435499340942243,0.003899194361944677,0.0029062585541554365,1.3019150267355144,0.3114518958609551,9.045624585356563,1.8007476916536689,0.008461127988994122,0.0018310826271772385,0.001129167154431343,7.629510946571827e-05,0.2560412338464025,0.016872487116345168,0.009857328608632088,0.0023041123058646917,0.013656824827194214,0.0024109254591166973,0.007938506260582404,0.0018990969259814337,0.00960257386980527,0.0019116217533478438,0.009674220345914364,0.0019073777366429567,0.005630579311400652,0.0016174563206732273,0.005630579311400652,0.0015716792549937963,0.0008707208780917984,0.00013323143283592217,0.0015137044870440455,0.0001258714718586203,0.010711833834648132,0.001983672846108675,347.31723581508686,347.09576992170287,456.8334039117536,456.9863657933092,0.0,0.0,347.10084925690023,456.9702760084926,0,356.0,353.0,455.0,450.0,0.0,0.0,9,18
9,10,563,2847,801,494,728,455,765.9484902309059,474.6269982238011,7.639304076513938,1024,0.9874248975597614,26.77375326109316,0,0.1977520196698279,0.13090197614654087,81.25771607029021,80.95060222135473,5.656854249492381,1.93168797232095,1.4142135623730951,15.009133483737406,12.845935593662846,-67.61018817968416,232.48023074035524,0.5498046875,0.10939018215869015,0.005277241972916238,0.05239278609751801,0.027023430500994036,0.003484619964756451,0.0037853231478535984,0.027504600538453574,0.0234320652996571,0.013441726828916542,0.005777530135225017,0.0037484371411990276,0.0022245404202904002,0.019165257490268303,0.01560340964608799,0.013391679564628561,0.008417567374080184,0.0037920889651524244,0.0024261457372507966,0.0038245994927439673,0.001279163408248698,0.012652543729224235,0.012172636542445586,0.009747206889638234,0.00849503292749598,0.005982475522347072,0.0031964512646302378,0.0023114961841234054,0.003640765898394421,0.0029232772991538577,0.0007799147994762336,1.3243763111531734,0.3922941938508302,3.7105211578309536,1.0563210495747626,0.006164644844830036,0.0018005645833909512,0.000396734569221735,7.629510946571827e-05,0.6760248056826903,0.013412312607931132,0.0079346913844347,0.0022583352401852608,0.008636606857180595,0.0023041123058646917,0.006306553862634159,0.001868067589765858,0.006590623726165104,0.0018762363225128997,0.006546120624989271,0.0018616006709635258,0.004852368962019682,0.00158693827688694,0.004852368962019682,0.00158693827688694,0.0005749096033818698,0.0001131408147080573,0.0006183015987766976,0.00011875798174365484,0.0069733732379972935,0.0019531548023223877,765.315352711687,765.9618495940831,474.863950581155,474.62818883078614,0.0,0.0,765.9484902309059,474.6269982238011,0,752.0,738.0,479.0,486.0,0.0,0.0,10,13
9,11,419,570,879,473,841,458,858.4892601431981,464.93794749403344,1.7268958366509808,460,0.9341319322086112,23.09734550211416,1,0.7350877192982456,0.5790737222109059,38.937203627378786,37.12142238654117,7.0,3.1007535677930598,3.0,13.576450198781712,13.897774727850297,84.83920250236376,95.35533905932738,0.9108695652173913,0.38417567847550965,0.021019422109981624,0.14651508834237262,0.09145474297550348,0.012260575798058372,0.012663595427810318,0.046653139440217505,0.05532630455829051,0.0392948877680372,0.0043849000045790365,0.008204038186546601,0.006555665926107701,0.015624190401758756,0.015137678235273781,0.02206320021760027,0.019267637216823768,0.0004835350938018541,0.0025729377403977314,0.004829261386883521,0.002716239439039475,0.0004915600155235433,0.003106822353220251,0.003383156909017568,0.006430869138160893,0.00984153281074446,0.0017724675216842427,0.0017889148757205577,0.0013743730671367989,0.003435317008126473,0.0011915266027198558,0.6571603086777031,0.1601281757466495,4.031830358784646,0.7931944760493934,0.00821698340587318,0.0018005645833909512,0.0013962006196379662,7.629510946571827e-05,0.22707025050192362,0.01423523877761457,0.01019302662461996,0.002288853283971548,0.014053558930754662,0.002288853283971548,0.007731297749149449,0.001883860891137053,0.009622506822875049,0.0018930655752968817,0.009552148170769215,0.001892118714749813,0.0057068741880357265,0.0016479743644595146,0.0057068741880357265,0.001541161211207509,0.0010718549251078245,0.00013278914043982494,0.0018283005407806424,0.0001246452513966787,0.01098649576306343,0.0019684138242155313,858.707042469788,858.479723750529,464.8736687503612,464.9273787080143,0.0,0.0,858.4892601431981,464.93794749403344,0,863.0,870.0,464.0,461.0,0.0,0.0,11,19
9,12,360,775,687,499,656,474,670.7527777777777,485.9111111111111,1.6565625782931035,390,0.9359049732343176,21.409489393833255,1,0.4645161290322581,0.603659658321139,36.31488925009314,35.608987629529715,6.4031242374328485,2.9061166125869744,2.8284271247461903,12.78465931545126,12.792013480172958,-53.49647326039072,86.5685424949238,0.9230769230769231,0.3614875679058821,0.025386787508015752,0.14661596186550718,0.08262067295421509,0.016247618641615703,0.013506123523028426,0.05145676310025681,0.05065491423104612,0.03724686187382507,0.011961206170851666,0.008660784955016263,0.007551408103533846,0.012486278653403146,0.01893247159639469,0.02070086117735538,0.020108699667691757,0.004400791745507584,0.0012946676388001302,0.006629624764548513,0.004674407282952676,0.002705736592107488,0.0008752465859345732,0.005965507915354146,0.00830597254206077,0.011977691034679536,0.0017406981482839079,0.00413109512128315,0.0032470419200078507,0.005254677744997022,0.003308505354641351,0.54030671576038,0.13353170058690012,3.3641260815784335,0.6900434880517423,0.00804150477051735,0.0018158236052840948,0.001235981471836567,0.00010681315325200558,0.2360834513158383,0.04557080577928794,0.00965896062552929,0.002243076218292117,0.013092241249978542,0.002288853283971548,0.007718667368005429,0.0019075957226700017,0.009344794671051204,0.0019167874668103953,0.009246967732906342,0.0019073777366429567,0.005676356144249439,0.0016479743644595146,0.005676356144249439,0.0015564202331006527,0.0007842926693856252,0.00011744754570269714,0.0015437792035781078,0.0001360182493658081,0.010513465851545334,0.0020141908898949623,670.592271897519,670.717814338154,486.0842389782717,485.9403387731635,0.0,0.0,670.7527777777777,485.9111111111111,0,670.0,661.0,487.0,497.0,0.0,0.0,12,16
9,13,444,722,745,521,707,502,725.9887387387388,511.7094594594595,1.6664762699421558,488,0.9404205609487862,23.77642441290137,1,0.6149584487534626,0.6000685506519157,41.213660992731405,39.21734310225516,6.708203932499369,3.1386096804211125,3.0,13.339459376998313,14.013200416651918,-74.65763734326009,96.42640687119285,0.9098360655737705,0.3675672027713993,0.01742208722917254,0.13947995249438713,0.08981594008501231,0.00789395001663712,0.014219384694929307,0.044940690584914435,0.05730336253075563,0.03827982355177957,0.0018470508782025795,0.01199162140927745,0.007920472048169291,0.017199705043328975,0.019892084174085892,0.021113501169801634,0.019753662370251578,0.0032620236593862866,0.0028024419059843315,0.008160219978131449,0.00371893401983078,0.0022851875460165342,0.003188620142460554,0.002796924424959287,0.00666135051955039,0.011266410208781403,0.0016332519775268885,0.0015959385974101388,0.00021132122712936316,0.004170600695258868,0.0023120611422721106,0.7834592275321484,0.1586633096449077,5.449301938060671,0.8398413059767336,0.010360876098275185,0.0018005645833909512,0.002059968188405037,9.155413135886192e-05,0.18146037452028163,0.025803048479747445,0.01283283717930317,0.002243076218292117,0.01773098297417164,0.002288853283971548,0.009326895565858908,0.0018888489243441395,0.01227320256319971,0.001891534472920571,0.012314030900597572,0.001892118714749813,0.005859464406967163,0.0015564202331006527,0.005859464406967163,0.0015564202331006527,0.0014502716112824849,0.00012902827227298028,0.002564640869462211,0.0001281670058574592,0.014541847631335258,0.0019684138242155313,725.8122003677041,726.0015443594542,511.75143648976734,511.68705826777375,0.0,0.0,725.9887387387388,511.7094594594595,0,720.0,716.0,514.0,512.0,0.0,0.0,13,20
9,14,598,1170,725,572,699,527,711.9431438127091,548.561872909699,1.7646130618061726,637,0.9516040141748746,27.59342761875783,1,0.5111111111111111,0.5666964739433858,50.055371868758094,47.92702786528704,7.280109889280518,3.4685995723892775,3.1622776601683795,14.298541039632992,15.38336037077129,-23.43721541739858,115.1543289325507,0.9387755102040817,0.3314746398570428,0.008619881104706613,0.1331669899599095,0.0820166214825898,0.00442441074072698,0.00488873751827641,0.04271294292229345,0.06026752189509696,0.03612264708736651,0.00241068259878751,0.0041012273825611935,0.003083901326051107,0.02342066632848547,0.0205218532309425,0.02784784697799256,0.019109346158887822,0.0009489948466179075,0.002936181023784671,0.0018768653500105556,0.001985542335889256,0.007248270826258311,0.00650404291163482,0.006684853692603962,0.01209358011201594,0.011221351794657844,0.0014874726640399418,0.0005365033393207003,0.002264576897961396,0.0010115289649095874,0.001238886277355276,1.0204928815364838,0.18971541919745505,8.14254985563457,1.1480582891963422,0.011528191156685352,0.0018310826271772385,0.002075226977467537,9.155413135886192e-05,0.44650288031783564,0.034618976906794406,0.013641566038131714,0.0022735942620784044,0.019699396565556526,0.0024414435029029846,0.010308008904408927,0.001916317365630859,0.013616304106412324,0.0019198299150440506,0.013565270230174065,0.0019073777366429567,0.007354848552495241,0.001678492408245802,0.007354848552495241,0.0015564202331006527,0.0012305434105063526,0.00013493861520981346,0.002608743193711532,0.00013121525344341424,0.01566338539123535,0.0019989318680018187,712.1890664174331,711.9559531088014,548.189197589054,548.5940349291582,0.0,0.0,711.9431438127091,548.561872909699,0,716.0,716.0,541.0,543.0,0.0,0.0,14,25
9,15,517,676,646,584,633,532,638.4622823984527,558.4564796905222,2.396165597724961,591,0.9747449850679207,25.65667251667837,1,0.764792899408284,0.41733342676710233,56.55290701801738,51.15662224971465,6.708203932499369,2.8145405475752674,2.8284271247461903,12.0,12.629444789743411,-0.2935762608131485,124.76955262170048,0.8747884940778342,0.25018193228504143,0.012805546337348747,0.08965307121205603,0.07194138908376939,0.016006357496573954,0.0031131633603287867,0.035869537812711065,0.047058662311771464,0.036449097988279465,0.015542681580045908,0.006394325160728064,0.0012595665108286278,0.01919213947227184,0.02371925990292889,0.026253742543851776,0.02170700913186678,0.012230786629851305,0.009550898696246557,0.0031436034231492986,0.001168410182511674,0.007497763851043274,0.014091079112450677,0.012017482024581905,0.015910692141174663,0.013517077273868455,0.007922816349624214,0.007485790747120551,0.0032025213865855304,0.0025253089020090204,0.0009492035662619926,0.8841077415272593,0.21239032573066652,4.536278387531638,0.9690241853240877,0.007721065077930689,0.0017853055614978075,0.0010299838613718748,7.629510946571827e-05,0.14254989031472798,0.017404256046888972,0.010009918361902237,0.002151522086933255,0.012878614477813244,0.0023041123058646917,0.0077553310660285904,0.0018630730327251449,0.00877423285789485,0.0018743214416326649,0.008674753829836845,0.0018768596928566694,0.005264362785965204,0.0015564202331006527,0.005264362785965204,0.0015564202331006527,0.0010373961000524786,0.00012315440415745215,0.0013810792136772063,0.0001210788324212813,0.009781032800674438,0.0019531548023223877,638.5965285829101,638.4622785607432,558.5044216678215,558.473883946146,0.0,0.0,638.4622823984527,558.4564796905222,0,640.0,640.0,560.0,534.0,0.0,0.0,15,21
9,16,556,1008,694,588,676,532,685.5143884892086,558.5467625899281,2.7578094564032263,689,0.9793801461199757,26.60678836073137,1,0.5515873015873016,0.36260663247714514,62.79706370352826,55.57877292636101,6.324555320336759,2.7987551702095703,2.8284271247461903,12.810925877011412,12.686643432156268,-7.16677135634535,138.8111831820431,0.806966618287373,0.22917487435181302,0.014757099881938036,0.07501954280743313,0.06997707657573976,0.020089046120857858,0.006494662001513833,0.030655694789494335,0.04283824851719136,0.0361073512999975,0.013299106744030753,0.01363140224863925,0.003155969598260719,0.0255675442385718,0.01654892102116677,0.02595200524240377,0.021478385602746407,0.010258633870083916,0.01057853499837809,0.00911362063965313,0.0015498726129171082,0.01791520845576279,0.008200856540616707,0.011754467592391779,0.014751808197941932,0.013734636531363125,0.006204754586774548,0.006849156776070539,0.008262989752410736,0.005162557322406537,0.00120347419813531,1.0464027007110417,0.22584878304041922,5.635217882692814,1.0423132674768567,0.008789196610450745,0.0017853055614978075,0.0014496073126792908,7.629510946571827e-05,1.3435522708814642,0.02745907852865123,0.012100404128432274,0.002334630349650979,0.014450293965637684,0.0023956664372235537,0.008647956204223485,0.0018665188681026381,0.010135283961677722,0.0018746641501382316,0.010055695660412312,0.0018616006709635258,0.005249103531241417,0.0015564202331006527,0.005249103531241417,0.0013122758828103542,0.0014389189323775998,0.00012215435193513877,0.0018026937589460251,0.00013289040345200773,0.011688411235809326,0.0019531548023223877,685.7602381758732,685.5117116589565,557.2258952096973,558.5740908824735,0.0,0.0,685.5143884892086,558.5467625899281,0,688.0,688.0,552.0,574.0,0.0,0.0,16,22
9,17,386,770,742,577,720,542,730.2383419689119,558.759067357513,1.7259215318195855,416,0.9481195427695465,22.16913314200113,1,0.5012987012987012,0.5794006167509429,39.49584474104882,37.12142238654117,6.324555320336759,2.905988171412915,2.8284271247461903,11.849687520758623,12.556283303285548,-27.984397819051622,91.49747468305833,0.9278846153846154,0.3566549087574549,0.015035685185580613,0.13311429628087,0.09012857470324881,0.013715177253485852,0.01099485198216547,0.04679085740461374,0.0544845793289481,0.0409694271491671,0.010202446003559905,0.006381845968459872,0.009395042150144044,0.017447910924293472,0.020261478790146645,0.023179882421408258,0.02157045782669377,0.00446597579051944,0.003916230835486131,0.002704792360603406,0.00786289521897887,0.004475916174187896,0.0024146849716363936,0.0059460796532962825,0.00875809341207253,0.011746496226638007,0.0010406296727022818,0.0017454483018964717,0.0011607498294735755,0.0010442145979373308,0.00619746639863966,0.7235217918641865,0.1464255740866065,4.597970598842949,0.7301899746526033,0.010093843098729849,0.0018005645833909512,0.0018310826271772385,9.155413135886192e-05,0.24384542157515676,0.004715768372449791,0.012481880374252796,0.0022735942620784044,0.018677042797207832,0.002334630349650979,0.009396386907327098,0.0019016308322935909,0.011911840929644944,0.0018916838721570032,0.011932555586099625,0.001892118714749813,0.00634775310754776,0.0016632333863526583,0.00634775310754776,0.0015716792549937963,0.001500300656007622,0.0001122393202682498,0.002468571848480751,0.00012582117561570183,0.013748378958553076,0.0019684138242155313,730.279383259279,730.2408417445092,558.5187005500953,558.7630660564646,0.0,0.0,730.2383419689119,558.759067357513,0,733.0,729.0,554.0,566.0,0.0,0.0,17,26
9,18,459,855,673,590,654,545,662.4989106753812,565.0980392156863,2.2103205038897262,530,0.9670246070289555,24.17471718621419,1,0.5368421052631579,0.45242307540476506,49.21229929404847,45.35416188179427,6.082762530298219,2.7968475574264606,2.8284271247461903,12.77453244722808,12.533533983644002,-13.672973907811658,112.91168824543142,0.8660377358490566,0.2841113033706561,0.0445143172766856,0.09206174809277834,0.07278322696602921,0.04159707174249833,0.029739738961090657,0.02572611467819599,0.03790324881244176,0.02999233079282926,0.027998580007495534,0.030507825480813558,0.019646863295981445,0.012787420281804629,0.007241537881978164,0.014192400380029167,0.01347316144545178,0.01841378244029813,0.01539924643922318,0.019635477819532055,0.012109325063358259,0.000799574730049739,0.0030107917937534346,0.0018115913625605467,0.004836482044357848,0.006349401644667125,0.00839541942148967,0.00895445160949783,0.005424464186424304,0.011148284963653426,0.006692089329558679,0.7730220593512058,0.1853971160016954,4.061982194427401,0.8654459447134286,0.0079499501734972,0.0017853055614978075,0.0009002825245261192,9.155413135886192e-05,0.22645840047460317,0.02270580426100123,0.01028458122164011,0.0023956664372235537,0.012375066988170147,0.0023956664372235537,0.007887980197461284,0.0018918073061397489,0.008849634410517213,0.0018855031475238095,0.008888380602002144,0.0018768596928566694,0.005935759749263525,0.00158693827688694,0.00587472366169095,0.0015259021893143654,0.0009948329414369863,0.00014061331564967457,0.0012248025541765875,0.00012949418144290325,0.009754329919815063,0.0019684138242155313,662.534766832967,662.4828182026553,564.8744374645556,565.1140575136203,0.0,0.0,662.4989106753812,565.0980392156863,0,663.0,659.0,560.0,588.0,0.0,0.0,18,27
9,19,335,609,955,725,934,696,944.6238805970149,710.5522388059702,1.5272784744823371,369,0.9134742360393009,20.65272978291924,1,0.5500821018062397,0.6547594408668299,32.82661852640736,31.38470965295043,6.324555320336759,2.919752830633392,2.8284271247461903,12.370346709248143,13.357038540157493,-27.31794263961439,80.18376618407356,0.907859078590786,0.433030708107898,0.053396130717481234,0.1437783996090897,0.09237637356760693,0.04668792094309019,0.026006599311528867,0.01944159682884336,0.049294792269241126,0.030691119283748246,0.01721006190957011,0.023188959739130672,0.009483318944528767,0.009508628374054537,0.001269276447023619,0.011935984924478074,0.012880634600486216,0.0008130634710965284,0.003258898483081618,0.0058434521770126605,0.0026782455951213533,0.0010898973179865996,0.0044344675442454,0.005879905198231379,0.0014317160840494115,0.008484030477693295,0.008135651543771308,0.009529662660152885,0.009295014667761956,0.004602854539256469,0.0021603490817480374,0.5004348899237812,0.12767223617993295,3.1141222612932324,0.6264744028449059,0.0076905470341444016,0.0017853055614978075,0.0015335315838456154,9.155413135886192e-05,0.13433348917044352,0.036551345210354295,0.009323262609541416,0.0021820401307195425,0.013778897002339363,0.0022735942620784044,0.00725267956411277,0.0018503222634772892,0.009295887347143978,0.0018700728443131517,0.009147783741354942,0.0018616006709635258,0.005172808654606342,0.00158693827688694,0.005172808654606342,0.0015106431674212217,0.000984802220155466,0.00011886922050705321,0.0019651350386567412,0.00012689270218547942,0.0108262759167701,0.0019531548023223877,944.7211099321058,944.6497466874513,710.4595460731888,710.5780641075604,0.0,0.0,944.6238805970149,710.5522388059702,0,945.0,949.0,712.0,704.0,0.0,0.0,19,29
9,20,490,924,368,736,326,714,346.5163265306122,725.0326530612244,1.7396166769383425,540,0.9485308190388749,24.977737626138797,1,0.5303030303030303,0.5748392811225292,44.86814711773831,42.44997055358225,7.0710678118654755,3.201492411333476,3.0,13.914021704740868,14.20906181026553,-70.71179226018668,103.49747468305833,0.9074074074074074,0.3462194100556214,0.008692653265826859,0.1329936119761099,0.08682076116809753,0.010432148867252683,0.005581346962203036,0.04129860623478631,0.05948148959955431,0.03820301077805274,0.009634136250156921,0.004566656621857401,0.0035989775062686465,0.01675845216589484,0.02271066250772682,0.02417590319811064,0.020664267285339082,0.0053666509640712436,0.0014980615051781846,0.002520419720577898,0.002900950655840021,0.0060777746205332136,0.005324658085879263,0.004477473912950647,0.009627577785378046,0.012413335236346143,0.0012736820160491771,0.0038697763217764485,0.0012533985141505773,0.0014540330511132583,0.0024572563224278593,0.6798504698090255,0.16472114133648574,4.565011121332645,0.917112992843613,0.008163576945662498,0.0017853055614978075,0.0011749444529414177,9.155413135886192e-05,0.4798733237347366,0.06201773293870326,0.010116731747984886,0.0021362630650401115,0.01283283717930317,0.002334630349650979,0.007638769323696916,0.0018507993408593904,0.00931634922720948,0.001871659169068598,0.00939955748617649,0.0018616006709635258,0.0052948808297514915,0.0016174563206732273,0.0052948808297514915,0.001495384145528078,0.0011401326042004985,0.00011483238577386362,0.0015831968846132967,0.00012346957115101298,0.010536354966461658,0.0019531548023223877,346.10052211003693,346.46907808262483,725.2722049150312,725.0728249837779,0.0,0.0,346.5163265306122,725.0326530612244,0,346.0,352.0,726.0,721.0,0.0,0.0,20,30
9,21,1161,3978,163,823,112,745,132.67872523686478,782.1894918173988,2.9526286265544335,1616,0.9791173842599181,38.44777121547521,1,0.2918552036199095,0.33868126557011297,95.68525213948746,83.19254774317228,8.48528137423857,3.6037145909642425,3.605551275463989,20.59064161926465,19.452401772810585,-27.921649527326576,207.55129855222071,0.718440594059406,0.2135863475563537,0.012025323275562588,0.06511869815614017,0.06720543075190002,0.02041350349823581,0.001700496308042985,0.0201972737410355,0.042323916874224425,0.03429771142713752,0.018260444857409668,0.012780199440852251,0.003944735828675492,0.013126368032196415,0.016795035136871275,0.026567061321843718,0.019571380037572146,0.014617242000387217,0.014118390307322448,0.006120553440257294,0.005362180983275446,0.0021148410788907985,0.010874245726945656,0.010331328745264962,0.016964839882714935,0.01119597258643229,0.011516055276036753,0.010568328107506289,0.008937749906054194,0.0020753631162708976,0.005398893503366226,1.4859388307668269,0.3197375447489321,13.147081842646003,2.1541161206550896,0.00938429869711399,0.0017700465396046638,0.001976043451577425,7.629510946571827e-05,0.810931967197551,0.012158202660572135,0.012939650565385818,0.0021820401307195425,0.018051423132419586,0.0025329976342618465,0.008539878337740385,0.0018375720962582305,0.011323929235698539,0.001855397175413514,0.011322194710373878,0.0018463416490703821,0.005661097355186939,0.0014190890360623598,0.005661097355186939,0.0014190890360623598,0.001379214331750482,0.00012950049442456065,0.002458052859686171,0.00012516121535206392,0.013344014761969447,0.001937895780429244,132.79994406769433,132.68491180845788,781.3876709830005,782.1790252886591,0.0,0.0,132.67872523686478,782.1894918173988,0,126.0,142.0,793.0,756.0,0.0,0.0,21,31
10,1,569,1204,602,97,559,69,580.0896309314587,82.28119507908612,1.7614088270249328,614,0.9521803498942462,26.916041702938184,1,0.47259136212624586,0.5677273695108177,48.92670289574273,45.69463863518345,7.280109889280518,3.370527281460738,3.1622776601683795,14.758048651498612,14.948895836648601,61.46038708932084,112.22539674441617,0.9267100977198697,0.3469699717214117,0.004482049277957099,0.12939209727272563,0.09016618401293806,0.0031400811613139,0.004359367539379627,0.04915620286044728,0.054394532869223966,0.04249700196311539,0.0008910391271310426,0.0021675739545249507,0.0033045726345479758,0.020376552002710904,0.022342835361089698,0.02422281987657695,0.023505209553990606,0.0005368255636732322,0.0007088169746059181,0.001873201097774378,0.002406164845206789,0.006072917515679909,0.0042963210410795075,0.008048445390218264,0.009970894312249071,0.013822754482711136,0.000973367673719262,0.0018310978798461639,0.0004840264928151064,0.001081714972954028,0.0017890388394375982,0.7492332439869642,0.1782711527775973,6.1984741650521755,1.07261768495664,0.008899824693799019,0.0018005645833909512,0.001968414057046175,7.629510946571827e-05,0.4160995280974706,0.01090926749039442,0.010727092623710632,0.0023956664372235537,0.016601815819740295,0.0023956664372235537,0.007970566425393236,0.0018965016252935885,0.010893627706594333,0.0018850925921909314,0.010727092623710632,0.001892118714749813,0.005920500494539738,0.001632715342566371,0.005920500494539738,0.0014343480579555035,0.0009850143365829752,0.0001378644500816943,0.002481275966684461,0.00012196378575915217,0.012966354144737124,0.0019684138242155313,580.4181213334078,580.0900361339517,82.53660234818831,82.27029333940308,0.0,0.0,580.0896309314587,82.28119507908612,0,587.0,585.0,85.0,78.0,0.0,0.0,1,2
10,2,321,418,987,95,968,73,977.2242990654206,83.10903426791278,1.0891960941400523,339,0.4821393222422008,20.216574731145414,1,0.7679425837320574,0.9181083235425346,21.664012508982765,21.633307652783937,9.219544457292887,3.576047574411345,3.1622776601683795,18.0,18.97972345602932,-15.110391682349741,66.2842712474619,0.9469026548672567,0.8463013297571649,0.06589314750302583,0.1100748797403132,0.040648095514787805,0.026277482251197564,0.015909830845968517,0.05207690776384623,0.007462057682767346,0.013994292941667869,0.008809306230341403,0.012364440169077364,0.012300269045831815,0.011438188381515798,0.012365481205997621,0.009937585606346252,0.005956109916045648,0.015101832061497499,0.009229877656285303,0.005527403049473331,0.016192040930290214,0.0025856079804056453,0.009368802945059432,0.005483392045107813,0.007243673064763101,0.009743502259889398,0.005337149632604729,0.0051071137620441985,0.0023573895665407814,0.0015112414230460224,0.007999332535407602,0.43248646426945925,0.1111924925353378,3.385961730964482,0.6286259249318391,0.008232242427766323,0.0018768596928566694,0.0019836723804473877,9.155413135886192e-05,0.10598251798108489,0.05635018897891792,0.009079118259251118,0.002243076218292117,0.018661784008145332,0.0023498893715441227,0.007456663177059642,0.0019171119402644449,0.010548167386182186,0.001958336214740932,0.010009918361902237,0.0019531548023223877,0.0061036087572574615,0.001678492408245802,0.0061036087572574615,0.0016479743644595146,0.0006136366480813751,0.00013210745545947072,0.002788728321117033,0.00013531188804970354,0.012363622663542628,0.0020561532001011074,977.2597668299211,977.2796562856519,83.20890584444459,83.09850231812996,0.0,0.0,977.2242990654206,83.10903426791278,0,976.0,979.0,83.0,90.0,0.0,0.0,2,1
10,3,363,575,491,98,466,75,478.40495867768595,85.99449035812673,1.1764029042350288,378,0.7917116611514357,21.498510523728477,1,0.6313043478260869,0.8500489045037362,27.66583594474962,26.248809496813376,8.06225774829855,3.5075295679695064,3.1622776601683795,15.556349186104045,16.900919594369483,-49.69936326346802,73.25483399593904,0.9603174603174603,0.6666240528047847,0.023239551779743402,0.16164543620204241,0.11243750536269816,0.0031265326873624035,0.014450839774224067,0.012826688548174538,0.018262031868082815,0.014264654897214237,0.004873701320703655,0.008948663216516167,0.005379301969938649,0.010812754506042094,0.027884568029655738,0.016215832480349572,0.007111332872654743,0.00357778027563054,0.004340236164706086,0.006826002181431297,0.003501480180551353,0.011226818445497973,0.003291775712523474,0.010754340632109559,0.012171079958073918,0.006012405815912933,0.002335690708256774,0.0025204915869087192,0.0040652598018194345,0.004483801470334126,0.004876812913128167,0.5203784303739667,0.1131456473376602,4.810071000829339,0.6869764246512204,0.010158694116398692,0.0018005645833909512,0.0030441749840974808,9.155413135886192e-05,0.08845212573051922,0.04778916692013841,0.011367971077561378,0.002334630349650979,0.02078278735280037,0.002426184481009841,0.008672973839566112,0.0018857607889610033,0.013250884299805341,0.001892497037606668,0.012916762381792068,0.0018768596928566694,0.006637674756348133,0.0016937514301389456,0.006637674756348133,0.0015716792549937963,0.0008902698504665477,0.00013891274903824364,0.003496722049628688,0.00013388725798230396,0.016376744955778122,0.0019684138242155313,478.4481422941762,478.3712489727016,86.0716846183607,86.02836454099199,0.0,0.0,478.40495867768595,85.99449035812673,0,476.0,482.0,87.0,84.0,0.0,0.0,3,0
10,4,516,1276,577,106,533,77,553.7209302325581,91.09689922480621,2.100688312618798,582,0.9678958146706479,25.631847476983474,1,0.4043887147335423,0.4760344473728052,51.88253967996143,48.76474136094644,6.4031242374328485,2.9657360784459557,2.8284271247461903,12.96919426949878,13.040766081516283,62.36347058417161,116.71067811865476,0.8865979381443299,0.27627906016961473,0.018185060343017184,0.10763789386270575,0.07372733929168997,0.009910318529828986,0.011005627093966661,0.04285000751393956,0.051717479265919894,0.035082309548504775,0.009318088583944678,0.009003778272414205,0.006498020711988934,0.02518886544207775,0.024098805295726326,0.02670151359600631,0.01965909377530832,0.004896924766999248,0.005981801859644684,0.005723506341349634,0.004490460247083214,0.011010253222416647,0.013010675270836344,0.011442576421988874,0.0140044428515322,0.011775616689697423,0.0017205557286361132,0.005009387604627171,0.0024426595517108634,0.004209551402785776,0.003554769101281461,0.7248188126832247,0.18281834130175412,4.688700759317726,0.9849393451586366,0.00807202234864235,0.0018158236052840948,0.0010070959106087685,9.155413135886192e-05,0.1310071289833376,0.07311059233643122,0.008972304873168468,0.0022583352401852608,0.012268253602087498,0.002426184481009841,0.007550195965450257,0.0019043577218932721,0.009086629378522724,0.0019087971805399934,0.009063859470188618,0.0019073777366429567,0.0054016937501728535,0.001541161211207509,0.0054016937501728535,0.001541161211207509,0.000711274167203449,0.00012729742019258153,0.001289413228643827,0.00012903641579680634,0.010086213238537312,0.0019989318680018187,553.633053886124,553.7861281526925,90.99973639455794,91.12998078948999,0.0,0.0,553.7209302325581,91.09689922480621,0,562.0,537.0,96.0,82.0,0.0,0.0,4,3
10,5,389,510,536,109,506,92,520.4858611825193,100.42159383033419,1.2536882651437116,409,0.8634721984292435,22.255115881567058,1,0.7627450980392156,0.7976464547072784,31.509578667918568,29.832867780352597,8.0,3.463741604754548,3.0,14.904826270501987,15.89331911406238,77.48142084611844,78.2842712474619,0.9511002444987775,0.5557144892180561,0.020512657965662807,0.16592426728061013,0.11496560093258393,0.003936998734736398,0.018406156972036035,0.02017125279357273,0.039327344208131935,0.03387326182853738,0.0029746358255808725,0.0010623058315640489,0.012700141902860847,0.0082218732292983,0.01175566523856934,0.004670684353462591,0.008600390525053818,0.002995637134233049,0.0027355718070664614,0.005603964956928449,0.008048881431541123,0.012519379909772248,0.015222199886491452,0.013964080298279584,0.010866896303655308,0.0011162124236399988,0.001676300110301295,0.0031340805122776023,0.005475597326702012,0.007021542705095033,0.005018706899721088,0.6635233196429908,0.131181811215356,5.093568373005837,0.7363851375412196,0.010494392598047853,0.0018158236052840948,0.0024567022919654846,7.629510946571827e-05,0.21123170745433653,0.03521369242583955,0.011932555586099625,0.002151522086933255,0.02201876789331436,0.002563515678048134,0.00947890456632844,0.0018740258745050856,0.013094006100272075,0.0018930209191290993,0.012733654119074345,0.001892118714749813,0.0068818191066384315,0.0016174563206732273,0.0068818191066384315,0.0015716792549937963,0.0012548277079126703,0.0001246416958931489,0.0032496444559060944,0.00012335412542479156,0.015484092757105827,0.0019684138242155313,520.2861893322912,520.4528896164446,100.49051397586908,100.40922936654303,0.0,0.0,520.4858611825193,100.42159383033419,0,520.0,507.0,100.0,98.0,0.0,0.0,5,4
10,6,863,1848,549,133,483,105,515.1853997682502,120.56894553881807,2.480825315349811,1095,0.9701751759927438,33.14823867276277,1,0.466991341991342,0.40309166220314635,73.46811247932884,66.70832032063167,7.211102550927978,3.4234859343718975,3.1622776601683795,18.755921628054452,17.809029298464548,76.28633081134025,164.0243866176395,0.7881278538812785,0.2469226353048192,0.022838630346035747,0.08414780837255953,0.0684446345636015,0.033081888000332516,0.007985275528446781,0.019691997076252927,0.044115727130120824,0.03407399718696239,0.029540839647473723,0.014912942161169906,0.0038327729102917646,0.006915887081701108,0.011830535495032275,0.026334644741961396,0.019862650737162264,0.020836415278304453,0.015498169786656222,0.006842075608469217,0.0020324360061676782,0.003389367193366265,0.0017501335457306834,0.008868126928806098,0.015257428176769734,0.012536760780789613,0.012134072064569986,0.010469178453747242,0.007719984021492188,0.002725920835323728,0.0011010736799809775,1.1599908606149256,0.2622262912336737,9.20314346626401,1.632608529413119,0.009075303561985493,0.0018005645833909512,0.00158693827688694,9.155413135886192e-05,0.6726790010242226,0.05112225809121607,0.011551079340279102,0.0024414435029029846,0.016495002433657646,0.0024414435029029846,0.008285649004392326,0.0018730449373833835,0.01066412916137197,0.0018917827687289907,0.010627908632159233,0.001892118714749813,0.005279621575027704,0.0014343480579555035,0.005279621575027704,0.0013122758828103542,0.0012478684050014613,0.00012958141744833244,0.0021151278598268096,0.0001321384119860399,0.012237736023962498,0.0019684138242155313,514.5130950962192,515.1369715775799,120.5913835954227,120.55256885964502,0.0,0.0,515.1853997682502,120.56894553881807,0,506.0,522.0,119.0,119.0,0.0,0.0,6,0
10,7,410,912,1003,149,965,125,983.5,136.86341463414635,1.9859816244645367,487,0.9463434128088686,22.847936741452536,1,0.44956140350877194,0.5035293316319689,41.96282651144625,37.8549864614954,6.0,2.80557710878865,2.8284271247461903,14.186169364821543,13.560821247524974,65.24797810900692,101.1543289325507,0.8418891170431212,0.3642495164141005,0.05133439806883649,0.10264006162524811,0.09584642654272814,0.0453485830021384,0.026581567481697134,0.02699987824525088,0.041811342187516046,0.037889331066998086,0.026798585159037096,0.02774335525017342,0.01293351591453446,0.012302248524385743,0.007306125056296527,0.013859890529924484,0.015715755395261904,0.011699639297895748,0.013476713834888398,0.009712467263471677,0.008064565734665954,0.004089145444191886,0.002660948209579497,0.006744443184925901,0.004208883088480394,0.007016641795762691,0.002147955934443026,0.0029343660357074534,0.0023655529911462423,0.0033052969794743025,0.006723430277432558,0.5179980238899589,0.15803768974728882,2.839078395627439,0.7691157395020127,0.00634012371301651,0.0017853055614978075,0.0006103608757257462,9.155413135886192e-05,0.3288068583670649,0.01735670917796572,0.00805676355957985,0.002121004043146968,0.00886549148708582,0.002288853283971548,0.006094094398705398,0.0018592669382033978,0.0069245814527498515,0.0018758920475658847,0.006942855194211006,0.0018768596928566694,0.004547188524156809,0.001678492408245802,0.004547188524156809,0.0015716792549937963,0.0007094261780571764,0.00010727392772357342,0.0008219110832607192,0.00011912041230189096,0.007553216069936752,0.0019531548023223877,983.7928184044952,983.4891675263868,137.01298512621656,136.84985318625505,0.0,0.0,983.5,136.86341463414635,0,988.0,969.0,140.0,129.0,0.0,0.0,7,0
10,8,379,600,586,220,546,205,564.2348284960423,211.35356200527704,2.234219522021535,430,0.9395006906002462,21.967197988242077,1,0.6316666666666667,0.44758359245522755,38.02109321028995,39.01281840626232,6.082762530298219,2.766933467867924,2.23606797749979,12.95204456891976,13.024011701865627,-85.0765332069547,103.1543289325507,0.8813953488372093,0.31538193716501733,0.020701249616875833,0.1477869488022803,0.06603485212814209,0.007349088789558416,0.007710520366198351,0.04448723043778295,0.06087655641887298,0.025406332156149857,0.004688032698979533,0.003857722079536986,0.003406382041124088,0.02088894434157495,0.020884296525317494,0.027052713532835903,0.011970569247788675,0.0018911490946759378,0.004383839153821866,0.0030030178743037906,0.0019569270395534844,0.004750023651515564,0.0047759963858991375,0.007562845569851528,0.012080921971010105,0.006503692086868003,0.0001367994470102637,0.002801717390556776,0.004498169185726712,0.003848938272800099,0.001169549127153531,0.4814374097622931,0.1665980010293424,2.322591028176248,0.7266803996171802,0.005584802012890577,0.0018310826271772385,0.0005340659990906715,7.629510946571827e-05,0.025578269626384084,0.04333729544541479,0.006424048449844122,0.0023651483934372663,0.0079194325953722,0.002426184481009841,0.005470879656389694,0.0018931591026061637,0.00612820851761543,0.0019173625319714518,0.006164644844830036,0.0019073777366429567,0.0045014116913080215,0.0015564202331006527,0.0045014116913080215,0.0015564202331006527,0.0004590113778537914,0.00013581611629356053,0.0007260303609642953,0.0001277857112427481,0.006637674756348133,0.0019989318680018187,564.2093672701388,564.1934359448165,211.3511178586827,211.36639858891712,0.0,0.0,564.2348284960423,211.35356200527704,0,559.0,554.0,216.0,210.0,0.0,0.0,8,5
10,9,597,748,499,406,455,389,476.39195979899495,396.82244556113903,1.6325562335179693,654,0.9291512702916397,27.570346537664197,1,0.7981283422459893,0.6125363276737585,46.06275811670137,43.41658669218482,8.0,3.6714921099179603,3.1622776601683795,16.0,17.029390893008358,89.53259120130168,110.66904755831213,0.9128440366972477,0.40324881071983665,0.003860828937687096,0.14520497520877987,0.09794935254762521,0.007197879709325065,0.0130852531857505,0.039604541489561725,0.05941119901171862,0.03851195770501874,0.00823124385073741,0.005007282894877726,0.010855506295785642,0.017255414512637804,0.012408435645461291,0.020906124250375677,0.0163325948240276,0.0022535314679669465,0.00392885554866537,0.0063636167955066,0.006605981088374245,0.0019871266569604666,0.0019446636536157905,0.002519878168163764,0.003973891074127956,0.007130683210114865,0.0021240485733409866,0.0008971569704560406,0.0015687174260197048,0.0022320997623009736,0.0034354992061727476,0.741405367385596,0.18321507587097585,6.140398333314806,1.1359884028788656,0.008457313291728497,0.0018158236052840948,0.0018692300654947758,8.39246204122901e-05,0.18019058038045824,0.018421059590331725,0.009903104975819588,0.002166781108826399,0.015152208507061005,0.002243076218292117,0.007643354302944289,0.0018888152151646995,0.010285424343910898,0.001902828145525738,0.010360876098275185,0.0019073777366429567,0.00553902518004179,0.0016021972987800837,0.00553902518004179,0.0015564202331006527,0.0009728811813042783,0.00011870709011161195,0.00219306453774282,0.00011991071864904882,0.012203402817249298,0.001983672846108675,476.3507707315557,476.4018832189343,396.99786536042444,396.837965263879,0.0,0.0,476.39195979899495,396.82244556113903,0,478.0,473.0,399.0,400.0,0.0,0.0,9,7
10,10,475,980,267,421,232,393,248.68842105263158,406.4357894736842,1.7470602782807934,536,0.931781122779912,24.592453796829673,1,0.4846938775510204,0.5723900957693668,41.26459253657281,41.400483088968905,7.280109889280518,3.251992388661074,3.0,14.646868922427387,14.979896186930969,52.591782501495764,102.11879502661796,0.8861940298507462,0.35285226589801766,0.0033931635390137735,0.15441940261000062,0.07607359402604724,0.005952584119052184,0.003758705962704317,0.03866888227932125,0.06457847389067577,0.02911760459212876,0.0037193052760576767,0.0007478348011526596,0.0034350809420365027,0.011686912173828487,0.022079665293630542,0.02284477716194121,0.015030000406994275,0.0019291614355507695,0.0007765294272120687,0.0011066485722623545,0.0030364788856435264,0.007498235601144534,0.0022037943237954005,0.003370538726000232,0.007779942789355763,0.00951431326508547,0.0013716101709033274,0.0027608768026791187,0.0019023191095984974,0.0013104606702371126,0.0025381200513565514,0.5746547752059996,0.16850537876598537,4.022552885115147,0.9042954144533724,0.007217517588287592,0.0018158236052840948,0.0011825747787952423,7.629510946571827e-05,0.18116408750220472,0.039793516356915956,0.008133058436214924,0.0022583352401852608,0.01266498863697052,0.0024567025247961283,0.006605227301218386,0.001936843434091786,0.008468532389716099,0.0019037798199018365,0.008552681654691696,0.0019073777366429567,0.005462729837745428,0.0016479743644595146,0.005462729837745428,0.0015716792549937963,0.0005412748003763844,0.00012618578989441042,0.0015058701902661365,0.00012501147755388344,0.009597924537956715,0.001983672846108675,248.5584823454095,248.67676290434167,406.3095501812038,406.47383696404165,0.0,0.0,248.68842105263158,406.4357894736842,0,242.0,253.0,401.0,417.0,0.0,0.0,10,6
10,11,774,1620,413,426,353,399,383.1291989664083,413.6382428940569,2.205641375157288,867,0.9707279485882742,31.39247374172695,1,0.4777777777777778,0.4533828623561654,65.41856180652763,62.625873247404705,7.810249675906654,3.489088193319632,3.1622776601683795,15.807114375016866,15.712341497198768,-72.4366689324999,146.46803743153544,0.8927335640138409,0.2512716490629821,0.025684092320688454,0.10102192582299759,0.06203014797373387,0.03132046289401826,0.013723402906464876,0.030662128915442326,0.045707045561440535,0.028677712745876063,0.025873663375787545,0.019079178807651143,0.009220385550802504,0.013704284904126809,0.015925584252220962,0.0240386742463218,0.015951807576676073,0.018432000665076692,0.013845315378499787,0.012974099004772914,0.0065750216988234534,0.002380036014793026,0.005237242213225686,0.008639046545818855,0.012965043131833871,0.009758705106321604,0.009937557090759845,0.009277630509452085,0.006885423922274841,0.009275694993932644,0.004717375047957064,0.9322957345284522,0.23886472871527076,7.327779140789062,1.4637521931435913,0.0079499501734972,0.0018158236052840948,0.0014496073126792908,7.629510946571827e-05,0.41866091144729767,0.06338576084517232,0.010025177150964737,0.0022583352401852608,0.01412985473871231,0.0023041123058646917,0.007340911295499623,0.001880824635553313,0.009467414910580183,0.0018911527043198853,0.00952162966132164,0.001892118714749813,0.005355916917324066,0.0016174563206732273,0.005355916917324066,0.0015259021893143654,0.0009240524605939348,0.00011603893697342767,0.00184375572898578,0.00012287768618282245,0.010872052982449532,0.0019684138242155313,383.54785456188296,383.1910932271415,413.64035266931484,413.6519123917145,0.0,0.0,383.1291989664083,413.6382428940569,0,390.0,376.0,411.0,417.0,0.0,0.0,11,8
10,12,461,858,450,433,411,411,429.22993492407807,420.12147505422996,1.9514946291567519,537,0.9370156152524661,24.22732816723524,1,0.5372960372960373,0.5124277489977535,42.37862703914873,40.85339643163099,7.0,3.0318275964567127,2.8284271247461903,14.546477236774544,14.802323425069533,-72.16869991218678,106.32590180780451,0.8584729981378026,0.3501599466946913,0.05965977141669105,0.12066737261660035,0.07160300878384752,0.05697710180079875,0.03239427065475774,0.015474386435402648,0.04167010157294232,0.023471233102387867,0.026817068345370912,0.03570947970441216,0.012772473163607348,0.010661077512480835,0.00029252125975006896,0.008998836515265547,0.013065392670349748,0.008614184625366816,0.013045961253474125,0.011081754585339752,0.004648571206523553,0.002447711875150612,0.00502964183464513,0.004656136579445481,0.005267070227767067,0.008686854499709058,0.0028545390707166523,0.0030005931004691614,0.0018527729065564214,0.0026268375776909805,0.0037523289988015576,0.6802624650299549,0.17126726172864437,4.214480861555785,0.8729533834848553,0.0079346913844347,0.0018158236052840948,0.001251240260899067,7.629510946571827e-05,0.05956031805974594,0.029623842116753906,0.009048599749803543,0.0022278171963989735,0.01266498863697052,0.0022735942620784044,0.007475411703625878,0.0018820578211938943,0.009142040914437712,0.0018936082071254997,0.008987563662230968,0.0018768596928566694,0.005447471048682928,0.00158693827688694,0.005447471048682928,0.0015106431674212217,0.0007660604240082265,0.000126016457036106,0.0015208397714102982,0.00012812148744917085,0.010467689484357834,0.0019684138242155313,429.2309519201808,429.25247775699626,420.06192341943876,420.1406946459473,0.0,0.0,429.22993492407807,420.12147505422996,0,429.0,434.0,419.0,417.0,0.0,0.0,12,9
10,13,517,684,563,440,527,421,544.7659574468086,429.2514506769826,1.4942020753024805,560,0.8931136894984086,25.65667251667837,1,0.7558479532163743,0.6692535210122526,38.80740997902784,37.12142238654117,8.0,3.68171341798827,3.1622776601683795,16.439898730535727,17.45677642949562,79.61031247258686,98.52691193458118,0.9232142857142858,0.4776958233875756,0.03285477583460972,0.15931955573186324,0.1018523151553022,0.029991055108790278,0.012626902103681803,0.022377398454989806,0.053780733848934774,0.03137542312005298,0.011313160259272044,0.007444001554175166,0.004793371618342351,0.007004978366645325,0.005357335458008199,0.01570092165460227,0.008213368628517941,0.003757665658747617,0.005793981798745297,0.00017394922243311689,0.001726427672364469,0.00846143778353558,0.004468140399826573,0.01055052012399032,0.0019212787155933311,0.007682154478119226,0.010548809168543533,0.008602728326585192,0.00809954221310481,0.003603078420304382,0.003400919375010285,0.7239490463398397,0.16672007320448756,5.938109466806054,0.971068894257769,0.008926527574658394,0.0018005645833909512,0.00237277802079916,7.629510946571827e-05,0.18044262617014611,0.018771743357189973,0.011474784463644028,0.0023651483934372663,0.01893644593656063,0.0023651483934372663,0.008134258947638648,0.0018732592494886244,0.011485704964808616,0.0018782763912142534,0.01121538132429123,0.0018768596928566694,0.005981536582112312,0.0016632333863526583,0.005981536582112312,0.0014648661017417908,0.0011934309941533667,0.0001114288417072096,0.0030203728306343633,0.00012417095981160855,0.013744563795626163,0.0019531548023223877,544.9296628024022,544.7472776127846,429.3273459857253,429.24959537390595,0.0,0.0,544.7659574468086,429.2514506769826,0,549.0,528.0,429.0,432.0,0.0,0.0,13,13
10,14,892,1633,874,492,851,421,863.2769058295964,456.55717488789236,2.5423053373848066,1039,0.9768208021366804,33.70058862844632,1,0.5462339252908757,0.3933437834137854,75.9256868781426,70.8590149522275,7.615773105863909,3.433003029099965,3.1622776601683795,16.19375583966629,16.25255267119317,-8.241046544634093,168.81118318204307,0.8585178055822906,0.22619591195056069,0.018082209090161065,0.08750502619129262,0.06051325009707313,0.02506080961211013,0.007586408813622463,0.03463011097021793,0.03990485285424036,0.031246320917678254,0.023249827682238745,0.013263423246845584,0.004452632458472092,0.015614289739114457,0.018703130079406542,0.02263974248238335,0.01961084373647415,0.017070772982411254,0.014856429652262937,0.006584236739127991,0.003262354067070801,0.002625543638694141,0.010055469281847822,0.009637258652821805,0.014913443020495055,0.013237297245257768,0.010515033666104843,0.011757244097002177,0.007308235736394853,0.003810637958345327,0.002602208086783399,1.010620293673128,0.2834210726432502,7.508812190499157,1.6842145414557308,0.007019150070846081,0.0018158236052840948,0.0013885712251067162,7.629510946571827e-05,0.34677547165135614,0.036642294599139744,0.009185931645333767,0.002334630349650979,0.01269550621509552,0.002471961546689272,0.006692849626974357,0.0018769607459817896,0.008417950886209818,0.0018881328940086668,0.008453498594462872,0.0018768596928566694,0.0046082246117293835,0.001632715342566371,0.0046082246117293835,0.0013427939265966415,0.0010197030782428294,0.00012732140366952251,0.00177758811330566,0.00012582511203902642,0.009781032800674438,0.0019684138242155313,863.4425288052857,863.2953476783692,456.86184234211555,456.5888380520951,0.0,0.0,863.2769058295964,456.55717488789236,0,866.0,852.0,464.0,486.0,0.0,0.0,14,12
10,15,612,1922,472,454,410,423,443.41830065359477,438.44934640522877,4.511393203993474,893,0.9804989621641221,27.914558950087667,1,0.3184183142559833,0.22166101574006067,72.28612714655164,63.56886030125127,6.324555320336759,2.4705728126543427,2.23606797749979,14.123281067865996,14.205977724186047,-73.05170340544699,186.26702730475878,0.6853303471444568,0.1928291515411828,0.036491977521643765,0.049531779168769996,0.05444308224025418,0.03375828242414257,0.026544090208765657,0.006568364599171224,0.024198382763505052,0.023218023505381737,0.025016576094263162,0.02579426714576617,0.018953114803274752,0.000734658080905596,0.0026220846075151794,0.011737563783682868,0.009651187808649734,0.016172843171108082,0.016912855333073146,0.01770599713947581,0.012741802983536051,0.00970653843493713,0.00556934037343723,0.006662260356932825,0.004869039837071978,0.0031965572805355146,0.006042802021788844,0.012846173691639092,0.006957240171855199,0.013017776274315294,0.0073751301204339256,1.1605249322019517,0.3039597161114216,4.820050430018455,1.1550621802452952,0.0072785536758601665,0.0018005645833909512,0.0005798432976007462,7.629510946571827e-05,0.5655000331880885,0.022665740823456793,0.00883497390896082,0.002288853283971548,0.010574501939117908,0.002426184481009841,0.007208229392558706,0.0018879485472759105,0.007875899395454992,0.0018873565036687829,0.007843137718737125,0.0018768596928566694,0.005737392231822014,0.0016479743644595146,0.005737392231822014,0.001495384145528078,0.00057400254766625,0.00011442828983605428,0.0008405731254822242,0.0001275787766007293,0.008438238874077797,0.0019684138242155313,443.97551617482526,443.4054982363898,438.35290393307275,438.46805025298227,0.0,0.0,443.41830065359477,438.44934640522877,0,457.0,457.0,437.0,435.0,0.0,0.0,15,11
10,16,416,792,500,457,467,433,482.7764423076923,444.6514423076923,1.5322102654232577,453,0.9195117033647472,23.014509567006368,1,0.5252525252525253,0.6526519385534596,37.03845303473791,34.92849839314596,7.0710678118654755,3.19121482311193,2.8284271247461903,13.891385396543216,14.558431585355148,-60.56826457175401,89.49747468305833,0.9183222958057395,0.43199552885082354,0.013566546835494783,0.15360812681701586,0.10138304371836054,0.006026583402337365,0.00811696982084871,0.03393551223558576,0.060788524588262206,0.0373982233527475,0.00044567712820698437,0.00544930313503692,0.0042129826541245745,0.014108384290925645,0.007856249248992043,0.017680903283565707,0.015003780790034152,0.002073311276896205,0.001994344924132946,0.005054800194584096,0.002752905342265933,0.00419152897478054,0.002972193002683485,0.008307840403681644,0.0018016160818545481,0.006231325734979834,0.001021429279120655,0.0016999368608955922,0.0023222841550674615,0.0037633747279894394,0.0021392829430024723,0.6440528039820492,0.14210727089084685,4.805645890533924,0.7924620429985225,0.009338521398603916,0.0018158236052840948,0.0021362630650401115,7.629510946571827e-05,0.013377881065014955,0.019189054086044013,0.011673151515424252,0.002197299152612686,0.01742580346763134,0.0023193713277578354,0.008587370719760656,0.001894763611877958,0.011552033390706548,0.0019049568341310637,0.011474784463644028,0.0019073777366429567,0.006256198976188898,0.0016021972987800837,0.006256198976188898,0.001541161211207509,0.0010531586681908022,0.00011436120854814848,0.0025493237474067845,0.00012707186186288,0.01359578873962164,0.001983672846108675,482.7839511341409,482.7736550236839,444.6403704863808,444.67042785073363,0.0,0.0,482.7764423076923,444.6514423076923,0,487.0,493.0,444.0,434.0,0.0,0.0,16,0
10,17,563,1034,829,472,782,450,804.7371225577265,460.52930728241563,1.9904746666404758,629,0.949909023827451,26.77375326109316,1,0.5444874274661509,0.5023927291110921,48.50565873155376,47.07440918375928,7.615773105863909,3.2999662830642325,3.0,14.546477236774544,15.159306333765851,-74.01680161722112,118.66904755831214,0.8950715421303657,0.3234809854178234,0.007409410540251603,0.13464355935801492,0.07732413877147172,0.012365990491057391,0.004167961587552109,0.04941853315850762,0.0546483462177804,0.03486691523347744,0.006032435419938844,0.006490875417933216,0.0029140802769780107,0.024944030030078845,0.018728860305087726,0.027227390181442556,0.018497715037208623,0.006834832140367125,0.005042048785411125,0.0034756587605929306,0.0014420057550521713,0.003612379698697519,0.006906904831804505,0.007156957047599186,0.01341465377309744,0.010840683685529984,0.002273807738130167,0.0036567195977607785,0.0027070539122928026,0.0022293405316067593,0.0005891967060162861,0.6592660523019731,0.19578850991092622,4.408255188725889,1.0624856944195926,0.006698710843920708,0.0018005645833909512,0.001098649576306343,7.629510946571827e-05,0.34078055868185136,0.04657851784710943,0.00781261920928955,0.0021820401307195425,0.012130922637879848,0.0024414435029029846,0.006278724307637839,0.0018646524753421546,0.007829938168252023,0.0018871859581165056,0.007797360420227051,0.001892118714749813,0.004623483866453171,0.001632715342566371,0.004623483866453171,0.0015106431674212217,0.0006982282999209164,0.00012655661238224902,0.0014330816922078857,0.00012397015954241408,0.008911268785595894,0.0019684138242155313,804.3991865455284,804.6992531954618,460.5732463406122,460.5564268275169,0.0,0.0,804.7371225577265,460.52930728241563,0,804.0,804.0,459.0,460.0,0.0,0.0,17,14
10,18,500,984,445,481,404,457,424.684,468.652,1.7934759202858073,548,0.940608396691824,25.2313252202016,1,0.508130081300813,0.5575764852424897,43.680130641381965,43.46262762420146,7.211102550927978,3.2919239990939606,3.0,13.863621460498695,14.829120916352565,-65.32235712303148,106.1543289325507,0.9124087591240876,0.33701417277267415,0.01689585693860609,0.14550591369679522,0.0758051461540292,0.008845869688815029,0.012787604950265945,0.05185726759965093,0.054385261896273004,0.03327140273236464,0.006000316803560224,0.007456021781192947,0.007852850432852738,0.015569393419482304,0.023445284411745534,0.021889872271383694,0.01829916873683967,0.005298803553123383,0.004828981174459379,0.00660880221556576,0.0043467290814371146,0.0016041506393229255,0.0035055336136834395,0.006619597365363979,0.00907512024243768,0.011251125262465944,0.00048644667388147994,0.002192028134185887,0.001797410885336392,0.0042927309282186415,0.002392290251373378,0.814435048494488,0.1725337605457753,6.146624002140015,0.9543450062628835,0.009781032800674438,0.0018158236052840948,0.002563515678048134,7.629510946571827e-05,0.2330780946183052,0.013502602150430481,0.012954909354448318,0.00221255817450583,0.019516289234161377,0.0023193713277578354,0.008949835697741626,0.0018959753906129153,0.01229324800428003,0.001908690012525767,0.012115663848817348,0.0019073777366429567,0.005584802012890577,0.0013275349047034979,0.005584802012890577,0.0013275349047034979,0.0016892646880111728,0.0001457566588769142,0.003159756016066542,0.00012603490609953367,0.014831769280135632,0.001983672846108675,424.91630979354454,424.6973442271717,468.63309079551635,468.65406200534034,0.0,0.0,424.684,468.652,0,425.0,435.0,469.0,469.0,0.0,0.0,18,15
10,19,679,1026,533,482,476,464,504.8217967599411,472.15758468335787,2.250347874625643,763,0.9713039743144154,29.40288507740653,1,0.6617933723196882,0.44437573909160827,61.00784116749275,57.0701322935211,7.0,3.2695877635173254,3.0,14.268768440513314,14.510197783583187,82.57717842719688,138.5685424949238,0.8899082568807339,0.2654374119972906,0.008281514786987547,0.1046760586303491,0.07167202191207239,0.004321235774898036,0.005610754015448196,0.04199284897730982,0.0517734303675486,0.03497377478359967,0.003161336129280273,0.005883168967420303,0.0038192509233763872,0.025598366885474077,0.024787658779675707,0.02804848488863105,0.020334642809212673,0.0008701836307596587,0.004879517532988004,0.0035500071725160197,0.002566240262244467,0.014146051104515407,0.012345190246891733,0.013730920051535854,0.015448579340351931,0.012833209151906255,0.0015065439474487017,0.0037754784296903285,0.0024445377482603123,0.002152586560869171,0.0016186628252800536,0.93682766193524,0.22810711828060448,6.266727772541344,1.2892500187736005,0.00799191277474165,0.0018158236052840948,0.0010833903215825558,7.629510946571827e-05,0.4504282815868238,0.04964360707309477,0.009979400783777237,0.0024567025247961283,0.01429770328104496,0.0024567025247961283,0.007678915261764263,0.0018697304777098727,0.009229348707719211,0.0018987481867063336,0.009048599749803543,0.001892118714749813,0.005477989092469215,0.001495384145528078,0.005477989092469215,0.001495384145528078,0.0010255380504726906,0.00012290086066720247,0.0017144707153610808,0.00012720173142257788,0.01019302662461996,0.001983672846108675,505.2691202512397,504.7723189452131,472.10478950378933,472.16163851771194,0.0,0.0,504.8217967599411,472.15758468335787,0,514.0,508.0,474.0,477.0,0.0,0.0,19,16
10,20,562,1288,462,499,416,471,439.34519572953735,485.1459074733096,2.0916349499010365,621,0.9631898618106148,26.749964937194992,1,0.4363354037267081,0.47809489894367746,52.239799001526656,49.193495504995376,7.0710678118654755,3.153533139097676,3.0,13.793662477933848,14.04320942573299,-64.33878560968991,121.53910524340094,0.9049919484702094,0.29568620832279396,0.014386823754869714,0.11551772535028386,0.07666992541371126,0.018233272791848568,0.007541263756897454,0.0436603681264842,0.05181572637123779,0.03664929643754407,0.014728012819455691,0.010431373791081272,0.0042262615924504796,0.02327905232820953,0.020873078516482832,0.027009841830472225,0.020596268290359643,0.010416856110670116,0.004709010636415825,0.007967938732229653,0.0018540857692327993,0.007086429903958368,0.009183716595809554,0.010461216585313021,0.01365711675841256,0.012502754207022838,0.00489645537017014,0.002711572092377118,0.0020172518060904395,0.005613542783175084,0.0002949913046175132,0.9258411675691605,0.1923247119411826,6.442542219534516,1.0780193787068129,0.009834439493715763,0.0018310826271772385,0.0016632331535220146,9.155413135886192e-05,0.04453792366142036,0.029403878995035226,0.011642633937299252,0.0024567025247961283,0.016708629205822945,0.00254825665615499,0.009258411675691604,0.0019232471194118262,0.011463598255399495,0.0019181839478768913,0.011490043252706528,0.0019073777366429567,0.0065918974578380585,0.0015716792549937963,0.0065918974578380585,0.0015716792549937963,0.0013696829456657338,0.00013958327373741734,0.002184866384031137,0.00013162576450562074,0.013160906732082367,0.0019989318680018187,439.32531525289517,439.3293511493602,485.18576212539125,485.1706771600045,0.0,0.0,439.34519572953735,485.1459074733096,0,444.0,429.0,483.0,491.0,0.0,0.0,20,17
10,21,709,1782,470,522,416,489,443.3032440056418,505.8265162200282,2.3583063878081716,836,0.9676393320417251,30.045412914740087,1,0.3978675645342312,0.42403311341127636,62.590237929854666,55.94640292279746,7.0710678118654755,3.243656123053049,3.0,15.062427172563098,15.793852899993944,-67.03695906542221,144.95331880577405,0.8480861244019139,0.28841113010135155,0.04832692217999669,0.08023401472492434,0.07640112478059441,0.041816353823253063,0.03804908574148307,0.01883637600436187,0.037230021463373064,0.02584965460949759,0.027408976547627514,0.03399159692883059,0.023425377040367557,0.012622645023362425,0.004945197243435397,0.012123058506578886,0.006729216676051949,0.019163424034090853,0.015582369250418025,0.021124859619072036,0.01041756877429333,0.003180873494600315,0.0027628822882995677,0.0021525744162414315,0.0008364860190725286,0.0013662343550225103,0.008973530754734185,0.009969427104541571,0.006138972185951707,0.008972192646753202,0.0020767252058466208,1.12791639380157,0.23131151287816465,8.334645687136799,1.3345845728181303,0.010002288967370987,0.0018005645833909512,0.0018005645833909512,7.629510946571827e-05,0.5908332545169095,0.018649115130321973,0.012222476303577423,0.00221255817450583,0.01715114153921604,0.0022735942620784044,0.009170051982126585,0.0018805814055135337,0.011755494622195767,0.0018823477754839636,0.011963073164224625,0.0018768596928566694,0.0059967958368361,0.0016174563206732273,0.0059967958368361,0.0015564202331006527,0.001393800016423233,0.00012123722949874262,0.0023344694492531915,0.00012197163500287579,0.01358052995055914,0.0019531548023223877,443.8714324560325,443.3036175710594,505.66451060442915,505.80787084676774,0.0,0.0,443.3032440056418,505.8265162200282,0,433.0,447.0,510.0,509.0,0.0,0.0,21,17
10,22,455,720,514,535,496,495,504.91648351648354,514.6241758241758,1.6860021079627059,500,0.9414754248103041,24.069150231250354,1,0.6319444444444444,0.5931190686400494,41.949598259411424,39.6232255123179,7.0,3.17763291166909,3.0,13.595293303198721,14.140438909024285,10.39713635737175,98.18376618407356,0.91,0.3689961737926745,0.026483536694737693,0.13489861660341884,0.09002352620025117,0.029578853559350613,0.012129249702891382,0.038534654160290144,0.053712157509747074,0.039469500716451,0.019184033766628503,0.013036777539062544,0.0063284238632255975,0.013657622388881439,0.01411331943183977,0.02239233179139404,0.020030196364381022,0.006586392678138728,0.00711898255537414,0.004595957353892828,0.0032371770011269726,0.001559602632943665,0.0015901207910604996,0.0015333758453304701,0.009027548954227391,0.010283776749512311,0.0034505142360564418,0.000853587453793832,0.0032552192088870003,0.0026984301313879616,0.001122145809622728,0.643289852887392,0.16588082700036466,4.12082099635154,0.865491721779108,0.007843137718737125,0.0018158236052840948,0.0011749444529414177,8.39246204122901e-05,0.42633132514651423,0.008737799860329297,0.009170671924948692,0.002288853283971548,0.012619211338460445,0.002334630349650979,0.007394136240084966,0.0019066761724179846,0.009056749442530857,0.001902179608305732,0.009079118259251118,0.001899748225696385,0.005981536582112312,0.0016174563206732273,0.005981536582112312,0.0015716792549937963,0.000729873083174225,0.00011733019331044696,0.0014310726184757535,0.0001229122986344051,0.010196841321885586,0.001983672846108675,504.9096342286448,504.9136459802539,515.0504521266573,514.6324400564175,0.0,0.0,504.91648351648354,514.6241758241758,0,505.0,504.0,525.0,529.0,0.0,0.0,22,20
10,23,467,585,399,542,384,503,390.72805139186295,521.728051391863,1.6184117783530392,508,0.9381649523099707,24.384480051691096,1,0.7982905982905983,0.6178897196470234,41.91164427349137,38.118237105091836,7.0,3.262688148371859,3.0,13.465692447714924,14.50933197090974,3.6199432977007686,97.45584412271572,0.9192913385826772,0.40718971830522366,0.01594951869690825,0.1327525853332834,0.10642984038748803,0.013419992087332284,0.011534531282110568,0.04296992117915613,0.05437641822601977,0.04488704693212362,0.005520981456319153,0.011039778150983502,0.005724884827978594,0.01495804391983958,0.01724958940923908,0.016313276345811076,0.02105006042361314,0.003796591932044473,0.0007344421830234101,0.005522986390170154,0.002645783466913718,0.0016783087188140774,0.0011592663974933704,0.0012773831969960785,0.0009737325954993181,0.009852834100346076,0.0007707822767142631,0.004375209990071023,0.0018439110044962234,0.0011391367889846793,0.002302371655062896,0.7030136683024466,0.16951247421093285,4.887678396888077,0.8713206681422889,0.008361943997442722,0.0017853055614978075,0.0019913027063012123,7.629510946571827e-05,0.1718491810166867,0.05267221676169616,0.01017776783555746,0.0021820401307195425,0.0158846415579319,0.002334630349650979,0.007811262981138296,0.0018834719356770316,0.010466120764214298,0.0018657830152939805,0.01017776783555746,0.0018616006709635258,0.005661097355186939,0.0016174563206732273,0.005661097355186939,0.0014648661017417908,0.0010784233077089293,0.00011459628161440851,0.002487587568041899,0.00011967756981466499,0.01253528636880219,0.001937895780429244,390.78317525471357,390.73489545024694,521.8908196343446,521.6758257153865,0.0,0.0,390.72805139186295,521.728051391863,0,392.0,390.0,520.0,511.0,0.0,0.0,23,18
10,24,512,752,492,564,476,517,483.939453125,539.857421875,1.8869283118369882,579,0.9566170367382526,25.532305945691693,1,0.6808510638297872,0.5299618399527147,48.14841559101672,46.389654018972806,7.0,3.1766881728436793,3.0,14.412420787951648,14.027960113356647,4.0464704345938936,110.18376618407356,0.8842832469775475,0.30174357240470867,0.02697530485862721,0.12228983618122176,0.07117580687492045,0.03187077500034128,0.013229618465733653,0.031317347431266,0.05470130951215082,0.030433150916278552,0.024893372992192922,0.0159722765116191,0.008672166918184733,0.015739349497646715,0.014583409043005582,0.027338208827678682,0.01535515741366284,0.014945745080111431,0.010179140443851372,0.008973042082841904,0.006192524476568567,0.0036558377897736713,0.003810516796930151,0.006846628777868275,0.013567867598026792,0.008366012704694864,0.004565366451341437,0.005643567977639155,0.0016895074769360848,0.00565150301028872,0.004469999657765409,0.7022964949719608,0.18666361481882632,4.25676361983642,0.9570916302036494,0.00747692072764039,0.0017853055614978075,0.0008697640150785446,7.629510946571827e-05,0.041266782408771505,0.03298026802072387,0.00871290173381567,0.0022735942620784044,0.010742351412773132,0.0022735942620784044,0.0070939039896157656,0.0018854910587760233,0.008313991444993007,0.0018693195902415027,0.008300907909870148,0.0018616006709635258,0.00587472366169095,0.0016174563206732273,0.00587472366169095,0.0014190890360623598,0.0005816348737567435,0.00013624216322058626,0.001084014675436131,0.00012110718870805197,0.009185931645333767,0.001937895780429244,483.9688242721053,483.9550085295665,539.8864095111246,539.8283404811632,0.0,0.0,483.939453125,539.857421875,0,485.0,489.0,531.0,563.0,0.0,0.0,24,19
10,25,581,1160,461,549,421,520,439.2289156626506,533.0068846815835,1.8162454577626355,648,0.9371410703597669,27.19838553096727,1,0.5008620689655172,0.5505863735135571,47.15143725068575,44.10215414239989,7.615773105863909,3.4562770254985953,3.1622776601683795,15.778562400399164,16.453528603042272,-65.53586529946064,115.1543289325507,0.8966049382716049,0.3790260649879996,0.056087308104777,0.12125986726889394,0.08594001898558655,0.04965790748532892,0.03372007845254575,0.021971183130167344,0.04548172558523435,0.02847257086904307,0.02465714705397075,0.031186808620834686,0.015451694722820077,0.01467970780904138,0.0013115375328847383,0.014026933159044963,0.012327433776332188,0.008425156697799288,0.007566172552902581,0.012238289963938113,0.004879162150938303,0.0011893758125718803,0.003442332073065114,0.0018517841219466186,0.0031615596539172675,0.007663756879706535,0.0020021508048083106,0.003359491578883347,0.0013346182988602617,0.0009138563288933757,0.004032937806249147,0.8112611672841012,0.18625162122771144,6.193423422984779,1.086945906514302,0.008892195299267769,0.0017700465396046638,0.0017013810575008392,9.155413135886192e-05,0.6157190060380752,0.022902213242947226,0.011306934989988804,0.002197299152612686,0.016708629205822945,0.002426184481009841,0.008194557245293952,0.0018813295073506207,0.010659937044724233,0.0018708191162036178,0.010627908632159233,0.0018768596928566694,0.0054016937501728535,0.0015106431674212217,0.0054016937501728535,0.0014038300141692162,0.0013806009520919104,0.00012648631356639576,0.0023011270127416016,0.00013500906912915532,0.012329289689660072,0.0019531548023223877,439.7071000156813,439.2069827186838,532.6190063257642,533.0134768997515,0.0,0.0,439.2289156626506,533.0068846815835,0,442.0,433.0,531.0,532.0,0.0,0.0,25,22
10,26,464,684,520,576,502,538,510.17025862068965,556.7995689655172,1.5213329133393743,498,0.9307386617612471,24.306031118985995,1,0.6783625730994152,0.6573183234463573,40.46006591663973,38.07886552931954,7.0,3.338751197028421,3.0,14.138312908260728,14.795640547801304,10.093508905229866,94.18376618407356,0.9317269076305221,0.407436654315252,0.009533547996405633,0.1462411753526777,0.0995222262192249,0.011299308336760152,0.0031128528216677245,0.04165571945709699,0.05666500120972816,0.042357386131219116,0.008301174339953062,0.0013957865141948308,0.00044778787012051633,0.014188399144077756,0.012565958395180155,0.01983317928982283,0.020990899092980728,0.0035834552814416124,0.0008883089993961334,0.00018796099691005216,0.001104675016976191,0.0013412076485314053,0.0032348652503136114,0.0004687060441610956,0.002541387379925651,0.01152428360952429,0.0015922278273921636,0.0036634432774340477,0.0009311711981901563,0.002227221622009993,0.0014670718604486957,0.6215152307413518,0.15597772179171443,4.4237430966459215,0.8735179672949016,0.008163576945662498,0.0018005645833909512,0.0013427939265966415,7.629510946571827e-05,0.22883111388619143,0.014128252017057941,0.00939955748617649,0.0021820401307195425,0.014312963001430035,0.0022278171963989735,0.0074881353101367695,0.0018792496601411377,0.009533929087598968,0.0018825818260665983,0.009445334784686565,0.0018768596928566694,0.005676356144249439,0.0015716792549937963,0.005676356144249439,0.0015259021893143654,0.0008054629964329099,0.000123522404276055,0.0017701427253038115,0.00012324376268703032,0.010894942097365856,0.0019531548023223877,510.0468007345256,510.1709289732034,556.6068987056785,556.813681305244,0.0,0.0,510.17025862068965,556.7995689655172,0,508.0,513.0,558.0,558.0,0.0,0.0,26,24
10,27,361,900,479,585,449,555,464.5096952908587,569.3130193905818,1.8581214744928698,411,0.9470236393073157,21.43920417481474,1,0.4011111111111111,0.5381779467744036,38.86613226939145,35.4682957019364,6.4031242374328485,2.746681979197007,2.8284271247461903,12.020815280171307,12.482397161114886,45.57229210141658,91.8111831820431,0.878345498783455,0.36377903153417035,0.03479923314663447,0.11804839426100608,0.09483865459956944,0.03320081727832807,0.01748774900316278,0.03440326764960566,0.05105115809721473,0.03992112376756325,0.020204941567967566,0.019258261420569557,0.008991210359347336,0.019653116503864504,0.010940800756501806,0.021800887518381367,0.01766525160123916,0.010350613057865363,0.010203416518740804,0.010313701942706354,0.003466179659384151,0.002201419646901527,0.004404542163497702,0.0032128872207660853,0.006803201349238812,0.007812058752135481,0.001699515667044022,0.0035939201775315745,0.003472565898261775,0.0042714167767079056,0.0021882153499999733,0.446555282920599,0.13826199737377465,2.515373505651951,0.674921797355637,0.006260013789869845,0.0017853055614978075,0.0007019150070846081,7.629510946571827e-05,0.08168729458210774,0.010554826850733263,0.006866559851914644,0.0021362630650401115,0.009338521398603916,0.0022278171963989735,0.006034530850278365,0.0018684053699158736,0.006967793644465238,0.001869589466359105,0.006927595939487219,0.0018616006709635258,0.005157549399882555,0.0017090104520320892,0.005157549399882555,0.0015716792549937963,0.00042807091805819187,9.305879870378531e-05,0.0008699810195697416,0.00010974692288663411,0.007656214293092489,0.001937895780429244,464.5477569816999,464.5021365105921,569.2407413040931,569.320386154507,0.0,0.0,464.5096952908587,569.3130193905818,0,468.0,459.0,571.0,564.0,0.0,0.0,27,23
10,28,757,1633,315,614,244,591,279.49405548216646,601.0581241743726,3.300668327649953,965,0.9851717604660573,31.045810270703488,1,0.46356399265156156,0.30296894469005653,79.20834176252161,70.83078426785913,6.0,2.8214619323600627,2.8284271247461903,14.887556692160574,13.589853097842818,-77.33106460303821,177.1959594928933,0.7844559585492228,0.19201142904276736,0.005954150852134347,0.0681158086787378,0.05832362020138246,0.007081265466867491,0.004024253379597616,0.032034744893946136,0.038079975265342236,0.031449664881883395,0.009066076131725843,0.0013481160753163132,0.003190111680160737,0.022110612382840355,0.02066206107257289,0.02442538336518962,0.019845950985700606,0.009040102929744834,0.002492598131030358,0.001478613991659359,0.002242562838686885,0.014046504063539005,0.013145796112789125,0.014841871028095725,0.01607486091361555,0.013424949154138364,0.007763014664765405,0.004614661439518404,0.0008783935527560687,0.0014240645451262953,0.00140813133002954,0.9252155511640012,0.2902571144513786,5.192355315666646,1.4307011517230421,0.006301976274698973,0.0018005645833909512,0.0005493247881531715,7.629510946571827e-05,0.1599155280978324,0.057777046804242414,0.007400625851005316,0.002151522086933255,0.009140154346823692,0.0024872205685824156,0.006007893189376631,0.0018847864574764843,0.006859121949361487,0.0018899618913118127,0.0068818191066384315,0.001892118714749813,0.004821850918233395,0.0016174563206732273,0.004821850918233395,0.0014190890360623598,0.0005418265303109521,0.00011833932182790603,0.0007877141440278939,0.0001256552921528576,0.007400625851005316,0.0019684138242155313,279.33457053504094,279.5507300476744,601.0463969510363,601.0693571954224,0.0,0.0,279.49405548216646,601.0581241743726,0,276.0,308.0,599.0,593.0,0.0,0.0,28,26
10,29,777,1740,526,670,496,612,509.4092664092664,641.7091377091377,2.557510018810374,940,0.9659198613897417,31.453253031430968,1,0.44655172413793104,0.3910053108863871,64.48803985999905,59.77457653551382,8.246211251235321,3.3719720504234627,3.0,16.7825469501156,16.69216841900873,21.15035206378476,158.0243866176395,0.8265957446808511,0.2761714657625948,0.02648662697075826,0.10059719489571012,0.07195299741937441,0.03161004789770531,0.014795071983325194,0.02553750660381964,0.050410260386796156,0.03176871188096248,0.022499202137697204,0.022884552967666377,0.007909025432351344,0.013892008162945038,0.01578493620503713,0.023711104054668038,0.016932962827692917,0.014172148764004092,0.015688993808727875,0.013275249737386073,0.004169786695685717,0.0001027997894678176,0.009662409357725001,0.003388597112434518,0.012363341617990284,0.009849382374741558,0.0093600068613493,0.007976540295430826,0.007145717163479378,0.0072954981980271226,0.001969260010401109,0.855725962202996,0.24905775533989072,5.9404288697987795,1.4484779122285545,0.00679026497527957,0.0017853055614978075,0.00080872792750597,7.629510946571827e-05,0.4602775785937339,0.021454459059697145,0.00860608834773302,0.002243076218292117,0.011017014272511005,0.0022735942620784044,0.00638601464330594,0.0018586399652230651,0.0076453396007706296,0.0018641929372310868,0.007507438771426678,0.0018616006709635258,0.00474555604159832,0.0015564202331006527,0.00474555604159832,0.0015564202331006527,0.0007788612652225148,0.0001237049821950903,0.0012358152844423416,0.00011810149302451124,0.008499274961650372,0.001937895780429244,509.5267013671689,509.4306091060405,642.1541820664984,641.7069506773697,0.0,0.0,509.4092664092664,641.7091377091377,0,507.0,510.0,642.0,660.0,0.0,0.0,29,25
10,30,361,435,790,675,761,660,775.01108033241,667.005540166205,1.3224867108110236,383,0.8525532330484905,21.43920417481474,1,0.8298850574712644,0.7561512655100657,29.952956007146874,29.410882339705484,8.0,3.3464381173995803,3.0,14.0,15.654624825840513,-83.89051215509738,77.45584412271572,0.9425587467362925,0.5313751163576806,0.05400318055927797,0.1695536970802457,0.0948111772538469,0.039696132170752775,0.016275789305018537,0.008181616626731943,0.0395645168693452,0.029497173831137997,0.003604564950325796,0.01195500851839449,0.005529051165334042,0.0037566634956766884,0.008356749765286145,0.003692664071095695,0.014469343889906531,0.015074244975937911,0.012819298437315578,0.006958015451958345,0.007147353989984349,0.0022020950775394465,0.006332341110791228,0.008571769448188826,0.004673187260639142,0.008556886140569925,0.007149349633843097,0.01534371096017969,0.00901124040180612,0.009669611977175124,0.004536545767344344,0.5654993620701134,0.13049515523016453,4.111482458654791,0.6807202256750315,0.00869764294475317,0.0018158236052840948,0.0024261842481791973,7.629510946571827e-05,0.016237292449268123,0.03384035602651913,0.011383230797946453,0.0022278171963989735,0.018722819164395332,0.0023498893715441227,0.008078562315287335,0.0018642165032880648,0.011389148084916319,0.0018856515946676774,0.010940718930214643,0.0018768596928566694,0.0060883499681949615,0.00158693827688694,0.0060883499681949615,0.00158693827688694,0.0012210312216071732,0.00011180282108865572,0.0032395094524503643,0.00011960127338839039,0.013595788506790996,0.0019531548023223877,775.0182893798775,774.9892851538858,667.0200893689562,667.0314272264688,0.0,0.0,775.01108033241,667.005540166205,0,776.0,779.0,668.0,663.0,0.0,0.0,30,27
10,31,337,448,735,678,707,662,721.1632047477744,669.2077151335311,1.3495240064664242,360,0.8296921650932816,20.71428798138497,1,0.7522321428571429,0.7410020090108561,27.93713403733955,27.459060435491963,7.615773105863909,3.2218546709571725,3.0,15.0,15.595100563290409,-89.4864526991508,75.59797974644667,0.9361111111111111,0.5690739079253976,0.030040330089700737,0.17959227021282198,0.10247319158164,0.015129773370547685,0.010198870200001476,0.008909969565546445,0.03330866453430618,0.03228933053447739,0.0021243838957106854,0.006516717280861509,0.006140280968859995,0.021981448607893354,0.009982809615177503,0.010010836952554347,0.015128025687730497,0.005381725310196117,0.005788086939923634,0.010813558409284761,0.007049572046426168,0.0014447890059820698,0.01774842412703485,0.016318172527832547,0.006245828171259475,0.0063073046410230685,0.004683485600195889,0.004845668931858911,0.0006293941537480439,0.006676888875430346,0.0064748137036502555,0.5477988952770829,0.11810482945293188,4.431570969056338,0.6318913556169719,0.009735256433486938,0.0018005645833909512,0.0030594337731599808,7.629510946571827e-05,0.19056970117045374,0.030797523405624878,0.011688411235809326,0.0021057450212538242,0.022858014330267906,0.0023041123058646917,0.00855935773870442,0.0018453879602020606,0.013150062222719104,0.001875048532988047,0.01256580464541912,0.0018692301819100976,0.005722133442759514,0.00158693827688694,0.005722133442759514,0.001541161211207509,0.0011531478682285778,0.00011241803479780456,0.004063915734610589,0.00011786588150190388,0.016212711110711098,0.0019531548023223877,721.3535050645023,721.1656564680882,669.2178443219225,669.2384149139118,0.0,0.0,721.1632047477744,669.2077151335311,0,724.0,716.0,669.0,663.0,0.0,0.0,31,28
10,32,869,1104,827,698,758,682,791.9965477560414,689.234752589183,2.2884537117688053,952,0.9782463859998791,33.26327050028088,1,0.7871376811594203,0.4369762844043169,74.50552452990007,68.18357573492314,7.0710678118654755,3.5429435175558157,3.1622776601683795,14.670452009469994,15.455902737029394,89.86204068781363,158.08326112068522,0.9128151260504201,0.2374486309497497,0.0051293990888006515,0.0901202857411478,0.06733478389502728,0.0076977530927217945,0.002512924020815895,0.033967455331983594,0.0503372504193005,0.033182459572930076,0.0071289465375854975,0.004029172280207421,0.0014495606845939385,0.026103898843966893,0.02207558200050631,0.029970273760240113,0.019157250883004066,0.006265418499570759,0.0033146710826387656,0.002810698995830028,0.000681850966523045,0.013120444994206806,0.015270711147820287,0.01366126012847138,0.017884950448411395,0.011954351189762177,0.005663539462657648,0.002883613642592548,0.0024461924673781455,0.001778991619760961,0.00013697452001916328,1.0130922575481236,0.26749065378680825,7.430014614481479,1.6316166929900646,0.007644770201295614,0.0017853055614978075,0.0009002825245261192,9.155413135886192e-05,0.5591594689013628,0.040994605718642205,0.00885023269802332,0.0022278171963989735,0.012314030900597572,0.0024414435029029846,0.007035362899639747,0.0018575739846306129,0.00855007435498444,0.0018775796236939755,0.00859082955867052,0.0018768596928566694,0.005157549399882555,0.0015716792549937963,0.005157549399882555,0.0014038300141692162,0.0008179845849235115,0.00011770217142801252,0.001250583714395103,0.00012674468288512524,0.009460593573749065,0.0019531548023223877,791.4377646646253,791.9556898099656,689.2142399489454,689.2314080502769,0.0,0.0,791.9965477560414,689.234752589183,0,773.0,799.0,690.0,686.0,0.0,0.0,32,29
10,33,671,1504,500,792,453,760,477.14157973174366,772.8211624441133,2.1071957282906313,806,0.9454601084775072,29.229158977248975,1,0.4461436170212766,0.47456436370588384,53.70552687875764,49.20365840057018,7.615773105863909,3.4222399937797836,3.1622776601683795,18.694911025459554,17.493925855597237,61.95724980774611,133.29646455628165,0.8325062034739454,0.3528775156245009,0.037135402903233646,0.1125632837105285,0.09023425361439313,0.04554279503223029,0.012493499571970709,0.028423820446288283,0.04407903325922303,0.041021900619426545,0.03178272364345512,0.01780603593085884,0.004521098134086067,0.00705564225207203,0.008929078153436795,0.022587829767139442,0.019013900299479972,0.013218772508621735,0.012195607109304955,0.006525572351074074,0.0015540016188746065,0.0036184199642208177,0.0021238674438043546,0.0020497842966717135,0.010987106375441265,0.006926559211386144,0.0018662322047852883,0.0030720970844671943,0.0009011106837505704,0.0024987142011800635,0.001790844865831025,0.7509422590956092,0.21048294799402356,5.782147016376257,1.2572671088855714,0.007171740289777517,0.0017853055614978075,0.0014877542853355408,7.629510946571827e-05,0.797058033433454,0.06359355433563608,0.008758679032325745,0.0021820401307195425,0.012420844286680222,0.0022735942620784044,0.006645506717660258,0.0018626809556993235,0.008617208668220949,0.0018737214737489887,0.00862134713679552,0.0018616006709635258,0.005050736479461193,0.0016021972987800837,0.004852368962019682,0.001541161211207509,0.0008310069454872228,0.00011534996044009968,0.001749913995269498,0.00012042892623900774,0.010151064256206155,0.0019531548023223877,477.89974215815903,477.0780872625766,773.0671121215531,772.824746647248,0.0,0.0,477.14157973174366,772.8211624441133,0,486.0,480.0,777.0,779.0,0.0,0.0,33,30
10,34,623,2080,276,895,224,855,249.2134831460674,873.6211878009631,2.9040201461701987,822,0.9798256898527677,28.16430784468183,1,0.29951923076923076,0.3443502281892889,69.86772537992465,59.682493245507096,7.0,2.9859918774003438,2.8284271247461903,14.357867963075762,13.963343721849373,-53.873665196910785,150.78174593052023,0.7579075425790754,0.2226147582446748,0.004442457773826175,0.06385982661238888,0.07317073357644839,0.0005007532772911222,0.0065117169095737035,0.00914007306229223,0.05399897436730179,0.03495774398023848,0.001590857882834853,0.0038897302612091547,0.0060792475434983334,0.005877816112377908,0.026071494519016306,0.02935365106453369,0.01955958394770765,0.001796533693839689,0.0016703565814671683,0.005649781143158124,0.004776227739466945,0.0035777554684484542,0.015743812495698284,0.015703184976025603,0.014715438595263497,0.012087799395298946,0.0015601872669125441,0.0008005598452715106,0.0006590659048066693,0.0052325655627284435,0.003430431974913924,0.8216067901812494,0.2369573509786278,4.795040901284665,1.1509880213998258,0.006775005720555782,0.0017700465396046638,0.0009384299628436565,7.629510946571827e-05,0.6582524021682439,0.02505701849264846,0.008255130611360073,0.002197299152612686,0.010727092623710632,0.0022735942620784044,0.006369044885125964,0.0018368786897568047,0.007696694865625465,0.0018474928112356755,0.00759899290278554,0.0018463416490703821,0.004943923093378544,0.0015716792549937963,0.004943923093378544,0.001541161211207509,0.0006339851899886839,0.00011203695246850299,0.0012395218631782716,0.00012148516243480184,0.00860608834773302,0.0019226367585361004,248.69149351706733,249.23676256131512,874.0222152965,873.61191833488,0.0,0.0,249.2134831460674,873.6211878009631,0,237.0,227.0,882.0,889.0,0.0,0.0,34,32
10,35,362,700,264,916,239,888,250.77900552486187,901.2182320441989,1.520026962557143,390,0.909065303815129,21.468877828012552,1,0.5171428571428571,0.6578830669672457,33.4523590893568,31.622776601683793,7.0710678118654755,3.0542840869906014,2.8284271247461903,13.435028842544403,13.938047890684498,-42.55243672930874,83.15432893255071,0.9282051282051282,0.46091271519412896,0.023682118624200357,0.15581396252651006,0.10602132339761469,0.01709282983910312,0.015185407823671645,0.041224888863936916,0.04750792739233532,0.042194049166994756,0.006061556147726778,0.005897689614265054,0.008346206752600808,0.004212578834775962,0.00434327526032386,0.014491881480988482,0.017634094445818062,0.001701099026748671,0.004012577508211006,0.003042406965944632,0.003979363094101432,0.009213048016383533,0.01061034567087959,0.003087820245901212,0.0038331715286788522,0.007228621561840253,0.006122868382749983,0.005204856668872572,0.0049868302333194925,0.004431075458290154,0.003143117042579156,0.4561684671789408,0.12422369723208249,3.2258488279767334,0.6746166169177741,0.007263294653967023,0.0017853055614978075,0.00154116190969944,7.629510946571827e-05,0.0108991461357163,0.01329421127359233,0.00862134713679552,0.0021362630650401115,0.014724955894052982,0.002243076218292117,0.00680848458476031,0.001854085033314664,0.008911184607670534,0.0018635818146899837,0.00874341931194067,0.0018616006709635258,0.005172808654606342,0.0014496070798486471,0.00474555604159832,0.0014496070798486471,0.0008835897804261259,0.00012745835720146881,0.002085587853673205,0.00012278901951139577,0.01029984001070261,0.001937895780429244,250.77860135701047,250.78349279591052,901.2073403944232,901.2057180339734,0.0,0.0,250.77900552486187,901.2182320441989,0,251.0,257.0,901.0,894.0,0.0,0.0,35,33
