ImageNumber,ObjectNumber,Location_Center_X,Location_Center_Y,Location_Center_Z,Number_Object_Number
1,1,699.9673913043479,45.141304347826086,0,1
1,2,219.9546313799622,69.67674858223063,0,2
1,3,174.91463414634146,55.01219512195122,0,3
1,4,271.4454277286136,54.6283185840708,0,4
1,5,128.7828418230563,72.29490616621985,0,5
1,6,681.825352112676,62.89859154929577,0,6
1,7,155.5190311418685,67.01038062283737,0,7
1,8,719.0562130177515,70.99704142011835,0,8
1,9,199.43243243243242,80.71498771498771,0,9
1,10,177.95906432748538,77.57602339181287,0,10
1,11,798.0557029177719,77.94164456233422,0,11
1,12,165.49425287356323,82.37931034482759,0,12
1,13,252.3834808259587,81.32153392330383,0,13
1,14,681.8845144356956,84.83727034120734,0,14
1,15,638.985754985755,87.44159544159544,0,15
1,16,147.06969696969696,96.81515151515151,0,16
1,17,786.7708333333334,98.54166666666667,0,17
1,18,641.9019607843137,102.48039215686275,0,18
1,19,175.47663551401868,107.61993769470405,0,19
1,20,614.1522388059701,109.98507462686567,0,20
1,21,665.175,107.87142857142857,0,21
1,22,815.03216374269,120.37134502923976,0,22
1,23,635.2597402597403,121.98051948051948,0,23
1,24,841.5588235294117,121.87581699346406,0,24
1,25,790.6120218579235,120.76502732240438,0,25
1,26,150.49520766773162,126.76357827476038,0,26
1,27,649.974358974359,137.08831908831908,0,27
1,28,676.9026315789474,138.2263157894737,0,28
1,29,446.9730392156863,150.5343137254902,0,29
1,30,926.6964285714286,146.1279761904762,0,30
1,31,480.8973799126638,156.7183406113537,0,31
1,32,950.7182448036951,165.78752886836028,0,32
1,33,891.7084398976982,160.6291560102302,0,33
1,34,916.9560669456067,181.38493723849373,0,34
1,35,884.8071065989848,183.9771573604061,0,35
1,36,869.6270783847981,218.6745843230404,0,36
1,37,846.3734567901234,227.1358024691358,0,37
1,38,249.34251968503938,221.44094488188978,0,38
1,39,273.6217391304348,237.4217391304348,0,39
1,40,233.93427230046947,246.41079812206573,0,40
1,41,616.3392857142857,246.75,0,41
1,42,644.1800947867299,252.66350710900474,0,42
1,43,832.8911174785101,261.72779369627506,0,43
1,44,864.4815864022663,256.38526912181305,0,44
1,45,269.5113122171946,259.84841628959276,0,45
1,46,145.39762611275964,279.7091988130564,0,46
1,47,866.5981308411215,282.6261682242991,0,47
1,48,116.16806722689076,289.9579831932773,0,48
1,49,38.0395256916996,304.72332015810275,0,49
1,50,137.48757763975155,310.9968944099379,0,50
1,51,65.31699346405229,314.60130718954247,0,51
1,52,101.21227621483376,313.88235294117646,0,52
1,53,879.3506493506494,314.4155844155844,0,53
1,54,850.7065637065637,326.7915057915058,0,54
1,55,63.72285251215559,346.83306320907616,0,55
1,56,131.6413301662708,343.8432304038005,0,56
1,57,759.126923076923,335.92692307692306,0,57
1,58,95.82849604221636,335.5936675461741,0,58
1,59,154.28571428571428,340.1136363636364,0,59
1,60,81.5,344.4433333333333,0,60
1,61,728.0479704797048,341.7970479704797,0,61
1,62,433.7557471264368,352.6034482758621,0,62
1,63,462.234375,359.034375,0,63
1,64,402.3954802259887,359.01129943502826,0,64
1,65,745.6701030927835,357.9845360824742,0,65
1,66,107.62589928057554,359.42446043165467,0,66
1,67,445.15686274509807,362.2843137254902,0,67
1,68,489.55629139072846,379.0794701986755,0,68
1,69,724.0,373.6244343891403,0,69
1,70,119.92363636363636,378.1963636363636,0,70
1,71,443.5349794238683,377.77777777777777,0,71
1,72,415.39195979899495,378.53768844221105,0,72
1,73,88.41015625,383.8125,0,73
1,74,395.1388888888889,389.6277777777778,0,74
1,75,459.46791443850265,393.09893048128345,0,75
1,76,423.264,399.652,0,76
1,77,912.0987261146497,409.5668789808917,0,77
1,78,467.45964912280704,416.6701754385965,0,78
1,79,433.12664907651714,421.34564643799473,0,79
1,80,926.9933035714286,425.59598214285717,0,80
1,81,887.2452107279694,436.8888888888889,0,81
1,82,372.49717514124296,433.92090395480227,0,82
1,83,78.35684647302905,436.6597510373444,0,83
1,84,481.2652329749104,445.2867383512545,0,84
1,85,937.7642857142857,444.2857142857143,0,85
1,86,345.92957746478874,445.9366197183099,0,86
1,87,376.5732484076433,454.1910828025478,0,87
1,88,899.2347328244275,461.98854961832063,0,88
1,89,321.669099756691,472.23844282238446,0,89
1,90,675.7516629711752,472.1951219512195,0,90
1,91,710.5212765957447,487.1400709219858,0,91
1,92,392.8450363196126,470.0968523002421,0,92
1,93,920.4202334630351,470.45525291828795,0,93
1,94,365.17857142857144,476.67857142857144,0,94
1,95,341.11653116531164,483.05420054200545,0,95
1,96,401.67041198501875,489.2022471910112,0,96
1,97,367.09507042253523,493.3556338028169,0,97
1,98,429.1271186440678,506.09887005649716,0,98
1,99,293.46082949308754,508.44239631336404,0,99
1,100,353.79889807162533,512.1735537190083,0,100
1,101,756.8166089965398,510.88235294117646,0,101
1,102,319.2083333333333,510.712962962963,0,102
1,103,393.63128491620114,511.3100558659218,0,103
1,104,56.17032967032967,515.4725274725274,0,104
1,105,791.6135593220339,517.5830508474576,0,105
1,106,341.605,537.06,0,106
1,107,351.6629213483146,527.0337078651686,0,107
1,108,421.04458598726114,528.9968152866242,0,108
1,109,321.32150776053214,544.0221729490022,0,109
1,110,909.5871559633027,529.5535168195719,0,110
1,111,85.51908396946565,532.7455470737914,0,111
1,112,377.2411575562701,533.7170418006431,0,112
1,113,454.99356913183277,537.774919614148,0,113
1,114,571.8888888888889,538.068100358423,0,114
1,115,289.21495327102804,544.2429906542056,0,115
1,116,537.4734982332155,547.1837455830389,0,116
1,117,444.39495798319325,557.812324929972,0,117
1,118,377.1322314049587,554.7245179063361,0,118
1,119,477.0113314447592,569.6883852691218,0,119
1,120,311.3609756097561,562.3658536585366,0,120
1,121,581.2336683417085,569.9422110552764,0,121
1,122,619.7676056338029,577.3075117370892,0,122
1,123,650.491452991453,580.9465811965812,0,123
1,124,672.8646288209607,573.8864628820961,0,124
1,125,697.6944444444445,586.4333333333333,0,125
1,126,956.2427536231884,588.6413043478261,0,126
1,127,645.6178343949044,598.4649681528663,0,127
1,128,605.9644268774704,601.1501976284585,0,128
1,129,578.2936802973977,604.539033457249,0,129
1,130,646.424,613.88,0,130
1,131,900.4703296703296,624.9956043956043,0,131
1,132,879.0,630.1846522781775,0,132
1,133,588.3086419753087,616.1975308641976,0,133
1,134,842.860594795539,626.4275092936803,0,134
1,135,595.1089430894309,630.0487804878048,0,135
1,136,640.7226890756302,627.2857142857143,0,136
1,137,88.59142857142857,646.5028571428571,0,137
1,138,648.6666666666666,638.9684684684685,0,138
1,139,854.5836575875486,642.3424124513618,0,139
1,140,67.28977272727273,641.9318181818181,0,140
1,141,605.7333333333333,641.8777777777777,0,141
1,142,918.166265060241,661.2481927710843,0,142
1,143,601.4457364341085,653.7945736434109,0,143
1,144,835.5860215053764,659.489247311828,0,144
1,145,47.17088607594937,660.3354430379746,0,145
1,146,890.588,664.796,0,146
1,147,862.2222222222222,666.9487179487179,0,147
1,148,509.16467780429593,680.0262529832936,0,148
1,149,904.6623376623377,674.6688311688312,0,149
1,150,470.7968337730871,691.88654353562,0,150
1,151,879.8735177865613,686.6679841897234,0,151
1,152,910.7472118959108,691.0483271375465,0,152
1,153,494.59801488833745,714.3697270471464,0,153
1,154,692.4333333333333,723.8948717948718,0,154
1,155,887.5687830687831,730.3677248677249,0,155
1,156,921.3694267515923,749.9745222929936,0,156
1,157,198.97630331753555,745.5639810426541,0,157
1,158,678.9119170984455,746.5544041450777,0,158
1,159,891.3487297921478,763.2886836027714,0,159
1,160,225.9596412556054,752.1345291479821,0,160
1,161,946.520325203252,754.4065040650406,0,161
1,162,639.5805825242718,767.6640776699029,0,162
1,163,669.3223684210526,760.3355263157895,0,163
1,164,240.23799126637556,770.971615720524,0,164
1,165,972.7474048442907,772.1626297577855,0,165
1,166,672.5244161358811,774.036093418259,0,166
1,167,870.8275862068965,791.6074270557029,0,167
1,168,267.9583333333333,785.9615384615385,0,168
1,169,221.40705128205127,825.4711538461538,0,169
1,170,252.734219269103,814.5747508305648,0,170
1,171,415.69458128078816,822.6305418719212,0,171
1,172,446.12444444444446,824.0044444444444,0,172
1,173,497.1994680851064,828.2367021276596,0,173
1,174,70.35802469135803,854.925925925926,0,174
1,175,488.5266272189349,847.6331360946746,0,175
1,176,464.9939393939394,851.4,0,176
1,177,81.44423076923077,873.4557692307692,0,177
1,178,857.2466567607727,880.3358098068351,0,178
1,179,785.1455026455027,873.9550264550264,0,179
1,180,564.5763358778626,879.8969465648855,0,180
1,181,596.7448559670781,877.2592592592592,0,181
1,182,774.0311614730878,893.2492917847026,0,182
1,183,60.811688311688314,901.2359307359308,0,183
1,184,657.7908366533865,902.5577689243028,0,184
1,185,751.911227154047,912.1383812010444,0,185
1,186,702.684,917.836,0,186
1,187,478.6188679245283,918.4754716981132,0,187
1,188,787.5437262357415,920.9809885931559,0,188
1,189,514.027027027027,918.7027027027027,0,189
1,190,673.7935943060498,920.3167259786477,0,190
1,191,652.542735042735,931.7094017094017,0,191
1,192,812.096196868009,934.8747203579418,0,192
1,193,618.4842342342342,935.7094594594595,0,193
1,194,760.356401384083,937.8650519031141,0,194
1,195,458.8112582781457,939.0066225165563,0,195
1,196,701.6437659033079,938.2671755725191,0,196
1,197,85.93900184842883,946.3327171903882,0,197
1,198,494.6757493188011,939.8882833787466,0,198
1,199,156.77528089887642,948.7106741573034,0,199
1,200,557.361963190184,951.7269938650306,0,200
1,201,774.8710462287105,954.5839416058394,0,201
1,202,119.94662921348315,951.2696629213483,0,202
1,203,581.952380952381,956.7794486215539,0,203
1,204,827.2597014925373,951.6716417910447,0,204
1,205,604.7548746518106,963.6183844011142,0,205
1,206,639.8150134048258,960.3833780160858,0,206
1,207,670.5497737556561,967.1221719457013,0,207
1,208,172.40714285714284,964.1107142857143,0,208
1,209,848.5944055944055,964.7027972027972,0,209
1,210,914.9365558912386,961.9003021148036,0,210
1,211,788.9147121535182,972.7846481876333,0,211
1,212,885.2007168458781,972.1541218637993,0,212
1,213,195.6625,974.27,0,213
1,214,137.8693181818182,973.8210227272727,0,214
1,215,224.58115183246073,974.0785340314136,0,215
1,216,82.14470284237726,972.5529715762274,0,216
1,217,272.4355828220859,978.1932515337423,0,217
1,218,966.204268292683,980.810975609756,0,218
1,219,923.5068027210884,981.3061224489796,0,219
2,1,422.3688760806916,59.95389048991355,0,1
2,2,101.96551724137932,86.34482758620689,0,2
2,3,516.6600496277915,83.19602977667493,0,3
2,4,346.80434782608694,78.01304347826087,0,4
2,5,713.4495412844037,78.80733944954129,0,5
2,6,315.2829457364341,82.86821705426357,0,6
2,7,78.55188679245283,101.70283018867924,0,7
2,8,744.674074074074,84.24814814814815,0,8
2,9,558.5904522613065,85.60804020100502,0,9
2,10,793.2213740458016,92.85114503816794,0,10
2,11,367.2567567567568,94.20270270270271,0,11
2,12,695.1254752851711,106.92775665399239,0,12
2,13,811.6284153005464,104.71857923497268,0,13
2,14,339.5,98.67672413793103,0,14
2,15,841.5402298850574,104.65517241379311,0,15
2,16,734.7057728119181,102.74115456238361,0,16
2,17,523.9672727272728,103.49818181818182,0,17
2,18,283.3761467889908,100.70642201834862,0,18
2,19,312.17105263157896,104.39035087719299,0,19
2,20,555.5017182130584,107.15807560137458,0,20
2,21,774.7623762376238,113.5049504950495,0,21
2,22,789.225,118.575,0,22
2,23,106.0,118.00617283950618,0,23
2,24,682.359649122807,123.8625730994152,0,24
2,25,740.6674698795181,125.95421686746988,0,25
2,26,783.335390946502,135.38888888888889,0,26
2,27,928.816120906801,139.32493702770782,0,27
2,28,706.0731070496083,143.45430809399477,0,28
2,29,894.9558823529412,143.75735294117646,0,29
2,30,81.87533875338754,139.89159891598916,0,30
2,31,752.0957446808511,143.95744680851064,0,31
2,32,724.5816091954023,154.55402298850575,0,32
2,33,763.8530120481928,157.26506024096386,0,33
2,34,66.39696312364426,172.824295010846,0,34
2,35,83.89569160997732,184.69160997732428,0,35
2,36,96.08231707317073,203.52743902439025,0,36
2,37,185.63565891472868,200.63953488372093,0,37
2,38,157.23828125,206.15625,0,38
2,39,52.19108280254777,214.82590233545648,0,39
2,40,212.74436090225564,209.26315789473685,0,40
2,41,898.0649038461538,212.48798076923077,0,41
2,42,76.79012345679013,209.14814814814815,0,42
2,43,178.90769230769232,221.87692307692308,0,43
2,44,70.27893175074183,227.2225519287834,0,44
2,45,933.7971014492754,238.77225672877847,0,45
2,46,912.4606060606061,246.7010101010101,0,46
2,47,64.35974304068523,255.41327623126338,0,47
2,48,953.9326315789474,273.1536842105263,0,48
2,49,655.5612244897959,268.4234693877551,0,49
2,50,731.1215805471124,283.2279635258359,0,50
2,51,701.1691919191919,291.01262626262627,0,51
2,52,304.98387096774195,292.90860215053766,0,52
2,53,673.9070351758794,298.1457286432161,0,53
2,54,255.95874263261297,324.14145383104125,0,54
2,55,221.45,332.02241379310345,0,55
2,56,286.3589108910891,316.7722772277228,0,56
2,57,242.15827338129498,329.2014388489209,0,57
2,58,513.8759124087592,328.6715328467153,0,58
2,59,186.80769230769232,339.2751479289941,0,59
2,60,290.79187817258884,340.8096446700508,0,60
2,61,537.2754716981132,346.31320754716984,0,61
2,62,246.0840108401084,352.1951219512195,0,62
2,63,790.574358974359,367.4794871794872,0,63
2,64,285.943119266055,368.548623853211,0,64
2,65,555.944,358.988,0,65
2,66,295.6530612244898,359.03061224489795,0,66
2,67,200.76589595375722,364.9219653179191,0,67
2,68,490.4887218045113,374.2781954887218,0,68
2,69,234.28662420382165,368.46178343949043,0,69
2,70,317.1639784946237,371.3225806451613,0,70
2,71,175.73312883435582,369.70552147239266,0,71
2,72,419.5086206896552,375.0991379310345,0,72
2,73,757.810623556582,371.21939953810625,0,73
2,74,902.7561521252796,369.3288590604027,0,74
2,75,454.0982658959538,377.7360308285164,0,75
2,76,532.016447368421,370.60855263157896,0,76
2,77,718.2886178861788,370.4227642276423,0,77
2,78,692.2772727272727,372.3090909090909,0,78
2,79,672.3390928725702,386.8077753779698,0,79
2,80,561.9019607843137,378.7671568627451,0,80
2,81,357.6796116504854,377.9805825242718,0,81
2,82,853.2293762575453,381.28169014084506,0,82
2,83,271.9472295514512,385.47229551451187,0,83
2,84,227.48843930635837,391.3728323699422,0,84
2,85,644.8929765886288,394.8628762541806,0,85
2,86,64.22096317280453,389.64872521246457,0,86
2,87,520.4235924932976,387.9571045576408,0,87
2,88,713.3181818181819,383.52272727272725,0,88
2,89,904.1354166666666,383.34375,0,89
2,90,204.30659025787966,394.1518624641834,0,90
2,91,420.2037111738604,415.47156111335215,0,91
2,92,756.8347826086956,385.67826086956524,0,92
2,93,96.45192307692308,391.99038461538464,0,93
2,94,875.2021052631579,394.341052631579,0,94
2,95,314.84615384615387,388.16483516483515,0,95
2,96,736.204081632653,389.2108843537415,0,96
2,97,459.47457627118644,390.82485875706215,0,97
2,98,917.4678899082569,393.80045871559633,0,98
2,99,254.434375,398.2,0,99
2,100,381.905737704918,392.8688524590164,0,100
2,101,659.5873015873016,394.3888888888889,0,101
2,102,705.1593220338983,394.6813559322034,0,102
2,103,559.3583815028902,402.28709055876686,0,103
2,104,848.6421052631579,397.0,0,104
2,105,338.88028169014086,397.51408450704224,0,105
2,106,769.5114155251141,398.52054794520546,0,106
2,107,829.8461538461538,406.758547008547,0,107
2,108,305.60069444444446,401.6388888888889,0,108
2,109,509.7351778656126,406.4169960474308,0,109
2,110,460.32488479262673,407.17511520737327,0,110
2,111,667.4412698412698,415.43809523809523,0,111
2,112,614.008695652174,415.4115942028985,0,112
2,113,733.2367491166078,413.64310954063603,0,113
2,114,874.4836734693878,418.7673469387755,0,114
2,115,704.4409937888199,421.463768115942,0,115
2,116,573.3801452784504,419.87651331719127,0,116
2,117,356.43695014662757,415.86803519061584,0,117
2,118,402.07728337236534,429.85948477751754,0,118
2,119,500.494923857868,424.9746192893401,0,119
2,120,761.8318584070796,421.80973451327435,0,120
2,121,528.6458333333334,423.6666666666667,0,121
2,122,614.5103448275862,438.3080459770115,0,122
2,123,647.740625,428.453125,0,123
2,124,532.7085427135678,437.75125628140705,0,124
2,125,891.0555555555555,434.14484126984127,0,125
2,126,382.7939393939394,439.8,0,126
2,127,484.65608465608466,438.8174603174603,0,127
2,128,580.6909090909091,439.03636363636366,0,128
2,129,682.903536977492,440.3890675241158,0,129
2,130,469.51422319474835,452.7396061269147,0,130
2,131,509.0078125,445.546875,0,131
2,132,647.3539518900344,449.97938144329896,0,132
2,133,921.1289640591966,455.36575052854124,0,133
2,134,439.947242206235,459.5443645083933,0,134
2,135,508.50931677018633,462.2919254658385,0,135
2,136,543.9654427645788,477.58099352051835,0,136
2,137,521.1034482758621,479.0919540229885,0,137
2,138,503.32394366197184,493.6737089201878,0,138
2,139,966.1855670103092,491.9329896907216,0,139
2,140,774.6681818181818,493.5272727272727,0,140
2,141,802.3029045643153,494.2780082987552,0,141
2,142,746.5583333333333,515.3833333333333,0,142
2,143,942.150655021834,504.7401746724891,0,143
2,144,532.7290640394089,504.6847290640394,0,144
2,145,969.0636363636364,508.8636363636364,0,145
2,146,763.1428571428571,510.44897959183675,0,146
2,147,101.48358208955224,516.3641791044776,0,147
2,148,724.3550488599349,520.413680781759,0,148
2,149,774.1861042183623,519.3101736972704,0,149
2,150,807.5597826086956,519.8722826086956,0,150
2,151,631.748,517.748,0,151
2,152,930.3824228028503,523.5558194774346,0,152
2,153,602.9778761061947,521.4823008849557,0,153
2,154,553.2365145228216,526.448132780083,0,154
2,155,657.3984220907298,530.5838264299803,0,155
2,156,115.69712793733682,536.1227154046998,0,156
2,157,693.2732919254659,535.9875776397515,0,157
2,158,907.7953488372093,538.4511627906977,0,158
2,159,80.14373088685015,540.8776758409786,0,159
2,160,132.93473193473193,551.8065268065268,0,160
2,161,936.0,547.650655021834,0,161
2,162,966.0707547169811,553.311320754717,0,162
2,163,693.5935483870968,559.1258064516129,0,163
2,164,92.66756756756757,562.5,0,164
2,165,910.8938906752412,562.4340836012861,0,165
2,166,662.8535714285714,566.8785714285714,0,166
2,167,941.0775623268698,570.404432132964,0,167
2,168,494.2012987012987,587.4069264069265,0,168
2,169,111.01356589147287,582.6279069767442,0,169
2,170,904.6889400921659,584.479262672811,0,170
2,171,431.0925925925926,598.0111111111111,0,171
2,172,461.1675675675676,602.7135135135135,0,172
2,173,879.0916230366493,600.1361256544502,0,173
2,174,486.38071065989845,601.8629441624365,0,174
2,175,400.7016129032258,600.9596774193549,0,175
2,176,102.20670391061452,608.4934823091247,0,176
2,177,513.3381555153707,620.7667269439421,0,177
2,178,476.79834254143645,626.3011049723757,0,178
2,179,438.0229007633588,624.5674300254453,0,179
2,180,397.65284974093265,622.2538860103627,0,180
2,181,133.78726968174203,626.6817420435511,0,181
2,182,508.5232198142415,642.4427244582043,0,182
2,183,543.2590361445783,644.4969879518072,0,183
2,184,426.11386138613864,643.3811881188119,0,184
2,185,382.67105263157896,643.8973684210526,0,185
2,186,736.6390728476821,645.615894039735,0,186
2,187,743.3174603174604,671.3492063492064,0,187
2,188,736.6455696202531,660.6455696202531,0,188
2,189,402.0550847457627,664.5021186440678,0,189
2,190,436.60593220338984,673.0889830508474,0,190
2,191,717.2721088435375,670.2517006802722,0,191
2,192,778.3222958057395,673.7395143487859,0,192
2,193,457.4012345679012,683.2572016460905,0,193
2,194,421.30309734513276,703.5132743362832,0,194
2,195,571.9577464788732,718.4225352112676,0,195
2,196,83.90954773869346,725.9170854271357,0,196
2,197,457.9342857142857,721.3171428571428,0,197
2,198,63.98855835240275,734.4118993135012,0,198
2,199,121.86290322580645,732.2876344086021,0,199
2,200,544.6565656565657,733.2565656565656,0,200
2,201,588.9641025641025,735.8205128205128,0,201
2,202,479.6101694915254,744.5536723163842,0,202
2,203,572.0134228187919,742.0335570469799,0,203
2,204,51.403225806451616,741.3387096774194,0,204
2,205,547.8779527559055,753.6299212598425,0,205
2,206,89.03341288782816,761.1431980906922,0,206
2,207,577.7413793103449,756.8103448275862,0,207
2,208,511.42065491183877,768.4937027707808,0,208
2,209,634.8993135011442,762.6864988558352,0,209
2,210,974.8900255754476,772.2685421994885,0,210
2,211,260.47457627118644,770.0536723163842,0,211
2,212,666.2307692307693,774.4076923076923,0,212
2,213,231.178125,777.14375,0,213
2,214,57.63725490196079,769.5882352941177,0,214
2,215,542.974025974026,776.7965367965368,0,215
2,216,220.6225806451613,794.6903225806452,0,216
2,217,264.7567567567568,793.6486486486486,0,217
2,218,49.592592592592595,794.0370370370371,0,218
2,219,243.1375,797.4875,0,219
2,220,80.19540229885058,816.2011494252873,0,220
2,221,795.879271070615,805.0136674259682,0,221
2,222,962.0830188679246,811.4094339622642,0,222
2,223,55.40499040307102,820.6065259117082,0,223
2,224,217.401766004415,817.1125827814569,0,224
2,225,258.07093821510296,813.4713958810069,0,225
2,226,761.183066361556,819.0800915331807,0,226
2,227,790.2727272727273,819.6969696969697,0,227
2,228,811.0038461538461,828.2076923076924,0,228
2,229,912.3843212237093,837.604206500956,0,229
2,230,752.4222873900293,838.592375366569,0,230
2,231,783.7331288343559,841.2361963190184,0,231
2,232,934.7111111111111,846.4343434343434,0,232
2,233,296.4313725490196,852.3098039215686,0,233
2,234,829.526119402985,848.8097014925373,0,234
2,235,70.87945205479453,851.5260273972602,0,235
2,236,795.5889423076923,859.4110576923077,0,236
2,237,969.3936507936507,854.1555555555556,0,237
2,238,709.6087533156499,856.4257294429708,0,238
2,239,756.5578947368421,852.9052631578948,0,239
2,240,553.0323383084577,870.7213930348258,0,240
2,241,758.0426065162907,866.859649122807,0,241
2,242,590.8779342723004,874.5281690140845,0,242
2,243,937.6205962059621,870.7940379403794,0,243
2,244,317.87895716945997,889.0763500931099,0,244
2,245,635.0,873.2823218997362,0,245
2,246,289.56040268456377,882.503355704698,0,246
2,247,692.3051948051948,879.7922077922078,0,247
2,248,663.2657342657343,886.493006993007,0,248
2,249,646.5247524752475,883.4752475247525,0,249
2,250,566.6748878923767,896.6121076233184,0,250
2,251,947.2535787321063,893.4785276073619,0,251
2,252,629.8716666666667,899.8016666666666,0,252
2,253,444.3592233009709,904.7912621359224,0,253
2,254,917.5927601809955,908.420814479638,0,254
2,255,418.76756756756754,906.5675675675676,0,255
2,256,957.0611764705882,916.964705882353,0,256
2,257,399.9314381270903,928.3628762541806,0,257
2,258,443.3048128342246,936.5846702317291,0,258
2,259,931.8663101604278,928.951871657754,0,259
2,260,809.7135416666666,943.21875,0,260
2,261,527.6,944.8949152542373,0,261
2,262,495.87179487179486,945.996336996337,0,262
2,263,51.01930501930502,951.1467181467182,0,263
2,264,116.44642857142857,960.9464285714286,0,264
2,265,789.4750656167979,967.1391076115485,0,265
2,266,38.54761904761905,959.5357142857143,0,266
2,267,501.9261213720317,972.1424802110818,0,267
2,268,760.1363636363636,967.2045454545455,0,268
2,269,475.78682170542635,966.2015503875969,0,269
3,1,439.50840336134456,43.45798319327731,0,1
3,2,159.73026315789474,63.786184210526315,0,2
3,3,456.2906976744186,47.02325581395349,0,3
3,4,505.8415300546448,54.150273224043715,0,4
3,5,60.03220338983051,60.30508474576271,0,5
3,6,256.8548812664908,59.06332453825858,0,6
3,7,207.88872180451128,60.285714285714285,0,7
3,8,458.6794871794872,60.93162393162393,0,8
3,9,124.59216589861751,65.1889400921659,0,9
3,10,88.19301848049281,71.67967145790554,0,10
3,11,939.40097799511,73.82885085574573,0,11
3,12,486.14285714285717,69.09920634920636,0,12
3,13,172.51242236024845,81.47826086956522,0,13
3,14,283.6469135802469,74.22222222222223,0,14
3,15,205.53284671532847,72.47445255474453,0,15
3,16,917.1218961625282,83.17381489841986,0,16
3,17,202.17868338557994,81.92476489028213,0,17
3,18,883.3069977426636,85.76749435665914,0,18
3,19,244.2532637075718,87.35770234986946,0,19
3,20,832.7229916897506,97.78393351800554,0,20
3,21,933.1578947368421,96.65789473684211,0,21
3,22,853.1505882352941,105.34823529411764,0,22
3,23,954.7546174142481,100.04221635883906,0,23
3,24,801.7420382165606,97.15286624203821,0,24
3,25,898.4942307692307,118.45192307692308,0,25
3,26,795.7505330490405,116.89339019189765,0,26
3,27,958.2802101576182,121.23642732049036,0,27
3,28,920.508064516129,123.26612903225806,0,28
3,29,826.4006116207951,129.1987767584098,0,29
3,30,906.3463414634147,151.06341463414634,0,30
3,31,616.2890625,136.5,0,31
3,32,582.1369863013699,136.21917808219177,0,32
3,33,983.2861538461539,141.63076923076923,0,33
3,34,376.86836935166997,141.6286836935167,0,34
3,35,945.6465661641541,145.94807370184256,0,35
3,36,632.4803625377643,153.8882175226586,0,36
3,37,887.804347826087,163.77470355731225,0,37
3,38,407.42946058091286,166.09958506224066,0,38
3,39,821.7034277198212,174.47242921013412,0,39
3,40,595.4741379310345,159.33908045977012,0,40
3,41,852.0707635009311,179.36499068901304,0,41
3,42,972.8907103825137,171.1448087431694,0,42
3,43,936.6940966010734,183.64400715563505,0,43
3,44,954.5570776255707,177.99543378995435,0,44
3,45,872.5258620689655,169.06896551724137,0,45
3,46,631.0518731988473,173.8155619596542,0,46
3,47,547.7857142857143,185.97142857142856,0,47
3,48,834.2352941176471,183.6386554621849,0,48
3,49,919.6722689075631,191.8886554621849,0,49
3,50,596.5786516853933,181.4129213483146,0,50
3,51,869.3516746411483,193.42822966507177,0,51
3,52,564.0266343825666,203.79661016949152,0,52
3,53,635.7981220657277,196.2793427230047,0,53
3,54,805.5652654867257,226.25221238938053,0,54
3,55,897.6071428571429,202.98701298701297,0,55
3,56,601.0788381742739,203.91078838174275,0,56
3,57,829.6299504950495,229.81435643564356,0,57
3,58,532.472972972973,211.61824324324326,0,58
3,59,576.8227848101266,214.27215189873417,0,59
3,60,873.7,231.65535714285716,0,60
3,61,933.1850649350649,217.75974025974025,0,61
3,62,623.7556179775281,224.85393258426967,0,62
3,63,581.8139534883721,228.6813953488372,0,63
3,64,851.8913043478261,231.01207729468598,0,64
3,65,918.5599505562423,232.5142150803461,0,65
3,66,539.0427807486631,232.1818181818182,0,66
3,67,950.1861111111111,240.06944444444446,0,67
3,68,51.74901960784314,240.27058823529413,0,68
3,69,506.0860927152318,245.2980132450331,0,69
3,70,886.7981927710844,253.87048192771084,0,70
3,71,534.7663551401869,246.90654205607476,0,71
3,72,962.0119760479042,250.77844311377245,0,72
3,73,466.72727272727275,256.4040404040404,0,73
3,74,541.1066666666667,258.50444444444446,0,74
3,75,916.6046511627907,256.5610465116279,0,75
3,76,845.8797953964195,262.03580562659846,0,76
3,77,501.9527559055118,268.00787401574803,0,77
3,78,943.9638888888888,270.01944444444445,0,78
3,79,201.35761589403972,267.48123620309053,0,79
3,80,870.4477611940298,265.8059701492537,0,80
3,81,899.4969696969697,266.56363636363636,0,81
3,82,231.32229580573951,274.9690949227373,0,82
3,83,823.1219512195122,264.5243902439024,0,83
3,84,957.172117039587,285.592082616179,0,84
3,85,472.3514492753623,292.83514492753625,0,85
3,86,821.925925925926,278.4227330779055,0,86
3,87,908.719696969697,278.6363636363636,0,87
3,88,875.7305194805194,281.46753246753246,0,88
3,89,67.54945054945055,283.28846153846155,0,89
3,90,43.24731182795699,284.01075268817203,0,90
3,91,381.76106194690266,296.63274336283183,0,91
3,92,113.63679245283019,298.6839622641509,0,92
3,93,925.541884816754,298.20157068062827,0,93
3,94,967.0780487804878,310.48536585365855,0,94
3,95,890.7850746268657,299.6537313432836,0,95
3,96,448.50093808630396,315.97373358348966,0,96
3,97,859.69,306.3666666666667,0,97
3,98,171.3792207792208,302.2779220779221,0,98
3,99,834.1535580524345,305.19850187265916,0,99
3,100,83.74814814814815,303.31111111111113,0,100
3,101,334.9449541284404,304.6536697247706,0,101
3,102,222.33224755700326,308.77198697068405,0,102
3,103,711.3115671641791,324.19962686567163,0,103
3,104,410.42058823529413,310.5882352941176,0,104
3,105,677.4944134078212,323.0139664804469,0,105
3,106,268.31796116504853,327.9271844660194,0,106
3,107,130.49148418491484,316.40875912408757,0,107
3,108,655.2307692307693,326.5076923076923,0,108
3,109,910.7849344978166,322.83187772925766,0,109
3,110,431.39709443099275,324.5956416464891,0,110
3,111,747.4641577060931,322.19354838709677,0,111
3,112,951.6625310173697,325.5732009925558,0,112
3,113,248.1755319148936,329.61436170212767,0,113
3,114,192.66440677966102,319.6101694915254,0,114
3,115,332.66141732283467,319.51181102362204,0,115
3,116,374.9435215946844,320.69435215946845,0,116
3,117,303.390099009901,323.35247524752475,0,117
3,118,155.83435582822085,328.9325153374233,0,118
3,119,601.5467032967033,325.28846153846155,0,119
3,120,630.2284122562675,333.991643454039,0,120
3,121,330.8372513562387,337.24231464737795,0,121
3,122,417.44444444444446,346.3145009416196,0,122
3,123,133.70093457943926,328.5420560747664,0,123
3,124,218.6132930513595,332.97583081570997,0,124
3,125,693.723044397463,348.5221987315011,0,125
3,126,731.6625,333.925,0,126
3,127,882.9209225700165,346.74135090609553,0,127
3,128,895.0094786729858,334.81042654028437,0,128
3,129,919.1037924151697,351.50099800399204,0,129
3,130,377.31849315068496,341.6558219178082,0,130
3,131,119.84117647058824,340.8794117647059,0,131
3,132,236.41772151898735,340.59493670886076,0,132
3,133,303.2738095238095,337.3333333333333,0,133
3,134,181.29972752043597,342.09536784741147,0,134
3,135,441.23197492163007,349.8965517241379,0,135
3,136,728.5,353.26181102362204,0,136
3,137,759.2608695652174,340.14130434782606,0,137
3,138,780.5309734513274,344.03097345132744,0,138
3,139,159.3047619047619,345.73333333333335,0,139
3,140,599.5561643835616,353.0602739726027,0,140
3,141,707.2377049180328,348.9672131147541,0,141
3,142,301.8086206896552,359.24655172413793,0,142
3,143,572.8738738738739,350.64264264264267,0,143
3,144,342.1203007518797,347.98496240601503,0,144
3,145,946.4313725490196,358.1120448179272,0,145
3,146,265.9515306122449,360.6709183673469,0,146
3,147,232.07397260273973,354.4821917808219,0,147
3,148,866.0,359.97536945812806,0,148
3,149,754.6771653543307,356.9251968503937,0,149
3,150,656.6792792792793,357.0018018018018,0,150
3,151,829.6016483516484,358.1978021978022,0,151
3,152,389.10896309314586,370.1599297012302,0,152
3,153,162.7605633802817,360.19919517102613,0,153
3,154,197.73111111111112,370.1088888888889,0,154
3,155,378.7361963190184,356.92024539877303,0,155
3,156,620.9937106918239,367.0660377358491,0,156
3,157,347.46909090909094,363.88363636363636,0,157
3,158,409.55172413793105,367.17241379310343,0,158
3,159,290.0357142857143,367.7261904761905,0,159
3,160,467.0216718266254,376.30650154798764,0,160
3,161,571.6449704142012,374.0887573964497,0,161
3,162,231.56306306306305,376.0810810810811,0,162
3,163,976.1526717557252,384.5979643765903,0,163
3,164,423.47818181818184,380.9927272727273,0,164
3,165,278.4148936170213,382.52127659574467,0,165
3,166,612.2912621359224,388.2839805825243,0,166
3,167,944.3273381294964,386.27338129496405,0,167
3,168,342.1814058956916,385.4104308390023,0,168
3,169,594.2788203753352,398.2573726541555,0,169
3,170,393.84705882352944,390.7529411764706,0,170
3,171,964.5827067669173,400.687969924812,0,171
3,172,428.51798561151077,393.9928057553957,0,172
3,173,527.0449826989619,402.88927335640136,0,173
3,174,104.79083094555874,403.6704871060172,0,174
3,175,218.15223880597014,396.3820895522388,0,175
3,176,297.88038277511964,400.0622009569378,0,176
3,177,932.7548209366391,402.8595041322314,0,177
3,178,273.97687861271675,400.57225433526014,0,178
3,179,447.6991701244813,401.87759336099583,0,179
3,180,559.7029972752043,397.75204359673023,0,180
3,181,252.41304347826087,400.67080745341616,0,181
3,182,475.6177105831533,407.2203023758099,0,182
3,183,399.9385342789598,403.0756501182033,0,183
3,184,348.7938144329897,402.1958762886598,0,184
3,185,357.42505133470223,412.91786447638606,0,185
3,186,323.05816554809843,412.3579418344519,0,186
3,187,66.8099173553719,412.9876033057851,0,187
3,188,296.8421052631579,414.45112781954884,0,188
3,189,111.05147058823529,424.9227941176471,0,189
3,190,589.512,423.19466666666665,0,190
3,191,620.8467966573816,419.8467966573816,0,191
3,192,553.4888888888889,417.1873015873016,0,192
3,193,279.3818181818182,425.2701298701299,0,193
3,194,58.51499118165785,428.9647266313933,0,194
3,195,521.5520581113801,428.49878934624695,0,195
3,196,557.8102189781022,447.3965936739659,0,196
3,197,580.9779249448123,446.962472406181,0,197
3,198,619.8957446808511,442.84468085106386,0,198
3,199,957.2785234899329,449.09060402684565,0,199
3,200,627.064705882353,462.9764705882353,0,200
3,201,905.3373737373737,461.14949494949497,0,201
3,202,60.54245283018868,470.0518867924528,0,202
3,203,315.1,473.9392857142857,0,203
3,204,942.5,474.2457142857143,0,204
3,205,86.83561643835617,472.8447488584475,0,205
3,206,711.7304964539007,478.209219858156,0,206
3,207,263.01384083044985,478.05190311418687,0,207
3,208,766.7016949152543,481.93898305084747,0,208
3,209,744.3003663003662,484.7802197802198,0,209
3,210,901.2637795275591,492.88188976377955,0,210
3,211,680.7873563218391,488.44827586206895,0,211
3,212,867.5561694290976,485.50460405156537,0,212
3,213,289.6885813148789,489.15570934256056,0,213
3,214,925.9474940334129,497.7112171837709,0,214
3,215,62.26168224299065,502.6261682242991,0,215
3,216,951.3899371069182,496.185534591195,0,216
3,217,719.2452229299363,498.1624203821656,0,217
3,218,100.81716417910448,501.8600746268657,0,218
3,219,783.4279475982532,507.68558951965065,0,219
3,220,856.3014861995754,509.66454352441616,0,220
3,221,896.9551282051282,520.8974358974359,0,221
3,222,47.17551020408163,526.9714285714285,0,222
3,223,929.0991189427313,525.2577092511013,0,223
3,224,81.95784543325527,530.679156908665,0,224
3,225,62.98601398601399,526.1888111888112,0,225
3,226,408.0924092409241,538.6369636963697,0,226
3,227,443.89428571428573,540.2114285714285,0,227
3,228,469.9490740740741,550.0416666666666,0,228
3,229,364.755905511811,554.7742782152231,0,229
3,230,509.34933333333333,552.568,0,230
3,231,51.03973509933775,561.7549668874173,0,231
3,232,399.7326086956522,558.45,0,232
3,233,426.51666666666665,555.2166666666667,0,233
3,234,96.03351955307262,554.659217877095,0,234
3,235,481.5673076923077,559.5288461538462,0,235
3,236,344.31159420289856,571.7777777777778,0,236
3,237,434.3022670025189,572.5415617128464,0,237
3,238,302.17848970251714,580.7597254004577,0,238
3,239,323.6070381231672,579.149560117302,0,239
3,240,640.8455056179776,570.0421348314607,0,240
3,241,494.0769230769231,570.6877828054298,0,241
3,242,266.59832635983264,578.0564853556485,0,242
3,243,394.7577777777778,579.7,0,243
3,244,469.92270531400965,577.9420289855072,0,244
3,245,82.9484240687679,585.4154727793697,0,245
3,246,677.1351351351351,578.0513513513514,0,246
3,247,49.38095238095238,589.3412698412699,0,247
3,248,371.06976744186045,597.3927648578812,0,248
3,249,637.4292845257903,592.4126455906822,0,249
3,250,387.1904761904762,592.6394557823129,0,250
3,251,673.1704545454545,591.0568181818181,0,251
3,252,685.2941176470588,601.2523719165085,0,252
3,253,322.3204419889503,601.9226519337017,0,253
3,254,348.690625,606.159375,0,254
3,255,925.8938428874735,603.3630573248407,0,255
3,256,410.0978723404255,604.7553191489362,0,256
3,257,711.3342318059299,618.4582210242587,0,257
3,258,658.2243902439025,615.9853658536585,0,258
3,259,313.4308300395257,615.5652173913044,0,259
3,260,698.3508771929825,613.2631578947369,0,260
3,261,628.991169977925,615.3818984547462,0,261
3,262,889.4763705103969,634.6691871455577,0,262
3,263,941.2210338680927,621.8360071301248,0,263
3,264,662.3695652173913,631.2692307692307,0,264
3,265,746.4345991561181,627.837552742616,0,265
3,266,351.2849056603774,643.5962264150943,0,266
3,267,788.7533936651583,634.0633484162896,0,267
3,268,376.4578313253012,652.9397590361446,0,268
3,269,682.065,644.71,0,269
3,270,608.4027149321267,641.3009049773756,0,270
3,271,903.0086355785837,656.9412780656304,0,271
3,272,959.5193798449612,643.8604651162791,0,272
3,273,921.125,647.2426470588235,0,273
3,274,934.0280701754386,646.7473684210527,0,274
3,275,848.261811023622,648.6377952755905,0,275
3,276,660.5882352941177,644.6470588235294,0,276
3,277,803.1558185404339,652.7179487179487,0,277
3,278,629.5779816513761,649.9449541284404,0,278
3,279,978.744939271255,663.0161943319838,0,279
3,280,612.9087591240876,662.8795620437957,0,280
3,281,919.8427419354839,671.7016129032259,0,281
3,282,866.6677852348994,668.1308724832214,0,282
3,283,835.3857677902622,674.310861423221,0,283
3,284,903.1645569620254,684.1518987341772,0,284
3,285,870.9839449541284,690.9587155963303,0,285
3,286,917.8035714285714,696.9598214285714,0,286
3,287,938.7547169811321,720.4716981132076,0,287
3,288,70.99669421487603,731.9322314049587,0,288
3,289,51.42857142857143,737.2142857142857,0,289
3,290,951.5564102564102,755.4512820512821,0,290
3,291,510.7913669064748,789.089928057554,0,291
3,292,546.5877437325905,798.3259052924791,0,292
3,293,510.09574468085106,804.5425531914893,0,293
3,294,507.0480769230769,819.0730769230769,0,294
3,295,529.9935064935065,812.577922077922,0,295
3,296,622.1176470588235,814.0,0,296
3,297,419.5155925155925,813.4345114345115,0,297
3,298,582.0463917525773,811.6211340206186,0,298
3,299,474.2635253054101,821.4258289703316,0,299
3,300,556.4526315789474,821.4052631578948,0,300
3,301,658.1101928374655,821.2148760330579,0,301
3,302,432.4867256637168,823.2654867256637,0,302
3,303,232.71428571428572,828.7609329446065,0,303
3,304,331.8641509433962,829.0981132075472,0,304
3,305,370.0412371134021,828.6494845360825,0,305
3,306,612.2816399286987,834.7147950089127,0,306
3,307,573.0555555555555,832.4563492063492,0,307
3,308,642.6979166666666,832.7291666666666,0,308
3,309,430.8507992895204,835.0106571936057,0,309
3,310,544.8413793103448,837.1620689655173,0,310
3,311,197.02105263157895,839.1815789473684,0,311
3,312,641.0462633451957,854.4555160142348,0,312
3,313,315.55840455840456,849.6011396011396,0,313
3,314,499.4912891986063,848.184668989547,0,314
3,315,684.8198970840481,852.6089193825043,0,315
3,316,208.69325153374234,851.7484662576687,0,316
3,317,356.0165876777251,849.5639810426541,0,317
3,318,575.6286764705883,853.2665441176471,0,318
3,319,231.8047138047138,854.6195286195286,0,319
3,320,531.5504885993486,857.8892508143323,0,320
3,321,291.1588541666667,860.875,0,321
3,322,208.10734463276836,868.9905838041432,0,322
3,323,264.5609756097561,869.3414634146342,0,323
3,324,251.03765690376568,886.4993026499303,0,324
3,325,330.3492957746479,873.1323943661972,0,325
3,326,743.7376237623762,883.990099009901,0,326
3,327,778.424347826087,891.2034782608696,0,327
3,328,66.79345088161209,891.471032745592,0,328
3,329,181.55528846153845,887.0769230769231,0,329
3,330,310.74747474747477,893.1212121212121,0,330
3,331,51.055882352941175,898.6794117647058,0,331
3,332,102.3969465648855,894.9389312977099,0,332
3,333,130.65458937198068,902.8140096618357,0,333
3,334,200.34246575342465,903.2648401826484,0,334
3,335,352.5215946843854,903.6843853820598,0,335
3,336,244.35769828926905,919.3079315707621,0,336
3,337,159.30248306997743,911.8013544018058,0,337
3,338,171.35555555555555,904.1777777777778,0,338
3,339,606.0307692307692,911.1192307692307,0,339
3,340,96.04306220095694,925.5717703349283,0,340
3,341,550.9282296650717,919.3253588516747,0,341
3,342,204.37878787878788,917.1666666666666,0,342
3,343,116.76967930029154,924.3148688046647,0,343
3,344,575.2342657342657,921.0384615384615,0,344
3,345,148.69230769230768,921.5594405594405,0,345
3,346,215.04379562043795,927.4209245742093,0,346
3,347,332.7097791798107,924.9211356466877,0,347
3,348,374.52564102564105,929.3012820512821,0,348
3,349,231.900826446281,928.1900826446281,0,349
3,350,180.710843373494,943.3511187607573,0,350
3,351,148.8130081300813,937.5447154471544,0,351
3,352,562.703947368421,937.375,0,352
3,353,612.5182072829132,943.9299719887955,0,353
3,354,358.13907284768214,944.5927152317881,0,354
3,355,577.6056782334385,946.1419558359621,0,355
3,356,220.7071197411003,959.7459546925567,0,356
3,357,548.7165991902834,949.0080971659919,0,357
3,358,193.47911547911548,963.948402948403,0,358
3,359,904.9146341463414,970.7103658536586,0,359
4,1,890.5557768924302,42.27490039840637,0,1
4,2,764.9192200557103,43.48189415041783,0,2
4,3,384.6818181818182,44.14646464646464,0,3
4,4,918.655462184874,41.33613445378151,0,4
4,5,261.0845771144279,53.50995024875622,0,5
4,6,921.976821192053,56.615894039735096,0,6
4,7,829.0435967302452,56.822888283378745,0,7
4,8,948.5192307692307,61.19551282051282,0,8
4,9,869.7557077625571,59.9041095890411,0,9
4,10,418.62189054726366,60.45522388059702,0,10
4,11,391.55263157894734,62.06140350877193,0,11
4,12,898.9880952380952,59.11904761904762,0,12
4,13,298.87371134020617,66.18041237113403,0,13
4,14,372.912676056338,66.10704225352113,0,14
4,15,895.9072164948453,74.30240549828179,0,15
4,16,917.474801061008,84.41114058355437,0,16
4,17,950.6359223300971,84.78883495145631,0,17
4,18,398.86309523809524,82.2202380952381,0,18
4,19,542.7777777777778,94.99641577060932,0,19
4,20,385.39952718676125,101.20567375886525,0,20
4,21,418.34177215189874,117.50126582278482,0,21
4,22,515.2439024390244,106.2479674796748,0,22
4,23,479.30721003134795,111.44200626959248,0,23
4,24,444.79829545454544,117.43181818181819,0,24
4,25,404.2232142857143,118.16964285714286,0,25
4,26,336.3529411764706,123.27244582043343,0,26
4,27,393.29430379746833,128.0126582278481,0,27
4,28,366.3835616438356,133.2123287671233,0,28
4,29,476.5968819599109,133.9086859688196,0,29
4,30,431.90588235294115,134.34117647058824,0,30
4,31,435.1442080378251,147.1678486997636,0,31
4,32,344.14285714285717,149.28174603174602,0,32
4,33,61.53179190751445,148.92292870905587,0,33
4,34,377.4483394833948,162.05166051660515,0,34
4,35,87.84510250569475,159.20501138952164,0,35
4,36,64.97,161.58,0,36
4,37,123.48837209302326,169.47357293868922,0,37
4,38,780.2819237147595,194.33996683250413,0,38
4,39,864.0256821829855,180.96147672552166,0,39
4,40,102.33333333333333,185.16666666666666,0,40
4,41,815.3030303030303,185.57894736842104,0,41
4,42,83.421875,195.505859375,0,42
4,43,724.0455927051672,187.08206686930092,0,43
4,44,947.0126582278481,193.67848101265824,0,44
4,45,56.785714285714285,187.39285714285714,0,45
4,46,684.1903409090909,194.89772727272728,0,46
4,47,133.3944099378882,195.1086956521739,0,47
4,48,754.7058823529412,194.8173374613003,0,48
4,49,792.797619047619,192.71428571428572,0,49
4,50,854.9493087557604,193.59907834101384,0,50
4,51,817.4083885209714,209.30684326710818,0,51
4,52,112.78888888888889,203.93333333333334,0,52
4,53,859.3516949152543,207.00635593220338,0,53
4,54,965.9312977099237,209.2290076335878,0,54
4,55,704.0546318289786,210.9643705463183,0,55
4,56,914.3154981549816,212.02767527675277,0,56
4,57,948.2231404958678,210.21487603305786,0,57
4,58,742.7533512064343,212.9785522788204,0,58
4,59,109.20479302832244,222.4553376906318,0,59
4,60,664.5519287833828,218.2166172106825,0,60
4,61,69.09761388286334,227.5227765726681,0,61
4,62,874.5767045454545,228.0596590909091,0,62
4,63,901.989932885906,226.60738255033556,0,63
4,64,948.3393501805054,228.8592057761733,0,64
4,65,846.9722222222222,230.50347222222223,0,65
4,66,975.1050955414013,238.47133757961782,0,66
4,67,916.6826568265683,237.309963099631,0,67
4,68,926.3432098765433,252.9111111111111,0,68
4,69,958.2379807692307,252.5841346153846,0,69
4,70,888.2798634812286,244.61433447098977,0,70
4,71,826.3933823529412,248.12132352941177,0,71
4,72,857.5227272727273,251.52272727272728,0,72
4,73,243.77777777777777,267.1190476190476,0,73
4,74,359.2091503267974,285.5272331154684,0,74
4,75,222.045197740113,284.26553672316385,0,75
4,76,705.1172413793104,296.5770114942529,0,76
4,77,324.6950959488273,297.92110874200426,0,77
4,78,675.1726457399103,307.3609865470852,0,78
4,79,495.8013698630137,312.31164383561645,0,79
4,80,511.8279069767442,326.1767441860465,0,80
4,81,468.02745098039213,325.18039215686275,0,81
4,82,487.9136690647482,335.44604316546764,0,82
4,83,265.3882149046794,352.9358752166378,0,83
4,84,535.8086734693877,339.5229591836735,0,84
4,85,470.1384083044983,346.25259515570934,0,85
4,86,500.95765472312706,354.5114006514658,0,86
4,87,258.5148148148148,386.25,0,87
4,88,622.2264150943396,383.07547169811323,0,88
4,89,648.08,386.1777777777778,0,89
4,90,907.4957746478873,390.5830985915493,0,90
4,91,668.903536977492,398.10932475884243,0,91
4,92,619.1029411764706,403.7676470588235,0,92
4,93,693.4827586206897,406.79937304075236,0,93
4,94,917.3142857142857,412.84,0,94
4,95,585.0983606557377,419.27868852459017,0,95
4,96,623.6,424.8179487179487,0,96
4,97,800.1745152354571,427.29639889196676,0,97
4,98,756.1151385927506,432.0277185501066,0,98
4,99,566.0243902439024,434.06620209059236,0,99
4,100,810.7126696832579,445.7579185520362,0,100
4,101,596.9531772575251,443.5083612040134,0,101
4,102,250.52617079889808,452.74104683195594,0,102
4,103,403.6228956228956,452.53872053872055,0,103
4,104,284.50248756218906,455.48258706467664,0,104
4,105,467.0208333333333,458.875,0,105
4,106,371.3051948051948,458.31493506493507,0,106
4,107,499.95629820051414,462.39588688946014,0,107
4,108,224.89528795811518,470.35602094240835,0,108
4,109,305.19477434679334,475.3634204275534,0,109
4,110,325.8937007874016,476.9173228346457,0,110
4,111,253.67088607594937,483.17215189873417,0,111
4,112,474.336,471.976,0,112
4,113,276.5509708737864,485.59223300970876,0,113
4,114,355.2437673130194,479.0415512465374,0,114
4,115,192.84295612009237,479.18937644341804,0,115
4,116,526.1547085201794,487.12780269058294,0,116
4,117,475.9126436781609,484.848275862069,0,117
4,118,964.8410852713179,488.5232558139535,0,118
4,119,584.2159763313609,500.87278106508876,0,119
4,120,550.5714285714286,500.8775510204082,0,120
4,121,526.75,500.81,0,121
4,122,480.42424242424244,506.0974025974026,0,122
4,123,972.8011204481793,518.9103641456583,0,123
4,124,597.7807692307692,520.098076923077,0,124
4,125,512.2564102564103,526.370808678501,0,125
4,126,529.9952606635071,519.218009478673,0,126
4,127,637.0497512437811,517.6940298507462,0,127
4,128,945.5697674418604,522.4476744186046,0,128
4,129,545.2862190812721,535.839222614841,0,129
4,130,566.7970749542961,541.254113345521,0,130
4,131,960.2430555555555,526.2152777777778,0,131
4,132,627.6258660508083,536.6558891454965,0,132
4,133,597.6674157303371,553.2764044943821,0,133
4,134,313.2878787878788,606.7212121212121,0,134
4,135,280.61587301587304,613.6920634920635,0,135
4,136,370.85376344086023,621.3075268817204,0,136
4,137,342.4008908685969,626.0712694877506,0,137
4,138,434.33234421364983,638.5727002967359,0,138
4,139,398.6735294117647,643.1382352941176,0,139
4,140,574.8528037383178,643.981308411215,0,140
4,141,472.042071197411,645.504854368932,0,141
4,142,501.72594752186586,654.1516034985423,0,142
4,143,155.391785150079,652.6682464454976,0,143
4,144,414.3706666666667,660.424,0,144
4,145,533.5187032418953,666.142144638404,0,145
4,146,469.98837209302326,659.3372093023256,0,146
4,147,731.1222570532915,666.0344827586207,0,147
4,148,445.125,666.9974489795918,0,148
4,149,701.9936507936508,671.1650793650794,0,149
4,150,108.18354430379746,669.9430379746835,0,150
4,151,511.3805309734513,665.5221238938053,0,151
4,152,466.0262626262626,678.5030303030303,0,152
4,153,169.33766233766235,673.0735930735931,0,153
4,154,56.61356466876972,692.4116719242902,0,154
4,155,421.6385542168675,673.7590361445783,0,155
4,156,123.9297052154195,685.1201814058957,0,156
4,157,91.45365853658537,688.6878048780488,0,157
4,158,507.20643431635386,680.1474530831099,0,158
4,159,142.85714285714286,686.8374384236453,0,159
4,160,425.425,690.1604166666667,0,160
4,161,919.334,700.784,0,161
4,162,187.96672828096118,699.2606284658041,0,162
4,163,180.2808988764045,687.9550561797753,0,163
4,164,150.30416666666667,698.40625,0,164
4,165,546.3644444444444,700.4577777777778,0,165
4,166,886.0437375745527,703.6699801192843,0,166
4,167,540.1106382978724,725.063829787234,0,167
4,168,579.9498207885305,727.9014336917563,0,168
4,169,54.07219251336898,737.572192513369,0,169
4,170,584.3592814371258,741.0778443113772,0,170
4,171,622.3700934579439,743.0056074766355,0,171
4,172,577.3663366336634,754.4316831683168,0,172
4,173,624.3936170212766,765.7595744680851,0,173
4,174,92.7690909090909,768.6981818181819,0,174
4,175,541.8919449901769,779.1768172888015,0,175
4,176,368.6345177664975,780.753807106599,0,176
4,177,584.1286549707602,788.2787524366472,0,177
4,178,600.5219123505976,778.0717131474104,0,178
4,179,341.2177650429799,789.5472779369627,0,179
4,180,625.4035087719299,789.1491228070175,0,180
4,181,568.5020161290323,802.796370967742,0,181
4,182,541.2719298245614,794.0438596491229,0,182
4,183,517.8233215547704,806.7279151943463,0,183
4,184,548.2045454545455,809.7272727272727,0,184
4,185,81.63166397415186,815.6316639741518,0,185
4,186,130.51681957186545,823.2262996941896,0,186
4,187,504.7921686746988,825.7560240963855,0,187
4,188,538.6006711409397,829.8322147651006,0,188
4,189,219.86315789473684,833.6673684210526,0,189
4,190,148.72420634920636,841.6746031746031,0,190
4,191,241.21123595505617,848.152808988764,0,191
4,192,178.00222222222223,859.8533333333334,0,192
4,193,208.3853564547206,860.038535645472,0,193
4,194,261.55555555555554,858.8305084745763,0,194
4,195,300.55956678700363,853.7545126353791,0,195
4,196,197.27659574468086,854.3510638297872,0,196
4,197,329.156,856.156,0,197
4,198,348.35353535353534,869.5757575757576,0,198
4,199,274.6864988558352,876.1350114416476,0,199
4,200,365.2314606741573,883.1685393258427,0,200
4,201,716.2340425531914,893.0082742316785,0,201
4,202,217.24137931034483,880.6146044624746,0,202
4,203,200.4294117647059,903.6225490196078,0,203
4,204,419.15405405405403,878.4810810810811,0,204
4,205,288.1021021021021,892.6666666666666,0,205
4,206,321.97302904564316,890.4522821576763,0,206
4,207,387.8102893890675,883.4565916398714,0,207
4,208,283.98823529411766,885.2941176470588,0,208
4,209,238.3293556085919,892.2577565632458,0,209
4,210,962.6731391585761,891.5663430420713,0,210
4,211,407.35185185185185,890.2716049382716,0,211
4,212,307.82278481012656,893.253164556962,0,212
4,213,340.6190476190476,899.6700680272108,0,213
4,214,258.64646464646466,895.5252525252525,0,214
4,215,417.3785594639866,903.8961474036851,0,215
4,216,303.1029411764706,914.3235294117648,0,216
4,217,244.33084112149533,923.9271028037383,0,217
4,218,366.2792079207921,916.1623762376238,0,218
4,219,956.0310880829015,915.5025906735751,0,219
4,220,403.7906976744186,916.2868217054264,0,220
4,221,275.4408866995074,923.064039408867,0,221
4,222,335.55555555555554,932.0331384015594,0,222
4,223,381.8204592901879,932.544885177453,0,223
4,224,206.48458149779736,932.6343612334801,0,224
4,225,292.83288409703505,954.2412398921833,0,225
4,226,287.93356643356645,941.472027972028,0,226
4,227,182.84237726098192,949.7080103359173,0,227
4,228,259.18672199170123,948.8174273858921,0,228
4,229,204.38071065989848,947.2893401015228,0,229
4,230,833.1964679911699,957.523178807947,0,230
4,231,799.8175965665237,958.3862660944206,0,231
4,232,305.85758513931887,962.6780185758514,0,232
4,233,240.44493392070484,971.1101321585903,0,233
5,1,385.14204545454544,46.35795454545455,0,1
5,2,97.85887708649469,55.019726858877085,0,2
5,3,879.0594405594405,43.52447552447553,0,3
5,4,596.3571428571429,49.33116883116883,0,4
5,5,482.27466937945064,71.52187182095625,0,5
5,6,500.5491329479769,63.60693641618497,0,6
5,7,531.6,48.4,0,7
5,8,420.8707865168539,54.52247191011236,0,8
5,9,771.7816901408451,56.90492957746479,0,9
5,10,685.4552486187845,63.158011049723754,0,10
5,11,81.78299776286353,77.20805369127517,0,11
5,12,351.3863636363636,68.77272727272727,0,12
5,13,599.032,62.688,0,13
5,14,887.771349862259,64.76308539944904,0,14
5,15,613.9727463312369,76.27882599580713,0,15
5,16,150.43466666666666,84.44,0,16
5,17,822.9315476190476,76.40178571428571,0,17
5,18,369.62831858407077,75.76106194690266,0,18
5,19,717.7875,72.575,0,19
5,20,137.62962962962962,84.76543209876543,0,20
5,21,679.4915048543689,93.1383495145631,0,21
5,22,857.3132530120482,82.54819277108433,0,22
5,23,594.455223880597,83.82089552238806,0,23
5,24,640.2755102040817,83.09183673469387,0,24
5,25,704.9651416122005,82.78867102396514,0,25
5,26,477.43106457242584,99.26701570680628,0,26
5,27,538.1248357424441,93.93035479632063,0,27
5,28,455.42857142857144,94.78195488721805,0,28
5,29,605.0428571428571,95.57619047619048,0,29
5,30,649.6507276507276,100.995841995842,0,30
5,31,133.90845070422534,109.03521126760563,0,31
5,32,432.89516129032256,101.45161290322581,0,32
5,33,449.64516129032256,109.89964157706093,0,33
5,34,769.86875,118.13333333333334,0,34
5,35,574.0334821428571,116.03794642857143,0,35
5,36,413.47214854111405,116.37135278514589,0,36
5,37,539.7628205128206,120.36858974358974,0,37
5,38,512.8878923766816,118.85201793721973,0,38
5,39,445.2283464566929,130.70866141732284,0,39
5,40,795.5336927223719,134.68463611859838,0,40
5,41,916.1492063492063,136.5047619047619,0,41
5,42,829.2301587301587,154.42857142857142,0,42
5,43,862.5619047619048,152.9936507936508,0,43
5,44,949.6136363636364,153.20833333333334,0,44
5,45,379.9020501138952,156.85649202733484,0,45
5,46,884.03,154.43,0,46
5,47,867.2665782493368,178.21352785145888,0,47
5,48,412.0144329896907,170.24742268041237,0,48
5,49,894.1405835543767,172.48806366047745,0,49
5,50,943.3140096618357,197.59710144927536,0,50
5,51,365.80330578512394,182.5190082644628,0,51
5,52,825.8872180451128,193.52067669172934,0,52
5,53,796.4398976982097,195.22762148337597,0,53
5,54,409.8690476190476,192.9047619047619,0,54
5,55,275.64639639639637,201.0608108108108,0,55
5,56,861.1390887290167,201.3549160671463,0,56
5,57,899.6561743341405,204.96610169491527,0,57
5,58,914.8799603174604,222.75099206349208,0,58
5,59,838.1684210526316,225.54526315789474,0,59
5,60,799.3351648351648,229.97802197802199,0,60
5,61,280.32911392405066,215.27848101265823,0,61
5,62,267.77516059957173,222.68522483940043,0,62
5,63,229.17880794701986,224.43046357615893,0,63
5,64,304.84285714285716,230.68392857142857,0,64
5,65,869.2269076305221,226.66465863453814,0,65
5,66,679.256926952141,227.3198992443325,0,66
5,67,819.4764705882353,233.05,0,67
5,68,944.3167938931298,226.12977099236642,0,68
5,69,708.8425196850394,247.1771653543307,0,69
5,70,921.8516320474778,240.9287833827893,0,70
5,71,519.1461377870563,248.51565762004176,0,71
5,72,489.4164989939638,245.70422535211267,0,72
5,73,124.49253731343283,250.09381663113007,0,73
5,74,954.2364170337738,244.41116005873715,0,74
5,75,228.7079107505071,247.97971602434077,0,75
5,76,264.8038147138965,245.68937329700273,0,76
5,77,298.7565982404692,250.26392961876832,0,77
5,78,145.78091397849462,258.47983870967744,0,78
5,79,656.8089005235602,247.217277486911,0,79
5,80,861.9605263157895,254.80263157894737,0,80
5,81,680.8764258555133,261.79467680608366,0,81
5,82,529.4910447761195,268.11641791044775,0,82
5,83,884.5438596491229,265.68810916179336,0,83
5,84,841.0021551724138,265.04525862068965,0,84
5,85,536.4612903225807,290.46370967741933,0,85
5,86,493.2352941176471,259.58235294117645,0,86
5,87,813.5710382513661,268.78688524590166,0,87
5,88,952.6355140186915,261.4672897196262,0,88
5,89,270.45666666666665,268.3883333333333,0,89
5,90,694.7340425531914,264.1489361702128,0,90
5,91,904.2879377431907,265.20622568093387,0,91
5,92,794.3731170336038,284.2178447276941,0,92
5,93,643.9345637583892,282.3758389261745,0,93
5,94,953.4972677595629,274.56830601092895,0,94
5,95,742.8849721706864,270.1410018552876,0,95
5,96,481.9017013232514,273.4725897920605,0,96
5,97,872.6694214876034,288.17148760330576,0,97
5,98,560.6225854383358,295.925705794948,0,98
5,99,58.85606060606061,275.5378787878788,0,99
5,100,704.8972602739726,281.716894977169,0,100
5,101,594.56640625,286.01171875,0,101
5,102,86.7531305903399,294.8389982110912,0,102
5,103,448.4901960784314,291.0840336134454,0,103
5,104,656.5236593059936,295.32807570977917,0,104
5,105,116.49664429530202,289.33557046979865,0,105
5,106,837.218085106383,292.74468085106383,0,106
5,107,679.3636363636364,286.7676767676768,0,107
5,108,575.7426778242677,305.75941422594144,0,108
5,109,259.5821917808219,287.81164383561645,0,109
5,110,282.9128386336867,308.52532391048294,0,110
5,111,903.6254416961131,293.87279151943466,0,111
5,112,764.7425614489003,302.02199223803365,0,112
5,113,853.5052631578948,291.94736842105266,0,113
5,114,416.2352941176471,292.7676470588235,0,114
5,115,462.8251366120219,306.5719489981785,0,115
5,116,722.5472779369627,297.0888252148997,0,116
5,117,483.99504337050803,312.3940520446097,0,117
5,118,238.3734693877551,302.0081632653061,0,118
5,119,380.3949843260188,298.29153605015676,0,119
5,120,823.075723830735,309.00890868596883,0,120
5,121,684.7374517374517,299.0733590733591,0,121
5,122,510.7755102040816,299.85714285714283,0,122
5,123,322.6023529411765,309.06823529411764,0,123
5,124,194.2109375,304.296875,0,124
5,125,594.1944444444445,306.44444444444446,0,125
5,126,871.523598820059,323.69321533923306,0,126
5,127,358.87699316628704,316.65831435079724,0,127
5,128,429.4945054945055,320.72527472527474,0,128
5,129,394.92490118577075,315.09090909090907,0,129
5,130,619.8387096774194,314.7204301075269,0,130
5,131,851.6788008565311,332.58886509635977,0,131
5,132,896.0276243093923,329.57826887661145,0,132
5,133,914.1299638989169,322.0,0,133
5,134,262.65204678362574,328.6608187134503,0,134
5,135,623.8103756708408,327.04114490161004,0,135
5,136,793.3855421686746,328.3092369477912,0,136
5,137,520.3407894736843,342.22763157894735,0,137
5,138,565.7829787234042,337.531914893617,0,138
5,139,937.0360655737705,329.0065573770492,0,139
5,140,316.2800982800983,329.23587223587225,0,140
5,141,967.9260312944524,343.8605974395448,0,141
5,142,349.0509708737864,339.1432038834951,0,142
5,143,381.7562326869806,338.1551246537396,0,143
5,144,489.9047619047619,349.4940476190476,0,144
5,145,294.68470588235294,344.3552941176471,0,145
5,146,924.5230263157895,346.9243421052632,0,146
5,147,505.43243243243245,336.7567567567568,0,147
5,148,226.20481927710844,347.7530120481928,0,148
5,149,479.1727272727273,341.8909090909091,0,149
5,150,457.3897959183673,346.8204081632653,0,150
5,151,263.43342036553526,356.9751958224543,0,151
5,152,197.54502369668248,352.6090047393365,0,152
5,153,948.8566552901024,351.4129692832764,0,153
5,154,324.0699300699301,352.2972027972028,0,154
5,155,111.29199549041714,386.65614430665164,0,155
5,156,89.70772946859903,370.85748792270533,0,156
5,157,169.05882352941177,368.4736842105263,0,157
5,158,63.87108013937282,361.62717770034845,0,158
5,159,541.2804232804233,363.4047619047619,0,159
5,160,317.14044943820227,370.3300561797753,0,160
5,161,137.26614481409,377.5009784735812,0,161
5,162,252.68487394957984,376.52941176470586,0,162
5,163,218.54102564102564,374.2,0,163
5,164,513.0805970149254,381.17313432835823,0,164
5,165,201.3507462686567,387.2686567164179,0,165
5,166,161.5438381361128,404.773145309626,0,166
5,167,292.2682926829268,379.9024390243902,0,167
5,168,538.5470852017937,383.3497757847534,0,168
5,169,241.8019801980198,385.94059405940595,0,169
5,170,288.8378870673953,393.10928961748635,0,170
5,171,948.2727272727273,409.8756957328386,0,171
5,172,234.58271935699932,415.43201607501675,0,172
5,173,979.5098468271335,422.6761487964989,0,173
5,174,960.1726618705036,414.7338129496403,0,174
5,175,194.6727642276423,429.9471544715447,0,175
5,176,439.69789227166274,420.43793911007026,0,176
5,177,710.643109540636,426.03533568904595,0,177
5,178,258.4833625218914,428.41155866900175,0,178
5,179,950.910623946037,448.1989881956155,0,179
5,180,971.1383647798742,441.42138364779873,0,180
5,181,415.83392857142854,434.73214285714283,0,181
5,182,158.9655172413793,438.1034482758621,0,182
5,183,450.13824884792626,443.7350230414747,0,183
5,184,733.065637065637,444.56370656370655,0,184
5,185,409.9721577726218,456.34570765661255,0,185
5,186,453.85744680851064,463.4531914893617,0,186
5,187,888.3059490084986,464.4164305949009,0,187
5,188,918.2130177514792,472.08284023668637,0,188
5,189,865.1678321678322,478.54079254079255,0,189
5,190,817.8266666666667,475.8777777777778,0,190
5,191,416.05693296602385,485.42883379247013,0,191
5,192,844.228813559322,481.635593220339,0,192
5,193,154.85202863961814,491.2124105011933,0,193
5,194,473.0783505154639,487.8288659793814,0,194
5,195,893.4404761904761,488.7886904761905,0,195
5,196,835.2658486707567,495.42944785276075,0,196
5,197,134.38443396226415,512.7924528301887,0,197
5,198,445.0856610800745,508.91620111731845,0,198
5,199,397.0753064798599,517.2049036777584,0,199
5,200,471.8498727735369,521.4478371501273,0,200
5,201,601.183879093199,519.7153652392947,0,201
5,202,88.36842105263158,520.6771929824562,0,202
5,203,439.2721774193548,531.8991935483871,0,203
5,204,628.0673076923077,529.2948717948718,0,204
5,205,118.3407643312102,530.5350318471337,0,205
5,206,64.27808988764045,533.9859550561798,0,206
5,207,394.07027027027027,531.7621621621622,0,207
5,208,575.7016129032259,537.9354838709677,0,208
5,209,112.33916083916084,549.0926573426574,0,209
5,210,340.27237354085605,534.7198443579766,0,210
5,211,378.0722433460076,537.4600760456274,0,211
5,212,601.0519187358916,545.6388261851016,0,212
5,213,661.8424242424243,548.9979797979798,0,213
5,214,87.34656084656085,548.9656084656085,0,214
5,215,335.0533880903491,553.5092402464065,0,215
5,216,627.6361940298508,555.5223880597015,0,216
5,217,53.271523178807946,546.0,0,217
5,218,405.33687943262413,547.7907801418439,0,218
5,219,553.6952380952381,548.6349206349206,0,219
5,220,615.4255319148937,548.9716312056737,0,220
5,221,297.9025974025974,567.3603896103896,0,221
5,222,99.855421686747,562.2409638554217,0,222
5,223,517.172077922078,567.4123376623377,0,223
5,224,583.6863270777479,569.2037533512064,0,224
5,225,546.6632302405499,569.0824742268042,0,225
5,226,566.2983870967741,577.7862903225806,0,226
5,227,178.13953488372093,579.9232558139535,0,227
5,228,438.8248730964467,576.1345177664974,0,228
5,229,310.6749226006192,584.7120743034055,0,229
5,230,397.2180685358255,587.6604361370717,0,230
5,231,716.6602176541717,616.4885126964933,0,231
5,232,515.488322717622,592.1316348195329,0,232
5,233,564.7948207171315,593.215139442231,0,233
5,234,296.671600877193,628.1677631578947,0,234
5,235,361.93594306049823,599.2348754448399,0,235
5,236,180.29184549356222,606.4914163090128,0,236
5,237,615.9427792915532,599.2370572207085,0,237
5,238,269.8474576271187,608.7994350282486,0,238
5,239,420.26237623762376,609.0618811881188,0,239
5,240,306.07,606.07,0,240
5,241,394.475,621.0833333333334,0,241
5,242,971.5168539325842,619.5477528089888,0,242
5,243,325.56962025316454,621.746835443038,0,243
5,244,608.2995495495495,626.231981981982,0,244
5,245,655.9960317460317,626.7519841269841,0,245
5,246,881.9191011235955,638.1865168539326,0,246
5,247,579.9439252336449,626.9065420560747,0,247
5,248,409.0851276915373,651.0405608412619,0,248
5,249,433.04804804804803,633.5975975975975,0,249
5,250,561.6587926509186,635.5958005249344,0,250
5,251,332.96285714285716,638.5914285714285,0,251
5,252,915.7567010309278,647.7711340206185,0,252
5,253,734.3028720626631,643.3498694516971,0,253
5,254,316.2391304347826,653.4565217391304,0,254
5,255,470.150462962963,650.0208333333334,0,255
5,256,698.2356020942408,654.7347294938918,0,256
5,257,749.5073529411765,661.6433823529412,0,257
5,258,453.8980477223427,671.4295010845987,0,258
5,259,593.2383292383292,678.6093366093367,0,259
5,260,552.0682492581602,680.2670623145401,0,260
5,261,430.06985294117646,692.9246323529412,0,261
5,262,519.6685934489402,694.1811175337186,0,262
5,263,405.6292134831461,686.5730337078652,0,263
5,264,529.8735632183908,683.8735632183908,0,264
5,265,443.58415841584156,685.1881188118812,0,265
5,266,475.66285714285715,691.2342857142858,0,266
5,267,463.52905198776756,697.1100917431193,0,267
5,268,846.7102803738318,696.6043613707166,0,268
5,269,815.796992481203,696.4022556390977,0,269
5,270,392.7453027139875,699.6471816283924,0,270
5,271,517.6635514018692,705.5981308411215,0,271
5,272,496.8456375838926,709.8154362416108,0,272
5,273,547.534328358209,726.8223880597014,0,273
5,274,611.7580246913581,729.3654320987654,0,274
5,275,200.96222664015906,732.699801192843,0,275
5,276,505.5844155844156,752.3209647495362,0,276
5,277,538.6146603900471,763.5642232683255,0,277
5,278,614.502358490566,752.4245283018868,0,278
5,279,144.11145510835914,739.4164086687307,0,279
5,280,936.055737704918,742.5573770491803,0,280
5,281,611.7674418604652,740.453488372093,0,281
5,282,84.93838862559242,759.7156398104265,0,282
5,283,484.9436090225564,757.9285714285714,0,283
5,284,54.20630372492837,755.1375358166189,0,284
5,285,146.06666666666666,751.2444444444444,0,285
5,286,169.9,758.6056603773585,0,286
5,287,204.86604361370718,760.7601246105919,0,287
5,288,745.9629629629629,755.7508417508418,0,288
5,289,71.6219512195122,760.0731707317074,0,289
5,290,778.6480836236934,761.2648083623693,0,290
5,291,127.18840579710145,760.822463768116,0,291
5,292,605.1414634146341,772.4609756097561,0,292
5,293,156.94295302013424,781.7063758389262,0,293
5,294,563.720194647202,779.9294403892944,0,294
5,295,176.1072319201995,785.501246882793,0,295
5,296,129.78571428571428,790.7683982683983,0,296
5,297,481.6489361702128,787.0709219858156,0,297
5,298,582.7546391752577,793.2041237113402,0,298
5,299,197.68796992481202,796.4172932330827,0,299
5,300,105.06137184115524,798.0036101083033,0,300
5,301,172.19076923076923,807.996923076923,0,301
5,302,217.12139917695472,816.6358024691358,0,302
5,303,534.5136268343815,804.9811320754717,0,303
5,304,586.2408026755853,812.2742474916388,0,304
5,305,129.10128617363344,814.983922829582,0,305
5,306,626.7698815566836,817.9306260575296,0,306
5,307,162.44731977818853,830.4695009242145,0,307
5,308,564.6813559322034,832.6610169491526,0,308
5,309,252.37100213219617,832.138592750533,0,309
5,310,620.6842105263158,830.9157894736842,0,310
5,311,590.1252653927813,838.1910828025477,0,311
5,312,636.8223552894211,840.6746506986028,0,312
5,313,582.4397260273972,858.172602739726,0,313
5,314,641.9437585733882,862.9711934156379,0,314
5,315,602.2,882.4657534246576,0,315
5,316,573.1120689655172,878.5258620689655,0,316
5,317,635.4586739327884,889.5376930063578,0,317
5,318,679.4113110539846,896.9485861182519,0,318
5,319,576.5465838509317,901.9130434782609,0,319
5,320,635.4855072463768,897.8913043478261,0,320
5,321,644.4539614561028,909.3640256959314,0,321
5,322,592.7701492537313,914.6746268656716,0,322
5,323,836.8862275449102,917.5479041916168,0,323
5,324,332.560706401766,921.5298013245033,0,324
5,325,869.2044728434505,927.5814696485623,0,325
5,326,789.7722419928825,928.9395017793594,0,326
5,327,820.9166666666666,931.6666666666666,0,327
5,328,304.61206896551727,941.573275862069,0,328
5,329,330.3724137931035,936.351724137931,0,329
5,330,344.9597315436242,943.7225950782998,0,330
5,331,866.4835164835165,943.7802197802198,0,331
5,332,151.19412724306687,963.5089722675367,0,332
5,333,881.0604982206406,949.4982206405693,0,333
5,334,128.95222929936307,958.7675159235669,0,334
5,335,103.24584717607974,956.0564784053156,0,335
5,336,593.1479099678456,965.6270096463022,0,336
5,337,854.6340579710145,965.2210144927536,0,337
5,338,114.34782608695652,970.0310559006211,0,338
5,339,80.30696202531645,974.4272151898734,0,339
6,1,261.0731364275668,68.65963431786217,0,1
6,2,922.9563758389262,46.18120805369127,0,2
6,3,710.5647668393782,48.61139896373057,0,3
6,4,736.7297297297297,50.54864864864865,0,4
6,5,140.28169014084506,51.52676056338028,0,5
6,6,394.19365609348915,61.664440734557594,0,6
6,7,706.7081447963801,63.19457013574661,0,7
6,8,950.9573770491803,58.75737704918033,0,8
6,9,897.7095588235294,60.93014705882353,0,9
6,10,182.78666666666666,67.04266666666666,0,10
6,11,110.21804511278195,71.99498746867168,0,11
6,12,926.0766423357665,69.33941605839416,0,12
6,13,521.1485714285715,72.34857142857143,0,13
6,14,348.5964912280702,77.2421052631579,0,14
6,15,148.22857142857143,72.79142857142857,0,15
6,16,464.83203125,80.8515625,0,16
6,17,337.99323410013534,102.70365358592693,0,17
6,18,493.7360594795539,79.75092936802974,0,18
6,19,509.2903225806452,87.90322580645162,0,19
6,20,82.97472924187726,88.76895306859205,0,20
6,21,109.8671875,86.7578125,0,21
6,22,360.6707616707617,96.86732186732186,0,22
6,23,308.26694045174537,103.20739219712526,0,23
6,24,551.3928571428571,95.98214285714286,0,24
6,25,526.046904315197,104.74296435272045,0,25
6,26,490.7166276346604,101.31147540983606,0,26
6,27,713.4121212121212,97.93333333333334,0,27
6,28,111.36363636363636,100.5909090909091,0,28
6,29,287.94384449244063,111.36069114470843,0,29
6,30,709.7831325301205,119.87710843373495,0,30
6,31,419.36345381526104,116.27710843373494,0,31
6,32,479.558024691358,119.37283950617284,0,32
6,33,162.83236994219652,119.3121387283237,0,33
6,34,329.68979591836734,128.30612244897958,0,34
6,35,377.08924731182793,147.57849462365593,0,35
6,36,734.4502617801047,137.79057591623035,0,36
6,37,761.8808139534884,132.26453488372093,0,37
6,38,796.8943298969073,131.1701030927835,0,38
6,39,415.84142394822004,137.3915857605178,0,39
6,40,359.8764367816092,138.94540229885058,0,40
6,41,444.6969696969697,136.83838383838383,0,41
6,42,603.7706093189964,139.64874551971326,0,42
6,43,817.327380952381,151.6626984126984,0,43
6,44,843.8004535147393,148.92290249433105,0,44
6,45,496.1709183673469,152.87755102040816,0,45
6,46,786.075,150.875,0,46
6,47,637.5775577557756,144.16831683168317,0,47
6,48,511.0,149.07619047619048,0,48
6,49,919.5508021390374,158.22994652406416,0,49
6,50,589.553903345725,167.2193308550186,0,50
6,51,755.0106100795756,158.6737400530504,0,51
6,52,602.0871794871795,160.2153846153846,0,52
6,53,871.6459143968872,153.97665369649806,0,53
6,54,575.9159663865546,162.52941176470588,0,54
6,55,400.56437768240346,171.343347639485,0,55
6,56,430.5192307692308,156.03021978021977,0,56
6,57,848.9866666666667,163.26222222222222,0,57
6,58,622.9949367088608,165.0126582278481,0,58
6,59,897.3647540983607,165.70901639344262,0,59
6,60,959.7335025380711,162.19289340101523,0,60
6,61,517.8385416666666,173.23697916666666,0,61
6,62,375.27872340425535,177.60851063829787,0,62
6,63,766.7364532019704,177.47536945812809,0,63
6,64,413.5869565217391,201.01222826086956,0,64
6,65,798.2801932367149,181.7512077294686,0,65
6,66,860.429003021148,176.8368580060423,0,66
6,67,828.9906542056075,179.68847352024923,0,67
6,68,630.2810902896082,187.84667802385007,0,68
6,69,538.9406779661017,203.42937853107344,0,69
6,70,565.6715686274509,205.09313725490196,0,70
6,71,450.4293893129771,231.92748091603053,0,71
6,72,378.1025641025641,243.8148148148148,0,72
6,73,406.495,250.64,0,73
6,74,197.79753086419754,268.0074074074074,0,74
6,75,229.35030549898167,268.72097759674136,0,75
6,76,735.2790697674419,278.4207188160677,0,76
6,77,757.5327102803739,279.3738317757009,0,77
6,78,127.45261121856866,286.11798839458413,0,78
6,79,100.8832,297.84,0,79
6,80,775.7508305647841,300.9401993355482,0,80
6,81,727.7350993377484,308.7836644591612,0,81
6,82,562.9528662420382,317.5363057324841,0,82
6,83,754.9557522123894,306.27433628318585,0,83
6,84,150.92050874403816,326.17806041335456,0,84
6,85,105.95484727755644,321.64541832669323,0,85
6,86,796.1726618705036,324.48201438848923,0,86
6,87,234.21475054229936,347.19739696312365,0,87
6,88,203.78571428571428,354.434693877551,0,88
6,89,863.6120092378753,350.77367205542726,0,89
6,90,903.353813559322,367.9936440677966,0,90
6,91,220.03430079155672,379.1451187335092,0,91
6,92,876.8065326633166,377.99748743718595,0,92
6,93,839.6512261580382,371.8555858310627,0,93
6,94,934.5848563968668,387.8041775456919,0,94
6,95,864.0561224489796,395.4591836734694,0,95
6,96,254.6130536130536,391.35198135198135,0,96
6,97,905.1771771771772,395.87987987987987,0,97
6,98,54.87893462469734,396.5133171912833,0,98
6,99,970.0700636942676,394.81847133757964,0,99
6,100,810.3706666666667,392.192,0,100
6,101,843.353115727003,399.893175074184,0,101
6,102,890.3059866962305,412.8580931263858,0,102
6,103,924.7904509283819,416.81962864721487,0,103
6,104,820.5862944162436,413.71573604060916,0,104
6,105,786.1381215469613,415.69060773480663,0,105
6,106,866.1352112676057,424.37746478873237,0,106
6,107,826.7408026755853,441.03511705685617,0,107
6,108,969.9354838709677,433.3049853372434,0,108
6,109,807.281914893617,432.9335106382979,0,109
6,110,456.6738703339882,451.29469548133596,0,110
6,111,852.5413870246085,445.72035794183444,0,111
6,112,773.5294117647059,441.3254901960784,0,112
6,113,882.8333333333334,446.7388888888889,0,113
6,114,509.7956730769231,452.4206730769231,0,114
6,115,475.7259036144578,459.5692771084337,0,115
6,116,537.9976247030879,463.58194774346794,0,116
6,117,699.8383458646616,467.2293233082707,0,117
6,118,95.20058997050147,464.3746312684366,0,118
6,119,506.82035175879395,492.62311557788945,0,119
6,120,492.25384615384615,481.53076923076924,0,120
6,121,545.3169934640523,486.03921568627453,0,121
6,122,331.0911528150134,480.5817694369973,0,122
6,123,61.64181818181818,494.12,0,123
6,124,468.60472972972974,487.2432432432432,0,124
6,125,662.973293768546,486.32047477744806,0,125
6,126,112.70530877573131,508.3726977248104,0,126
6,127,688.8041958041958,487.53146853146853,0,127
6,128,94.3495652173913,501.48,0,128
6,129,707.475,499.35,0,129
6,130,139.35978835978835,496.9153439153439,0,130
6,131,303.26498422712933,491.782334384858,0,131
6,132,739.8786692759295,502.3307240704501,0,132
6,133,644.1633802816901,505.3295774647887,0,133
6,134,129.55905511811022,509.1968503937008,0,134
6,135,472.37231503579955,513.2959427207637,0,135
6,136,673.0434782608696,511.9048913043478,0,136
6,137,419.79809523809524,521.287619047619,0,137
6,138,168.719165085389,525.0493358633776,0,138
6,139,710.2665245202559,531.0355366027007,0,139
6,140,82.6969696969697,523.5555555555555,0,140
6,141,394.91640866873064,535.2229102167182,0,141
6,142,662.1590361445783,532.3156626506025,0,142
6,143,976.6395348837209,529.328488372093,0,143
6,144,345.1786833855799,538.2789968652038,0,144
6,145,202.6629570747218,536.0922098569157,0,145
6,146,86.49190938511327,538.9741100323624,0,146
6,147,714.2222222222222,548.0191570881226,0,147
6,148,950.5514018691589,545.7850467289719,0,148
6,149,251.42680412371135,560.6103092783505,0,149
6,150,368.7174721189591,556.3197026022304,0,150
6,151,349.5301204819277,548.6144578313254,0,151
6,152,458.09180327868853,554.6098360655737,0,152
6,153,212.83371298405467,555.3462414578588,0,153
6,154,665.820788530466,561.410394265233,0,154
6,155,73.42089552238807,563.7462686567164,0,155
6,156,280.65028901734104,560.3728323699422,0,156
6,157,389.5019607843137,565.9294117647058,0,157
6,158,339.6207729468599,565.3768115942029,0,158
6,159,485.00369003690037,561.0885608856089,0,159
6,160,513.578947368421,563.0263157894736,0,160
6,161,436.531007751938,574.9186046511628,0,161
6,162,460.8466453674121,579.926517571885,0,162
6,163,329.34794520547945,588.8438356164384,0,163
6,164,360.30470914127426,585.3407202216066,0,164
6,165,389.5413870246085,594.2818791946308,0,165
6,166,409.71612903225804,586.1387096774193,0,166
6,167,490.3246753246753,582.2077922077922,0,167
6,168,300.0506756756757,598.7162162162163,0,168
6,169,96.73684210526316,602.0526315789474,0,169
6,170,364.03143418467585,608.1139489194499,0,170
6,171,440.5923566878981,601.6178343949044,0,171
6,172,319.66355140186914,601.9532710280374,0,172
6,173,325.17147707979626,615.446519524618,0,173
6,174,364.9580838323353,631.9071856287425,0,174
6,175,331.14156626506025,633.7349397590361,0,175
6,176,307.1238532110092,648.4724770642201,0,176
6,177,334.7655986509275,663.8448566610456,0,177
6,178,358.7178947368421,660.3452631578947,0,178
6,179,350.6818181818182,671.8068181818181,0,179
6,180,307.62025316455697,677.6983122362869,0,180
6,181,323.69026548672565,704.2964601769911,0,181
6,182,273.06921241050117,695.0859188544152,0,182
6,183,351.4295010845987,701.6616052060738,0,183
6,184,295.9864077669903,705.178640776699,0,184
6,185,489.88421052631577,738.9157894736842,0,185
6,186,802.9722222222222,734.4267676767677,0,186
6,187,555.7535816618911,744.5100286532951,0,187
6,188,607.285393258427,740.5640449438202,0,188
6,189,841.0967741935484,743.9776674937965,0,189
6,190,522.7590027700832,744.606648199446,0,190
6,191,573.6512195121951,755.8390243902439,0,191
6,192,784.4418985270049,758.5531914893617,0,192
6,193,823.0153172866521,758.3304157549234,0,193
6,194,560.6172839506173,760.0,0,194
6,195,512.7309833024119,762.2541743970315,0,195
6,196,855.6101694915254,772.3114406779661,0,196
6,197,484.32747252747254,774.7802197802198,0,197
6,198,551.6276978417267,777.1223021582733,0,198
6,199,764.4574780058651,772.3812316715542,0,199
6,200,605.5195822454308,783.5900783289817,0,200
6,201,629.1176470588235,778.443137254902,0,201
6,202,526.8571428571429,778.4887218045113,0,202
6,203,812.765306122449,792.2312925170068,0,203
6,204,579.9364406779661,794.3368644067797,0,204
6,205,515.457711442786,793.1442786069651,0,205
6,206,782.56,790.6215384615384,0,206
6,207,467.52597402597405,791.1655844155844,0,207
6,208,544.1422121896162,798.0970654627539,0,208
6,209,845.467554076539,800.0482529118136,0,209
6,210,492.26686217008796,803.1671554252199,0,210
6,211,533.1951219512196,808.5121951219512,0,211
6,212,503.1652892561983,822.198347107438,0,212
6,213,379.7164634146341,819.8963414634146,0,213
6,214,409.52957746478876,823.0338028169014,0,214
6,215,531.8181818181819,823.4545454545455,0,215
6,216,839.1925925925926,823.0037037037036,0,216
6,217,811.9578544061303,830.2413793103449,0,217
6,218,518.8994708994709,843.8677248677249,0,218
6,219,700.0575396825396,852.938492063492,0,219
6,220,754.6903633491311,857.7677725118483,0,220
6,221,671.8300220750552,861.5408388520972,0,221
6,222,782.775641025641,854.3012820512821,0,222
6,223,598.3882352941176,858.1323529411765,0,223
6,224,788.0907127429806,868.3866090712743,0,224
6,225,76.92932862190813,879.2862190812721,0,225
6,226,941.6816479400749,884.1535580524345,0,226
6,227,370.7055702917772,880.710875331565,0,227
6,228,753.7505330490405,893.1257995735608,0,228
6,229,965.3403361344538,894.686974789916,0,229
6,230,782.8362573099415,897.2397660818714,0,230
6,231,335.37340153452686,898.388746803069,0,231
6,232,385.70616113744074,910.4091627172196,0,232
6,233,362.8957055214724,904.7147239263803,0,233
6,234,939.5061511423551,925.6924428822496,0,234
6,235,916.082191780822,917.4637964774951,0,235
6,236,201.32110091743118,913.6165137614679,0,236
6,237,440.9317073170732,914.5414634146341,0,237
6,238,415.7239583333333,923.3723958333334,0,238
6,239,839.2948207171315,918.4900398406375,0,239
6,240,950.939024390244,918.219512195122,0,240
6,241,476.126953125,929.8984375,0,241
6,242,827.3581871345029,934.9005847953216,0,242
6,243,434.6194029850746,928.0373134328358,0,243
6,244,402.6618556701031,941.7030927835051,0,244
6,245,198.91651542649728,938.4337568058077,0,245
6,246,865.8511450381679,932.7519083969465,0,246
6,247,440.26478149100257,942.5244215938303,0,247
6,248,369.24395161290323,946.5100806451613,0,248
6,249,508.1787709497207,954.8296089385475,0,249
6,250,475.19941348973606,950.6129032258065,0,250
6,251,202.7112526539278,969.0445859872611,0,251
6,252,812.8599508599509,957.3857493857494,0,252
6,253,838.8402777777778,969.5659722222222,0,253
6,254,437.530487804878,966.2581300813008,0,254
6,255,958.6787878787878,967.2121212121212,0,255
6,256,972.6363636363636,961.6022727272727,0,256
6,257,468.39449541284404,963.0917431192661,0,257
6,258,471.1863247863248,975.9264957264958,0,258
7,1,341.22135922330096,46.681553398058256,0,1
7,2,516.8642533936652,47.067873303167424,0,2
7,3,329.36542239685656,64.1434184675835,0,3
7,4,552.98,61.1075,0,4
7,5,672.2432432432432,73.36216216216216,0,5
7,6,237.67845659163987,67.54662379421222,0,6
7,7,209.38483146067415,70.62640449438203,0,7
7,8,513.7275132275132,68.82010582010582,0,8
7,9,263.97301854974705,78.53962900505903,0,9
7,10,534.425,71.8,0,10
7,11,639.8045977011494,73.64367816091954,0,11
7,12,374.2626050420168,76.59873949579831,0,12
7,13,607.6263269639065,78.09341825902335,0,13
7,14,799.3412698412699,81.7420634920635,0,14
7,15,562.4075313807531,93.57656903765691,0,15
7,16,220.7089552238806,80.99253731343283,0,16
7,17,622.6375,95.1953125,0,17
7,18,830.1648745519714,103.38888888888889,0,18
7,19,185.6094182825485,94.03324099722991,0,19
7,20,660.7278225806451,96.66532258064517,0,20
7,21,221.26074498567334,95.0974212034384,0,21
7,22,157.37894736842105,104.84561403508772,0,22
7,23,385.609977324263,109.80725623582767,0,23
7,24,808.7164750957854,111.544061302682,0,24
7,25,54.88544891640867,112.30959752321981,0,25
7,26,584.986328125,122.205078125,0,26
7,27,864.5324074074074,112.60648148148148,0,27
7,28,43.26890756302521,119.11764705882354,0,28
7,29,559.5125,125.075,0,29
7,30,890.2695652173913,118.64782608695653,0,30
7,31,174.93610223642173,126.59105431309904,0,31
7,32,618.353125,127.8,0,32
7,33,736.5664160401003,132.04511278195488,0,33
7,34,764.8808864265928,131.09972299168976,0,34
7,35,921.0231481481482,134.00925925925927,0,35
7,36,864.7340425531914,126.14893617021276,0,36
7,37,953.1599099099099,137.01351351351352,0,37
7,38,651.7884615384615,135.20833333333334,0,38
7,39,660.6603153745073,169.6484888304862,0,39
7,40,898.85,129.725,0,40
7,41,390.4664634146341,141.2987804878049,0,41
7,42,587.3417431192661,140.61467889908258,0,42
7,43,849.9137931034483,138.61853448275863,0,43
7,44,155.20567375886526,140.0921985815603,0,44
7,45,891.903803131991,141.1185682326622,0,45
7,46,628.5491803278688,150.47814207650273,0,46
7,47,542.1676767676768,148.55353535353535,0,47
7,48,593.4111675126903,193.68358714043993,0,48
7,49,708.7994652406417,162.9572192513369,0,49
7,50,152.64192139737992,163.8755458515284,0,50
7,51,167.1195652173913,161.6195652173913,0,51
7,52,113.32151300236407,165.96217494089834,0,52
7,53,763.2382352941177,168.89411764705883,0,53
7,54,546.8377659574468,167.9095744680851,0,54
7,55,609.4260485651214,182.1766004415011,0,55
7,56,632.7198975234842,211.4269854824936,0,56
7,57,150.66739846322722,190.63556531284303,0,57
7,58,70.83050847457628,181.0406779661017,0,58
7,59,397.2782462057336,197.77740303541316,0,59
7,60,190.47797356828193,182.2555066079295,0,60
7,61,542.5880281690141,189.16901408450704,0,61
7,62,119.01578947368421,193.06842105263158,0,62
7,63,733.22102425876,186.02156334231805,0,63
7,64,490.55871886120997,190.15658362989325,0,64
7,65,345.95338983050846,192.6949152542373,0,65
7,66,312.83632734530937,203.17964071856287,0,66
7,67,837.6995884773662,198.47325102880657,0,67
7,68,94.01639344262296,201.15409836065575,0,68
7,69,185.1549295774648,195.90140845070422,0,69
7,70,576.0,216.4187380497132,0,70
7,71,172.78763127187864,213.7561260210035,0,71
7,72,970.1764705882352,212.01960784313727,0,72
7,73,547.3707165109034,205.7289719626168,0,73
7,74,616.4931880108992,225.12806539509538,0,74
7,75,409.82070240295747,229.78743068391867,0,75
7,76,380.4298780487805,224.16158536585365,0,76
7,77,981.875,220.39705882352942,0,77
7,78,544.9141716566867,227.0319361277445,0,78
7,79,618.8266932270916,251.70517928286853,0,79
7,80,921.8479262672811,253.6451612903226,0,80
7,81,901.8415300546449,267.0856102003643,0,81
7,82,848.5785123966942,271.85537190082647,0,82
7,83,943.9877675840978,271.92660550458714,0,83
7,84,876.6300366300367,275.3040293040293,0,84
7,85,974.7406340057637,283.4812680115274,0,85
7,86,889.104,293.118,0,86
7,87,783.6401944894651,310.8427876823339,0,87
7,88,919.3484848484849,300.0952380952381,0,88
7,89,948.4728260869565,307.8016304347826,0,89
7,90,953.167619047619,328.63428571428574,0,90
7,91,63.455008488964346,342.77079796264854,0,91
7,92,390.3061224489796,341.6588921282799,0,92
7,93,110.94117647058823,341.1702786377709,0,93
7,94,360.83720930232556,341.26614987080103,0,94
7,95,761.9430379746835,348.00791139240505,0,95
7,96,962.2608695652174,345.5626598465473,0,96
7,97,166.51650943396226,358.07547169811323,0,97
7,98,78.59055118110236,358.13385826771656,0,98
7,99,100.26329787234043,367.343085106383,0,99
7,100,127.00250626566417,358.6641604010025,0,100
7,101,952.0872560275545,378.61538461538464,0,101
7,102,182.66255778120185,385.5069337442219,0,102
7,103,206.16064981949458,389.37364620938627,0,103
7,104,157.87660668380462,377.51670951156814,0,104
7,105,85.76308539944904,386.0358126721763,0,105
7,106,594.3501094091904,382.90809628008753,0,106
7,107,928.4469914040114,389.40114613180515,0,107
7,108,944.1234567901234,385.9012345679012,0,108
7,109,60.76203966005666,392.92067988668555,0,109
7,110,143.8861788617886,397.2845528455285,0,110
7,111,216.6223506743738,406.96917148362235,0,111
7,112,79.62393162393163,399.87179487179486,0,112
7,113,936.3027718550106,412.81663113006397,0,113
7,114,907.7082066869301,418.0547112462006,0,114
7,115,233.02509652509653,424.0694980694981,0,115
7,116,539.3,426.62083333333334,0,116
7,117,760.7236580516899,431.7634194831014,0,117
7,118,185.74102564102563,421.7153846153846,0,118
7,119,948.6380753138076,429.5502092050209,0,119
7,120,569.6892655367232,426.1638418079096,0,120
7,121,507.8181818181818,450.23295454545456,0,121
7,122,783.3973214285714,449.5357142857143,0,122
7,123,596.890625,444.3645833333333,0,123
7,124,914.7972350230415,445.0253456221198,0,124
7,125,578.5420393559929,455.5134168157424,0,125
7,126,950.1143847487002,457.66031195840554,0,126
7,127,127.68949771689498,444.57077625570776,0,127
7,128,156.07364341085272,450.0968992248062,0,128
7,129,240.792576419214,455.10043668122273,0,129
7,130,522.8285714285714,451.1333333333333,0,130
7,131,280.6255144032922,460.99588477366257,0,131
7,132,920.0587392550143,479.9942693409742,0,132
7,133,337.2307692307692,462.0673076923077,0,133
7,134,306.8716981132076,471.1811320754717,0,134
7,135,898.3502673796792,480.0401069518717,0,135
7,136,54.605839416058394,482.33576642335765,0,136
7,137,961.1785714285714,498.45535714285717,0,137
7,138,859.2452316076294,485.0381471389646,0,138
7,139,333.20567375886526,485.8014184397163,0,139
7,140,939.44918699187,500.8150406504065,0,140
7,141,359.896265560166,514.0622406639004,0,141
7,142,387.35087719298247,512.3859649122807,0,142
7,143,419.62422360248445,517.6863354037267,0,143
7,144,396.6521739130435,533.7541806020067,0,144
7,145,956.0880195599022,540.0904645476772,0,145
7,146,423.100826446281,545.4099173553719,0,146
7,147,462.38690476190476,553.514880952381,0,147
7,148,373.5936170212766,555.3531914893617,0,148
7,149,446.0345323741007,567.494964028777,0,149
7,150,406.99396681749624,573.7390648567119,0,150
7,151,482.4117647058824,581.3470588235294,0,151
7,152,546.6267806267806,584.1880341880342,0,152
7,153,971.4511111111111,585.3911111111111,0,153
7,154,521.0590277777778,583.8159722222222,0,154
7,155,965.68,610.328,0,155
7,156,531.6387959866221,605.8227424749164,0,156
7,157,977.4132231404959,606.7768595041322,0,157
7,158,519.1719901719902,624.4864864864865,0,158
7,159,503.9842931937173,649.2931937172775,0,159
7,160,534.8992805755396,658.3573141486811,0,160
7,161,515.1333333333333,661.9151515151515,0,161
7,162,567.1162162162162,681.7540540540541,0,162
7,163,528.9364303178484,683.5220048899755,0,163
7,164,488.4501018329939,691.1670061099796,0,164
7,165,737.5511982570806,700.156862745098,0,165
7,166,968.275,703.1725,0,166
7,167,512.2954545454545,705.375,0,167
7,168,775.1555555555556,710.7569444444445,0,168
7,169,840.8309523809523,715.7285714285714,0,169
7,170,539.5261845386534,719.293017456359,0,170
7,171,485.2039942938659,716.5049928673324,0,171
7,172,77.03290676416819,710.7330895795246,0,172
7,173,524.5876288659794,712.9484536082474,0,173
7,174,957.4071428571428,725.8309523809523,0,174
7,175,861.0973871733967,729.8693586698337,0,175
7,176,728.8652173913043,726.3695652173913,0,176
7,177,109.42222222222222,724.12,0,177
7,178,137.31127450980392,733.3284313725491,0,178
7,179,85.15517241379311,725.7327586206897,0,179
7,180,474.6969072164948,738.0247422680412,0,180
7,181,553.809187279152,736.8197879858657,0,181
7,182,82.33179723502305,740.1912442396314,0,182
7,183,109.83813747228382,753.5121951219512,0,183
7,184,177.09873949579833,747.9201680672269,0,184
7,185,578.5223880597015,749.8134328358209,0,185
7,186,445.543429844098,748.8975501113586,0,186
7,187,209.87188019966723,754.900166389351,0,187
7,188,279.81722689075633,769.3382352941177,0,188
7,189,256.18285714285713,775.4985714285714,0,189
7,190,465.3790087463557,767.594752186589,0,190
7,191,439.3290734824281,775.8626198083067,0,191
7,192,165.0295652173913,785.0747826086956,0,192
7,193,188.40041493775934,783.149377593361,0,193
7,194,386.8327137546468,775.0743494423792,0,194
7,195,197.175,774.4,0,195
7,196,238.41059190031152,806.4722741433022,0,196
7,197,416.1631419939577,782.8187311178248,0,197
7,198,465.69278350515464,792.3793814432989,0,198
7,199,285.39285714285717,789.9642857142857,0,199
7,200,295.85044642857144,799.4196428571429,0,200
7,201,517.9367088607595,807.3001808318264,0,201
7,202,226.32558139534885,805.7441860465116,0,202
7,203,187.77083333333334,802.875,0,203
7,204,422.18650793650795,805.8095238095239,0,204
7,205,475.48752399232245,811.6353166986564,0,205
7,206,269.2826086956522,810.0797101449275,0,206
7,207,553.3553530751708,813.9179954441913,0,207
7,208,189.8436018957346,816.9826224328594,0,208
7,209,497.25714285714287,824.7857142857143,0,209
7,210,272.0637755102041,831.5688775510204,0,210
7,211,196.23553719008265,835.2865013774104,0,211
7,212,572.9954751131222,835.1764705882352,0,212
7,213,231.2577319587629,828.7113402061856,0,213
7,214,531.2050898203593,836.2125748502993,0,214
7,215,469.5201149425287,840.8103448275862,0,215
7,216,609.5706371191136,840.6925207756233,0,216
7,217,636.4494773519164,839.2891986062717,0,217
7,218,296.0027548209366,845.771349862259,0,218
7,219,198.56410256410257,856.6217948717949,0,219
7,220,578.6947133283693,858.6887565152643,0,220
7,221,281.74418604651163,849.9767441860465,0,221
7,222,497.5652173913044,857.8123569794051,0,222
7,223,262.14363636363635,857.709090909091,0,223
7,224,530.6168831168832,865.8484848484849,0,224
7,225,645.022491349481,868.1141868512111,0,225
7,226,236.6546762589928,869.5803357314148,0,226
7,227,481.23030303030305,872.6272727272727,0,227
7,228,597.3589743589744,871.1025641025641,0,228
7,229,519.1724137931035,872.1954022988506,0,229
7,230,923.8932584269663,889.943820224719,0,230
7,231,637.5693581780538,888.1925465838509,0,231
7,232,564.3465346534654,888.5519801980198,0,232
7,233,513.3217665615142,885.5772870662461,0,233
7,234,597.2513227513227,886.4708994708994,0,234
7,235,433.578431372549,895.7230392156863,0,235
7,236,883.0909090909091,895.6895368782161,0,236
7,237,398.22677595628414,900.5655737704918,0,237
7,238,341.6875,903.7083333333334,0,238
7,239,606.1178343949044,905.6576433121019,0,239
7,240,320.85175202156336,918.3207547169811,0,240
7,241,904.2710622710623,917.7472527472528,0,241
7,242,852.1359447004609,924.63133640553,0,242
7,243,406.80645161290323,919.8064516129032,0,243
7,244,352.85,927.9716666666667,0,244
7,245,875.9166666666666,917.9012345679013,0,245
7,246,631.2406876790831,927.2378223495703,0,246
7,247,931.3405572755418,923.7925696594427,0,247
7,248,597.1711711711712,926.9129129129129,0,248
7,249,294.1179487179487,927.5128205128206,0,249
7,250,895.2222222222222,928.7521367521367,0,250
7,251,833.9281437125749,935.748502994012,0,251
7,252,297.69888475836433,945.3457249070632,0,252
7,253,881.0254957507082,939.971671388102,0,253
7,254,334.3286384976526,946.5093896713615,0,254
7,255,859.9538461538461,953.84,0,255
7,256,307.1864406779661,961.9322033898305,0,256
7,257,720.6165413533835,972.1334586466165,0,257
7,258,270.4456869009585,974.8642172523962,0,258
8,1,567.4346846846847,43.846846846846844,0,1
8,2,175.62008733624455,54.222707423580786,0,2
8,3,597.6605504587156,53.83119266055046,0,3
8,4,444.31159420289856,52.52173913043478,0,4
8,5,489.5,65.15797101449276,0,5
8,6,458.96389891696754,67.42960288808665,0,6
8,7,541.3012048192771,48.24096385542169,0,7
8,8,428.50243309002434,71.69586374695864,0,8
8,9,400.1004098360656,66.18852459016394,0,9
8,10,324.49142857142857,57.651428571428575,0,10
8,11,660.4384615384615,56.08076923076923,0,11
8,12,211.15594541910332,58.68421052631579,0,12
8,13,638.6524064171123,63.67379679144385,0,13
8,14,547.8189655172414,62.55,0,14
8,15,346.8085106382979,59.58510638297872,0,15
8,16,143.17079207920793,69.7450495049505,0,16
8,17,257.14229249011856,66.90711462450592,0,17
8,18,349.5,74.23308270676692,0,18
8,19,605.4611528822055,72.39097744360902,0,19
8,20,367.7444029850746,86.92723880597015,0,20
8,21,822.3924843423799,76.97912317327766,0,21
8,22,869.8027842227378,75.46635730858469,0,22
8,23,517.6385964912281,74.68771929824561,0,23
8,24,307.3979328165375,74.64599483204134,0,24
8,25,233.08955223880596,74.27611940298507,0,25
8,26,576.1463414634146,84.70731707317073,0,26
8,27,176.7948051948052,82.06493506493507,0,27
8,28,495.85869565217394,75.70652173913044,0,28
8,29,667.3238866396761,82.80566801619433,0,29
8,30,213.149855907781,79.80403458213256,0,30
8,31,546.4781144781144,83.56565656565657,0,31
8,32,644.9781181619256,95.16849015317287,0,32
8,33,258.19408866995076,99.92315270935961,0,33
8,34,410.43531827515403,96.21971252566735,0,34
8,35,238.74498567335243,89.81375358166189,0,35
8,36,619.9801324503311,88.93377483443709,0,36
8,37,326.50324675324674,97.87337662337663,0,37
8,38,488.4850863422292,92.5541601255887,0,38
8,39,191.07758620689654,108.66379310344827,0,39
8,40,837.4972067039106,92.41061452513966,0,40
8,41,590.9873015873015,100.4063492063492,0,41
8,42,631.1212121212121,97.97979797979798,0,42
8,43,211.6790890269151,112.5320910973085,0,43
8,44,381.87021276595743,104.91702127659575,0,44
8,45,510.5409556313993,104.24061433447099,0,45
8,46,149.5859872611465,106.53184713375796,0,46
8,47,171.01237623762376,110.52475247524752,0,47
8,48,876.0886075949367,99.84810126582279,0,48
8,49,778.0794392523364,98.5607476635514,0,49
8,50,804.8225806451613,104.5241935483871,0,50
8,51,450.9630225080386,122.2717041800643,0,51
8,52,562.6628289473684,113.3157894736842,0,52
8,53,610.7268722466961,115.33920704845815,0,53
8,54,854.7785388127854,115.52054794520548,0,54
8,55,475.42857142857144,127.53620352250489,0,55
8,56,265.9807692307692,120.71538461538462,0,56
8,57,524.343163538874,121.11260053619303,0,57
8,58,623.6014492753624,123.72463768115942,0,58
8,59,894.4081145584726,123.84248210023867,0,59
8,60,183.52747252747253,145.17582417582418,0,60
8,61,242.81990521327015,130.97156398104266,0,61
8,62,546.0819209039548,135.954802259887,0,62
8,63,633.3481116584564,145.89162561576356,0,63
8,64,441.739406779661,168.56885593220338,0,64
8,65,497.29649595687334,142.27493261455527,0,65
8,66,570.8529914529914,150.65982905982906,0,66
8,67,154.88235294117646,141.88235294117646,0,67
8,68,600.5144124168514,139.63636363636363,0,68
8,69,873.9367088607595,138.22151898734177,0,69
8,70,227.01290322580644,142.3,0,70
8,71,529.6504854368932,134.32038834951456,0,71
8,72,853.7542662116041,137.36177474402731,0,72
8,73,196.12571428571428,139.45142857142858,0,73
8,74,250.5079365079365,145.5015873015873,0,74
8,75,900.0246913580247,138.58024691358025,0,75
8,76,926.625,142.96394230769232,0,76
8,77,539.186677631579,179.60115131578948,0,77
8,78,893.3033033033033,149.53453453453454,0,78
8,79,209.2336956521739,157.31521739130434,0,79
8,80,479.5629139072848,162.10596026490066,0,80
8,81,876.771349862259,163.15151515151516,0,81
8,82,175.85714285714286,174.5375,0,82
8,83,457.6461538461538,166.31692307692308,0,83
8,84,558.8886756238004,173.99424184261036,0,84
8,85,603.7258064516129,159.96451612903226,0,85
8,86,659.780198019802,171.94059405940595,0,86
8,87,925.0505415162455,164.4548736462094,0,87
8,88,229.40666666666667,173.38333333333333,0,88
8,89,514.3181818181819,178.25252525252526,0,89
8,90,616.0897727272727,182.1409090909091,0,90
8,91,642.7222222222222,171.96296296296296,0,91
8,92,477.0744336569579,191.1326860841424,0,92
8,93,500.83483483483485,196.11111111111111,0,93
8,94,881.0106007067138,194.434628975265,0,94
8,95,612.0506329113924,191.20253164556962,0,95
8,96,851.9213836477987,197.5188679245283,0,96
8,97,615.9336734693877,202.64285714285714,0,97
8,98,586.3697813121272,212.05367793240558,0,98
8,99,192.20731707317074,213.2560975609756,0,99
8,100,165.52808988764045,216.84831460674158,0,100
8,101,527.6430517711171,210.1226158038147,0,101
8,102,658.5148514851485,207.66336633663366,0,102
8,103,691.1217105263158,208.66776315789474,0,103
8,104,752.9512761020882,216.10672853828305,0,104
8,105,723.4093959731543,220.66442953020135,0,105
8,106,495.0986547085202,221.69955156950672,0,106
8,107,663.7192118226601,222.4975369458128,0,107
8,108,652.6271510516252,234.4321223709369,0,108
8,109,690.9294117647058,222.56470588235294,0,109
8,110,684.7485714285714,234.16857142857143,0,110
8,111,744.036231884058,226.3695652173913,0,111
8,112,80.77027027027027,229.04054054054055,0,112
8,113,717.2436363636364,242.07272727272726,0,113
8,114,541.3976744186047,233.46744186046513,0,114
8,115,747.4147157190636,241.04682274247492,0,115
8,116,74.47413793103448,249.1573275862069,0,116
8,117,701.1863117870722,259.5513307984791,0,117
8,118,372.91494252873565,273.5195402298851,0,118
8,119,753.3518518518518,261.63227513227514,0,119
8,120,805.4880733944954,264.6788990825688,0,120
8,121,394.68817204301075,276.3010752688172,0,121
8,122,837.1868852459016,296.072131147541,0,122
8,123,421.2334293948127,288.42363112391934,0,123
8,124,312.7067307692308,284.6730769230769,0,124
8,125,341.00618556701033,289.2659793814433,0,125
8,126,379.8898916967509,304.2490974729242,0,126
8,127,348.96146435452795,314.17148362235065,0,127
8,128,270.5375,303.80833333333334,0,128
8,129,860.603550295858,306.94674556213016,0,129
8,130,297.9054545454545,309.18545454545455,0,130
8,131,313.89940828402365,307.7573964497041,0,131
8,132,405.7576601671309,314.74930362116993,0,132
8,133,912.4271844660194,319.32766990291265,0,133
8,134,887.86925795053,321.18374558303884,0,134
8,135,518.0356164383562,318.32876712328766,0,135
8,136,276.0490797546012,316.4601226993865,0,136
8,137,315.8125,324.51666666666665,0,137
8,138,246.4763948497854,341.13304721030045,0,138
8,139,374.08743169398906,326.6311475409836,0,139
8,140,274.9496567505721,331.7368421052632,0,140
8,141,542.9532710280374,331.5202492211838,0,141
8,142,942.6209677419355,337.39516129032256,0,142
8,143,835.6179245283018,342.32547169811323,0,143
8,144,321.36919315403424,345.87775061124694,0,144
8,145,298.1898734177215,341.62025316455697,0,145
8,146,356.9088607594937,350.5873417721519,0,146
8,147,275.3995943204868,367.3468559837728,0,147
8,148,294.9347826086956,363.11141304347825,0,148
8,149,330.234693877551,356.51020408163265,0,149
8,150,805.5717821782179,363.4950495049505,0,150
8,151,732.6076923076923,376.96666666666664,0,151
8,152,328.9776674937965,369.3225806451613,0,152
8,153,966.0285714285715,368.4428571428571,0,153
8,154,90.80555555555556,374.5401234567901,0,154
8,155,60.37542662116041,381.0136518771331,0,155
8,156,777.8565217391305,378.31739130434784,0,156
8,157,805.2367346938776,383.44897959183675,0,157
8,158,748.8293269230769,395.70913461538464,0,158
8,159,774.936170212766,389.34751773049646,0,159
8,160,622.0657894736842,408.60526315789474,0,160
8,161,780.2561307901907,401.20708446866485,0,161
8,162,720.8897637795276,412.03412073490813,0,162
8,163,879.2475570032574,436.49511400651465,0,163
8,164,611.4794520547945,440.70205479452056,0,164
8,165,563.3765690376569,452.4581589958159,0,165
8,166,903.5596590909091,446.92045454545456,0,166
8,167,242.38622754491018,452.8952095808383,0,167
8,168,433.6923076923077,477.4547511312217,0,168
8,169,536.1075514874142,478.70480549199084,0,169
8,170,730.6930455635492,472.49640287769785,0,170
8,171,301.09090909090907,470.7030303030303,0,171
8,172,687.4379562043796,473.82238442822387,0,172
8,173,266.3,473.4111111111111,0,173
8,174,551.3230769230769,480.1923076923077,0,174
8,175,278.44347826086954,483.2869565217391,0,175
8,176,465.30434782608694,492.4691075514874,0,176
8,177,591.176811594203,486.8985507246377,0,177
8,178,712.888198757764,496.4751552795031,0,178
8,179,255.36423841059602,493.3344370860927,0,179
8,180,557.3253968253969,494.6666666666667,0,180
8,181,298.7843137254902,491.1490196078431,0,181
8,182,732.7532467532468,502.25324675324674,0,182
8,183,684.937106918239,494.57861635220127,0,183
8,184,325.66079295154185,494.8325991189427,0,184
8,185,575.575,499.7,0,185
8,186,58.208333333333336,506.45,0,186
8,187,493.4018987341772,507.6518987341772,0,187
8,188,236.66037735849056,510.8089622641509,0,188
8,189,433.9221902017291,509.39481268011525,0,189
8,190,593.9233716475096,508.86973180076626,0,190
8,191,257.0326086956522,507.1195652173913,0,191
8,192,563.748275862069,515.8413793103448,0,192
8,193,279.43939393939394,516.7550505050505,0,193
8,194,746.1378378378379,526.4567567567567,0,194
8,195,467.6450704225352,531.0309859154929,0,195
8,196,216.42738589211618,556.6514522821577,0,196
8,197,47.36156351791531,559.3876221498372,0,197
8,198,75.29924242424242,566.469696969697,0,198
8,199,204.68028846153845,573.90625,0,199
8,200,239.09059233449477,580.6411149825784,0,200
8,201,851.4712328767123,594.9671232876713,0,201
8,202,226.52204176334106,601.9327146171694,0,202
8,203,754.5571847507331,600.9442815249267,0,203
8,204,317.72036474164133,609.1793313069909,0,204
8,205,295.9907692307692,612.0492307692308,0,205
8,206,954.4230769230769,619.8441295546559,0,206
8,207,680.5604395604396,613.1648351648352,0,207
8,208,778.7184466019418,614.3300970873786,0,208
8,209,590.4224598930481,623.2272727272727,0,209
8,210,832.7428571428571,622.1142857142858,0,210
8,211,727.344512195122,624.1493902439024,0,211
8,212,562.1220159151194,628.6551724137931,0,212
8,213,762.4108527131783,621.6279069767442,0,213
8,214,643.9536423841059,617.5960264900663,0,214
8,215,703.8181818181819,628.4403409090909,0,215
8,216,749.5770392749245,630.785498489426,0,216
8,217,801.9095354523228,627.6968215158925,0,217
8,218,864.6361256544502,624.1910994764398,0,218
8,219,674.3862433862433,633.8386243386243,0,219
8,220,525.1144414168938,630.9645776566757,0,220
8,221,623.4504021447722,633.1018766756032,0,221
8,222,815.2105263157895,634.6315789473684,0,222
8,223,902.9663865546219,635.796218487395,0,223
8,224,769.0203562340967,645.0534351145038,0,224
8,225,947.3757009345794,646.2336448598131,0,225
8,226,315.99154929577463,639.5577464788732,0,226
8,227,431.0103806228374,640.6020761245675,0,227
8,228,496.39204545454544,636.5767045454545,0,228
8,229,283.6666666666667,641.3262411347517,0,229
8,230,471.49676025917927,649.5097192224622,0,230
8,231,977.0195227765727,656.0498915401301,0,231
8,232,783.0545454545454,646.4272727272727,0,232
8,233,858.8516129032258,645.2516129032258,0,233
8,234,929.5340909090909,659.265625,0,234
8,235,825.4498777506112,650.3789731051345,0,235
8,236,504.1231884057971,650.463768115942,0,236
8,237,530.9505208333334,653.2109375,0,237
8,238,306.5176848874598,658.9935691318328,0,238
8,239,786.068306010929,661.9808743169399,0,239
8,240,742.1911262798635,662.4266211604096,0,240
8,241,455.33040935672517,663.9327485380117,0,241
8,242,506.2,676.0913580246913,0,242
8,243,276.22085889570553,666.8159509202454,0,243
8,244,805.3639575971731,672.660777385159,0,244
8,245,492.53921568627453,673.9705882352941,0,245
8,246,97.47607655502392,674.3588516746412,0,246
8,247,754.1540616246499,683.1764705882352,0,247
8,248,491.9024707412224,697.7685305591677,0,248
8,249,777.1903409090909,689.3409090909091,0,249
8,250,455.37823834196894,689.8056994818653,0,250
8,251,75.41666666666667,693.5069444444445,0,251
8,252,397.5913621262458,692.8205980066446,0,252
8,253,363.1848184818482,701.4620462046205,0,253
8,254,806.8612334801762,713.3986784140969,0,254
8,255,479.92090395480227,705.5593220338983,0,255
8,256,376.4625,718.54375,0,256
8,257,61.0,717.4046052631579,0,257
8,258,444.59433198380566,730.9279352226721,0,258
8,259,766.4125560538116,713.1614349775784,0,259
8,260,473.55432372505544,720.2882483370288,0,260
8,261,523.5795795795796,724.6606606606607,0,261
8,262,402.8690476190476,725.2619047619048,0,262
8,263,778.9838383838384,733.2060606060606,0,263
8,264,500.25373134328356,736.3843283582089,0,264
8,265,404.6895874263261,739.1041257367388,0,265
8,266,806.1287128712871,737.8811881188119,0,266
8,267,503.36494252873564,756.698275862069,0,267
8,268,280.2110091743119,756.7951070336392,0,268
8,269,804.0021598272139,751.8444924406048,0,269
8,270,664.9863636363636,756.7363636363636,0,270
8,271,686.6666666666666,766.3470319634703,0,271
8,272,707.6130434782609,776.0304347826087,0,272
8,273,808.6787878787878,779.930303030303,0,273
8,274,673.5753138075314,782.9832635983264,0,274
8,275,635.5842105263158,784.3710526315789,0,275
8,276,285.5217391304348,788.399209486166,0,276
8,277,779.9305993690851,795.6593059936909,0,277
8,278,145.75982532751092,807.0502183406113,0,278
8,279,705.692607003891,801.182879377432,0,279
8,280,653.8855218855219,799.2962962962963,0,280
8,281,174.45867098865477,816.3776337115073,0,281
8,282,409.43971631205676,814.9574468085107,0,282
8,283,688.5991379310345,817.551724137931,0,283
8,284,126.8023598820059,815.3480825958702,0,284
8,285,732.0170454545455,823.4564393939394,0,285
8,286,841.6369047619048,821.0119047619048,0,286
8,287,623.948275862069,812.448275862069,0,287
8,288,164.85858585858585,819.6060606060606,0,288
8,289,765.3938848920864,824.1079136690647,0,289
8,290,81.40265486725664,823.0464601769911,0,290
8,291,47.66527196652719,821.8410041841004,0,291
8,292,105.36538461538461,823.5801282051282,0,292
8,293,655.6204819277109,821.0,0,293
8,294,713.0395480225989,821.7627118644068,0,294
8,295,866.6024590163935,829.0122950819672,0,295
8,296,395.615625,840.53125,0,296
8,297,122.24528301886792,834.6320754716982,0,297
8,298,629.9908814589666,836.7021276595744,0,298
8,299,160.17111111111112,850.2044444444444,0,299
8,300,667.8868501529053,839.8532110091743,0,300
8,301,720.5468409586057,847.4357298474946,0,301
8,302,893.9471365638766,837.4185022026431,0,302
8,303,75.56470588235294,839.5470588235294,0,303
8,304,137.95081967213116,844.9289617486339,0,304
8,305,417.24149659863946,847.765306122449,0,305
8,306,751.4562334217507,853.7533156498673,0,306
8,307,856.9109195402299,851.7068965517242,0,307
8,308,52.55327868852459,850.405737704918,0,308
8,309,108.88150289017341,849.7427745664739,0,309
8,310,696.5955414012739,853.2675159235669,0,310
8,311,185.34653465346534,867.0792079207921,0,311
8,312,779.8571428571429,863.5849056603773,0,312
8,313,216.573385518591,873.986301369863,0,313
8,314,399.5863309352518,871.9460431654676,0,314
8,315,557.991304347826,902.7768115942029,0,315
8,316,360.8163771712159,905.3052109181142,0,316
8,317,592.4444444444445,913.741935483871,0,317
8,318,234.2688172043011,913.6953405017921,0,318
8,319,541.457627118644,923.0983050847458,0,319
8,320,557.391393442623,934.9774590163935,0,320
8,321,374.1333333333333,935.5011494252874,0,321
8,322,258.43542435424354,929.5350553505535,0,322
8,323,702.4476534296028,930.3321299638989,0,323
8,324,934.39,934.245,0,324
8,325,483.5827160493827,936.6666666666666,0,325
8,326,513.6156462585034,938.3639455782313,0,326
8,327,576.1826741996233,945.8662900188324,0,327
8,328,903.0976138828634,940.0759219088937,0,328
8,329,731.96,936.8766666666667,0,329
8,330,664.4673684210526,941.6063157894737,0,330
8,331,530.9666666666667,939.3111111111111,0,331
8,332,360.3312101910828,948.5382165605096,0,332
8,333,444.5087281795511,951.2119700748129,0,333
8,334,330.27091633466136,946.2430278884462,0,334
8,335,687.2976022566996,958.9675599435825,0,335
8,336,769.0880952380952,958.2,0,336
8,337,524.5506329113924,962.7215189873418,0,337
8,338,627.8165007112376,957.6002844950214,0,338
8,339,496.28266666666667,959.0373333333333,0,339
8,340,742.5219885277247,965.9177820267687,0,340
8,341,811.1666666666666,968.6599099099099,0,341
8,342,460.070796460177,965.0029498525074,0,342
8,343,544.0081300813008,968.4471544715448,0,343
8,344,381.88513513513516,967.3614864864865,0,344
8,345,350.46090534979425,968.201646090535,0,345
8,346,595.2495126705653,971.9766081871345,0,346
8,347,766.5353535353536,971.979797979798,0,347
8,348,724.1759776536313,977.9162011173185,0,348
8,349,430.94117647058823,978.702786377709,0,349
8,350,499.7396825396825,979.9111111111112,0,350
8,351,56.846715328467155,981.625304136253,0,351
9,1,826.9134020618557,62.31340206185567,0,1
9,2,872.9457364341085,89.16434108527132,0,2
9,3,786.4736842105264,74.05555555555556,0,3
9,4,848.1414141414141,74.01010101010101,0,4
9,5,840.5105485232068,85.96835443037975,0,5
9,6,795.7414721723519,93.88689407540394,0,6
9,7,926.2638888888889,87.55208333333333,0,7
9,8,898.2724137931034,89.54137931034482,0,8
9,9,762.0968586387435,93.7303664921466,0,9
9,10,143.97552447552448,98.60839160839161,0,10
9,11,864.531746031746,115.77380952380952,0,11
9,12,840.0770288858322,118.02475928473177,0,12
9,13,841.790909090909,101.82727272727273,0,13
9,14,933.5756097560976,106.1390243902439,0,14
9,15,119.01052631578948,115.37543859649122,0,15
9,16,900.9893617021277,112.67021276595744,0,16
9,17,767.5340909090909,107.125,0,17
9,18,839.193482688391,137.28513238289204,0,18
9,19,772.2158808933002,122.70471464019852,0,19
9,20,919.159649122807,129.55789473684212,0,20
9,21,884.3953488372093,132.13953488372093,0,21
9,22,819.2011560693642,169.47630057803468,0,22
9,23,955.3841698841699,148.58687258687257,0,23
9,24,950.6353767560664,190.35632183908046,0,24
9,25,902.5119047619048,145.73809523809524,0,25
9,26,897.5848214285714,167.10267857142858,0,26
9,27,850.3333333333334,158.7642276422764,0,27
9,28,872.2205882352941,166.5735294117647,0,28
9,29,964.9457142857143,175.83142857142857,0,29
9,30,900.292231812577,192.865598027127,0,30
9,31,844.7782101167315,171.64591439688715,0,31
9,32,867.5928270042194,189.40928270042195,0,32
9,33,843.8294117647059,193.30588235294118,0,33
9,34,924.2700729927008,190.95620437956205,0,34
9,35,671.5823529411765,194.12058823529412,0,35
9,36,892.1730769230769,189.60576923076923,0,36
9,37,685.4497206703911,208.0768156424581,0,37
9,38,930.6149312377211,203.11001964636543,0,38
9,39,373.69348659003833,210.35632183908046,0,39
9,40,736.3112128146453,207.10068649885582,0,40
9,41,868.2032520325204,223.08536585365854,0,41
9,42,639.218954248366,208.57843137254903,0,42
9,43,705.07299270073,211.20437956204378,0,43
9,44,909.3623445825932,230.96802841918296,0,44
9,45,937.3333333333334,221.13333333333333,0,45
9,46,708.7704918032787,224.2622950819672,0,46
9,47,831.7322274881517,228.9265402843602,0,47
9,48,289.9367945823928,232.81264108352144,0,48
9,49,727.8638392857143,237.11607142857142,0,49
9,50,943.2031007751938,242.33798449612402,0,50
9,51,861.5883720930233,239.55116279069767,0,51
9,52,353.6517571884984,241.84984025559106,0,52
9,53,374.8696741854637,243.79949874686716,0,53
9,54,50.48101265822785,244.15822784810126,0,54
9,55,258.48853211009174,240.9105504587156,0,55
9,56,706.1058823529412,237.56470588235294,0,56
9,57,811.4939393939394,244.86363636363637,0,57
9,58,701.4718826405868,257.5794621026895,0,58
9,59,964.8197802197802,254.378021978022,0,59
9,60,841.0880681818181,251.6193181818182,0,60
9,61,896.0016103059581,271.61191626409015,0,61
9,62,873.1582278481013,273.8565400843882,0,62
9,63,915.5376782077393,278.4501018329939,0,63
9,64,850.0567567567567,268.5162162162162,0,64
9,65,361.50367647058823,270.4007352941176,0,65
9,66,937.0410256410256,266.34871794871793,0,66
9,67,974.2307692307693,275.0523076923077,0,67
9,68,943.2459546925567,280.9935275080906,0,68
9,69,834.3492063492064,290.69614512471657,0,69
9,70,723.3533123028391,303.4195583596215,0,70
9,71,625.6269592476489,307.9717868338558,0,71
9,72,657.485119047619,318.05357142857144,0,72
9,73,716.4045307443366,326.0323624595469,0,73
9,74,123.1804979253112,334.9439834024896,0,74
9,75,465.28726287262873,338.4661246612466,0,75
9,76,491.3636363636364,335.825974025974,0,76
9,77,99.77408056042032,348.03502626970226,0,77
9,78,161.4704433497537,341.0935960591133,0,78
9,79,64.5993883792049,342.0091743119266,0,79
9,80,116.17821782178218,348.0990099009901,0,80
9,81,84.79470198675497,351.112582781457,0,81
9,82,151.07053941908714,353.24896265560164,0,82
9,83,70.42184154175588,364.3511777301927,0,83
9,84,135.33440514469453,365.45659163987136,0,84
9,85,43.69444444444444,365.8703703703704,0,85
9,86,164.43853820598008,370.50830564784053,0,86
9,87,136.03619047619048,386.807619047619,0,87
9,88,202.27314814814815,407.90972222222223,0,88
9,89,667.6982124079916,418.0336487907466,0,89
9,90,634.5187424425635,431.0628778718259,0,90
9,91,926.0541516245487,410.39350180505414,0,91
9,92,156.1965811965812,409.5,0,92
9,93,240.8106796116505,415.878640776699,0,93
9,94,313.09445585215605,423.62833675564684,0,94
9,95,956.5841924398626,415.6632302405498,0,95
9,96,283.23002421307507,416.69975786924937,0,96
9,97,354.79952267303105,415.93556085918857,0,97
9,98,182.26141078838174,418.7717842323651,0,98
9,99,673.09375,418.640625,0,99
9,100,683.4127764127765,426.74938574938574,0,100
9,101,328.13953488372096,426.09302325581393,0,101
9,102,581.9971098265896,431.72543352601156,0,102
9,103,640.8454545454546,436.04545454545456,0,103
9,104,914.4740932642487,435.46632124352334,0,104
9,105,945.7566137566138,433.7989417989418,0,105
9,106,610.4076655052265,437.5574912891986,0,106
9,107,328.73333333333335,440.4547619047619,0,107
9,108,552.1609589041096,436.31164383561645,0,108
9,109,584.2105263157895,453.0,0,109
9,110,606.4583333333334,463.5833333333333,0,110
9,111,532.0104712041884,475.6125654450262,0,111
9,112,558.4961240310078,477.6666666666667,0,112
9,113,312.16550116550115,474.68065268065266,0,113
9,114,281.2880658436214,491.5411522633745,0,114
9,115,940.9111111111112,499.8222222222222,0,115
9,116,590.4659949622167,506.90931989924434,0,116
9,117,773.7791798107255,509.4637223974763,0,117
9,118,744.6412698412698,508.5809523809524,0,118
9,119,921.474358974359,506.2307692307692,0,119
9,120,622.9232954545455,520.2102272727273,0,120
9,121,725.2507374631268,534.3421828908555,0,121
9,122,748.9046242774566,536.364161849711,0,122
9,123,761.9555555555555,534.8222222222222,0,123
9,124,768.0182926829268,548.0223577235772,0,124
9,125,278.0,540.1098901098901,0,125
9,126,249.16342412451363,543.3735408560311,0,126
9,127,819.8642857142858,551.4833333333333,0,127
9,128,786.7168831168831,558.3090909090909,0,128
9,129,729.2838709677419,548.174193548387,0,129
9,130,727.1694290976059,561.2891344383057,0,130
9,131,861.7784810126582,567.175105485232,0,131
9,132,280.08304498269894,561.204152249135,0,132
9,133,832.635838150289,568.4942196531792,0,133
9,134,308.5194805194805,566.7965367965368,0,134
9,135,794.8807157057654,585.7773359840954,0,135
9,136,132.90725806451613,587.608870967742,0,136
9,137,759.1792452830189,582.6132075471698,0,137
9,138,620.9520295202952,593.1125461254612,0,138
9,139,651.4790874524715,588.0874524714828,0,139
9,140,855.8530120481928,588.9493975903614,0,140
9,141,578.9099378881988,595.7577639751553,0,141
9,142,820.0054495912807,596.1035422343324,0,142
9,143,674.3478260869565,600.7826086956521,0,143
9,144,156.08474576271186,604.3258003766479,0,144
9,145,652.4956140350877,606.7324561403509,0,145
9,146,605.2077151335311,609.6112759643917,0,146
9,147,203.3926380368098,615.0531697341513,0,147
9,148,258.26666666666665,614.2714285714286,0,148
9,149,634.2553956834532,620.8237410071943,0,149
9,150,661.9769585253456,620.2027649769585,0,150
9,151,610.0573951434878,633.916114790287,0,151
9,152,289.7694013303769,642.9334811529933,0,152
9,153,643.7259259259259,645.4629629629629,0,153
9,154,771.4815950920246,649.1104294478528,0,154
9,155,270.187648456057,656.4940617577197,0,155
9,156,735.7262773722628,649.6642335766423,0,156
9,157,793.0679245283019,661.5566037735849,0,157
9,158,830.3363636363637,659.7018181818182,0,158
9,159,894.3073593073593,657.6147186147186,0,159
9,160,861.7719665271967,667.3221757322176,0,160
9,161,631.3776223776224,674.2342657342657,0,161
9,162,749.9820051413882,669.3341902313624,0,162
9,163,887.5727272727273,672.2545454545455,0,163
9,164,907.0045454545455,679.6,0,164
9,165,950.9732142857143,690.6339285714286,0,165
9,166,300.5431754874652,682.5459610027855,0,166
9,167,801.9305555555555,688.5451388888889,0,167
9,168,854.3186528497409,691.4689119170985,0,168
9,169,367.2140350877193,682.2210526315789,0,169
9,170,882.534965034965,686.1083916083916,0,170
9,171,477.88,691.188,0,171
9,172,400.0478589420655,688.9269521410579,0,172
9,173,772.8246073298429,691.3403141361257,0,173
9,174,414.5644891122278,707.5293132328309,0,174
9,175,363.187648456057,702.624703087886,0,175
9,176,135.6405990016639,706.2978369384359,0,176
9,177,454.57439446366783,710.4948096885813,0,177
9,178,474.4633730834753,721.5315161839864,0,178
9,179,323.2731092436975,715.8067226890756,0,179
9,180,342.6551724137931,727.551724137931,0,180
9,181,447.1949541284404,731.6651376146789,0,181
9,182,182.0894117647059,723.8470588235294,0,182
9,183,389.2730263157895,733.1792763157895,0,183
9,184,296.72444444444443,727.1688888888889,0,184
9,185,399.752380952381,725.5333333333333,0,185
9,186,423.9530201342282,727.48322147651,0,186
9,187,221.68421052631578,736.2966507177033,0,187
9,188,432.82044887780546,752.3316708229427,0,188
9,189,402.5496894409938,762.3229813664597,0,189
9,190,113.76923076923077,775.1818181818181,0,190
9,191,63.703252032520325,832.6666666666666,0,191
9,192,75.40086206896552,871.9073275862069,0,192
9,193,108.44520547945206,866.6506849315068,0,193
9,194,136.45019920318725,877.3745019920319,0,194
9,195,110.87719298245614,880.9473684210526,0,195
9,196,514.4843373493976,896.9132530120482,0,196
9,197,725.0477611940298,891.1074626865671,0,197
9,198,762.3786982248521,890.0710059171597,0,198
9,199,124.602,896.624,0,199
9,200,487.8780487804878,909.9121951219512,0,200
9,201,355.5418994413408,899.5083798882681,0,201
9,202,292.7073170731707,909.9715447154472,0,202
9,203,320.85145888594167,906.7135278514589,0,203
9,204,245.95669291338584,906.5669291338583,0,204
9,205,243.8608695652174,918.1913043478261,0,205
9,206,225.46586345381527,925.0522088353414,0,206
9,207,251.07951807228915,932.0409638554216,0,207
9,208,678.0431266846361,943.4582210242587,0,208
9,209,713.260053619303,944.3780160857909,0,209
9,210,321.37568058076226,942.1905626134301,0,210
9,211,227.96640316205534,947.4446640316205,0,211
9,212,931.1525821596244,947.7112676056338,0,212
9,213,171.38800705467372,948.2504409171075,0,213
9,214,971.939524838013,964.488120950324,0,214
9,215,211.8312757201646,957.6502057613169,0,215
9,216,301.8555133079848,965.0038022813688,0,216
9,217,933.6724137931035,963.198275862069,0,217
9,218,126.22139303482587,965.9278606965174,0,218
9,219,923.688596491228,973.8881578947369,0,219
9,220,699.2107023411371,974.3076923076923,0,220
9,221,271.70542635658916,975.3837209302326,0,221
9,222,196.43396226415095,970.188679245283,0,222
9,223,222.93103448275863,970.8812260536398,0,223
9,224,686.5803571428571,977.1160714285714,0,224
10,1,209.35276073619633,41.11656441717791,0,1
10,2,979.003003003003,50.651651651651655,0,2
10,3,297.29893238434164,64.63701067615658,0,3
10,4,329.71120689655174,67.5603448275862,0,4
10,5,635.8842105263158,84.5078947368421,0,5
10,6,57.61682242990654,81.75389408099689,0,6
10,7,671.9744897959183,82.33928571428571,0,7
10,8,350.68301886792455,84.40377358490566,0,8
10,9,599.4725609756098,87.8780487804878,0,9
10,10,315.77522935779814,88.90366972477064,0,10
10,11,395.9570405727924,89.64200477326969,0,11
10,12,434.0080862533693,89.8733153638814,0,12
10,13,664.2710280373832,94.07476635514018,0,13
10,14,630.625,105.55952380952381,0,14
10,15,567.8469135802469,112.06913580246913,0,15
10,16,587.8367346938776,103.61224489795919,0,16
10,17,667.6111111111111,104.65432098765432,0,17
10,18,775.1428571428571,108.13616071428571,0,18
10,19,595.7426035502958,113.3491124260355,0,19
10,20,820.0670611439842,120.59368836291914,0,20
10,21,650.75,116.51851851851852,0,21
10,22,745.2583065380493,123.81672025723472,0,22
10,23,608.9512820512821,128.41794871794872,0,23
10,24,695.9129129129129,133.4084084084084,0,24
10,25,651.4820415879017,129.29111531190927,0,25
10,26,674.6093959731544,146.1744966442953,0,26
10,27,810.4035087719299,140.6315789473684,0,27
10,28,718.7316293929713,135.2523961661342,0,28
10,29,570.1979166666666,143.65625,0,29
10,30,723.5222222222222,153.00555555555556,0,30
10,31,756.3611111111111,142.45634920634922,0,31
10,32,789.2146226415094,164.80424528301887,0,32
10,33,656.935719503287,164.60336011687363,0,33
10,34,589.0569852941177,160.69117647058823,0,34
10,35,765.8191681735985,154.71609403254973,0,35
10,36,877.6258064516129,160.6279569892473,0,36
10,37,725.3705463182898,174.29691211401425,0,37
10,38,826.4791252485089,168.32604373757457,0,38
10,39,623.841642228739,176.12023460410558,0,39
10,40,747.6386138613861,176.6039603960396,0,40
10,41,89.40630472854642,182.276707530648,0,41
10,42,704.0454545454545,180.5090909090909,0,42
10,43,805.7783505154639,182.26288659793815,0,43
10,44,845.8475991649269,185.3653444676409,0,44
10,45,659.3025477707006,186.76433121019107,0,45
10,46,523.3576158940398,190.88079470198676,0,46
10,47,612.7260273972603,194.46027397260275,0,47
10,48,747.6666666666666,194.42315369261476,0,48
10,49,636.9753086419753,191.14814814814815,0,49
10,50,67.63313008130082,210.54674796747966,0,50
10,51,795.9310344827586,193.91480730223122,0,51
10,52,692.799352750809,198.3074433656958,0,52
10,53,649.4420485175202,204.98921832884096,0,53
10,54,496.0736842105263,205.44736842105263,0,54
10,55,736.1287313432836,211.24813432835822,0,55
10,56,113.21598639455782,210.64965986394557,0,56
10,57,873.424882629108,224.86854460093898,0,57
10,58,76.02605863192183,230.09446254071662,0,58
10,59,759.4383561643835,232.07534246575344,0,59
10,60,170.74878048780488,236.78048780487805,0,60
10,61,749.7704280155642,248.0739299610895,0,61
10,62,905.4753747323341,245.36188436830835,0,62
10,63,55.50335570469799,247.65771812080536,0,63
10,64,96.34049079754601,264.7177914110429,0,64
10,65,78.98320610687023,264.818320610687,0,65
10,66,605.9380530973451,251.03982300884957,0,66
10,67,111.26908396946565,265.5324427480916,0,67
10,68,151.8707224334601,264.31368821292773,0,68
10,69,236.8128898128898,267.5135135135135,0,69
10,70,936.3613445378152,276.42857142857144,0,70
10,71,631.9455337690632,275.599128540305,0,71
10,72,53.5425,296.2575,0,72
10,73,959.6976744186046,285.6511627906977,0,73
10,74,790.4099216710183,295.72584856396867,0,74
10,75,137.71597633136093,296.59763313609466,0,75
10,76,325.513986013986,301.7237762237762,0,76
10,77,921.1115879828326,298.42918454935625,0,77
10,78,410.2700964630225,300.6237942122186,0,78
10,79,947.9460580912863,303.05809128630705,0,79
10,80,355.5895765472313,311.6938110749186,0,80
10,81,968.6168224299065,311.0233644859813,0,81
10,82,380.9786585365854,319.0426829268293,0,82
10,83,418.774678111588,321.24463519313304,0,83
10,84,815.0769230769231,332.4197802197802,0,84
10,85,464.0398322851153,335.58909853249475,0,85
10,86,792.0729483282674,341.112462006079,0,86
10,87,58.06432748538012,345.1637426900585,0,87
10,88,78.99445983379502,387.9279778393352,0,88
10,89,104.19335347432025,389.74018126888217,0,89
10,90,871.9963636363636,384.60727272727274,0,90
10,91,902.5481481481481,394.93333333333334,0,91
10,92,46.45245901639344,402.4754098360656,0,92
10,93,125.2102102102102,416.25825825825825,0,93
10,94,168.29468599033817,434.6022544283414,0,94
10,95,213.34642857142856,436.4214285714286,0,95
10,96,113.92048192771084,438.32530120481925,0,96
10,97,424.25210084033614,437.9033613445378,0,97
10,98,393.94642857142856,440.8169642857143,0,98
10,99,249.32881355932204,442.6033898305085,0,99
10,100,678.4475920679887,446.3371104815864,0,100
10,101,733.1356783919598,446.713567839196,0,101
10,102,643.524926686217,452.8357771260997,0,102
10,103,368.8666666666667,457.57241379310346,0,103
10,104,445.47093023255815,463.1046511627907,0,104
10,105,707.9977168949772,464.3972602739726,0,105
10,106,196.93736501079914,466.24622030237583,0,106
10,107,264.74789915966386,459.38655462184875,0,107
10,108,411.8341463414634,460.90487804878046,0,108
10,109,324.54375,462.725,0,109
10,110,155.05769230769232,474.22222222222223,0,110
10,111,237.3230452674897,471.64814814814815,0,111
10,112,668.7252747252747,471.57582417582415,0,112
10,113,357.0838926174497,476.33892617449663,0,113
10,114,617.5943600867679,476.03253796095447,0,114
10,115,704.2042042042042,482.66066066066065,0,115
10,116,317.6666666666667,484.5952380952381,0,116
10,117,253.5642540620384,485.5317577548006,0,117
10,118,159.97073170731707,495.63252032520325,0,118
10,119,331.3481012658228,476.9810126582278,0,119
10,120,427.0082644628099,490.07162534435264,0,120
10,121,395.49497487437185,483.29899497487435,0,121
10,122,283.9753086419753,485.5061728395062,0,122
10,123,626.5053533190578,503.389721627409,0,123
10,124,715.4826086956522,500.02608695652174,0,124
10,125,652.7769516728624,492.542750929368,0,125
10,126,681.4122562674095,494.03621169916437,0,126
10,127,597.0382513661202,495.80601092896177,0,127
10,128,255.77868852459017,497.21311475409834,0,128
10,129,301.13443396226415,513.4716981132076,0,129
10,130,207.352,500.424,0,130
10,131,263.58207217694996,507.78696158323635,0,131
10,132,372.353919239905,503.6555819477435,0,132
10,133,211.631299734748,517.4297082228117,0,133
10,134,225.3507462686567,515.1119402985074,0,134
10,135,333.6765578635015,512.2195845697329,0,135
10,136,581.3452380952381,518.0238095238095,0,136
10,137,100.34693877551021,521.1972789115646,0,137
10,138,668.6569767441861,514.546511627907,0,138
10,139,180.43236074270558,516.525198938992,0,139
10,140,606.4891774891775,520.1212121212121,0,140
10,141,263.30241187384047,530.1539888682746,0,141
10,142,192.6178861788618,529.2032520325204,0,142
10,143,238.10443864229765,541.4516971279373,0,143
10,144,166.49598930481284,547.4171122994652,0,144
10,145,69.91891891891892,555.5608108108108,0,145
10,146,275.534375,552.39375,0,146
10,147,153.32270916334662,561.1593625498008,0,147
10,148,312.680981595092,554.6595092024539,0,148
10,149,193.27439024390245,556.5426829268292,0,149
10,150,616.197628458498,559.8577075098814,0,150
10,151,371.31636363636363,562.0545454545454,0,151
10,152,402.6940298507463,562.3395522388059,0,152
10,153,203.86764705882354,571.3216911764706,0,153
10,154,173.5311203319502,573.8091286307053,0,154
10,155,642.7769784172662,573.3525179856115,0,155
10,156,121.76762402088772,579.5953002610966,0,156
10,157,248.54079696394686,585.0777988614801,0,157
10,158,163.50512820512822,584.8,0,158
10,159,410.4907749077491,583.7343173431734,0,159
10,160,93.6159420289855,589.0579710144928,0,160
10,161,443.2664233576642,586.9051094890511,0,161
10,162,55.47560975609756,600.4857723577236,0,162
10,163,81.86104218362283,604.5285359801488,0,163
10,164,192.9965156794425,595.2526132404181,0,164
10,165,119.0,596.077922077922,0,165
10,166,115.02417582417583,610.243956043956,0,166
10,167,144.12530712530713,602.948402948403,0,167
10,168,226.68478260869566,603.4347826086956,0,168
10,169,96.160409556314,622.7269624573379,0,169
10,170,187.48970251716247,612.4713958810069,0,170
10,171,234.56521739130434,613.1478260869566,0,171
10,172,151.33432835820895,618.8358208955224,0,172
10,173,158.14867617107942,633.4501018329939,0,173
10,174,115.4453125,639.984375,0,174
10,175,86.81716417910448,642.1305970149253,0,175
10,176,171.41013824884791,653.2396313364055,0,176
10,177,124.01631701631702,660.8041958041958,0,177
10,178,258.8342105263158,666.2605263157894,0,178
10,179,301.38262910798124,674.8967136150235,0,179
10,180,82.31635388739946,689.8418230563003,0,180
10,181,490.02764976958525,680.7880184331797,0,181
10,182,461.49056603773585,686.3443396226415,0,182
10,183,545.0886956521739,700.648695652174,0,183
10,184,337.8720930232558,700.0,0,184
10,185,505.94718309859155,706.2728873239437,0,185
10,186,376.2953995157385,710.0799031476997,0,186
10,187,78.7492795389049,721.3775216138329,0,187
10,188,635.6872586872587,740.949806949807,0,188
10,189,98.35987261146497,743.5063694267516,0,189
10,190,422.88732394366195,749.7230046948357,0,190
10,191,663.918918918919,749.7432432432432,0,191
10,192,146.98886414253897,766.6703786191537,0,192
10,193,179.34074074074073,764.6814814814815,0,193
10,194,385.0956072351421,771.4677002583979,0,194
10,195,212.40836012861737,768.0064308681672,0,195
10,196,457.13453815261045,768.0200803212851,0,196
10,197,93.51895043731778,766.1282798833819,0,197
10,198,407.91634241245134,782.8657587548638,0,198
10,199,128.79734219269102,781.8338870431894,0,199
10,200,436.2413793103448,778.9568965517242,0,200
10,201,466.36842105263156,787.5037593984962,0,201
10,202,436.86027944111777,791.4471057884232,0,202
10,203,473.3333333333333,798.6784869976359,0,203
10,204,403.58313817330213,814.8290398126463,0,204
10,205,433.1275510204082,806.045918367347,0,205
10,206,307.64144736842104,811.9309210526316,0,206
10,207,431.0191256830601,820.0901639344262,0,207
10,208,817.7570093457944,824.8971962616822,0,208
10,209,856.9118942731277,835.7422907488987,0,209
10,210,902.9368635437881,840.8900203665988,0,210
10,211,929.4361111111111,826.8361111111111,0,211
10,212,882.692082111437,842.41642228739,0,212
10,213,768.0,844.5522788203754,0,213
10,214,925.9741550695825,860.4135188866799,0,214
10,215,946.468085106383,854.3829787234042,0,215
10,216,152.7556561085973,857.5113122171946,0,216
10,217,875.8333333333334,863.5961538461538,0,217
10,218,177.65758754863813,861.8910505836576,0,218
10,219,915.0095238095238,864.8666666666667,0,219
10,220,870.0744680851063,877.204255319149,0,220
10,221,645.5658536585366,866.0878048780488,0,221
10,222,48.00997506234414,881.0847880299252,0,222
10,223,899.0509915014164,875.385269121813,0,223
10,224,208.47835051546392,876.2144329896907,0,224
10,225,757.5883838383838,874.5252525252525,0,225
10,226,112.74921630094043,877.7836990595612,0,226
10,227,74.12082262210797,884.2776349614396,0,227
10,228,611.2673267326733,879.4158415841584,0,228
10,229,147.83403361344537,886.9894957983194,0,229
10,230,86.97061224489796,910.0448979591837,0,230
10,231,93.23076923076923,915.7350427350427,0,231
10,232,120.36647173489278,920.2417153996101,0,232
10,233,94.20229007633588,938.2824427480916,0,233
10,234,121.48417721518987,943.1835443037975,0,234
10,235,456.7250608272506,945.1459854014598,0,235
10,236,89.62711864406779,953.2372881355932,0,236
10,237,770.4188481675393,960.109947643979,0,237
10,238,138.49242424242425,961.439393939394,0,238
10,239,668.3957055214723,962.680981595092,0,239
10,240,876.7753036437247,963.502024291498,0,240
10,241,115.02409638554217,961.3180722891566,0,241
10,242,476.1544715447154,969.5528455284552,0,242
10,243,427.06233766233765,962.7532467532468,0,243
10,244,496.18,973.0542857142857,0,244
10,245,740.5255813953488,969.5162790697674,0,245
10,246,447.58792650918633,975.7454068241469,0,246
